post_id,title,body
1t7ywa5,"25F, never been kissed, and anxiety is ruining my life","Hi Reddit, I’ve never posted anything like this before, but I really need some advice. I’m 25F and I’ve never been on a date, had a boyfriend, or even been kissed. When I was 13, I was badly bullied in secondary school, which led to me moving to an all-girls school — but I was bullied there too. Then Covid hit during my first year of university, so I had to move back home and complete most of my degree online. After that, I did a PGCE and became a teacher. I taught supply for a year in England (where I’m from), and then moved to a small island in Thailand to work at an international school. I’ve been here for 2 years now. When I was younger, I was actually very extroverted. But after years of bullying and then losing the “normal” university experience because of lockdowns, I’ve become extremely anxious in social situations. Meeting new people makes me go bright red, overthink everything, and struggle to hold conversations. All of this has really affected my dating life. I never had the typical teenage experiences because of the bullying and being at an all-girls school, and I genuinely thought university would be my chance to finally experience all of that. Obviously, things turned out very differently. I love romance books and really crave the closeness and connection that comes with a relationship, but dating apps make me incredibly anxious. I also feel like, at my age, there’s an expectation that dating will quickly become sexual. I’m not waiting for marriage or anything like that, but I’m also not comfortable jumping into sex straight away — especially not on a first date. I actually managed to arrange my first ever date recently through Tinder. But the anxiety was overwhelming. I felt constantly sick, couldn’t sleep, and couldn’t think about anything else. Because I live on a tourist island where a lot of people are just passing through, I asked him where he was planning to stay and offered some accommodation recommendations. After I asked that, he cancelled the date on the same day. Part of me thinks he assumed we’d hook up and that he’d stay at mine. The immediate relief I felt when he cancelled was huge, which probably says a lot about how anxious I was. But afterwards I just felt awful and even more hopeless about dating. It feels like most people my age are far more experienced and expect things I’m not ready for, and that — combined with the anxiety — makes dating feel almost impossible. I know people say there’s no timeline and everyone moves at their own pace, but it’s hard not to feel like I’m falling behind or that I’m somehow destined to end up alone. Has anyone else experienced something similar or started dating later in life? How do you even begin to get past this level of anxiety?"
1t7yr40,How does everyone deal with health anxiety?,For me i have very real but also very minor health issues and my first instinct is to tun to a doctor or specialist to fix it mainly because of a comfort thing or perceived comfort/discomfort driven by anxiety. Its hard to ignore sometimes
1t7yqen,If you take magnesium glycinate,"I had a panic attack a year ago and developed some health anxiety. If I feel chest sensations it can make me spiral, I feel like I’m about to have a stroke and so on. I’ve gone to the doctors multiple times and they said I’m fine. I was ready to “lock in” get back in shape so i thought to order supplements. I ordered magnesium glycinate because if your follow doctors, creators, they always talk about magnesium. I thought to get glycinate because I’d take it at night and saw its meant to relax. Who doesn’t want to relax especially when feeling anxious. Anyways, for a whole month I felt so low mood. Out of body, floaty head, feeling depressed way more anxious. I had only dealt with hyper awareness of my body sensations after that panick attack but now it was more mental. Luckily I’ve never experienced depression until this past month. I went to the DR for chest sensations they said it was anxiety and they recommended SSRI’s. I denied. (Another tip: if you’re a side sleeper don’t sleep on your left side. It can cause tightness which then we confuse with heart sensations.) Don’t bed rot, it causes the same. Anyways, I came across a post of someone asking if they’ve felt worse taking this supplement. I then logged into my Amazon to see when I got the magnesium delivered and it was a month ago… As soon as it arrived I was taking consistently every single night. It was the whole month I took magnesium glycinate I was feeling like shit. I researched and found actual studies claiming magnesium has negative side effects. Exactly what I was feeling. Apparently a lot of people get these side effects. I immediately stopped. Tell me why I feel like myself again. This is your reminder that for supplements just how they work for good the can work for bad if you react negatively to them. I also feel like maybe I didn’t react well because I sleep very well, and have a very chill day to day and maybe it’s for people who are more go go go. Just a thought. Anyways, hope I can help someone bc it was truly a dark month for me."
1t7yccu,holding my breath while sleeping,"around the first hours of this morning, while still asleep, i felt like i wasn’t breathing, and in fact i wasn’t, when i woke up, even tough i was half asleep still, i felt like i was in a hyperventilation state. I don’t think this has ever happened before but i did struggle with anxiety while sleeping but it i’ve never had breathing problems and considering that my anxiety is focusing on the breath lately, what happened could just be a consequence. Do you have any suggestions?"
1t7y3hw,Health anxiety,"TW cardiac symptoms and anxiety I started experiencing some new-to-me symptoms over the last few weeks after a very stressful time in my life. I was concerned because although I often have physical anxiety symptoms, these things were new to me. I had chest heaviness, a feeling like there was something pressing against my left side ribcage, and some pressure feelings in my face. I went to the doctor today. They did an EKG. They said that it had some abnormalities but nothing acute. They also said it could potentially be breast tissue. They referred me to cardiology to get a monitor and to do an ultrasound. They said if I had a strong family history of heart issues, they would get me to cardio sooner, if not, I have to wait. (it will be a long time unfortunately- doctors in my area is known for crazy long waits). I have a paternal grandfather who had heart problems as well as an uncle on my mother’s side. I guess I’m just waiting. I am not sleeping because I’m convinced I’m going to die, I feel like I’m thinking so much about things I \*could\* feel that I almost actually feel them. Of course the anxiety just makes the symptoms worse. Does anyone have any tips for receiving abnormal results but still having to wait to do further testing? I don’t know how I’ll get through this period of time. I know abnormalities in EKG’s are common and I’m trying to be logical with myself but it’s impossible to shut that part of my brain off right now."
1t7xjx4,Lexapro,Hi all! I wanted to make a post in case someone went through what I did… I remeber scouring Reddit for hours on end trying to find some comfort. I suffer from extreme anxiety that made me truly want to not be alive. I felt horrid darkness just come over me and I couldn’t function. At all. I went on Lexapro and after about a month my anxiety was gone. I used hydroxyzine and trazadone to help me through attacks and when I would feel the anxiety creep up. I’m on 20mg. After three years I decided I wanted to ween off. Finally weened off and put myself in the same place I was before Lexapro. I was so scared that this was going to be my life again even though I restarted after only about 2 weeks off. It’s been a few months and I’m back to normal and it only took about a month to feel completely okay again. IT GETS BETTER. I know it feels like nothing will help but I promise you…. Lexapro works.
1t7xe3t,how to deal with persistent chest pain from anxiety??,"i always end up running back here when i have no one to talk to at the moment lol. i’ve been doing pretty good for a while but the chest pains are back again and it’s so hard to ignore it!! for a week or two i’ll feel completely fine and then all of a sudden i get physical anxiety symptoms that are very noticeable and persistent especially stabbing chest pains and/or chest aches. i always end up thinking the worst like what if tonight’s the night? i know it’s highly unlikely as i’m only 19 and i’ve gotten an ekg, blood work, and a heart monitor all done and everything has turned out fine. it’s always so concerning to me because it just happens all of the sudden and it goes on and off for days or even weeks."
1t7x9dp,Ganglions lymphatiques ?,"Depuis avant hier j’ai vue que j’avais 2 ganglion juste derrière l’oreille 1cm max, un est douloureux et l’autre non, assez souple si j’appuie dessus mais je ne peux pas bouger sous mes doigts, je suis super inquiète, dernièrement j’ai été extrêmement fatiguée, stressée, triste.. car nous avons perdu notre chat écrasé devant chez nous, j’en fais des cauchemars tous les soir de ce moment .. donc c’est possible que mon système immunitaire a été faible un moment, mais bon dieu que ça me stresse, je m’imagine déjà avec un cancer …"
1t7wyqs,Freaking out because I might not graduate I feel like I’m going to throw up,"I’ve been having documented health problems all year, and that was something I made my teacher aware of from the get-go. My doctors suspect POTS or some other form of chronic illness and I’ve been undergoing a lot of testing to figure out what’s wrong. Im dizzy and drained all the time and as of right now it’s not safe for me to drive myself to school. And while I’ve been an absent from my English class a lot, I still get my work done. A couple weeks ago we were writing a research paper and it consisted of smaller progress assignments rather than a whole research paper at once. For the couple week period that we were working on this, I wasn’t able to be in school because I was really sick. I made it clear to him that I would be there if I could and that it has nothing to do with him or his class and he told me to feel better. I submitted the full research paper on time but now, because I missed the progressive assignments leading up to the research paper (because I was on an excused absence) he’s said I’m not allowed to get credit for them anymore. Without the credit from those assignments I’ll fail his class and won’t be allowed to walk at graduation. When I told him that I’d been absent and that I wasn’t able to work on my paper until I had started to feel better, he started yelling at me, he told me that my attendance was abysmal and that there’s “no way I could’ve been sick that long”, basically just said he didn’t believe me, and that I would’ve been better off doing in home hospital and not even taking his class. In home hospital was never something that I knew existed until today or something that was offered to me and had I been given that as an option, I would have taken that route no questions asked. My counselor said she’d talk to the assistant principal next week because apparently I’m not the only one who’s dealing with this, but I’m freaking out because one, I’ve never failed a class in my life, and two, my entire family is coming out for graduation and I’m so scared I won’t get to walk just because of this. I offered to provide him with doctors notes but he said they didn’t matter because I couldn’t get credit. When he was absent yesterday I asked the student teacher working under him who grades a lot of the work if I could still get credit for the work I did while I was gone and she said that as far as she knew I was still able to. I know a lot of people slack off second semester senior year but I love English and would absolutely be there if I could, all my other teachers were understanding and knew that I would be there if I was able to be and I have no concerns about passing any of my other classes. I’m glad it’s getting taken to admin but this teacher is harsh and I’m worried he won’t budge on this. If he were to give me full credit on one 15 point assignment, I’ll pass and I feel like that’s not a crazy request to make considering I did all of the work, I just didn’t turn it in while I was on excused sick leave. I should add that other than attendance, my record is completely clean and I’ve never been a disruption in class. I’m also just frustrated that me lying was his immediate assumption. I’m not one of those people and I genuinely love his class when I’m there. Sorry for the long rant but I’m pissed off by this. This feels like it’s all my fault and I feel guilty"
1t7wo3w,Would having lorazepam for 9 days in a row make them stop working?,I’m on holiday and I have 9 days left before I have to fly back. I’m planning on having 1mg loraz per day then normal dose I took 3.5mg for flying home. Would this make it stop working for me by the time I need to fly home? I’m worried
1t7wmt3,Globus sensation is causing panic attacks,"I've had this for 3 weeks. I have silent reflux, gerd, & anxiety so it could be any of them causing it. It is ruining my life. I'm having constant crying fits because I'm hopeless that it will go away. Doctors can't fucking help me. I can't sleep because it's an 8/10. I just had an insane panic attack because it's been happening all fucking day & I had to call out of work for tomorrow because I know I can't sleep like this. I had a panic attack where my entire face tingles & my eye twitches. I couldn't even control my loud sobbing, like I usually can. I'm genuinely suicidal because of his. I don't see a reason to continue living if this cannot be cured. Please tell me it will go away. Please."
1t7w9q8,subconscious anxiety?,"Tonight I had another session of crying about my self sabotage. I was talking to my gf and I said sometimes I feel intense fear, like i'm terrified. Not about anything in particular just the feeling you get as a child when something scary happens and you just want your parent. sometimes I will literally say aloud ""i'm so scared"". I think my anxiety is manifesting as what I feel to be a deep internal conflict. I can know logically the necessity of a certain action and how avoiding that action will lead me nowhere but I will continue to actively avoid it or fight myself to face it and fail miserably. Either way I feel regret. Sometimes I win against the desire not to do things but it is extremely inconsistent. The thing is, if i'm so scared why do I keep creating the conditions for my fear of failure to come true?? I get so frustrated at myself because I can logically know something but my behavior does not follow. I don't know how to make myself feel safe. I feel like this internal battle is a huge distraction and a waste of time. I've wasted so much time and money actively undermining everything I set out to do even though it doesn't feel like i'm doing that in the moment. I do think it's a source of my depression and sometimes I don't feel being on earth is worth it. Not that I want to harm myself but just that i'm mentally exhausted. I try to tell myself it's okay but I know my body doesn't actually feel that way because of my behavior. I accept that but i'm like now what? I feel so behind having to fight myself to just do the basic things everyone else does. When I look at my life, I am very low functioning in general. I do enough to get by and by the grace of the universe I am not out on the street. Life goes on and i'm just sitting here fighting mentally with myself. I didn't think that I had anxiety because the way the questionnaire for it is worded did not really identify with me. I have learned to mentally ignore my anxiety while still acting on it physically but I've never really thought about it until now."
1t7w7md,"First Coffee at a Bar Alone, But It Wasn’t What I Expected","I’ve been fighting debilitating anxiety symptoms for months and months now. At one point it became a complete nightmare. Constant dizziness, brain fog, dissociation, panic, vision problems, feeling disconnected from reality 24/7. Honestly, pure hell. Things have improved compared to the worst months. The symptoms are lower now, not as brutally intense as before, but they’re still there every single day and it’s exhausting. My body feels destroyed. I’m tired all the time. Not normal tired, but that deep physical and mental exhaustion that makes even simple things feel impossible. A few days ago I finally managed to go have a coffee by myself for the first time in like six or seven months. I know that sounds insane to normal people, but for me it was huge. The weird part is that it wasn’t how I imagined it would feel. I thought maybe I’d feel free again, proud, relieved, like “finally, I’m back.” But I was still anxious while sitting there. Still agitated. Still feeling all the sensations in my body. And that’s the most brutal part of recovery from this kind of thing. Your brain immediately goes: “Well, if you can go out for coffee, then you must be fine now.” But then the symptoms come back again, especially in the mornings, and it feels like chaos all over again. It’s such a mindfuck because technically you are improving, but emotionally you still feel trapped inside the storm. I want to give people hope because I know there are others here fighting the same battle and slowly crawling their way out of it. But I’ll be honest, it’s still really hard for me. Keeping morale high every day is difficult when you wake up exhausted and still feel disconnected from yourself. The only thing I keep repeating to myself is that everything ends eventually. People survive worse things. The brain and body can heal. I repeat those thoughts like mantras some days. What’s happening to me still feels completely surreal. But somehow, even through all this insanity, you keep going. With fear, with exhaustion, with confusion, but you keep moving anyway. And maybe the fact that I managed to sit there and drink a cappuccino after months of feeling completely destroyed means that recovery is actually possible, even if I still can’t fully feel it yet."
1t7w0su,Citalopram?,"So for starters, I've been dealing with severe anxiety for about 3 years now. Never in my life have I had an issue with it. My whole high school career and a little after I've been so spontaneous and social. But 3 years ago that all changed. One day it I had anxiety. Didn't understand what it was and ever since then its progressively gotten worse and worse and worse. I can't walk out to my own mailbox without feeling like I'm going to pass out because of it. I haven't been able to drive my own car. I miss work a lot. Cut to now, I finally got the courage to go to the doctor about 2 months ago. I was originally put on Zoloft. It has done absolutely nothing for me. If anything I feel like I've gotten worse while on it. Now as of today, I went back and told them I needed to switch meds. They put me on Citalopram. I've read nothing but great things about this medication. However, I read the same about Zoloft. Is there anyone who took Zoloft and after it didnt worked got put on Citalopram and had it work? I see a lot of people saying Citalopram changed their life. I want to go back to being normal. I want to go back to going out spontaneously. I would love some feedback on how it worked for anyone who is on it. 10mgs btw. I also (as of today) made my first appointment for therapy and that starts on Monday. It took me too long but I'm finally trying."
1t7vpvf,I feel like I'm not as resilient as I used to be,"***potential tw:*** *medication use/withdrawals* Howdy - lifelong anxious person here, ha. I've lived with anxiety for most of my life (it used to be health anxiety, then social anxiety, but now it's just *everything* anxiety). A little over a year ago, I decided to stop taking my Effexor because I never felt like it did much of anything for me and I wanted to try a different antidepressant. Despite gradually tapering off over the course of two months with the assistance of a medication manager, it was pure hell, and led to me joining a virtual IOP (intensive outpatient program) to avoid hospitalization. I'm definitely in a better place now than I was back then...but I've noticed when something triggers my anxiety, it's still difficult to return to my baseline, and I often find myself being affected by things for several days. I begin to catastrophize, and it's almost like this big snowball effect where every little thing that *could* go wrong latches onto the original worry until it's this giant mess. I feel like the version of myself that existed years ago could more easily bounce back from setbacks, despite the fact that I was arguably more depressed and anxious back then. Something might bother me for a day, but by the next day I'd move on, and return to my optimistic, bubbly self. I'm well aware of the possible reasons for my recurrent anxiety, that stem from even beyond the antidepressant withdrawals: * In January of 2025, I moved across several states by myself to a place where I didn't know anyone * Starting in late March, I went through that Effexor nightmare largely alone, at least physically - I have online friends who supported me through it all, but I desperately wanted someone to hug me as I cried, maybe offer to take care of my dog one weekend, make me food, etc. - things that virtual friends just can't do * I was deeply unhappy in the apartment I lived in and had to move in the middle of my lease (it's a long story, but it relates to my misophonia) * I moved AGAIN in August of last year to a new home that's given me nothing but grief since moving in - mostly with ongoing plumbing issues - and this neighborhood doesn't make me feel safe * I've had a hard time making friends here (mostly due to working remotely, being a homebody, and my aforementioned mental health issues), and I don't exactly feel at home in this new town * Meanwhile, last year the startup I used to love working for was acquired, with the parent company just being this money-hungry, dishonest organization that I hated, and my position felt very unstable * Once I could mentally handle job hunting, I applied to almost 800 jobs between last September through late April, spending most of my time while not at work searching for jobs or submitting applications, until I finally landed a new job (I start there in just over a week!) * Literally an hour after I got the verbal offer from my new employer, I received an email from the property manager that my lease will not be renewed at the end of July because the owner is selling the house, lmao - I'm happy to be leaving but now I have to go through yet another move in less than a year I feel like I've been living in survival mode for over a year and I don't know how to get out of it. Rationally, I know that I'm safe, and I know that I can overcome almost anything that happens to me. I am VERY privileged to be where I am in life. And I've been through so much change (a lot of it being painful) and uncertainty in the last year and a half; I've learned and grown a lot, but I think it's understandable that I'd feel like I'm surviving and not thriving. And if I'm being honest with myself...yeah, I go to therapy, I'm trying to make sure I drink enough water and eat balanced meals and get out of the house at least once a week, but there's a lot that I'm *not* doing that would probably make me feel a lot better. Between work and video games, I'm at my PC all damn day, I hardly exercise, and I don't really engage in my sense of adventure and creativity (I used to prioritize traveling as much as I could and finding ways to express myself through various art forms). Taking better care of myself, both physically and mentally, would help. But my mind is still so focused on survival and being on the lookout for potential danger that I'm stopping myself from being fully present in the moment. There's a lot that can be contributing to my lack of resilience - things that have happened in the recent past and some things outside of my control - but if I can somehow get my brain to focus on reality, the here and now, and all of the things that I actually have control over...maybe that'll be enough to rebuild my resilience? \------- If you read through all of this, thank you. ❤️ If you didn't and just skipped to the end, listen...I get it. 😂 If you can relate to my story at all, I'd love to read yours. I think hearing from other people going through similar issues is validating and makes us all feel less alone."
1t7vn57,How can i hang out with friends without getting anxious?,"so, I have anxiety, and its gotten to the point where just seeing my friends makes me incredibly anxious. I keep thinking “What if im acting weird? What if theyre just friends with me out of pity?”, and so on. Its making it so hanging out with friends for fun, isnt fun. Does anyone have advice?"
1t7vf51,klonopin & alcohol,"hey guys, been dealing w night anxiety / panic attacks … so ive been on klonopin .5-1 mg nightly for sleep for the past 2 months. ive also started a SSRI and the klonopin has bridged gap. planning to taper off. HOWEVER, i drank all day today at a golf tournament, on and off, and then like 1.5 drinks at a party after. i feel sober and oriented, but i have so much alcohol probably still in my body. not sure what the best course of action here is… because im worried about stopping cold turkey tonight and probably wont sleep / have major side effects, or taking a tiny dose like .25 mg of klonopin so my body is not in complete shock. i just dont want to die lol and im scared"
1t7v66u,Why do I pull away the moment someone gets emotionally close to me?,"I’ve noticed something about myself and I’m trying to understand it psychologically. I’m completely comfortable talking to people, flirting, connecting emotionally to a certain point, and even being affectionate. But the moment I feel like someone is getting *too close* emotionally...like they’re genuinely entering my inner world or seeing me deeply. I suddenly feel uncomfortable and start distancing myself almost automatically. What’s confusing is that I don’t have any major heartbreaks, toxic relationships, or obvious emotional trauma that I can point to. This pattern has still been happening for years. Why would someone react this way?"
1t7v162,Tapped out on meds for anxiety,"Has anyone else reached this point? I have GAD, and panic attacks. I'm maxed out on my Buspar 60mg and had to move to benzos as PRN just to get minimal relief. My anxiety has been at max level for a long time. And I am not sure where to go from here and wondering if others have found ways to manage it. Or if anyone can just relate to be living in a constant anxious state even with years of treatment."
1t7uuhh,i'm scared of a death of a loved one,"14M, never experienced a major death yet in my life, my parents are in their 50s , grandparents 75-79 range (all 4 of them) my dog is 4 and has a disease. I'm scared of them getting sick or suffering or them getting cancer or get in a car crash or a heart attack or just about all of the infinite possibilities. I'm a very lonely person and not alot of people like me and them and a few real friends are all i got. I'm also scared of one of my friends suddenly dying by getting hit by a car or kidnapped or something. i care more about all them than myself, infinitely more, id take a bullet for any of them in a heartbeat"
1t7ud7y,Paradoxes and anxious loops,"Paradoxes. Contradictory thoughts. ""What if?"" Thoughts. More questions than answers. For every answer i get, two more questions appear. For every step i take forward i take two steps to the sides and two steps falling back. People say to face your anxiety and take the bull by the horns. Some say to do the opposite and focus on other stuff. Both perpetuate the cycle. My brain is screaming at me all the time like there is a literal fire alarm going off. Waves of dread, regrets and hopelesness. All while this is happening i am having thoughts about thoughts. ""Why can't i just get over it?? Oh no now i'm thinking of it again which makes it worse! But i have to think about it to some degree to get better. Where do you draw the line? I cannot control my thoughts. I do not know what i am supposed to do in order to get better. I don't even know what i am aiming for. I do not know how i should feel. How am i to do the things that bring down anxiety such as food, exercise and hobbies when my anxiety is preventing me from doing those things? Constant contradictions and paradoxes. Damned if i do something and damned if i don't"
1t7ucg4,Heart Palps?,"Obviously the rhythm and everything is fine, but I keep getting these annoying palpitations. I’ll maybe feel between 1-20 a day. And they’re usually one palp then back to normal. Occasionally a run of 3-4 if I lay down in a certain position but they stop as soon as I change positions. They feel like a jolt or jump in my stomach which spook me. My resting heart rate has also gone from high 50/low 60s to low 50s/high 40s since January but idk if it’s correlated with my cutting diet I had during the time (minimal cut, 8 lbs)? I’ve also had upper chest pain for over 2 years now, but this occurs at random and I can run a 5k perfectly fine but then hit leg day and get the chest pain. Or even just random at my desk it’ll hurt. It’ll go away on its own or I can massage my upper back to calm it. Cardio said he’s pretty confident I’m okay, and ordered an echo. ‘ I’ve also had a nasty problem of manual breathing, and I can’t get my brain to shift off either my heart or breathing. It’s kind of starting to make my brain spiral. I ended up losing muscle in my cut and not fat because I can’t lift to full potential as either I’ll get out of breath from holding or shallow breathing. Or I’ll get a one off palpitation. And some lifts are amazing while others feel horrible. Does anyone get these random palps and chest sensations. Any tips for calming my brain from jumping to heart issues?"
1t7u96f,"Med problem, desperate please help","Hi I take Lexapro 10mg, Buspar 2.5mg twice a day, and Ativan 0.5mg every morning. They’ve helped my anxiety and panic attacks a lot, but lately I’ve been struggling with something that’s becoming unbearable. Almost every day, around 6–7 hours after waking up, I suddenly crash. I get extremely tired, mentally foggy, emotionally numb/distant, and disconnected from everything around me. It’s a really weird and scary feeling, and it makes it hard to function or even feel like myself. The strange part is that it usually gets better later at night, and I also feel more normal during the first few hours after waking up. I’m starting to wonder if this could be related to Buspar since the timing seems to line up with my morning dose, but I honestly don’t know. Does this sound like dissociation/depersonalization, brain fog, medication side effects, or something else? I’m genuinely desperate for help at this point because I’m exhausted from feeling like this every single day. I’ve tried sleeping enough, eating properly, staying hydrated, etc., but nothing seems to help."
1t7u556,help,"So i'm going thru a lot at the moment subconsciously I believe. For the past wk I am having panic attacks for no reason out of no where. I am one with extreme health anxiety-specific surrounding certain disease. I have a big life change coming in two weeks. Moving out of state when I have never done so & uprooting my family. And moving somewhere I'm not particularly happy to move to (house wise) but it's a house for at least a year to get us there. I'm leaving behind my 21-year-old son because naturally he has his own life and wants to stay. I'm moving further from my family. Six hours to be precise instead of two like I am now. But it's a better opportunity moneywise for my husband and I. we have two other children 13, and one. So almost every other day for the past wk I've had to take anxiety medication because randomly I am having panic attacks out of nowhere. I assume it's because of all of this and getting closer to the move -2 wks- plus hormones. I'm stuck in the middle of post partum/perimenopause. But then well of course my best friend. Text me today asking if I was ok because he had a dream that I had died in a car wreck. And now it's just very consuming. I needed to go places today and I did not. And now I'm scared to do anything."
1t7swxs,Struggling to stay on an SSRI,I have developed severe anxiety and OCD and my doctors are recommending SSRIs to me at this point. I tried Prozac for 1 week had severe panic attacks for hours all day. Stopped. Tried Cymbalta for my pain + anxiety. Horrible reaction had to stop immediately. I just tried Zoloft yesterday and I’m afraid to take it again. The anxiety attacks after taking it are really scaring me. I’m struggling to cope with the nausea even with zofran. Please send tips. I have already tried therapy but I’m having a crisis so I fear I am beyond help without meds
1t7sleg,Burning pain in chest that spread to the rest of my skin intermittently??,"As the title says, I’ve been dealing with some new chest pain for the past week. I just graduated from college, applying to med school this cycle, but don’t feel all that conscious of being stressed out. But I do have a lot more time on my hands right now until a new job starts up so I’m wondering if my anxiety and subconscious is having a field day. I also will say that I had a pretty bad stomach bug (I think?) a few weeks ago and haven’t been the same in terms of my appetite/strength since then. I’m unsure if I have lingering digestive issues that are triggering this anxiety or vice versa lol. God this is a nightmare. I feel like I can’t do anything and I’ve been spending my days in my room mostly just trying to talk myself through the symptoms and breathe. What a way to end college lol. Any support, similar stories, advice would be helpful. Thanks."
1t7sc89,Very proud of myself for putting myself out of my comfort zone,"Today I drove at night, on the highway too, picked up and dropped off some friends, drove through the narrowest spaces and parked in the tiniest spots. I also walked 10 minutes at 3am at night (whilst on a call tho) from my car to my house, even though I was stressing about these things the whole day. I have too much adrenaline and I am overthinking things (like what if I left my car doors open) but boy am I proud of myself for doing all this. One of my non-licensed friends did say I drive weird and slow hahahahah but I am so happy still and know I drive safe nonetheless. Just lack of experience and anxiety obviously. I could have driven better definitely, I almost went through a red light that was hidden and I only saw at the last moment, but again I did something that was so scary to me. I cannot sleep right now, and just needed to get this out there! So proud !"
1t7s9io,Trying to nap when you have the chance but being unable to fall asleep while getting increasingly more anxious/frustrated is one of the worst feelings in the world,"It seems that most people can nap, even insomniacs but for some reason I just can't. I just lie there and get increasingly more frustrated until I cant take it anymore and get up. This is so painful, scary and anxiety inducing. Getting less than 7 hours of sleep ruins my ENTIRE day and I can't even nap. Caffeine makes things worse."
1t7rc5u,Saw something that wasnt there?,"So i was in class, i dissociated, and kind of freaked out after, and i went to go to the bathroom to decompose. I have a habit of hoping/thinking that someone will check on me whenever i am upset. I cried, and then saw a figure of some sort in the corner of my eye, and genuinely thought this was a person trying to check on me and make sure i was okay, and i looked and it was just in my head. I know this probably isnt a big deal, and this probably isnt the perfect sub to post this on, but i just found it kinda weird"
1t7rb0e,"My sister has anxiety, and has anxiety attacks.","So, my sister has anxiety and occasionally has anxiety attacks. I'm honestly not sure how often she has them, but she mentions them when it comes up in conversations. I try to be there for her, but I really am not fully sure what to do or how I can help her. Is there anything I can do in general to help? Sometimes she is worried about something (I have trouble knowing if it's normal worrying or anxiety), and I try to reassure her, but I'm aware that a lot of the time it's rather not enough or doesn't help at all. I would appreciate any advice or anything I should know. Thanks!"
1t7ra61,How long to fully recover after stopping Zoloft?,"I was on/off Zoloft for about 2 years. I have fully been off it for 5 months now. My anxiety is now gone, but I don’t feel any happy chemicals in my brain. Sex is boring & feels like a chore. For example, before Zoloft, I used to go to tough exercise for 1-1.5 hours. It was a hard workout. I would go home. After about 1 hour post-exercise I would feel amazing. This massive chemical rush in my brain. It was really addicting for me so I exercised a lot. But that went away after starting Zoloft. I still go to the gym, but don’t feel that rush of happy chemicals in my brain anymore. Sex feels the same. I still can have sex, but it doesn’t make me happy like it used to. This honestly sucks."
1t7qni6,Anxiety so bad it’s manifested in the physical,"Just seeing if anyone can relate or has dealt with this cuz I’m lm about to lose it. For context I battled extreme muscle/joint/tendon pain and intermittent numbness for 3 years straight. Went from being a former D1 athlete to being bed bound and having to get FMLA at my job (12 hour computer shifts sitting and talking on phones all day so posture isn’t great). Even got diagnosed with thoracic outlet syndrome at one point. Well it wasn’t until I got off adhd meds that my pain started to dramatically subside (around last fall). So I’m like cool, I’ll be better soon. Yet the catch is I feel like I have low key ptsd from the thousand times I tried exercises/light lifting only to wake up to pain. CONSTANT flare ups to where it ruined my social life and I retreated. Today’s rant topic: my neck and throat. I’ll wake up feeling okay some days but as soon as I have the prospect of peopling or going to work it’s like my entire ribcage gets so tight it feels like I’m being wrapped in 100 rubber bands & feel like I can’t get enough aor to say more than 3 words in a row. Voice is so faint and weak sounding. & my neck…fuck. Every part of the front of it gets so tight it’s tender to even poke. Some days I can’t swallow properly and there’s something always clicking on right side when I swallow like have to be very conscious of trying to get a clean gulp. Only way to release some tension is to yawn and even then it feels like back of throat is peeling apart from being glued together. What makes me wanna just give up is how much my speech has changed because of it. I SLUR LIKE A DRUNK and it’s soo embarrassing and has wrecked my confidence. Like can’t pronounce so many words anymore no matter how hard I try. When im hijakced like this nothing seems to calm me down until I drug myself to sleep and that’s a task half the time as I can’t find a comfortable neck position. What gets me is despite being bed ridding for 3 years I never ever had those issues. It’s only started the last 8 months an gotten worse. I’m sure there’s 100 reasons contributing but why I’m so certain it’s anxiety related is because when I feel my most confident best self it all falls away. Still can’t say 6’s well but it’s fluid for the most part & I don’t have the chronic tightness. I’ve got c-ptsd & have been in flight or flight my whole life (survivor mode) but I’ve managed? What gets me is just how QUICKLY knots form in all areas of neck and base of skull and chest. It’s like minutes. That I have to constantly heat and attempt to stretch which seldom does anything. I’m trying to hard to focus on deep breathing but it seldom resets me. I can flare up anytime of the day so just when I think I’m getting better, I clearly am not. Sorry for being all over the place. I just don’t know what to do anymore. I don’t have money for doctors. I’ve seen 7 specialist, counselors, PR chiro, nerve study, nutritionist, MRI. etc and am just feeling really fucking defeated. Never in my life did I think I’d get to a point of not being able to talk as it feels like my poor body is turning on me 😭"
1t7qiq1,Sertraline 25mg to 50mg - wanna quit,So I started on 25mg for about a month and then this last week I upped it to 50mg. My panic attack worsen on week 4 and that’s why I asked to up it. But I feel that this medication isn’t helping. I’m still experiencing very high levels of anxiety and panic. What happens if I quit it cold turkey ? Has anyone quit cold turkey on the low doses? If so what were you symptoms. ? Before starting meds I was just really anxious. Lots of symptoms but nothing compared to what I’ve been feeling these last 3 weeks. I’m thinking I’m dying every couple hours. Yesterday was the worse. Every 10 mins I could feel the rush of cold blood in my body ( I know it’s the adrenaline) gosh it was the most horrible thing ever. So this is why I wanna quit the meds I feel like they worsened it.
1t7qcm6,After 6 months of Lexopro,Before lexopro my life was spiraling out of control constant hospital visits. I finally worked enough courage to take my lexopro that was prescribed the first month and a half was the worst. After the beginning side effects my life did a complete turn around. No anxiety whatsoever. 2 weeks I don’t know what happened. I’ve been feeling so off. Like that side effects completely started over. Feels like my brain is clinched all the time headaches back to back. Panic attacks are back. I don’t know what to do anymore please help?
1t7q7fx,Has anyone felt anxiety about FOMO when others move on?,"I have anxiety about a lot of things and have worked through a lot of through therapy. One type of anxiety that catches me off guard every time is that I’m missing out when others move on and Im still stuck even though I’m not. It’s so irrational that I can’t figure how to break it down to process. For example, our neighbors are moving. And I have been feeling anxious that they get to move while I’m still stuck where I am. Even though I’m in my dream home and very happy with the home. It’s such a weird feeling. I’m happy for them but feel like I should be doing the same even though I prayed for a long time for our current home. Am I making a mistake by staying? I don’t want to feel this way. I just want to be happy for others when life brings these changes. Has anyone experienced something similar? I would appreciate insight to understand these feelings."
1t7q61u,physical symptoms,it’s really rude of anxiety to manifest with physical symptoms. it’s a MENTAL health condition 😩 this post brought to you by: tense muscles leading to a tension headache.
1t7q3rh,Flonase causing Sudden anxiety and Panic,I've been Anxiety and Panic free for 3 months. Recently my Pollen allergies have really flared up so I've taken Claritin and Flonase it seemed to work fine for a week. But all of a sudden my anxiety has been building up to full on Panic and Anxiety attacks. I've been feeling miserable without allergy medicine and now after taking allergy medicine. Does anyone else have a similar experience?
1t7pv6d,Weird doom feeling lately,"I've had anxiety for my whole life pretty much (yes, even when I was a kid) and lately I've had a large flare up in health anxiety especially. I work in the medical field so now I tend to worry I have a neurological disorder due to some sensations, twitching etc. However lately I've been having these weird waves of a feeling of impending doom, like I'm about to faint or die or have a seizure. All I have to do is briefly have a thought like that and the sensation happens and usually passes within a few moments of deep breathing. I'm so frustrated with myself because I feel like unless my brain is actively involved with a million other things or worrying about something else, it just creates something new to worry over. I just want to relax and now my brain says nah, feel like you're about to die instead. Has anyone else ever experienced something like that? I'm honestly thinking I need to consider switching or adding medication. I currently take wellbutrin and have been for about 10 yrs and can't really tell if it's making any difference. My anxiety is definitely worse over the last 2 years."
1t7pobc,Does anybody else suffer with heat intolerance?,"I don't know what's happened to me, about 2 years ago when my anxiety was the worst it's ever been, I suddenly became really sensitive to heat. The summer was really hard, just a short walk in the sun and I'd be ill for a couple of days having to rehydrate, drinking water and electrolyte drinks and having cold showers. Then in the winter if I had the heater on for too long that would make me ill as well. I've had a really rough few years with life but the last two have been especially hard because I'm not always battling this heat intolerance. Now summers approaching and I'm really overweight and have a lot of stressful things on my plate and the sun's coming out and so I know it's gonna be really hard. Today was actually cold though and I fell asleep with the heater on and woke up an hour or so later and now I'm really ill again, doing the same, drinking liquids and having cold showers. It'll take me a day or two to feel normal again. Has anyone else had this? Is it anxiety related do you think?"
1t7po2o,Anxiety/burnout help,"19F here. About a week ago, I had just finished up my university finals after a long semester at a brand new college after transferring, and I was getting ready to go home in the morning. I was having trouble sleeping, and around the middle of the night, my thoughts began to race, and I nearly had a panic attack. Just as I was entering a state of relative calm again, I got some of the strangest and most persistent chest pain of my life. I’m used to some isolated chest pain due to chronic musculoskeletal issues on my left side, but this was like a deep squeezing and radiating pain across my entire chest that felt uncannily similar to symptoms of a heart attack. This was unlikely, but given I had also had about 200 mg of caffeine 12 hours prior, and my caffeine consumption sometimes gave me mild chest pain, I was worried it might be related somehow. It went on for about 7 hours by the time I got to the ER that following day. They did bloodwork, EKG, chest xray, and found absolutely nothing. I was instead told just to make sure I monitored my symptoms, and to contact my psychiatrist. Since then, I’ve felt acute exhaustion that makes me just want to sleep (sleeping feels basically like I’m just collapsing into my bed with a sensation of heaviness) and do as little as possible, alongside muscle weakness/shakiness and mild dizziness this past week. Is there anything I can do to help reduce this burnout?"
1t7pew4,I no longer know what to do,"I am very new to anxiety. I've never really experienced it before. But about two weeks ago I started having them everyday especially in the morning. I have not had anything major change in my life and it has just sort of come out of nowhere. After having them for eight straight days I was able to have the next 5 days without a attack. But the next day after that my doctor put me on Zoloft, 3 hours later I experienced the worst anxiety attack I've ever had. It was so bad I went to the ER. Which was five days ago. I did not take the Zoloft again. Since then I have had attacks but not as severe as they were before. Does this mean I'm getting past it? Will it stop? The only fear that kept coming to my head was the fear of having brain damage. But I figured if it was damage it would be affecting me all the time not just the morning parts of the day. I wish I could afford the counseling that is recommended but I just can not at the moment. Anyone had any advice? And more importantly assurance that I'll be ok. As I mentioned before I cant think of any shocking events that would have caused this. But if I think about everything going on maybe they added up all together? I lost my job last year in September, I lost my online business in December, what earnings I have today seem to be getting less, and less, you can't turn on the TV or computer without hearing something about the government, I also have multiple past PTSD events in my life, I recently came back to religion, and there's so much to learn. Maybe I am just overall overwhelmed."
1t7pe1b,"FYI, doomscrolling is making your anxiety way worse.","Spent a year offline, recently doomscrolled for hours & realized what it did to my brain. After simply reading a title or caption, my first thought became the likely top comment, next the likely rage bait, and then (rarely, when I paused enough) my actual reflective thoughts. Very quickly I didn't even need to *open* the comments to have this emotionally activating thought process. This was NOT on purpose; it was an overhaul of my internal landscape. My internal monologue became more determinative, reactive, etc., basically more in line with every type of cognitive distortion (should statements, all-or-nothing thinking, overgeneralizing, mind reading, etc.) even when I was offline & thinking about other things. I was addicted to observing these emotionally activating dialogues of comebacks, generalizations, and judgements play out. The addiction factor itself is huge: anything that causes addictive feelings worsens anxiety. I know a lot of us end up doomscrolling to escape irl problems, but especially for folks already suffering from anxiety disorders, this makes it way worse."
1t7pdby,Feeling so overwhelmed and depressed,"I just don’t know how much more I can handle. I feel like I’m on the verge of a breakdown and no one else gets it or understands. My husband does not understand my anxiety at all even though he tries to be understanding. I cannot stop crying tonight and I’m not even sure why. I am a mom of three and I know life is crazy with kids. Lately I just feel like it’s nonstop BS and I cannot get a break. My kids have been awful and so disrespectful which makes me angry but also feel so guilty like I’m the reason why. I don’t feel like I have any friends, I have lost a lot of friends and am not good at making new ones. It sucks because I live by a lot of people I used to be friends with so again, constant reminders they make me feel guilty like I am the one that ruined the friendships. My one dog died unexpectedly last month and my other dog keeps jumping our fence (I think to try and find the other dog). Tonight my son let him off the cable and he immediately jumped. I didn’t get to him quick enough and he apparently went after someone’s dog but I didn’t see. The dog looked fine but I immediately got defensive and just walked away. Now I feel stupid for how I acted. I just want to be happy again. I don’t want to fee like I’m just surviving each day."
1t7p31b,Does anyone have some tips on how to stop a panic attack?,"I've been having some panic/anxiety attacks throughout this year (it's not frequent but it still not really normal ig? Like sometimes I will have 2 panic/anxiety ttacks in a month, then I will be free for a month and some weeks and then I'll have another one) but i really dont know how to control it, ik how to calm down when im getting anxious but there's these specific times where I just can't control it, it just escalates too quickly and then boom, I'm hyperventilating to the point my hands, face and legs feel tingly, my muscles starts to tense up (especially my leg muscles) so bad that it hurts (so I just slump to the floor) and then I think I go out of consciousness for some seconds?? Everything just feels numb and then my eyelids feels heavy and it just looks like i blinked insanely slowly, afterwards it gets better I just feel exhausted, a bit confused and sore :/ Does anyone knows how I can control this? At least make it not hurt this bad, just anything tbh."
1t7p0j2,Weird feeling wondering if anyone here relates or can help!,"(I Am indeed an anxious individual (in therapy it’s ok) and I have adhd) Hello, I’ve been having this issue and wanted to know if anyone else has experienced something similar, or if anyone has any idea what it could be. First of all, you know that feeling of fatigue/weakness you get when you’re laughing really hard and try to make an effort or move, but your body feels weak because you’re laughing so much? Well, that specific sensation is what I feel in my body — but without the actual laughing or physical weakness. It’s almost like only the “mental” part of that sensation. It’s very strange. It almost never happens, but when it does, it feels really weird. I don’t have actual physical weakness, and I don’t have cognitive symptoms, but the sensation is hard to explain. Sometimes when I lie down to sleep or close my eyes to rest, I feel this weird sensation in my forehead and eyelids, like they want to open again because keeping them closed somehow feels like effort in the same way I described before. It’s kind of a restless feeling combined with that “funny/drained” sensation. In general it’s just very weird. It’s not 100% constant all day, but I notice it more when I’m calm or resting. Sometimes when I type on a keyboard I also feel it, and I feel like I need to move my legs quickly or move around to “release” the sensation. Sometimes tensing certain muscles in my body also relieves it a little. Like I said, it’s strange. Physically I seem fine. I’m okay if the answer is “it’s anxiety,” but I’d like to know if anyone has experienced something similar, what helped, or what I could try to avoid it since it feels so random."
1t7o36d,Propranolol,"I can’t remember if I took my 10mg I usually take at 5pm. Based on my hr and anxiety, I’m guessing I didn’t, but I’m not 100% sure. Would it hurt to break one in half and take 5mg? This way if I did take it the it’s only an extra half dose. If I did in fact take my dose, it would have been around 4:50 pm. It’s now 7:20pm. Anyone add a dose within a short amount of time?"
1t7o2ro,"Xanax once, MAYBE twice a week. Bad?","Usually get through the week with one for panic attacks, MAYBE a second on Friday if it was a hard week. 1mg prescribed, how habit forming or bad is this (or chance of ""withdrawals""?"
1t7nl5x,why anxiety cause me stomach ache?,"I don't know where else to ask this, but basically, when I get strong nervousness and anxiety (something I don't have diagnosed, but it happens to me sometimes), I feel a pain in my stomach. It's different from any other pain I've ever had, basically because most of the time it's not very painful but it's EXTREMELY draining. To compare it, it's like someone is draining all your vital energy through a 5-centimeter cut. The pain itself doesn't resemble anything—not like a punch to the stomach or pain from eating something bad. But when it's severe, man, it hurts like hell. God knows how I stay on my feet. It's only happened to me 3 times and, damn, it's absolute hell. What exactly is happening?"
1t7nfza,Can anxiety or dpdr feel like paranoia?,"I am in a constant state of fear, to the point where it almost feels like paranoia. I just feel so vulnerable, like something is going to happen to me. Looking at people scares me, my wife scares me, random objects scare me, random things are triggering a fear response and I don’t know why, logically I know people or objects arent going to hurt me but I still get these fear feelings and almost like a paranoia. Feels like I need to run, or hide or just do something!, Idk what, just something to alleviate the panic. Sometimes I’m on the brink of calling an ambulance to come get me and take me to a psych ward. I think I am going through some type of dpdr flare up. My mind and consciousness feels foggy like I have cotton in my head and can’t mentally see clearly. I’ve struggled with the fear of developing a psychotic disorder for a very long time and these symptoms are really making my ocd about that flare up as well. The thing is, I feel a lot better while I’m working and doing tasks where I really have to focus but as soon as I get alone and time to myself, I start really freaking out and the thoughts and feelings come back. I’ve struggled with mostly untreated anxiety and ocd for years and I think my nervous system has broken, either that or I’m entering psychosis for real this time ): I feel so helpless. My worst fear is losing my mind. Can dpdr or anxiety really feel like paranoia? Can anxiety be this severe?"
1t7nd9v,Impending doom because of upcoming presentation,"I have been feeling nauseous with panic attacks for weeks. Now I have to present in several days. My slides are incomplete and the material is insufficient. I don’t have time to fix it all. I am going to make a fool out of myself. I shake and my throat closes up when I’m up on stage presenting. I want to deregister and runaway, but I can’t. I feel stupid, and I feel sorry for my classmates. I’m feeling hopeless"
1t7n1k0,Could I be having rebound anxiety from Ativan?,"Hi, so for background, I had a massive panic attack on Monday with lots of physical symptoms that persisted into Tuesday morning. I took 0.5 mg of Ativan twice that day (with appropriate timing between) and it helped, but for the rest of the week I have been having awful, worsening panic/anxiety symptoms. It feels like my panic attack never ended, and it's going on 4 days now, 3 since I last took the Ativan. My body feels very weak, I feel out of it and exhausted, I've been super nauseous with no appetite and my heart is POUNDING. Like my blood pressure feels so high and it won't ease. (I took my blood pressure twice and it was normal). On top of it all, I just overall feel wrong and like the world is ending, with random adrenaline rushes that feel terrible. So while looking things up, I found quite a few posts on here about how Ativan can cause rebound anxiety with symptoms that are identical to mine. It seems people were experiencing it at any dosage and frequency. As someone who is really sensitive to medication, I wondered if this is what's going on. For more context, I was prescribed Ativan in the ER about a month ago now. I only had it once in the ER before this week. For a good week after I was in the ER, I had very similar symptoms to what I'm having now but they weren't as intense (the world-ending feeling and adrenaline mainly). I thought it was because of a steroid I had just started for another health issue (stopped taking that awhile ago), but now I'm wondering if it was the Ativan I had at the hospital giving me rebound anxiety, and it's worse this time around because I took it twice. I would really appreciate some insight on this, because I'm honestly really scared that these symptoms will never go away. They are VERY uncomfortable. Thanks so much in advance."
1t7mbf5,My cousin is bullying me and following me everywhere.,"My cousin is older than me by 3 months, we both have the same name since his mother decided to name him the same name that my parents decided first. We’ve always had tension growing up because our parents compare us to each other. We went to the same kindergarten, school and now uni. We used to be best friends until after Covid where he became very distant. During high school people are were more socially attracted to him and he’d have more friends than me. I’ve had the same classmates since elementary. Those classmates were bullies. So I wasn’t really friends with them but somehow they accepted my cousin. And I thought that those bullies bullied me because of my country. I hate my cousin so much. He introduced me to porn since we were 8 and I hate him so much for that because it fucked up a lot of things in the family. We were best friends when we were kids but when my another cousin that rarely visits our city, they both hangout together and ignore me. In September 25 we got accepted into the same university. My heart sank when I received this information because we didn’t tell each other what we’re applying for. Now we’re both studying abroad in Ireland, and it’s medicine. I improved socially since high school but people don’t seem to like me a lot, but for my cousin they make him the center socially. I’m not jealous that he managed to be better friends with them, speaking honestly, I don’t like MOST of them and I don’t talk to them, however I made some good friends with other people but they ignore me when my cousin is there. It’s annoying because my cousin belittles them infront of everyone. Like oh you’re so short I didn’t even notice you or greet a person later after greeting multiple others or laughing at everything they say. I observe a lot and the looks on their faces when he belittles them is funny because they stop and try to prove themselves to him. He did this to multiple people. He is a bully. Problem is when people learnt that were cousins they were okay with it but he doesn’t like that people know that. When we have chats or anything he acts like he doesn’t know me and ignore me. I won’t try to prove myself to him. Anyways, my point is, he’s so disrespectful and I don’t like the fact that he’ll make my life hell during medical school. Why couldn’t you just reject the scholarship when you learnt that I too was accepted. Leave me alone. People now avoid me because they think he’s better. I’m also paranoid that he tells them stuff about me, people bring up stuff that I didn’t tell them. They’ve learnt it from him which I really don’t like. I really need a way to bring up this conversation with him and ask him not to make my life miserable in medical school, it’s already causing me to get depressed again. I’ve had months where I didn’t leave my home at all during high school because depression and I hate how I feel like I’m falling into that again because how he makes people see me."
1t7m5xs,Struggling with being alone with my thoughts.,"I am in a constant state of fear, to the point where it almost feels like paranoia. I just feel so vulnerable, like something is going to happen to me. Looking at people scares me, my wife scares me, random objects scare me, random things are triggering a fear response and I don’t know why, logically I know people or objects arent going to hurt me but I still get these fear feelings and almost like a paranoia. Feels like I need to run, or hide or just do something!, Idk what, just something to alleviate the panic. Sometimes I’m on the brink of calling an ambulance to come get me and take me to a psych ward. I think I am going through some type of dpdr flare up. My mind and consciousness feels foggy like I have cotton in my head and can’t mentally see clearly. I’ve struggled with the fear of developing a psychotic disorder for a very long time and these symptoms are really making my ocd about that flare up as well. The thing is, I feel a lot better while I’m working and doing tasks where I really have to focus but as soon as I get alone and time to myself, I start really freaking out and the thoughts and feelings come back. I’ve struggled with mostly untreated anxiety and ocd for years and I think my nervous system has broken, either that or I’m entering psychosis for real this time ): I feel so helpless. My worst fear is losing my mind."
1t7m33g,"A ""blocking"" in my mind",&#x200B; I was curious if anyone has what I'm going to describe. It feels if there is a blocking in your mind that does not allow you to think of something sometimes. For example I can know something that I want to say but If I briefly tell myself I don't know it I can block the thought making it very hard to remember. Also in my personal belief of something I can make it impossible to feel or know something due to this block put up as well. Does this make sense to anyone?
1t7lo45,I think i made a mistake,"Today, me and my friends went out to a restaurant and a person came to us and asked if we could give a ""review"" of the place on camera. I have social anxiety but I wanted to try out ""exposure therapy"" so I said yes. It was so hard, I was literally shaking but I had in mind that it wasn't a big deal. Fast forward to now, my heart is literally pounding, I don't know why it is. The interview wasn't that big of a deal but it seems as though I can't prove that to myself. I'm feeling so uneasy... I could literally cry"
1t7lnvq,GERD/anxiety?,"I’m 24F, had a full cardiac work up last year with multiple EKG’s, echocardiogram and blood work along with a 3 day monitor. Everything was cleared. No PVC’s, just sinus tachycardia at times consistent with stress/working out showing up on monitor. I’ve had a few episodes of tachycardia, first 2 times being last June and this past March, both times I was sick. My heart was getting up to 150bpm and I was beyond anxious and had to take metoprolol 25mg both times which seemed to help bring it down. I figured it had to do with being sick/fever. Well last night I had an attack of some sort after going to bed pretty soon after eating a bunch of bullshit honestly 🤣pringles and kettle korn, woke up 30 ish mins later to the classic burning in my chest/throat and fast heart rate about 90-100. Ik that’s not horrible but it was high and it got up to 115 after getting really anxious. I took my beta blocker after about two hours of trying to calm down and I was able to fall asleep for like an hour, but ultimately didn’t end up sleeping last night on and off all day. I’ve had burning pretty consistently though in my chest/upper stomach and throat and my heart rate has been ranging from like 76 to 100. Could this be acid reflux, triggering tachycardia that’s lasting all day I’ve had it before where I have a flare and then the tachycardia subsides but this time has been pretty consistent. Like I said, I don’t have any heart problems. I don’t like this feeling though it’s super uncomfortable and I’m dreading sleeping tonight because I don’t want to feel my heart pounding out of my chest again. Just wondering if anyone else gets this and how much their anxiety contributes to it."
1t7ldpi,Help am I going to die from a tooth infection???,I have a terrible tooth ache. I read online this is likely nerve pain and infected. The pain started 2(!) weeks ago but dissapeared after 2 days. Today it returned. I'm too poor to afford a dentist however I will still go next monday. I'm in terrible pain and painkillers only do so much.. But it's been 2 weeks or possibly way earlier that this started. Will I die from a tooth infection?? I read people die from this and I knew of a story of a person who died from an infection after not being able to pay. I have a light fever and I'm scared shitless. Will i die before monday?
1t7labw,Anxiety dizziness or sleeping tablet?,"So I’ve been experiencing a really scary on and off Falling/swaying/spinning off balance head sensation. I’ve had bloods tested, blood pressure checked, eyes checked and everything is fine. So I’m wondering if maybe it’s the sleeping tablet I’m on causing the dizziness? I’m on 25mg hydroxyzine and now that I think about it the dizziness started around when I started taking the tablet so I don’t know if it’s a coincidence and it’s just anxiety causing dizziness or if it really is the sleeping tablet. Should I try coming off the tablet and see? Sorry for the long post and sorry for posting so many times in this group everyone is probably sick of me oops."
1t7kxl1,"I'm going to Adult Ed. Yesterday, we had an earthquake drill. I left.","I'm taking a foundations math course at an adult education school. It's a small, 100+ year old school building, and there are some real classrooms, but I'm taking a Self - Paced program, where I get to come and go as I please. Everyone is working on different courses and grade levels, so we dont interact. It's a much better learning environment than my home, where people can't help but interrupt. Yesterday, while there, I overheard the teachers talking about an earthquake drill coming up later in the day. Like, alarm goes off, we crawl under the tables, wait for the second alarm, then walk out to the field out back, and wait for an all clear alarm. 10 minutes before the Earthquake drill, a teacher gives an announcement to tell everyone what's going to happen. One girl is halfway to the exit, and they have her sit back down instead of leaving so there aren't students around the school during the drill. (Except for those who are writing tests, they are allowed to stay) I'm frantically packing up my papers before that alarm starts, because I know if I have to crawl under my desk, it's going to take me some time before I can get back out again. It isnt a good idea for me to simulate intense situations, especially without any time for mental preparation. It would probably be different in a real school environment, but I don't know anyone here. So, I left. A teacher did try to get me to sit down as well, and I told them I would be leaving the building, and would come back after the drill. I sat on a bench 2 blocks down the road. This might sound like an overreaction to skip the drill instead of going along with it like everyone else, but it's a win for me. In the past, I would have felt too uncomfortable to put a spotlight on myself by being the only one to leave the room. I would have felt forced to stay, and that inability to leave has been a major factor of my anxiety. I would have complied, and sat, spiraling, unable to concentrate on my coursework, until I felt calm enough to go home. it would have made me anxious to return to class, knowing something like this could happen without warning. Choosing to leave is self care, its knowing my boundaries, and showing myself compassion. I'm in my 40s and just starting to understand that I am allowed to make my own choices, regardless of what the people around me might think, (or what i think theyll think) or whether they'll understand. I'm an adult, and I dont need to explain myself. ​ What a good feeling."
1t7kvlp,"please, need advice","Friends, I have read many people’s positive experiences of dealing with generalized anxiety disorder. I will try to briefly write about my own situation. I am writing about my biggest concern. Right now I really need support from other people. In 2019 I had my first panic attack. For two or three years I was more or less functioning, I was going out, enjoying myself, even traveling outside the city. However, each year it was getting more difficult. I was taking medication. In 2023 I had my most severe panic attack, just a few days before my child was born (I don’t know if it was due to the stress of responsibility or what). After that I continued living my life. The attacks and the underlying condition were more noticeable, but I still managed to function. From the beginning of 2025 my condition started to worsen. Derealization became chronic. Obsessions, fears, heaviness—everything came together. Now, over the last six months, I have reached a catastrophic state: agoraphobia, fears, physical pain in organs, severe derealization, and feelings of “going crazy.” Four months ago I started working with a psychotherapist. They tell me I need to work in a CBT direction and not avoid the sensations. However, for the past seven or eight months I have already been doing this. During very severe panic episodes I stayed, I did not run away, I kept functioning and speaking. For the past two or three months I have been working even more consciously, but instead of improvement, the last four months have been the hardest period of my life. Everything is difficult. I still go out into the streets with extreme anxiety, derealization, and feelings of losing my mind, and I try to walk and function. But I feel like nothing has meaning anymore. I cannot see the point of life, and I feel like I cannot live like this anymore. Medication did not help me, and CBT does not seem to be helping either. I feel like everything is developing independently inside me and I cannot control it. I don’t know. Please tell me if I am doing something wrong, for those who have been through this. I am afraid that I might put my life at risk. Please do not share strongly negative experiences. need to hear positive outcomes from people who have gone through similar experiences. Thank you for your attention."
1t7kjrf,Any advice to stop being anxious when someone doesn't reply?,"I have this thing (and decided to make a post since it is currently happening to me and I don't know how to stop it). Simply, if I find some person really cool or like that person and we text for example and then they don't reply anymore or taking long time to reply to my last text (which of course I understand, life gets in the way, even myself I don't reply to texts instantly when I'm busy). But my mind starts going insane about it, I start overthinking, I keep checking and checking my phone, I turn off notifications to forget it, then turn it on, keep checking..then try not to do it, but then I keep thinking and wondering did that person reply to me. It sounds like I have nothing to do with my life, but I manage to be this irritated even while having some tasks to do. And it is really annoying me, it is annoying that my mind can't let it gooo, any advice on what I should do? Stuff like ""distract yourself"" doesn't work for me, I still keep thinking about stuff."
1t7k81r,"4+ Years of Hydroxyzine Use. Cold Turkey. Attempt 3, Day 1.","Little bit of backstory: I was prescribed 25mg Hydroxyzine for insomnia about 3-4 years ago (could even longer ago, I honestly don't remember). For all of those years except for very recently, I have been taking one per night. Its just gotten to a point where it doesn't even make me tired anymore, just makes me feel groggy in the morning. So, I decided to just stop taking it because I saw no use for it earlier this year. First day, woke up and vomited, second day, same thing, third day got so nauseous when I was driving I ended up crashing a car. I was really confused as to why I was feeling so queasy all day, so I looked up the symptoms of Hydroxyzine withdrawal and sure enough.. nausea is a symptom. So I got back on the meds and decided I would just figure it out later. Started to ween myself off a few months later (just taking halves) and it worked okay.. got a lot of headaches though.. did it for a few weeks and decided to stop taking them all together figuring my time taking less would help the overall withdrawals. 4 days of no Hydroxyzine equaled 4 days of migrains. Looked up the withdrawal symptoms again and sure enough...headaches. So I started to get back on them and just figure it out. Im tired and exhausted of trying and failing to get off this drug. I don't need to take it anymore, it doesn't benefit any part of my life. So I'm done, I didn't take my dose last night. I am going cold turkey after about a month of being on them again. Wish I had known the withdrawals of 3-4+ years of Hydroxyzine use, but now I know and I am expecting them. Gonna keep a log (whether on here or not) of my progress. Gonna be done with this drug!! For real this time :)"
1t7jdyc,Distractions and racing thoughts,Trying to work but I have nothing to contribute to this meeting I'm sitting in right now. I'm thinking 1700 things right now. Typing to keep myself busy so I don't look fidgety. I wasn't like this growing up. I'm heading toward 40 and getting more easily distracted as I go. I just want to be calm....settled?
1t7iz0x,please give me advice!!,"i’ve been feeling lightheadedness and brain fuzziness for over a week now, my head hurts more than ever and my pupils seem to be different sizes in low light. i have no other symptoms of stroke or aneurysm and doctors are telling me that it doesn’t sound serious but i am still panicking about it and want to be seen by a doctor which is unlikely to happen . what should i do??"
1t7iv57,"Off balance, hot, fidgety. :(","Does anyone else get this with anxiety? Sometimes I feel so off balance, like Im gonna fall down. I also get really hot, like full sweats, SO fidgety, feels like I need to escape to a safe place when this happens or run outside. Bright lighting and and being in stores/malls etc are the worst for me. Ive had anxiety for 5 years but this only started maybe 6 months ago, I have no clue how to help it!"
1t7is7m,Breakfast & Morning Anxiety,"Those of you with anxiety, what are you guys eating for breakfast? My anxiety is usually settled with eating (heavy carbs, lean meat), but for some reason breakfast has been challenging for me lately. My stomach doesn't seem to like the typical breakfast foods. Maybe I'll start eating lunch for breakfast? For reference, I usually eat eggs, toast, or oatmeal."
1t7iot2,Are these people actually my friends?,"So for some details I have reached out to both groups of friends about my mental health before and was left with them not replying to me and only the one girl replied to me trying to help me because she had major depression like myself so it’s always nice to be able to talk to her. But she doesn’t reach out or when made plans she forgot to tell the rest of the group chat which fair but it’s still a pain. Like is it bad to expect my friends to try to be there for me when I’m at my lowest and reach out to them? I don’t expect them to read my mind but I was in terrible pain and none of them really were there for me. And whenever I send topics to them via messages when it’s me sending them I get ignored. Now everyone has been different SINCE I have told them I started apprenticing for tattooing. They message me a lot more and tell me that I can practice on them. No indication of paying me at all, the way they communicated just seemed like they were entitled to my work because we are friends but yet I haven’t been feeling reciprocated with friendship. I feel like I’m constant a burden whenever I text them or they get annoyed and that’s why they don’t reply. I have even told them before just some type of indication for communication as it makes me feel like complete utter shit whenever they never reply but obviously it hasn’t helped at all. I just need advice on how to handle these friendships because I’m so confused on what to do. I have told them I’ll be $80 an hour when I start and haven’t heard anything since. Like if any of my friends had a service I would be paying them FULL for it. I don’t want no discounts or anything because it’s me fully supporting their small business and helping them grow as it’s expensive. At this point I only feel like they keep me around and started doing nice things for me because I’m becoming a tattoo artist and it legit breaks my cold fucking heart. I know I can be a terrible friend and still have work to do on myself. I just rather have those around me who care."
1t7ij5w,Dizziness?,"To preface, I have SEVERE health anxiety (and probably ocd). Recently I’ve felt dizzy- the world isn’t spinning, but I feel dizzy in my body, like my body is shifting, turning slightly, falling back, etc. It spikes while I’m laying down. As soon as it happens, my anxiety spikes and I get slightly sweaty and nauseous. My body feels unstable, yet I have full balance. I feel dizzy but the room isn’t spinning. Does anyone find that they also struggle with this? I’ve had it mildly for months and it still is mild, but my brain has made it sooooo loud so it has seemed so much more intense the last few days. I can’t stop hyperfixating and checking myself. Any advice or tips?"
1t7i861,A very effective method i found to stop anxiety almost immediately,"I'm not claiming that this works for everyone, but it certainly does very well for me personally. I have this issue of extremely heavy mood swing. At one moment I can feel happy and perfectly content and a few hours later, things just turn bad where I severely worry about illogical scenarios, catastrophizing, etc, just horrendous. I live a good life and there is really no external source for it. I have always wondered why this happen and today I think that I have the answer It seems like part of my brain scanning for primal threat is a bit overactive than usual. It means that when I am hungry, thirsty, socially isolated, under thermal stress (hot days/too cold) or sleep deprived, my brain seems to be firing this panic signal excessively I figured that all I need to do is to have a snack/meal, drink a glass of water, go somewhere where I can see/talk to people and go to an AC room on hot day makes this anxiety vanish almost \*\*instantly\*\*. Taking a nap (only if I was sleep deprived the night before) works really great as well. So yeah, I hope that this can help others. Next time you are on a spiral, your brain might just be misinterpreting signals like low blood sugar to be existential threat. Eat, drink, see/talk to a human, go to a cold/warm room, take a nap if required. Sometimes you brain just freak out more than it needs to"
1t7i2xu,I hate mental health talks,"The school was having a mental health talk today. This woman comes in and says, “If you think positively, the universe will reward you for it.” Then she gave an example about how was this guy who came into a game show and had a positive attitude and won 300k. And I just felt like crying because it made me feel so shitty for having an anxiety disorder. I can’t help when my anxiety acts up and I get scared about the worst possible outcome. I feel terrible, like my life could be a whole lot better and I could be living in a mansion with 6 Lamborghinis if I didn’t have an anxiety disorder. It just makes me feel so invalidated."
1t7i1wb,Burning sensations at night,"Not sure if this is the right place for this but im looking for some insight on a symptom ive been told by my doctor is from anxiety. During sleeping hours, typically as im either falling asleep or waking up, I will experience a sort of burning/buzzing sensation in my forearms, shins, and head/face. The only way I can describe it is as a low grade electrocution. The moment I move, the sensation fades and will take time to come back. Its not every night and sometimes I will go days or weeks, even months without experiencing it but then I might have it for weeks in a row. Now, I DO have very bad anxiety and stress but ive never heard of this happening from anxiety. I had this happen a decade ago when I had lyme (tested positive several times and had the rash). But looking back, it might have been a symptom of the anxiety I had while going through treatment? Either way, my bloodwork always comes back normal other than elevated cholesterol. Im mildly overweight, fairly active, and brain MRI was normal. I have had a number of TBIs in the military. Recent lyme tests have actually come back negative after 11 years. Should I accept this as anxiety or should I continue to pursue other tests? Thanks for any insight."
1t7hsbs,Rabies Fear triggering Health Anxiety,"Earlier today, while walking past a wooded area, I saw a bat laying in its back in the middle of the road. It looked like it was breathing heavily and wasn’t moving I wasn’t sure what to do but since it was in a position where it’d get run over, I used two sticks to kind of push it off the road and into the grass. I did not touch it. I dropped the sticks but since it looked worse on its stomach, I picked the sticks back up and flipped it back over. I then got on my phone and started googling, immediately seeing the risk of rabies. I never touched it or got close to it. I ended up telling a nearby house about it and called wildlife about it and left. But it didn’t take long for my anxiety to start whispering about how I had now been exposed. I didn’t touch it so I for sure was not bitten or scratched. I did pick the stick back up, I’m not sure which end, but the stick never came near the bat’s mouth and it wasn’t foaming or anything. Since then I’ve called an Urgent Care and two ERs about whether I should come in. The Urgent Care and ER both told me they couldn’t give medical advice and I should go in if I’m concerned. But the second ER just asked me if I touched it. When I said no, they said I was fine. My dad says that I should trust the last ER nurse, that most hospitals won’t turn you away because of liability (or local hospitals have all gotten taken over recently by a giant hospital system). And I do believe him, that I 100% don’t have it, I wasn’t bitten or scratched or came in contact. But I haven’t stopped thinking about it since If it wasn’t so expensive to go to the ER, I would just go in for peace of mind. But also, I’m worried that going in would just flare my anxiety more. That I’d always feel stupid about it. But also, I’m worried that I’m going to be thinking about this for the next year I really have no idea what to do, it feels crazy to go in when I had no physical contact, but I also don’t want to live like this for months and months wondering if I got it (when I KNOW I didn’t) Sorry for the ramble, I would appreciate any advice"
1t7hru9,Rush of blood/adrenaline?,"Do you ever get a really out of the blue just rush of like blood up through your neck throat jaw head and it like seizes up your whole neck and jaw and you can’t speak. I don’t know if this is what an adrenaline rush is? Lasted for 5 seconds and then i was left with heart racing a bit shaky and then eventually I calmed down. It came out of nowhere, I was just sitting on the sofa. I think this has happened once or twice before in my life, and made me feel nauseous before and I’m emetophobic so it caused a panic attack."
1t7hqck,I have GAD & SAD and I don’t know how to text or use slang like others.,"I have always been told I text proper, over explanatory, like ai, overly expressive, confusing, etc. In my view I am just using emojis to express myself, using proper sentences and words to not be dismissive or dry, and detailed so people do not misunderstand or to keep the conversation going smoothly. It made me realize I am terrible at slang in person but in text I’m okay at it, I text more and longer to the point I’m carrying the conversation, and I feel like I’m the only one spiralling about how to express and text the way every individual does for connection. I’m also pretty depressed right now and might go on medication for my anxiety and depression (I have a psychiatrist I will be seeing). I am pretty sure even my texts aren’t actually that good because even now I know I typed this out in a most likely confusing or not proper way. Does anyone else have this problem? My family, friends, and love interest have all said this to me. I feel like I’m going insane because I just want to seem normal and not create drama when people say it’s annoying, that they are trying to fix it for me, or I’m just weird."
1t7hpxp,anxious to the point i dont feel it/if i am?,"The other day I got told that I seemed very anxious. Except I didn't really realize it? There were reasons I would've or could've been anxious and I do have anxiety issues but I was just holding a conversation and what not. I did feel like internally I was a bit fuzzy but that seemed common. Also the day before, I just out of nowhere had silence internally and had no clue what was up with that but then it stopped and if that was anxiety i wasn't recognizing as anxiety it would make sense. Tried meditating earlier and I felt very anxious while doing so. Which wasn't extremely unusual but then after a bit I felt a bit more calm like my brain just wasn't pinging that i was anxious cause I was overly anxious to the point it wasnt telling me if i was? idk if this is a thing, google isn't helping and others are saying on reddit that it makes sense if its mild or you are used to it. Possibly I was just more aware while meditating? I don't think I have physical symptoms usually. except maybe talking really quickly and just messing everything up."
1t7hnd6,The Monster,"If depression is a pit, anxiety is a monster. A monster that sits with you, inside you, wrapping itself all around you like a chain, a vice, squeezing you. It squezes your chest, your lungs, heart, throat, tighter and tighter. Makes your jaw clench from the pain and fear, muscles tighten. Can't breathe, can't speak, can't let anyone know. It's always there, with its voice that says awful things. ""What if you aren't good enough, they'll stop loving you"" ""if youre not perfect everything will fall apart"" ""they can see right through you, are laughing at you and humoring you to make you shut up and go away"" ""youre not included or invited because they really dont like you"" ""you deserved to be hurt"" and it never. Shuts. Up. It's always there, taunting you. Egging you on. Reminding you that you must be perfect. Must do better, act better, be better. If you don't, you lose everything. You can't let anyone know about the monster, because if you do, you're overreacting, everyone feels pressure. But its more than pressure. It's heavy, tightness, suffocating. It's the racing heart, the shallow breaths that are so normal you dont realize youre breathing incorrectly. It's the thoughts that never stop. Lists and lists and lists, plans that go on an on. Must do this, and this, and that, to make things perfect. Must do this today, so that will work out tomorrow, so that next year this can be done. It's wanting something so badly, and being terrified that it'll never happen, because you know you dont deserve it. It's laying down in pilates and feeling your throat tightening up for no reason. It's nails that are always picked or bitten down so much they bleed, and wanting to be able to stop, but you can't. It's trying to sleep, but your mind won't slow down. Won't stop thinking about all the things. What you said yesterday, what you did 10 years ago, what youre supposed to do now. It's feeling like a bad spouse because you love them so much, and they do so much for you, and you feel like you dont give enough back because you're so tired. And then youre on, youre going and can't stop and they aren't keeping up and it's so frustrating. You have to go go go so fast, youre out running the voices and the thoughts, until youre not. That monster was always there with you, with its voices and chains, trapping you in your own self. Ever tightening its grip on you. You take the meds that are supposed to help, and they do. For a while. But then they dont. The voices are still there. ""You deserved what happened"" ""you must have done something terrible in your last life"" ""these are all the things that you've done that you can never make up for"". The chains get tighter. Again. We're they ever loose, or did you just grow accustomed to your prison. You trust push away thoughts that make the chains worse, but the world keeps getting scarier, and it feels like you are responsible for fixing it, or at least making sure that you will survive. It's all on you. Asking for help makes you weak, and you are weak, but no one can ever know that. So you accept the bandaid for the gaping, hemorrhaging wound in your chest with a smile. You never say anything about the monster, because what if this is normal? What if this is how everyone feels? What if everyone makes lists and lists and lists and their brain never ever stops? Then youre weak and pathetic and you should be able to handle it better. It's so heavy, and you just want someone to see, but if they knew, you'd be a fraud, a failure. And you know you are, but no one else can know. And you know this is all the work of that monster, but you just... can't...stop..."
1t7hbcr,Dental anxiety sucks…,"I’ve been having heart palpitations and sweats for the past two days, all cause I have a routine cleaning at the dentist tomorrow afternoon. I’ve always had anxiety about the dentist, especially as someone who admittedly, struggles with remembering/caring to brush and floss. My last appointment was to get a crown put over a broken tooth so maybe that’s it, maybe I’m just anxious about judgement or pain or something. The dentist was a miserable experience for me as a child, still is at the age of 27… I was almost able to reschedule so I wouldn’t have to think about it for at least a month but it seems I have no choice but to rip off the bandaid and go tomorrow. It’s a 45 minute appointment but it may as well be 2 hours with my anxiety, certainly feels that way at times. I’m down to my last klonopin, and I’m saving it for tomorrow, wish me luck…"
1t7gvep,I’m going to try quitting YouTube,"The fact that the app keeps sending me videos even though I keep telling them I don’t want videos of this type?! It makes me so angry and sends me in spirals so I deleted the app and hope to make it a month before I go on again. Wish me luck! It’s so hard, it’s like quitting sugar! Edit to add; I think I used the wrong flare, I thought it says “mental health “"
1t7gosy,Social anxiety & homesickness,"I have social anxiety, like my hands would start sweating and I would mess up even the simplest task existing on earth . I usually avoid gatherings , even family gatherings, not because they are bad or SMTH , they love me but still I'm just not comfortable enough being seen. Anyone else? How do you deal with this? Sometimes , even my parents have to cancel their plans bcz of me , the guilt 🤏🏼"
1t7gco3,Painful Muscle Knots - Can Anyone Relate?,"Does anybody get muscle knots from their anxiety? I can get them anywhere. Right now I have a large one in my diaphragm under my ribcage. I've tried everything I can think of to loosen it but nothing works. I've tried exercises, massage, physio, etc. but nothing is helping. It's very painful and is making my anxiety worse. Can anyone relate? Any tips for relieving the pain and/or getting rid of the muscle knots? I'm feeling very frustrated right now."
1t7g38z,Does anyone else feel like they’re mentally “on edge” all the time for no obvious reason?,"I’ve noticed some people describe anxiety less as panic and more like constantly feeling mentally alert or unable to fully relax. Even during normal moments, it’s like part of the brain is still waiting for something stressful to happen. After a while I imagine that probably becomes exhausting. Curious if other people experience anxiety this way too."
1t7g0h1,What actually helps anxiety long-term that isn’t a benzo?,"I’m 34F, diagnosed with anxiety and depression. For years now, I’ve struggled with this constant feeling of tension and being unable to truly relax, no matter what I do. I’ve put a *lot* of work into my mental health over the years. Currently: \- Weekly counseling \- Psychiatrist every couple of months \- Lithium + nortriptyline \- Regular exercise \- No alcohol or recreational drugs Previously: \- 13-week IOP \- DBT \- Ketamine treatment (didn’t help me) \- Probably other things I’m forgetting I also have a limited prescription for alprazolam (Xanax). The problem is… it helps me in a way that nothing else does. I’m trying to stop relying on it because I know it’s not a good long-term solution, and my psychiatrist wants me to build healthier coping mechanisms. But honestly, it’s frustrating because nothing else even comes close. Deep breathing, grounding exercises, “5-4-3-2-1,” hydroxyzine, etc. might help stop me from spiraling into a full panic attack, but they don’t actually make the anxiety *go away*. I still feel tense, hyperaware, stiff, and unable to relax. Alprazolam actually brings my anxiety back down to baseline. I can think clearly again. I feel normal. Earlier this year, I got to a genuinely good place through exercise, sobriety, IOP skills, and consistency. I went through February and March without needing alprazolam at all, and I was really proud of myself. Then I started a hormonal birth control … it completely threw me off and I ended up with anxiety and depression so bad that I went to the ER (long story). Since then, it feels like I’m trying to climb my way back to where I was. The past couple of days, I’ve been anxious for seemingly no reason — physically tense, unable to focus, mentally “stuck.” I tried box breathing, grounding exercises, even Pepcid + Allegra after reading about histamine/anxiety connections. Nothing touched it. I finally took an alprazolam, and it helped *so much*… but now I’m trying not to take another because I only have a few left before my next refill. Sorry this is rambling. I guess my question is: For people who have dealt with chronic anxiety like this, what actually helped you *long-term* besides benzos? Especially things that made a noticeable difference in the moment while you were trying to lower your overall baseline anxiety?"
1t7fsrm,How to get rid of nausea that’s caused by anxiety without medication,Hi everyone. As per my title I’m looking for a way to get rid of nausea that I’m certain is sometimes caused by anxiety. Anytime I have to go anywhere even when it’s somewhere I really want to go I get bad anxiety (not like panic attacks just a horrible feeling in my stomach) and end up feeling nauseous and throwing up. How do I get rid of this without medication. Update that no one asked for: I did in fact end up throwing up unfortunately
1t7fkcz,How would one go about making a friend without anxiety completely destroying your whole life?,"For the past decade I have put everything I have trying to make a friend, trying to learn human interactions, going to groups, using apps, finding opportunities talking to people but I feel like I am not any closer to finding a friend than I was 10 years ago. Now there is some good in it since pretty much everyone I meet is incredible person that I can't wait to get to know (maybe its loneliness, maybe I am just really extroverted or its human nature) but it doesn't change the fact how horrible trying to make a friend is. Whenever I attend a social gathering for example an art group it completely annihilates me inside out the worrying before the meeting ruins the days before it. It makes me shake and not be able to relax and terrible sleep. Then comes the worst part actually attending the gathering. Chest pain, all the muscles unwilling to relax, every cell in your body screaming for you to run for your life like poison is coursing through your body, not being able to think of anything mind completely blank which makes it impossible to practice social skills like what to say, trying to learn body language and make facial expressions, trying to understand their body language, facial expression and trying to deeply concentrate what they are saying. Afterwards when its finally over I come home so exhausted I might not take care of myself like showering or even go days without eating because I am just all out. I am just trying to make my first friend but I feel like its stopping me from doing anything else in my life like trying to fight depression or trying to have a hobby. I have this deep need for some kind of social connection. Should I focus on trying to get rid of that need rather than trying to fulfill it so I could have some kind of life at least or is there a completely different way to go about it fulfilling it? Thank you for taking your time out of your day to read this. I wish all of you a loving friend and anxiety free life \^\^"
1t7fhom,Sharing in case it’s helpful to others + Tip for falling asleep faster,"This is probably useful more so for people who’s anxiety is created by their own beliefs, those who need help sleeping and not ruminating at night, or even those who are in a misaligned job or relationship yet feel stuck. Or even those who are simply stressed and find themselves spiraling from their own thoughts they created. This is not medical advice. One of the most impactful things that I have done to decrease my anxiety is to: Step 1: Find the subconscious program that is creating the anxiety in the first place. I do this through a self reflection exercise as well as through looking at all of my results in life and then reverse engineering it. Your thoughts create your emotions Your emotions drive your actions Your actions create different results So if you want different results in your life you first need to start by changing your thoughts. Not your conscious thoughts. The subconscious thoughts. The deeply rooted ones that sting to admit to yourself and are tough to swallow. Example: You may consciously think you need to suffer in order to be successful. But subconsciously you believe your worth equals how much you produce. This is what leads to constant burnout and stress and feeling guilty when relaxing. Others could be you feel that it’s not safe to speak up and express yourself or “this is just who I am.” “I’m just an anxious person” “This is simply who I am.” You are NOT! You are just FEELING anxious but you are NOT an anxious person. You are not your reaction or emotion. Step 2: Rewrite your subconscious belief / programs into something more empowering. “I am a magnetic and creative being who radiates calmness and ease.” “The more I express myself, the freeer I feel and the more impact I create.” “My days are spacious and filled with things and people I love.” “Everything always happens FOR me. I trust my intuition to guide me.” The key is that the words need to both resonate with you and be specific and targeted to your own personal subconscious programs. Generic ones won’t work. They need to be specific to YOU and your own beliefs and resonate. Step 3: Journal Stream of consciousness writing. Getting all of your thoughts out of your head!! Whatever comes to mind. Get it out onto paper. Ideally write 3 pages. It typically starts to get really good by the 2nd page. Step 4: Write your new Empowering Statements - DAILY! Handwrite these new empowering statements every single day!! First thing when you wake up. Before interacting with the world. I love lightning a candle and making it feel more like a ritual and I don’t touch or scroll on my phone until after I’m finished with my journaling routine. This method is called Frequency Training. Frequency being your Identity, Beliefs and Intentions. So you are essentially upgrading your identity and your beliefs through repetition. Each day, getting the reps in just like you would at the gym if you were doing a bicep curl. Consistently is key. The full thing may take 15 mins a day but honestly it buys me back hours if not days of my life!! Rather than spiraling for days or second guessing myself or letting doubt creep in or anxiety creep in, I feel so much more calm and clear!! It sets the day and carries into it! When you have clarity and stability in who you are and what you believe, you are not triggered by others and you are able to easily filter your decisions and start to trust yourself and just automatically think more empowering things about yourself and the world. If makes it easy to say no or let go of anything that is misaligned. Bonus: Night Time Routine I also do a night time journal routine where I write out 3-5 things I’m appreciative for as well as give my subconscious a “homework task” to work on while I’m asleep. As well as set an intention for how I want to wake up in the morning. The theory is that your subconscious is constantly running and typically you are ruminating on something going wrong or in the future and worrying and feeling anxious and then you wake up feeling that way. So instead, give your mind something to work on! “Give me clarity on … what my next step should be in my business” “Show me what may be getting in my way” Then, set an intention for how you want to wake up. “When I wake up, I will feel \_\_\_ to \_\_\_\_” When I wake up, I will feel calm and excited to work on my new passion project and call up a friend! You will find yourself falling asleep faster and waking up feeling way more calm!! Please let me know if you tried any of these and what the results are! I love learning from others and seeing if others have had the same experience as I have!"
1t7fe2z,"7 days of constant headache, daily headaches for years, jaw clenching/TMJ — feeling very anxious, does this sound familiar to anyone?","Hi everyone, Today is day 7 of having a constant daily headache and it’s making me really anxious. I’m a 26-year-old man, and since I was around 19 I’ve been dealing with frequent headaches. I also used to take paracetamol very often for them (probably 5 times a week on average). Sometimes I could go a week without taking it, but that didn’t happen often. For a long time I’ve had headaches almost every day, but now it has become completely daily. Two days ago I took 4 paracetamol tablets, but the headache still didn’t go away. The pain is mainly in the front of my head. It feels like a constant dull/pressing ache that gets worse when I strain or put pressure on myself. Every step hurts, and it gets slightly better when I completely rest and do nothing. I went to a physiotherapist 2 days ago, and they noticed a lot of tension in my face and jaw muscles. I clench/grind my jaw almost all the time (while exercising, sitting at the computer, joking around with my girlfriend, etc.). My jaw muscles are also painful to touch. Yesterday I went to my doctor, and he told me I need to stop taking paracetamol immediately because it could be causing medication overuse headaches. He said I could take ibuprofen instead if needed, but I’ve also read that frequent ibuprofen use can cause headaches too. The difficult part is that I can only get an MRI of my brain at the end of June, and my EEG isn’t scheduled until October to figure out what kind of headaches these are. That feels so far away. I honestly don’t know what to do anymore. I really want these headaches to stop because they’re driving me crazy. Does anyone have tips or similar experiences? Some additional symptoms/details that might help: * I feel dizzy daily, but I’ve had that since childhood due to hyperventilation/anxiety issues * I sometimes wake up with extremely dry eyes during certain periods * I never feel well-rested or fully refreshed after sleep * I’ve had tinnitus for about 3 years after a noise trauma * The headache is almost always located in the front of my head Does this sound like migraine, tension headaches, TMJ-related headaches, or medication overuse headaches to anyone? I’d really appreciate any advice or experiences."
1t7f2mr,Escitalopram is making me feel worse than before,"I've been taking 10mg escitalopram for 4 days now. I am taking them at night at the moment. Switching to the morning later, but if my anxiety was bad, now is worse. It's been progressing day by day. Today I was about to call 911 Heart palpitations - weakness - feeling like fainting - nausea - and a sensation of coldness running though my body. That maximum point lasted like 5 minutes, then I start feeling tired and of course, scared on how soon is coming back, It came back almost 3 hours later, it lasted like 3 minutes, I am at work and can't leave. My doctor told this side effects are expected, but didn't told me how much they last?"
1t7f0t7,After eating,Anyone get the feeling of a ball in their chest after eating ? like you have something trapped in your chest
1t7euyr,I’m Super Poison-Paranoid,"I don’t know how to help myself to be honest. I’ve had really bad anxiety starting early this year. I’d never had panic attacks before then, it just suddenly hit me. And every couple of weeks my “symptoms” change. For the last 2 weeks, I’ve been incredibly food paranoid. I haven’t eaten at my college cafeteria because I’m afraid my food will be poisoned. I won’t drink from the fountains or fill my water bottle at them. I’ll only consume sealed food and drinks, and even then I’m STILL paranoid about my food being poisoned or laced with fentanyl. On top of that, my doctor put me on sertraline (Zoloft) a few weeks ago, and I’m paranoid about that too. If I take it, I’m worried about overdosing or being allergic or it being laced. If I don’t take it, I’m paranoid about going into withdrawal. And today my doctor told me to take 2 instead of 1, which I did and now I’m freaking out because I’m paranoid, again, about overdosing or taking too much. I feel dizzy and sick. I just want to be normal again. I want to do things without being afraid of everything I do. I can’t take this anymore. I’m afraid of what I’m becoming. I don’t feel like there’s any point in living if I’m living in fear and paranoia."
1t7ermg,"If you have really bad health anxiety, especially heart related, how did you convince your body that there is nothing wrong?","24F here, I had ECG and blood work and everything came back normal, everytime i get new symptoms I just ignore it and move on with my day, but sometimes I can’t help but panic about “what if it’s real this time” because my chest feels so tight, is it time to see a therapist? Please give me your tricks that helped you because I feel like my body is full of cortisol"
1t7er1r,27 and never had bloodwork done before...terrified,"I wanna have bloodwork done eventually just to calm my nerves, but I am terrified it is going to show I have some deadly or serious issue. Or that I am low or high in something. I am geuineinly terrified and it makes me avoid it even more. I am scared something will be wrong with me in the results"
1t7eo1g,"Passed Stage 1 at an AI startup, completely froze in the technical interview despite knowing the material","After months of rejections, I finally got an interview at a company I genuinely cared about. Cleared the first stage which was just an introductory call, felt good about it, and got invited to the technical round. The moment the interviewer started asking questions, something switched in my brain. My whole body started shaking, I don’t think I have experienced anything like this before, it was my first job interview in my life and I couldn’t process anything. Questions I knew the answers to became completely inaccessible. I didn’t answer a single one correctly. The interviewer was genuinely kind about it. He offered to let me email the answers and then continue the video call afterwards to discuss. But I was so frustrated and disappointed in myself that I couldn’t bring myself to do it. I just sat there and let the opportunity go. Has anyone else experienced this level of panic in a technical interview? How did you get past it? I want to improve but right now I just feel completely defeated."
1t7ej4z,Numb hands anxiety?,When I Move my hands/arms and legs/feet I can barely/can’t feel them feels like they are detached from my body and especially my hands should I be worried or is it just anxiety I’m so scared I also feel like life isn’t real (also my left side feels slightly more numb than the right)
1t7eaiq,I am unable to control my hate towards my friends,"This is a bit weird to explain but I'll try my best. So, basically, I'm someone pretty introverted and closed off, but I like to have friends. I really love the ones I have. The problem is that often, without being able to control it, a friends disgusts me (non specific). Sometimes when I have a friend, I get a weird feeling all of a sudden that hurts me a lot. It's a feeling of needing to get away as soon as possible. It's not progressive and calm, but sudden and strong and impossible to repress. For instance, I might be having fun with someone and all of a sudden I feel it and it's like a VERY VERY strong disgust and hate towards the person. I feel like a prey animal who needs to run away as soon as possible from them... And that's what I do. It's not exactly like they are going to hurt me (I don't feel really threatened) but like I need to get away as soon as possible and i need to leave and me being near them is just wrong. I can't control it and there is no pattern. I don't think it's any kind of prejudice because it's happened with people of all kinds (irl friends, online friends, romantic association, no romantic association at all, latinos, different ethnicities, women, men, people I knew for years, people I talked to once...) Anyone. It's happened sooooo many times. It can happen with anyone at any time and it's been happening since I was 10? Maybe earlier? It's horrible and I'm afraid. I don't want to hurt people but seriously, it's horrible. Sometimes it lasts a week, two, three... Whatever, and sometimes it's forever. I cannot do anything about it. I cannot control it. It overtakes me and suddenly I hate someone who I liked the day earlier. I'm very scared it will happen with people who I currently like. Has this happened to someone else before? Is there anything I can do about it? I'll try to tell my therapist on Friday because that's when I see her but I'd like to see if anyone can relate."
1t7e7er,"Please dont let anxiety slip into depression, this is hell on earth","Iv had extreme anxiety for months.. Mainly physical felt it all day in my stomach, chest, neck constant tension iv tried so much things and meds Iv never had depression before im 41 mainly dealt with anxiety but this latest episode has put me into a spiral so deep I dont know how to escape Basically the anxiety has beat me down so much mentally that I slipped into a severe depression along with intense anxiety so I lost all hope to fight it. Everything hit me depersonalisation etc So now im working to fix the depression so I can get energy to tackle anxiety again Please dont let yourself get this far its the worst hell iv ever experienced"
1t7e77r,Why are providers so hell bent on give me antidepressants!!,"I swear every health care provider I go to tries to shove antidepressants on me!!! It’s like I’m not sitting right in front of them saying “I’m having anxiety attacks, this medication worked well is the past” and they look me dead in the face and say “ oh well have you tried Zoloft/prozac, etc.” and I understand that people have had positive outcomes with those and ones similar but they treat them like one shoe fit all, it’s so frustrating. Does anyone else have similar experiences?"
1t7e38l,Auveliry Opinion,Hi everyone!! My doctor gave me a sample of auveliry to try and help my anxiety. I get so anxious that I’m venting every single day and hurting my back from stress I don’t know how to relax. I have OCD which causes a lot of my anxiety. Antidepressants never worked for me I had the worst side effects ever but Hydroxyzine works amazingly as needed. However I need something for every day that won’t make me tired. She claimed she hasn’t seen any sexual side effects or dizziness on those she prescribed this to but who has had them and did it go away? I’m so scared to be back on the same side effects I do not want any sexual ones at all and it’s making me so anxious debating taking it or not I can’t even focus at work. Please help
1t7dyvp,How do I calm down and regain trust?,"So, I have started dating this guy a couple of weeks ago. We have known each other for almost five years, and been very dear and supportive friends ever since. Around the end of the last year we started developing deeper feelings towards each other, and here we are now. Here is the thing - for the last couple of years, every dear friend of mine has left me. They stopped reaching me, the friendship became one sided, and eventually we dropped contact. My most daring people, the ones I could tell all my secrets to, just dumped me with no explanation. I also had two relationships, and they ended in a likely way - the guy stops talking to me, and a couple of days later I get a text ""we need to talk"". That's why I have developed an awful fear of forming deep bonds because whenever this happens and I put my guard down the person LEAVES. Now, my boyfriend is usually not a very talkative person, he is more of a listener and I am the yapper. He has always been like that (I suspect he is autistic) and it has never bothered me before. But now I just can't calm down. Every time he hasn't texted me for a while (he has a busy schedule and rarely text at all) I start getting anxious. I constantly check on my phone and catch myself stalking him, rereading previous messages and analyzing them again and again, wondering if I ever did anything wrong and inappropriate. Sometimes my anxiety takes control and I catch myself behaving awkwardly, which worses the situation for me and I feel really shitty afterwards. I have been very chill around him before, but now that we're more I feel like panicking every time I get comfortable. He knows well about my experiences and has been very understanding about it. He has told me that he won't betray me, long before we started dating. But now I just cannot feel sure. Very unexpected things have happened in the past, and now I feel like god knows what is waiting around the corner to ruin everything. I don't want to lose him, he is my dearest person ever. Some days I feel relatively calm, but most of the time this anxiety is eating me from the inside, to the point where it physically hurts. I need advice - how do I calm myself down and regain my trust? Anxiety is getting in the way of me giving myself to my boyfriend, and I feel like this will get in the way of the relationship."
1t7ds2y,Swapping from Zoloft to Prozac,"I was on 25mg-50mg Zoloft for about 7 months but I felt like it wasn’t helping and just making me more numb to feelings, so my psych just prescribed me 10mg-20mg of Prozac, anything I should be aware of while changing?"
1t7dryv,Do I take 0.25mg or 0.5mg of Xanax on my trip next week?,I have a trip next week and got 3.5mg of Xanax to spread out over the trip in the evenings going out. I don’t want to be falling asleep but I don’t want to be anxious/panicked during this trip. I previously was falling asleep at 1mg and I don’t know what the right dose is to take and I don’t want to make a mistake because I have so little of it to “test” with.
1t7dqnx,Sertraline 2 weeks on 2 weeks off,"I have been on citalopram 10mg for 6 weeks for anxiety which seems to be worse around ovulation and my period, the sexual side effects hit me almost immediately and didn’t go away. I explained this to my doctor and said it was getting me down, she suggested stopping, washing out for 2 days and starting setraline on a pattern of 2 weeks on 2 weeks off. She seemed really positive and confident about the method. Any thoughts or experiences?"
1t7dmiz,Anyone NOT have side effects from SSRIs?,"Kind of want to try an SSRI because I want to be more outgoing and have less self-doubt, but the only thing holding me back is the sexual dysfunction and having to be careful around alcohol. I LOVE a drink with dinner or taking some shots and going out (I have a pretty high tolerance), and I don't want to lose that or black out really bad/not be able to drink anymore. Also, not being able to orgasm sounds like a nightmare -- and I fear not wanting to initiate sex would really affect my relationship. Long question short -- anyone NOT have these side effects or is it just a trade off for an anxiety free life? (I did consider an atypical anxiolytic like Buproprion since it has minimal sexual S/E but since it increases NE and DA it might make my anxiety worse)"
1t7dm0q,"My anxiety is escalating very quickly, and I don't know what to do.","Basically, this is what's happening: I have generalized anxiety disorder, which I've tried to treat with sertraline, therapy, and going to the gym, but nothing has managed to completely eliminate it only relieve it temporarily. The problem is that over the last few weeks I started developing hypochondria, to the point where I stopped seeing a future for my own life because I kept thinking I was going to die from some disease. Then, two days ago, I started having panic symptoms so intense that I didn’t even want to leave the house. Everything started two days ago when a number kept calling me three times in a row. Even though I never answered, it got stuck in my head. Then yesterday, while leaving work, I saw two random guys sitting on the street staring directly at me for a few seconds while I walked by, and now I can’t stop thinking that people are following me to rob me, kidnap me, or something like that. Even though the rational part of my mind tries to tell me that the chances of this happening are low, I can’t seem to solve this problem, and the anxiety keeps hitting me over and over again."
1t7djib,Lexapro and Vyvanse,"I am a 25F and I was diagnosed with GAD about a year ago. I have been trial-and-erroring various anti anxiety meds prescribed from my pysch. First was on Prozac and was so fatigued so she put me on SNRIs and other meds (idk what their class is) such as Cymbalta, Buspar, Wellbutrin, Gabapentin. None of those seemed to be working and finally I’m on 5mg Lexapro. She started me on a low dose because I have pretty bad insomnia and seem to get fatigued easily by SSRIs. I’ve been on it for about a month and haven’t noticed any significant changes in my anxiety. She will probably up my dose next visit. Anyways…I have been also dealing with binge eating most of my adult life. She said that the Lexapro might help with my BED but so far it hasn’t so she recommended that I go see my PCP for a Vyvanse prescription (I’m in NJ and telehealth psychs can’t prescribe Vyvanse?). I don’t have ADHD (that I know of) and I’m kind of scared that the Vyvanse will worsen my anxiety. I am wiling to try it though because the Binge eating is really affecting my body image. Is anyone else on this combo of Lexapro and Vyvanse and how do you feel? Have you also lost weight? The binge eating has made losing weight very hard (I’m 5’1 130lbs and my goal is 110-115). I don’t really think the Lexapro has worsened my binge eating or caused significant weight gain so far so I want to stick with it."
1t7d2tl,A cardiologist gave me an antidepressant,"Recently, I went to a cardiologist ok, but I have been with anxiety for 4 years since I was 14 and it is still going. This thing killed and wasted a lot of opportunities to me now. The doctor gave me this he say take this medicine and told me come after 2 months to check ok.after that I went to a pharmacy to get the vitamins and things the doctor wrote down,the problem is that I looked. at the pharmacist there, he was looking at me in a weird way like he is checking or disgusted idk and I am saying what is weird, then I go home and check turned out it is an anti depression .now it's been 3 days and I am hiding this from my family and I did not take it and I don't want to take it because I don't want something to miss with my brain chemistry. The doctor is a cardiologist and an internal medicine doctor. Now,what is the best thing to do now ? Thanks and sorry for my bad English"
1t7cnxw,What is this sensation?,"\*\*\* I THINK THIS NEEDS A TRIGGER WARNING BUT IDK\*\*\* Hello! This my first time posting to this sub in a while. I have a question about something I've been experiencing lately that idk what it is or why it happens. Maybe you all have some insight. In the mornings (not every morning) I wake up feeling physically ok, but it's like my mind isn't ok. I am angry, I am thinking lots of negative and dark thoughts, and I'm scared. I'm also very motivated to do things like clean or study and have a lot of energy. But the whole time, I'm saying awful things to myself. It'll go away if I do really hard exercise. This morning, it only stopped once I started pulling really hard on my hair and bit my hand. Idk what to call these episodes honestly. Is it just anxiety, are these panic attacks (but im not struggling to breathe so they cant be). What do I do?"
1t7c1wu,Has anyone ever had these short continued abdomen pains?,Has anyone experienced intense short bursts of abdominal pain that comes and goes in waves but fine in between? 2 and a half weeks ago I had these sharp stabbing and almost rolling feeling abdominal pains in mid to lower stomach that lasted only 2 seconds max af a time and then went but would come in waves like 4-8 times an hour. It didn't feel like an upset tummy or women's pains and wasn't severe to be appendix. Tummy soft and pain free to touch. Anyway lasted about 12 hours and went. Then yesterday two and a half weeks on same thing but only lasted 3 and a bit hours and went when I decided to try a hot water bottle. Absolutely pain free in between the pains and always pooping and farting normally. It's so weird. I have GP end of month and spoke to an GP via video who said do a fit test and physical exam but as pain free now and pooing fine not urgent.
1t7bzui,"After 30 years of suffering, I want to see a professional, need advices","Hi everyone, I’m 29M, a software engineer, I’m satisfied with my life and with what I’m building, but I’ve been struggling since I was a kid. I don’t really have panic attacks, and my anxiety is not paralyzing. It’s a diffuse anxiety. The story I am about to tel you can seem easy and not a big deal but trust me guys, It's a hard life that I leave. **My brain never really leaves me alone.** From the first seconds after waking up, it starts looking for problems. Even when everything is fine, my mind keeps digging until it finds something to worry about. After a happy event, I often feel like something bad must happen afterward. * If I sleep with someone and contraception was used (both pill and cdmn) , a few days later I may suddenly think: “What if she gets pregnant?” Then I get a spike of anxiety. * If I’m doing well financially as an entrepreneur, I may suddenly think: “What if a client sues me and I lose everything?” Another anxiety spike. * If I see a video about someone being falsely accused and sent to prison, I start thinking: “What if that happened to me?” then another shot of anxx Other examples from my daily life: * I can’t leave my apartment without spending 15 minutes checking whether I really locked the door. * I have put cameras facing my stove so I can check whether I turned the burners off. * If I take an exam, later that night I might suddenly think: “What if I forgot to write my name on the paper?” and then my mind jumps to catastrophic consequences like failing or having to repeat the year. The earliest example I can remember was when I was 4 years old. I threw a candy wrapper on the road and became terrified that the police would come and arrest me. I told my mother, and she went to check the road, but the wrapper had already been blown away by the wind. She told me she had picked it up to reassure me. Even then, I was still scared the police would come for me. Today, I know I need to see a professional. But there are many types of psychologists and therapists, and I’m not sure what kind of practitioner I should target for the best care."
1t7bfdj,"The anxiety of being perceived is killing me, do I start dressing more ""normal""?","Hope this is okay to ask about in this sub, as its regarding anxiety, specifically social anxiety. Some backstory to why i developed severe anxiety (Might be important for context): I’ve been bullied most of my preteen & teen years, middle school was rough. I feel like i’ve always been very kind, not particularly ugly or anything but i guess because of a lot of childhood trauma being emotionally abused and bullied by my mom, completely abandoned by my dad and struggling to settle as my mom would just meet new men with kids which would make my mom ""start over"" with them and make a ""new family"" several times, didnt really help that none of the new dads that entered my life never really showed any interest for me. Most the time i felt pretty ashamed of even being born knowing how much my mom hated my dad, also because she got pregnant very young i guess i always knew i ""ruined"" her life. Mostly felt like i didn’t belong anywhere, not at home or at school. Growing up my anxiety got worse and worse, at 16 i started drinking to cope with it, i developed severe depression and self hatred and i’ve always been very critical of myself, overthinking every move i make and sitting with a lot of shame, feeling like a disappointment. Started discovering my identity as ive always had ""weird"" interests and i started dressing more and more edgy, dyeing my hair and doing heavy eye makeup. Ofc i got judged for this and nobody in my family liked it but i guess that was the only way i felt kinda confident about myself. Then what completely spiraled my self worth was when i turned 19 and i met a guy i thought was the love of my life; he actually listened to me. Up until him i was never really interested in guys, i just thought i was incapable of falling in love. Long story short, travelled the world for this guy, quit my job, dropped out my last year of high school. Huge mistake. Turns out he cheated on me the whole time while treating me ""good"", lying to my face, talking shit behind my back the first 3 months i lived with him. Then he started verbally abusing me, everyday for two years. Turns out he’s the prime example of a covert narcissist, shattered my self worth inside out and now im heavily ruined with ptsd and agoraphobia, lowest self worth and confidence ever. I developed several autoimmune disorders and even went into psychosis. Developed an eating disorder and lost insane amount of weight in a short time. Feeling uglier than ever, more unloved than ever, more anxious than i’ve ever been. Suicidal, depressed, anxious everyday. 22 without high school diploma and only a part time job living at home, feeling my moms and grandparents disappointment everyday and how i’m ruining everything by existing lol. Making barely any money and i’m useless and they’re always complaining about how lazy i am and how i sleep all day. Truth is i dont even sleep, im just isolating from everyone by staying in my room because i get so exhausted of how anxious i am around them. Everything they say offends me, exhausts me, i feel like im always defending myself. Top on that im not ""normal"" enough for them. I live in a small town in a small country and everyone and i mean EVERYONE stares at me for wearing some eye makeup and lashes. I do my makeup very carefully and precicely, But its still too ""much"" and off for them. I’ve tried dressing normally, i wear jeans and shirts to work but its still always odd enough to where i get stared at so badly while people definitely talk about me because of my black & pink long hair. Its not even that bright. Ive loved the way i dress and do my makeup because truth is i feel really ugly without, especially because of how much my ex cheated. But everyone judges me so hard and my familys biggest wish is for me to go blonde again. Im so anxious these days i can barely leave the house unless i have to work, and for the first time ever ive seriously considered just going natural. With everything. Just slowly learning how to do makeup just, natural barely visible makeup i guess. Nothing heavy nothing stand out ish. I don’t want to, but i also want to be perceived as pretty by the people i am around i guess. Could this help my anxiety or make it worse? Does anyone have any tips at all? Other than moving away. Which i will when i have the money i guess, anxiety is kinda in the way of everything"
1t7axmg,Constant high end anxiety how do you cope ?,So for the past 3-4 weeks my anxiety has been out of control . For reference I take 30mg of mirtazapine every evening and propranolol 20mg 2-3 times a day and when I need to I can take 5mg of diazepam … but it’s gotten to the point that I feel like nothing is helping .. I go to bed and I almost feel calm and I fall asleep well .. but I wake up around 2-3 am and my anxiety is already turned up to 10 and I lay there for about 2 hours just feeling it get worse and worse . I then have to try and leave the house with really overwhelming physical symptoms like internal and external shakes .. emotional distress .. a feeling that my heart is just not right even though my Apple Watch tells me it’s actually ok ( I have a history of atrial tribulation ) .. I then get to work and I spend most of my day terrified I’m gonna die. I sweat and shake and endure that weird fizzing feeling in my chest which a large part accepts its anxiety .. but another part tells me it’s my heart and I’m gonna die . I work in a relatively physical job and drive for about an hour each day ….. the only time my body calms down is when I’m led on my bed from about 7pm to when I fall asleep … it’s becoming so overwhelming that I’m worried about my mental stability and the dark thoughts creeping in . How do you guys and girls deal with severe anxiety and does anyone else have similar symptoms? I feel like I’m losing the fight and I don’t know how to cope much longer
1t7ahdo,What helped me break my anxiety loop,"I had a period where I woke up every day with strong anxiety. Tight stomach, fast heartbeat, constant sense of dread. It felt automatic and completely out of my control. Like most people, I tried to get rid of it. I monitored it, analyzed it, fought it, searched for ways to calm it down. And it got worse. Every time I treated it as a problem that needed solving, it became more present, more loud, more urgent. The harder I pushed, the harder it pushed back. **The shift** At some point I stopped trying to remove it. Not as a strategy. Not as a technique to make it go away faster. I genuinely stopped caring whether it left or stayed. I told myself something simple: *""This is here. It feels unpleasant. And that's okay.""* That was it. No plan behind it. No hoping it would work. Just, it can be here. **What acceptance actually means** This is where most people get it wrong, and I got it wrong too at first. Real acceptance is not: * tolerating it so it will pass * sitting with it until you feel better * waiting it out * checking whether it's working If you're doing any of those, you're still fighting it. You've just changed the weapon. Real acceptance means this: *It can stay. I have no agenda for it.* Not ""I'll allow it for now."" Not ""I accept it, so hopefully it goes away."" Just, it can exist here, in the background, while I live my life. Whether it leaves today, tomorrow, or never — that's not the point anymore. The moment you make removal the goal, even quietly, even as a hope, you've restarted the loop. **When it comes back** It will come back. Sometimes strongly. When it does, there's nothing new to do. Just the same thing: *""Okay. It's here. I can live with this.""* Not to make it go away. Not to begin some process. Just an honest acknowledgment that it's present, and that it doesn't stop you from doing anything. Then you continue what you were doing. No restarting. No frustration that it returned. It returning doesn't mean you failed. It just means it came back, the same way a sound can come back, and you don't have to react to every sound. **What happens over time, and why this matters** Here's the part that's hard to explain without sounding like a trick. Over time, many people find that the anxiety loses intensity. It visits less. It stops feeling like an emergency. But, and this is the entire point, that cannot be why you do this. The moment you accept anxiety *in order to* reduce it, you are not accepting it. You are negotiating with it. You are still treating it as a problem that needs to be managed, just with a softer approach. It only works when you mean it completely. When you genuinely reach the place of: *I don't care if this stays forever, I'm living my life regardless,* that's when something shifts. Not because you tricked your nervous system. But because you actually stopped feeding the loop. The reduction, if it comes, is a side effect of something real. It is not the goal. It is never the goal. **The core of it** Anxiety gets its power from your response to it. When you fight it, you confirm it's a threat. When you monitor it, you confirm it's worth watching. When you try to calm it, you confirm it needs calming. When you truly stop, not to get relief, but because you've accepted it can stay, you stop confirming any of that. What happens after that is not in your hands. And that's exactly the point. One last sentence ""Even if it comes back, I do not use this to get rid of it, I use it to remind myself that I can live with it"". This is not meant to remove it but to accept it, byproduct just happens to be removal, but it will only happen if you don't expect that result but you truly accept that you can live with it even if it stays. Hope this helps a lot of people."
1t7ah0z,Can a conditioned fear/ physical symptom be unlearned,"So it started with a stressful event then I vomited, from then on I would gagged at anything especially when worried. I think the main thing here is being more worried about gagging than it happening. The cycle repeats making it more difficult to move on. It’s been seven months and I barely gagged even when stressed but I want to completely removed it. I have never done therapy nor taken any medications. It’s mostly the memories that I’m kinda stuck with. Does anyone know what kind of therapy/therapist that is right for me?"
1t79t3t,The never-ending inner battle,"I thought maybe I should finally share my story too. It all started around 2 years ago after a party. One day I suddenly developed intense headaches, dizziness and vertigo. I got terrified. I was convinced something was wrong with my brain. And from there, everything slowly escalated. The headaches lasted around 8 months. During that time I went through endless investigations: \- neurology consults \- brain MRI \- spine MRI \- blood work \- many doctor visits Somewhere during that period I also ended up seeing a psychiatrist and started treatment for a few months. Things calmed down a bit. I almost felt like myself again. But what I didn’t realize was that I had developed severe health anxiety. That became obvious after a major digestive episode around a year ago. That’s when the second snowball started rolling. Severe abdominal pain. Nausea. Then slowly everything turned into physical symptoms everywhere: \- head pressure \- abdominal pain \- body tension \- leg pain \- muscle twitching \- sleepless nights \- night sweats \- waking up suddenly over and over again \- going to the bathroom 6-7 times a day And then came the investigations again: Blood tests. Urine tests. Gastroenterology consults. Cardiology. Thyroid checks. Blood vessel ultrasounds. Eye doctor. ENT. Eventually I ended up having a colonoscopy after my fecal calprotectin came back around 200. The colonoscopy was essentially fine. Nothing major. Mostly everything was normal except high cholesterol. For a while I calmed down again. But anxiety moved to another target: urinary symptoms. After going to urology and doing the tests recommended by the doctor, I decided on my own to repeat my fecal occult blood test and fecal calprotectin. Big mistake maybe. Surprise: Calprotectin came back at 600. I completely broke mentally. It felt like my worst nightmare had finally become reality. Today I went back to gastroenterology. The doctor sent me for: MR enterography upper endoscopy And honestly… my hope is close to zero right now. At this point I don’t even think the preparation for the MRI with laxatives bothers me anymore after already surviving colonoscopy prep. I don’t even care that I’ll probably be sedated again for the endoscopy. What destroys me is the waiting. The feeling that maybe this is finally it. That after 2 years of fear, I will finally hear the answer I was always terrified of. Is this the end? Will I finally find out now? Thank you if you read all of this. And I genuinely wish all of you strength in fighting your fears, your anxiety and your inner battles."
1t79pzc,Feel so off,Feel OFF My anxiety/panic is due to anemia/peri. However it's beyond frustrating. I can have a normal day and then have a day like I am having today. I feel like I'm a bit confused or overstimulated. I can't explain it but I feel weird and it almost scares me to try to continue my daily task. I feel so strange that I don't want to be bothered with anyone or anything I almost feel like I've been drugged..
1t79izn,Existential panic attacks are ruining me,"I hate the idea that at any moment in any sort of way I can die and cease to exist. I don’t want to cease to exist. I HATE that concept. If we all cease to exist then to me everything and every life is pointless and meaningless. People even agree that it’s all meaningless and are perfectly content with it but not me. Everything feels so grand and vast and precious to me. I don’t understand how all of this we’re experiencing is “meaningless.” It makes all the stress and anguish I feel not matter at all. That it doesn’t matter if I live or die anytime. I feel worthless. I can’t stand it. I don’t necessarily believe in a biblical heaven but I was raised to believe it. I’m kinda agnostic now but I try to believe out of fear. I find it weird that people who have people they love in life are completely fine with not seeing them in death. I want to see the people and pets I love again. That’s another thing- I HATE the concept that I’ll never see them again. I’m in a relationship but sometimes I wonder why be in one at all if I can’t love who I love forever. Yeah “this is precious because it’s limited” or some shit but I don’t want to not ever see him again. When we say we’ll love each other forever I just think to myself “well no we actually might not.” And I hear “you won’t know you’re dead so it doesn’t matter”, too and I very frequently panic over that concept. I think about this just about every day. I can’t explain it and idk if it makes sense but that just deeply upsets me. “It will be like before you were born the way you don’t remember what that was like” except by the time I die I will be a fully developed person with self awareness and not an underdeveloped little thing spawning into existing. Every single damn time you talk about this sort of thing you always see that response as if it’ll give you comfort and for most people it somehow does but not me. I’m not trying to debate anything or whatever I’m just kinda tired of feeling this way. I’ve felt like this for years but it’s got worse recently and I can’t talk about this to hardly anyone irl without them shoving “Heaven IS real” down my throat with a “just trust me bro” mindset. It’s making me get fixated and freaked out over my body and organs and health. If I feel a weird sensation in my head I’ll be worried I’m gonna have an aneurysm or something. Sometimes I feel TOO aware of myself and my breathing and heartbeat and it freaks me out that I depend on them to be here. I can’t fall asleep without trying to imagine what it’s like to slip away to see if it’s that bad. When I wake up I ask myself if I even remember falling asleep to see if I could remember what the feeling is like to compare it to being dead but being dead is forever. For someone whose struggled with depression and has wanted to die, I don’t wanna die at all I just want the bad feelings to go away."
1t7942z,Anxiety alternatives,So I have bad anxiety here is my issue Have tried all sorts of Meds anxiety/depression meds I am looking to cut down on alcohol +clonazepam use. I know it’s a horrible combination but only thing that helps… I have tried many things. Prozac Paxil Wellbutrin Lexapro List goes on Any natural alternatives. That have helped others. I have tried drinking Kava for relaxation.. doesn’t seem to help. I have tried propanol for anxiety helps a bit but not much.. Would really like something I could sip at night to relax that isn’t wine :)
1t78enj,Adrenaline Vs. Anxiety Over a Future Event...help meeee,"Question first, details to follow: I have an event in four weeks that I know will give me an insane anxiety attack as it's a really exciting concert/show in a new environment. My body has no ability to discern between adrenaline/excitement and anxiety, so when I get worked up about something that should be fun and exciting, I end up spiraling into an attack. Anyone have any tips on how to go into an event like this without losing my mind or ruining the night for myself? Info : I have had anxiety my entire life, mostly presenting itself as physical symptoms (heart racing, shortness of breath, tight chest and muscles, stomach issues). Problem is, when my adrenaline spikes, it feels the same so it often triggers an anxiety attack even if I am not inherently anxious to begin with. I feel the physical symptoms and the alarms go off in my head, and now I am spiraling and trying to manage the anxiety. New environments don't help, especially when it's a loud, dark, crowded venue. This evening is really important to me, and I don't want to spend the next four weeks losing my mind over it, nor do I want to spend more time the night of managing my anxiety than actually enjoying myself. Open to any tips or advice on how to manage this, both before and during. How can I cut the association between a positive adrenaline rush and an anxiety attack? How can I manage my anxiety symptoms so I don't feel like I'm dying when I should be having a fun night? **To be clear I am not looking for quick fixes...I know that isn't how this works.** I've been in therapy a long time and have my own set of tools, but am looking to see if helpful strangers have anything that I haven't tried or insight I haven't considered."
1t78ds5,IST and now anxiety,"I’ll try to keep this short and sweet. Background: Ive never been impacted by anxiety before (I know this is what everyone says at some point until it happens). Over the past 6 months, many personal things all seemingly hit at once. Was dealing with a job loss (still unemployed), sudden loss of my fathers wife (this is now his second wife he’s lost suddenly, first my mom and then now my step mother), he was in a deep depressjon and could barely function, shortly thereafter he broke his hip and needed his kids’ help almost daily (we are nearly two hours away with kids), i was then hacked both personally and financially, my kid broke their first bone, and more. I started getting a racing heart every night before bed to the point i called 911 twice. Heart looked fine. Saw a cardiologist and they diagnosed me with IST (inappropriate sinus tachycardia). Put me on 25mg of metropolol tartrate. For several months it’s worked magnificently. Was back at the gym, able to sleep soundly, etc. Now: A week ago, out of nowhere i started getting daily super fast racing heart rate. And now its happening with minimal activity (taking a walk outside, walking into a dunkin donuts, I couldnt even walk into to my kids’ school for her art show without my heart shooting up to 160bpm’s before i even got to the entrance.) I’m now at a point where I dread going anywhere for fear of my heart rate skyrocketing and me having to sit down 10 seconds later and go back home. Joined this group to ask if anyone has ever been “clean” of anxiety their whole life and then out of nowhere, it just debilitates you. And what you’ve done to help, etc. I have a follow up with my cardio next week and I am not asking for medical advice! I’ve always been a super social and active person and this is completely foreign to me. As a father, I’m so discouraged at the thought of not being able to take my kids anywhere. Appreciate you all! P.S. I failed at keeping this short and sweet lol"
1t783no,"Caff, decaff, nor matcha likes me","I absolutely love an iced latte or matcha in the summer and a hot mocha in winter but lately since my panic attacks and anxiety evolved like a flippin pokemon, i cant drink it at all. Im drinking coke but its just not the same. If i try a latte, it will send me into spiral by evening and ill end up in a full blown struggling to breathe panic. Anyone else with this problem?"
1t774qb,I started taking Sertraline 50mg 4 weeks ago,Last night I had the worst anxiety attack of my life. I really felt like I could not cope with it. Idk what to do i didn't sleep more than a few hours and I almost threw up multiple times. Should I go to the doctor? Im still not over it this moring and feel so sick and mentally exhausted. Going through waves of anxiety. But is this possibly a medication side affect and will mellow out? What should I do in the meantime because I don't think i can bare the anxiety.
1t773nr,My social anxiety makes me think people stare at me because of my body or the way I look.,"I’ve struggled with social anxiety for a while, and one thing I constantly deal with is feeling like people are looking at me whenever I’m out in public. I go to the gym a lot and I’ve built a pretty muscular physique over the years, but instead of feeling confident from it, it almost makes me more self-conscious. I worry that people are staring at me, thinking I’m trying to show off, or judging me in some way, even when I’m literally just existing and wearing normal clothes. The weird thing is I don’t actually *want* attention. I’m pretty introverted and would rather blend in than stand out. But my brain automatically assumes people notice me and are thinking negatively about me, especially in busy places or at work. I know logically most people are probably focused on themselves, but social anxiety makes it hard to believe that in the moment. Does anyone else experience this kind of hyper-awareness about how they look or come across to other people?"
1t76qat,Why do I fear men when the situation isn't even like that ?,"idk what's happening with me lately but i've started fearing men in a way i didn't before like earlier i used to be pretty chill, even argue if needed, but now even small disagreements make me overthink a lot. i keep thinking what if their ego gets hurt and they start abusing me or call me names like ""the R word"" (yk how casually some people say this) or even worse, what if they give r\*pe threats or something, ik that's my overthinking but some men do get so pissed over small things nothing like that has actually happened to me directly, but the possibility itself scares me a lot. today i had a small argument with mess staff. i wasn't even being disrespectful, i just told him to call the person responsible so i could talk to them because clearly it's not him so there's no point in fighting him yk. but he kept arguing again and again so i just ignored him and left. in the moment i actually felt kind of proud of myself for not backing down and people around me were acting like i won gold or something like they were bosting me up so much like woww you're so cool you ragebaited him. but later this fear kicked in again like ""what if his ego got hurt and he does something to me like idk why is this fear so prominent?"" the weird part is i know the environment around me is safe. nothing actually happened. but still that fear is there and it's strong. maybe it's just the feeling of being a girl and knowing how things \*can\* go sometimes."
1t76e3q,"Anyone else get so much anxiety about the idea of picking up new hobbies, changing things about yourself or just in general doing anything 'unusual for you'?","This has been a thing that has been with me for as far back as I can remember, but only recently have I been able to actually realize it and put it into words. So now I'm curious if it's actually something more common or if I'm the weirdo lol. The feeling is kinda hard to describe, but the best summary would be getting anxiety about starting doing something/changing up things about you that go against the 'normal' image people have about you. And not only for the fear of getting negative comments necessarily - more about getting *any* comments and stuff in general, and generally drawing attention to yourself. As an example, growing up I've always been your stereotypical shy, nerdy (very much a bookworm) and *very* unathletic kid. Also I never had an inclination for any form of art, be it visual, music, dance or whatever. But in recent years I've been trying to explore more of those activities that I (and everyone that knows me) would never consider myself doing. Liek few years ago I got a guitar out of boredom to try and start learning it in my spare time. Again, this goes *completely* against of who I am in the eyes of everyone that has known me for any extended time. So for some weeks I got legit physical anxiety at the idea of anyone finding out and making comments and stuff - even if all of those that I ever got were purely positive but *very* surprised in a lot of cases. Same idea goes about me wanting to pick up running for liek half a year at this point but putting it off constantly, because I didn't want to break the idea of who I am that people around me am. In that sense, everyone that knows me probably considers me a complete couch potato and/or fat slob lol. Hopefully you get the idea at least a bit from those examples lol .I know it is extremely self-sabotaging but I just absolutely can't help it for the life of me. Anyways, does anyone relate to what I'm describing?"
1t7636g,Feeling of deep fear when having hot shower or when wiping face with cold towel,So I get this weird feeling sometimes when I’m taking a hot shower or when I wipe my face in the morning with a very cold towel. I’m gonna try my best to describe it. It’s like a very deep sense of fear or impending doom that’s really uncomfortably and makes life seems worthless for a very short while. It’s a really uncomfortable feeling as if there’s a bad or traumatic memory connected to it but I don’t have anything like that that I can think of. I have been having this since I was really young and it has become less common over time. But it still happens now and then. Almost always in the morning. I discussed it with others and they don’t recognize it. I just wanna know if I’m alone in this and what guesses people have as to what’s causing it.
1t7622u,I fear running out of enjoyment,"I’ve realised that recently, I’ve picked up this fear of running out of good entertainment and things I enjoy to do. There’s this great fear that I will be left utterly bored with nothing to move me after I do all the things I want to do. Anyone else ever felt like this?"
1t761ad,Anyone else get intense anxiety DURING sleep?,"For context- I have dealt with varying levels of anxiety, ranging between moderately uncomfortable to debilitating for the last 10 or so years. Through therapy, exercise, meds, advice and general experience however, I’ve managed to keep what I’ll call my conscious or waking state fairly calm - with little to no worrying thoughts. I haven’t had a panic attack in over 6 months which I never thought I’d say. HOWEVER… When I fall asleep, I’m starting to think my sleeping / unconscious mind reverts to some kind of hyper anxious state. I’m not really talking about nightmares, although if I do recall a dream I’m usually in a state of panic. I wake up so anxious, and have to talk my self from the edge of panic, whether it’s in the middle of the night or in the morning, feels mg and tasting those familiar stress chemicals, with face head neck and shoulder pain from stress. What am I supposed to do? I can’t exactly talk myself through it because I’m asleep. Any similar experiences?"
1t759hn,Did Beta Blockers Help with Sex / Libido?,"I’m curious from those who have been on Beta Blockers, did it help with sex and/or libido at all? I suffer from extreme performance anxiety so Viagra and stuff don’t help. I am wondering if I added beta blockers to calm my nerves if it would help calm me down and not worry about things, allowing me to focus better."
1t74za9,I’m subconsciously treating household chores as a burden and it’s causing me to lash out at my spouse,"When I was a kid I was raised to expect to take care of certain things around the house and anticipate when to do things without being asked. Chores were a necessity for my parents happy with me and I hated it, but it must’ve ingrained this militant work ethic in me because since being married it’s been affecting the way I interact with my spouse on certain things. I adopted stresses because there are things around the house I’m constantly thinking of: when I can get to do the dishes, how much clothes is left in the laundry before we have to run a load, if this is the week the carpet should be vacuumed, etc. My spouse does not have these thought processes, he is much more lax about doing these on a routine and there’s some things we talked about me doing because he doesn’t like to, which ultimately isn’t a problem when that is isolated. However for years I’ve had this issue where I get upset and lash out when things aren’t done or I put the same expectation in my spouse as I do on myself when it comes to things. Just this morning, one of our dogs vomited and he came to me when I was in the kitchen and he asked me what we’re going to do about it. I was busy preparing lunch for work for the both of us, so I told him that we should probably take the carpet cleaner over it at some point, and then I kept preparing the food. He asked if he should do it or if I should and when, and that triggered something in me where I turned around and tiredly asked him to do it. This caused a huge fight because he explained that just saying that “we should do it” isnt a plan and I didn’t state whether he or I should do it, and he was wanting direction if I needed any help. It came out that I treat him as an enemy a lot of the times and it’s not right to expect someone to anticipate needs like that and take initiative when there’s no clear direction on things and I don’t ask for help in anything. I get that this is a huge problem with me, because it’s gotten to the point where I treat chores and housework as a burden and sometimes it’s a tool of leverage. We’ve talked before about drawing lines between who does what in the house, but that doesn’t seem to help because I would still fe the same way. How do I stop antagonizing my spouse when it comes to these things when it’s subconscious and consistent?"
1t743oa,should i get a diagnosis? ive been suspecting ive had anxiety for a long time,"tw: for health anxiety incase anyone doesn’t want to read about jt hello! i am an 18M who suspects he has anxiety, or rather has had it for a long time, but unsure if its still a requirement for me to get help or get myself diagnosed to be prescribed meds to calm me down. to be more specific, i suspect i have health anxiety? everytime im on break after a full school year, im usually left alone with my thoughts. since i have no assignments to dwell on, my mind tends to focus more on whats happening to my body. it happens after every school year and i hate it. everytime i think about a life-threatning health issue such as a heart attack, ruptured aneurysm, aortic dissertion, cancer, etc, i immediately get sent to a spiral. a few hours ago i felt this sharp stabbing pain the left side of my chest and immediately started sweating and felt light headed. and even though the people on reddit say its a bad idea to search up symptoms, i did anyway and tried to see if i had a heart attack going on. i got worse and worse thinking i had ift. the pain got worse and was almost about to cry in the middle kf the mall thinking it was my time. i eventually just had to rlly force myself to forget about it since i was in the middle of a hangout. now that the hangouts done though, im focusing AGAIN on the idea im having a heart attack. i have sharp random pain and the left side of my chest feels like its burning. one thing is telling me its heartburn since i had a heavy meal with my friends awhile ago. the other part of me is panicking though and is genuinely about to break down because of this. this happens almost atleast every day of the week and i want to get myself checked so bad, but my dad thinks im overreacting and that it’ll just be a waste of time. i really want to confirm if somethings wrong with me but i cant. my mom however said she’s available to take me to a clinic to have an EKG two days later. however though, im also scared of finding out if theres actually somethign wrong with me. no, i dont know the medical history of my family and thta what makes it worse. i would usually not be as desperate to post something like this on reddit over the past years but its gotten much worse for me now that im older. i want to stop thinking im going to die of something instant and random everyday. im always on edge ans my friends keep worrying about me since they always see me checking my chest and i dont rlly want them to know about jt yet. any advice on how to open up to my parents and how i’ll be able to ask my doctor for any advice would be appreciated. clarifications on my problems will be answered. thank you in advance. :("
1t73oc5,I think my relationship triggered the worst anxiety spiral of my life,"My relationship is falling apart and my anxiety has become physically unbearable. I’ve been shaking for over 24 hours, constant heavy chest, lump in throat, nausea, and I can’t stop obsessing over the situation. I even developed an stress-related allergic/swelling reaction and ended up at the doctor. Nothing is calming me down, not even meds, and I also have exams I can’t focus on at all. I genuinely feel trapped in panic and my body feels like it’s shutting down. PS: I have GAD but this is bad bad How do people survive anxiety this intense? Please guide me considering I gotta stay productive. Thank you."
1t73l7x,Somehow Worse on Meds,"Hi ;w; I've used Seratline (equivalent) for a couple months before switching to Prozac (equivalent) about 4 months ago. Seratline made me more closed off and slightly enhanced my anger issues but didn't do much else. Prozac didn't have any emotional effects alone, it just gave me motion sickness. About three months ago the doctor prescribed Anafranil to take alongside Prozac and I've been taking the two of them ever since. However, since I've started taking them I became more jittery, I sometimes find my hands shaking and my heart is always racing. I feel always on the verge of an attack— not full-blown but constantly on edge. When I first noticed it, I thought it was because I was taking too much coffee at the time— which could've affected partially because I did do that since it helps with migraines and I had too much homework to hand in— but these effects continued even long after I have up coffee and they still persist. It got worse with time, I starting waking up with severe heart palpitations. Even worse because I get tired much more quickly now and end up dozing off or sleeping on my desk but I need to hold a grip over myself to calm down for over half an hour just because of a 10 min nap I took on during break time. I have ADHD and autism but I've also started to struggle even harder at focusing. It seems that my mind is always clouded and my executive dysfunction is a hundred times worse now. I can't seem to get a single task done even when it's urgent. I've been experiencing the effects lesser for the past 2-3 days because of my period (and I forgot to take them today) and I feel much better! I can get stuff done and for the first time in forever I managed to be attentive by solving tests in classes. I don't feel stressed. I don't want to go back to the way it was when I was feeling the side-effects of my meds but I'm taking them both on very low doses (Prozac 20mg, Anafranil 10mg) so I can't go any lower. I have so many stuff to do including studying for entrance exams with a bonus of anxiety constantly making me feel on the verge of a heart attack, I need advice. Edit: I didn't touch upon it in text as much but my biggest problem is that they make me feel tired. When I wake up, I'm having heart palpitations but I also end up falling asleep in most important stuff that I never did beforehand— such as exams. Thank you for your time to read through."
1t73fnr,Why does my anxiety go up in certain places?,"Hey everyone! I struggle with pretty severe OCD and anxiety surrounding natural disasters, especially earthquakes. Recently, I was at a concert and noticed my anxiety about earthquakes getting significantly worse while waiting in the venue before any music even started. I’ve noticed this happen multiple times at concerts or venues. I’m wondering if there’s some kind of psychological phenomenon or explanation for this? I’ve never experienced any earthquakes before, I am from the PNW so I am worried about “The Big One”. Also, if anyone experiences something similar, do you have any tips for managing it in the moment? I’d really appreciate hearing from others who relate. TL;DR- My anxiety went up during concerts but goes down immediately after exiting the venue. Why?"
1t72z7k,Anxiety Tics,I have had a couple nervous tics in my life one i have had my whole life where i kind of blink rapidly. Which gets worse in stress or if I’m drinking. The other its hards to describe i do this thing with my jaw where i kind of suck in my throat. It’s so hard to explain but i find it quite embarrassing. The throat one has come and gone through out my life but i have not had it in a while maybe a few years. I used to come back if someone mentioned it or i thought about it but not had it in a while. My dad is bad for pointing out my eye one which once triggered my jaw one back but apart from that not had it in years. However i had a recently stressful day at work which can happen often but this one was really stressful. If someone is making a mug of me thats kind of what stresses me the most. But for the first time in years its come back really heavily through stress and its not gone away yet. All other times its came back its lasted less than a day or its been mentioned but this is the first time through stress and its lasted days. I just want to get rid of it but its not that easy obviously Just wondered if anyone had similar where one came back after years without it
1t72x1p,Going through extreme health anxiety as some with ANXIETY,"Hi, 24 female here. I always had anxiety issues by childhood traumas and recently I figured out when I stop thinking about if I’m about to have an anxiety attack or not , and try to distract myself it goes away. But since last 2 years, I just keep finding symptoms on my body for huge diseases. Like random brown freckles to melanoma, breathing issues to lung disorder , back pain to kidney issues and I got most of these checked and I’m perfectly fine. Most recently , I had exams and slept barely 3-4 hours on Monday and Wednesday last week. Then it became a bit harder to sleep enough for the next week. The day before, I ate something simple (rice and tuna + veggies) then a huge bowl of yogurt icecream with a lots of chocolate then went to sleep hungry. Next day morning I had racing heartbreak that I can visibly see at my collarbones, the pulsing . And in my class I felt like I’m having an anxiety attack and my heart to abt to stop . I thought I had an attack. I was taken to ER, did ecg and blood test that came out fine. They suggested to neurobiologist but I said no cuz I didn’t want to spend extra money that I already did. But then next week at same class I start thinking about what happened last time and I started having the anxiety attack again, that I can’t breath. But this time I forced myself to take deep breath, a walk outside class and distract myself then it went away quick. Then the next day I kinda felt my jaw so weak and I can’t even chew. Another anxiety attack over that only to realize it’s almost the peak of my jaw Botox. And everytime I fell sick, one I’m at the hospital door in fine, I think now they can fix me. This health anxiety is getting into me so much that I can’t even live my life normally… now I’m seeing hypothetical lump of my throat and thinking I’ve some tumor. I’m so scared that I’m crying every night that something is going to happen to me. And I live very far away from my family."
1t72lgy,Feeling really uneasy and want to run away from everything,I feel stuck and hurt. Idk what to do. I can't even recognize myself anymore. Sometimes I feel confident and hopefull and a lot of times I just wanna end everything
1t72do9,conflicting moods,"i've been so out of it lately, rarely being present and stuck in a daydream world. my actions have been more reckless, and all of these components have been great and horrible for my anxiety. it's 2am currently. earlier i woke up thinking it was wednesday, i spent the whole night scrolling away until 6. i'd totally forgot that i agreed to meet up with someone. i've been experiencing headaches for the past 2 weeks it seems, i don't know when they started exactly. i'll feel the ache inbetween random hours of the day, i'm not sure if that's worrying or not. but i don't have the energy to figure out the cause. i'm assuming it ties with my intake of caffeine, my body seems to get more sensitive by the day. i guess i'm writing this to feel more centered, ground myself and prevent my mind from a cycle of worry. earlier i started panicking bad, for a few minutes. i had totally convinced myself something was deeply wrong, and i'd needed to visit the doctors soon in order to prevent it. but my mind went somewhere else, and suddenly the feeling was gone. my heart rate is definetly on the higher end, as if i took a small jog. i guess since i've been distracted all day, moving non-stop i haven't been able to feel connected with my body. i drank 3 caffeinated drinks, i guess i'm more aware of it settling in."
1t72dmt,Sleeping problems?,"What do you do when you keep waking up with racing thoughts? Falling asleep isn’t the problem, it’s the staying asleep part. Then the “ope only two more hours, better sleep soon…” game. How do you guys handle that part? This isn’t for me, it’s for my boyfriend. He even takes trazadone and still always wakes up."
1t72crj,Gabapentin alternatives long term ?,I’ve been taking gabapentin for my anxiety and it works wonders I love it for nights out or just in general problem is it has some nasty sides when taken everyday or ever so often long term so I was wondering if antibody knows anything similar to it that can be taken long term and a good amount of times throughout the week without major sides thanks 🙏
1t727mg,ER visit after vaping + caffeine on an empty stomach. Mouth literally felt “stuck shut.” Has anyone experienced this?,"Hey everyone, 21M here. Just looking to see if anyone has gone through this because I'm still pretty shaken up and looking for some peace of mind. Basically, I had a perfect storm today. I got almost no sleep last night, ran on an empty stomach pretty much all day, and drank a sugary Starbucks coffee. Later on, I hit my friend's vape. Almost immediately after my friend left and I was alone, I got hit with the scariest feeling. It wasn't just typical anxiety—it literally felt like my lips were pursed and my mouth was stuck shut. I couldn't catch my breath at all, my breathing got super shallow, and I started fully panicking. It got so bad I went straight to the ER. The doctors checked everything and literally found nothing wrong. My oxygen levels were perfect. They gave me a breathing treatment, a steroid, and I asked for some hydroxyzine to bring my nervous system back down. I'm home now. I finally managed to eat some eggs, and I've officially decided to quit caffeine after this. But I still have this lingering shallow breath feeling, probably from the vape irritation and the muscle tension from the panic attack. Has anyone else ever had a severe panic attack where your mouth/lips physically felt locked up or pursed? How long did that shallow, tight chest feeling take to go away for you? Any advice on how to ride out the rest of this night would be appreciated."
1t71s0p,Feel like I misled doctor,"Went to GP last week for shortness of breath (I think it’s psychological). They heard a heart murmur I already knew about and referred me for an echocardiogram. I already had one 2.5 years ago, and my heart was healthy. I also had an ECG yesterday and my heart rate was quite high. They asked if it was usually high, and I said yeah, cos that’s the only time I really pay attention to it. They then referred me to cardiology again (even though I’d already been referred for echo). Then when I got home I realised my resting heart rate isn’t high. So they think I have shortness of breath and a high resting heart rate, when I actually don’t have a high resting heart rate and my shortness of breath is likely psychological. So I feel kinda guilty about unintentionally misleading them"
1t71mxx,anxiety,i’m honestly not sure if i have anxiety i haven’t went to see someone yet. I always feel worried about what’s going on in my life right now. constantly thinking about how i’m going to get myself out of situations. it’s to the point now where it’s a daily thing of me constantly worrying about everything for most of the day. it’s hard for me to sleep as it is because of worrying. Is this a symptom of anxiety? maybe depression? I’m not sure it’s feels like it
1t71c3t,I think I have anxiety but I'm not sure,"For these couple of months I've been really avoidant of people and social interaction besides talking to my friends. I have some days where I start overthinking about past experiences and my future. But there are days where I barely have those thoughts. I am scared of being judged or made fun of. And everytime someone tries to tell me that people actually don't care, my brain think I'm being gaslighted and I never believed that stuff and still don't. I'm 15 and I wanna know if this is a phase or if I should seek professional help."
1t70r59,In The ER.,I couldnt handle it on my own. Despite the meds that have worked over a year. Despite the 2mgs of Ativan I took. Im in the hospital again because I feel like im crazy. I feel like i belong in a mental asylum.
1t70omo,Anxiety has forced me into autopilot for majority of my life,"I recently turned 20. I also have (recently diagnosed) CPTSD and (even more recent) OCD. I don’t remember a time in my life after age 12 wherein I haven’t been perpetually anxious. I’m always consumed by either guilt, fear, nausea, or anger. My heart has never not felt heavy for longer than 3 mins. I’m unmedicated, absolutely nowhere I can go that will have the medications my psychiatrist prescribed… I can’t afford the ones that are available. I just let my impulses steer the wheel or avoid anything ever. I’ve been so isolated, passively reckless, and terrified. I do well on the surface, I have extremely good grades, graduated valedictorian, and my family generally thinks I act nicely/proper. I have no friends. I had a circle, but was too scared to really put down my boundaries more than the three times I have with them, and lost them all when I finally stood up for myself. It was too late. I felt too scared to stand up to them and isolated myself. It’s my fault. Now I can’t put myself out there. I feel like I’ve wasted my life. I’m exhausted."
1t70lst,Can’t sleep,"Hello everyone it is currently 3:17 am for me and having some really bad anxiety. I’m super tense and each time I fall to sleep my body panics itself awake and my mind begins racing. I’m really scared, I feel like I’m broken."
1t70hes,IM GOING TO THE CINEMA !,"Hey! I’m going to the cinema alone today. I’m a big film person, find movies and everything around them super interesting, I’ve even started collecting DVDs and love watching films. This morning, I thought about going to the cinema alone. I’ve often wrestled with the thought, but always ended up not doing it because I thought people would laugh at me or something might happen to me. I then shortlisted a few movies and actually decided on one. Originally, I wanted to watch a different film, but I would have been all alone in this giant cinema hall, and that was just one level too high for me, haha. So, in two hours, I’m watching Project Hail Mary with four other people. (Maybe a little spoiler here, idk?) I did have to google whether the movie has a happy ending or not to calm my nerves, but when I started looking for excuses not to go again, I just did it and booked a ticket and now I’m somehow... excited? I still have these totally silly fears like: what if I can’t get the doors open?! What if someone hurts you?! What if I fall?! but I’m imagining how I might even do this regularly now. I’ve been to that cinema many times and it’s really cozy, huge, and just great to be there and enjoy the atmosphere. And now I’m actually going there to see a movie, ALONE. I don’t know, even though I’m still sitting at home at my PC, I’m already proud of myself. I did something I didn’t dare to do before, and although it’s probably a small step for others, as a diagnosed anxiety patient with social phobia, it’s such a big step for me. Holy moly. I just want to share this with the world right now. Im proud of little old me."
1t70cv7,Anyone else have their problems show up in their dreams?,"I do not dream often but when I do, it’s not a nightmare but it generally incorporates stuff I am anxious or stressed over. It could be work, assignments, people, health stuff, anything that has particular bothered me recently can be involved in my dreams in an unpleasant way. It’s generally not “scary” but it is not good either, it’s weird and uncomfortable if that makes sense. I have had my ears start ringing recently and I had a dream where my ears were ringing. I have recently been watching a lot of fantasy magic stories and in the dream, my solution to fix my ears was to die and be resurrected by magic or to have my ears cut off and then regenerated. Like it was not scary or anything but weird, I combined what is stressing me and causing anxiety with random things and get weird amalgamation dreams. Anyone else have this?"
1t7071o,Anxiety or stress?,"Anyone else get the following things? Daily nausea (lasts hours) Dpdr (can last hours its scary) Dizziness (lasts hours) Lower abdomen pain uppon waking up (right under belly button) Clenching teeth (it happens the moment i wake up) Been having these for months now. I have seen a doctor before for the dizziness and did tests but found nothing. I have also had a ct scan for my abdomen and again found nothing. The daily nausea makes me think that i'll throw up but i never really do, it just makes me panic. I have emetophobia. I feel the nausea in my throat which is weird, and if anything enters my throat it makes me nauseous. Because of the nausea i have lost 8 pounds in a few months that i now have a 16.4 bmi. I try my best to eat as much as i can but can only take about maybe 1,500 calories tops. I try to ignore my symptoms but the symptoms are too much. If anyone else is dealing through this i would love to hear your story!"
1t700pk,Has anyone been in a similar situation before?,"So the other day I had my final exam at university. Basically, we had to demonstrate some procedures and then we’d officially be done with college. The problem is, my anxiety completely took over and I ended up saying a bunch of stupid things. It’s not like I knew nothing — I actually did know the material, just obviously not well enough, because another girl passed and I didn’t. Does anyone have a similar story? Please comfort me a little."
1t6zroj,THC helping nightmares & vivid dreams?,"I have pretty severe anxiety, and one of the worst parts of it is that I get extremely vivid nightmares almost every night. Even when they aren’t full nightmares, my dreams are still really intense and distressing. It feels like my anxiety during the day makes the dreams worse, and then the dreams make my anxiety worse when I wake up, so it’s kind of an endless cycle. I’m currently tapering off sertraline because it hasn’t helped much for me, and I’ll be starting Prozac soon. I’m mentioning this because I’m also wondering whether THC/edibles could help with both the nightmares and maybe the anxiety overall. I’ve heard a lot of people say weed reduces dreaming or makes dreams less vivid. The only time I tried it, I took way too much for a first time (50 mg edible), but I remember not dreaming at all that night. I’m wondering if very small doses (like 2.5 mg or less) occasionally could help with vivid dreams/nightmares. Has anyone here had experience with this, especially if anxiety was the main cause of the dreams? Did it help, make things worse, or stop working over time?"
1t6zkq8,3.30am anxiety attack,"Hi ive been on 200mg lamotrigine split for 8 weeks, 100mg sertraline for 17weeks. Im still feeling anxious and had an anxiety attack 3.30am , is this normal"
1t6yodq,I’m going to fail my exam today,"I have my final exam for uni today and I‘m going to flop. It’s a few hours before the exam and I haven’t finished my cheat sheet, I don’t remember the content, I can’t recognise what the questions are asking, I can’t remember any formulas and I’m so scared right now. I know I wasted time (which is my own fault I know) but I can’t handle waiting for the exam knowing I’m going to fail. I keep writing everything down for the cheat sheet and it’s probably all going to be a waste and I’m running out of space because I’m info dumping, so I’m going to run out of space for the important topics. I feel sick and I don’t want to do this."
1t6y8ep,Does anyone else get anxious about their birthday?!,"I understand it all comes from a good place, but I get so overwhelmed and anxious by all the attention that I get. All the questions asking what do you wanna do how can we celebrate? I really don’t like all eyes on me and sometimes I just wish I could skip the day. And PLEASE don’t sing to me lol"
1t6y3qt,Where does your anxiety live?,"Is there a part of your body it hits most/worse when it gets bad? For me, its in my gut. It feels like twisting and knots and wrenching. And then the symptoms from that cause muscle tension, headaches, etc. But I feel like it lives and originates in my stomach."
1t6y1o5,Unhappy,"I’m unhappy to deep inside myself it makes my chest hurt. I still smile and show up for everyone else but I feel so unfulfilled and drained. I have religion, education, boyfriend and a family. I try everyday to focus on these good things but when I’m alone with myself my heart hurts and I don’t feel safe. I am physically safe, it’s just the feeling. I need to fix it or this will eat me alive."
1t6xy5v,32 F. Been consuming cannabis regularly since I was 26. Increased usage 29-31. Quit 14 days ago.,"I never really smoked everyday, but 2-3 times a week. Listening to Huberman Lab,s episode on cannabis and its effects on the brain, hormones and lungs made me wanna quit. He said 2 x or more is considered chronic usage. My dad was an alcoholic and I feel like I have a. Predisposition to addiction. I’d been thinking of quitting for a really long time but I’d always come back and never stay consistent enough. I feel like it’s started to affect my life. Make me more anxious and overthink everything. Increase my heart rate alarmingly and small tasks started to become hard. Please help me stay motivated. At 14 days, I’m going through terrible insomnia and vivid dreams. I want it to get better. Anyone been on a similar journey? Would love to know what you did to quit."
1t6xqbh,Has anyone else experienced this change in sleep?,"&#x200B; Earlier I used to sleep extremely deeply. People literally had to shake me to wake me up. Even loud noises would not wake me. But now something strange keeps happening. If a person sleeping next to me simply gets up from the bed, I wake up instantly. What surprises me is that sometimes they are not even making any noticeable sound. My eyes are closed, I am asleep, yet somehow my brain immediately senses that they got up. This has happened many times and it genuinely confuses me. Is the brain really able to detect such tiny movements or vibrations during sleep? Or does this happen when sleep becomes lighter because of stress or anxiety? Would love to know if others experience this too."
1t6xjbx,"Does anyone else feel anxiety is more than just ""uncomfortable""?","Everyone always says, ""you'll be okay, it is just an uncomfortable feeling that will pass"" and I can just never get on board with that. It is among one of the worst feelings I have ever experienced. I would say worse than depression, for me at least. On par with grief. It is truly, truly, beyond awful. I guess maybe there's no more apt way of putting it? But uncomfortable just feels so downplaying..maybe that's just me?"
1t6x3z8,Weird head rush/wave,Hello. Today I experienced something odd and idk how to describe it but I’ll do my best. I was sitting down at my desk watching something on my phone and suddenly I felt this pressure in my head or like a buzz and it lasted a few seconds but felt like forever. I felt like I was dizzy maybe or like my brain was turning. It happened again a few minutes ago. Does anyone else have this?
1t6x1eb,Improbable scenarios giving me anxiety,"I’d like to preface that I’m premenopausal and I’m currently experiencing high stress at my job. I’ve been stable and medicated for the last 3 years. I’m starting to lose that stability with improbable situations I’m making up in my head. One of them is my house collapsing. I think of it all the time now. It first started as a weird thought and now it’s playing on loop in my head. I think of it in the shower, I will fall through the floor, even while I’m in bed, the floor will collapse under me and I will tumble to my death. I don’t know if this is more than anxiety. I have been so stable these last few yrs that I no longer do talk therapy. Am I alone on this one?"
1t6wz03,Living in fear of hot weather folk,"Every single person in my family, as well as almost every single person whom I know is into hot weather. However this is not just preference, it is personal. This is even worse since I am from San Francisco, USA, a city full of hot weather lovers and snow haters, and I have to be here until I flee the country next year to Europe. What is it that triggers people so much? I never ask others about their weather preference. Nor do I provoke others about saying, 'Hey, what a great sunny day right? Much better than the snowstorms in Europe!'. But that is what others do to me here. I have been in full-blown arguments with family even, being shouted at for being a SOB, which family likes to call me, for being an arsehole because I refuse to like hot weather. Why do people do this ? I have to shut myself in and the only person I can talk to is my girlfriend, who is from Wisconsin and hates hot weather all the time and hates the people here in San Francisco as much as I do."
1t6wsem,Does anyone else experience sudden and strange visual disturbances?,"I'm at work (feeling happy and regulated) and I was looking at my computer screen and then my vision suddenly and briefly went weird and I saw a blue flash, and before I could consciously process any of this a massive rush of adrenaline was released, and then I fully panicked thinking I was about to seizure or pass out (so irrational I know). I tried to regulate myself by going for a walk outside, listening to calming music, distracting myself etc. but really all I want to do is go home (but I know this isn't the answer). It feels like my body and mind is on edge, waiting for the next ""incident"" to happen. Has anyone else experienced similar?"
1t6wmeo,Stomach aches before bed?,"I never met another person with anxiety that also gets random stomach aches before bed, honestly a little weird and always make me thing “it’s too damn late for this to be happening I just want to sleep” and obviously I take my own temperature because I am also a hypochondriac (so fun!) and I’m at my average temp which Is a little elevated at around 98.8-99.0, I’ve always ran warm don’t worry. I know the whole brain gut reaction thing, such a pain lol so obviously it’s connected to me being tired which causes my anxiety to act up which then gives me a stomach ache so clear answer right there but that little voice in my head is always telling me to worry lol. It used to be SOOOOO much worse before I was medicated, sometimes I cant believe I only got medicated at the end of the quarantine phase of covid, I was SUCH a mess I’m talking 3 panic attacks a day and would refuse to leave me room type of mess, Prozac is a LIFE SAVER!!! Funnily enough once I started taking it I found out everyone in my family took it at least once in their life, almost like a famil tree wide medication"
1t6vb93,Extreme loneliness,"Anyone else struggle to make or keep friends? I've been struggling for years to make friends or even keep them and I'm really feeling it now. I just got out of a relationship too and honestly she was my only friend so now I just feel so isolated and it makes me feel so alone. I have pretty bad anxiety and agoraphobia too so going out with people is extremely stressful as well. The people I work with too are older folks woth family and kids (I'm 26) so I'm not close to them outside of work. Man I'm just venting at this point but I just feel so stuck and hopeless. When I talk to people too it's so hard, it feels like I have to constantly think for a reply and it makes the conversations feel so forced or awkward. Anyone else feel this way too?"
1t6v0vy,Y’all ever just feel “off”?,"You can’t pinpoint why, but something feels “off”. You don’t feel at home in your body, it’s like something is lurking under the surface but it doesn’t have a name or a face. You scan your body for every possible reason why but nothing really stands out- just a general feeling of uneasiness. You wait for something to make itself known but it hides somewhere deep within you. Anyone else?"
1t6udql,I have realized I am self-absorbed and I need help,"Hello! I (18 F) am wrapping up my freshman year of university. I have recently discovered I had been extremely self-absorbed and consistently unmindful of other people which is straining my relationships with my friends, roommates, etc. It's finals week and last night I had brought a friend up at 1 am without thinking, told the group chat that my friend was coming up really quick for a snack and ended up watching youtube on my laptop with the volume low. My roommate texted the group chat saying that she had a exam tomorrow and I didn't initially see the text until my other roommate (I have 3 other roommates; 2 in the other room) I am close with told me to old me to check my messages and told me face to face she was frustrated with me, like she had been before. I try to be receptive of boundaries and love when people communicate with me directly rather than them not saying anything and have resentment build up towards me. I realize that rooming with people means having these normal set expectations, that this is their space as much as it is theirs. But I seem to not follow these base level expectations, not because I don't care, I do. I genuinely care for my roomates boundaries and comfort. The argument from my roommate and also close friend is that it seems like I don't learn from these experiences and that I am still not mindful of others. I try to explain that i really value direct communication and patience. She says there's something that I don't seem to understand, which is the base level, ""common sense"" expectations of things. She was trying to explain to me that this isn't the first time that I've done something like that, and it's becoming extremely frustrating to people I care about. I have been told by her and my other close friends I need to ""grow up"" that i'm ""in my own world"" or that ""I shouldn't need to tell you all of these common sense things."" ""I shouldn't need to parent you."" Someone even told me that it is due to my privilege growing up coddled as well as me being white, though I am Half Mexican. I take in account what people say and try to be more mindful, but it becomes a pattern where events keep happening without me realizing it. I don't think I am very mindful of things and when I do things, I usually don't think about the consequences or consider everything until im balls deep in it, and even then, I forget. TW: A little background: I have had extreme anxiety throughout my whole life and have chronic OCD which manifested in trichotillomania (hair pulling) growing up. I feel like I always had these core people in my life who I've grown up, my parents (my dad who's a hypnotherapist), my older sister who shared a room with growing up (who was immediately diagnosed with adhd when she moved out for school), my beautiful mother who has her own problems (which- by the way- has been ""accused"" of being a spaz growing up and didn't believe that adhd was a thing adults had), and my core friends in high school who I call my soulmates. During high school, my main priority was school and extracurriculars. But maybe people around me might have excused behavior that I thought was normal, or that was ""just my personality?"" I feel like I've always done crazy and impulsive things and made the excuse of ""I wasn't thinking."" I've gotten in a lot of trouble before in school because of my recklessness, impulsiveness, and big mouth, but my academic success often saved my ass. I struggled a lot with this freshman year, but I have noticed I have the tendency to deny accountability and responsibility. I acknowledge what people are telling me but I say ""I have a lot going on"" and continue to forget to be mindful so things like this keep happening. I understand that this is all a part of me growing up, but why does it seem like I'm the only one not getting it, or having this take such an immense toll on me to the point of forgetting school work and huge obligations and responsibilities? Maybe I just show it more, I don't know. I ruminate on small things and tend to always think about what I could be doing better. I try to reflect and take things at face value and live presently, without thinking about the future or past, but it's so hard. And though I am aware of how my anxiety is seeping into my life, I also notice that I tend to over explain myself, obviously, and in that process it sounds like I am denying responsibility and not really listening to what I could do better. I would consider myself extremely self-aware of my emotions, and (somewhat) aware of my privilege and all the nuances, but then that cause myself more anxiety because I can't stop thinking. I feel like I am trying to find an answer I'll never find. I'm in therapy, and actively trying to better myself, and even when I was stressed and doing all of these things to take care of myself (my dad made it a very clear point of self care) I always avoid ""adult"" things, and I lean on my closest friends for help, sometimes to the point of crossing boundaries, ultimately causing me more stress and anxiety. I feel like I've done all the steps to help myself, and I feel like this is my last resort lol. How do I fix this? How do I explain to people that I'm trying to get better? How can I stop making excuses under the guise of ""its just me""? What do I need to work on?"
1t6ucb3,Question about anxiety,"Sorry for the vague Title, not really sure what would’ve worked. Does anyone experience Social AND separation anxiety at the same time? For me I have bad Social anxiety where when I’m out in social settings, it’s uncomfortable because I don’t know what to say and I don’t want to do the wrong things so I usually find someone I know and just follow them around like a lost puppy. I also experience separation anxiety (not sure if I’m using this term correctly) where I get very anxious from being alone and not around people. It sucks because it’s hard to put myself out there, but if I don’t it really sucks."
1t6u7ul,I was put on Abilify and I'm scared,"My psychiatrist put me on Abilify and I'm so anxious about it. No one in my family is for it. my brother said it would make me into a different sedated person and obviously I don't want that. I also read that I'll gain weight which I really don't want. He prescribed it to me for anxiety, depression, and hallucinations. I'm pretty sure the hallucinations are anxiety based but they don't really bother me anymore and I've had them my whole life. I'm also agoraphobic so it could also be for that? Idk, I've never been on or even considered antipsychotic medication before. I don't have another appointment until next month but I'm too anxious to ask anything. I said I didn't have any questions when in reality I had a lot because my mind went blank. Does anyone have any experience or advice to give me? Everything online is terrifying and my family isn't really settling my fears."
1t6t8r1,Help with fatigue,"I’ve been extremely fatigued lately. I had to take a nap after lunch and before dinner today, and I spent the rest of the day in a total slog. I felt like I was on autopilot and everything was heavy and almost surreal. The last week, I’ve had to have a midday nap just to make it to bedtime and have felt so off and sluggish. I’m not really sure what’s causing it or how to fix it, but my anxiety is making me assume the worst. I had a clean EKG in late March, a clean thyroid ultrasound/bloodwork, and clean allergy bloodwork. I take magnesium before bed and irregularly take b complex and d vitamins. Does anyone have any advice? I’m freaked out that something is seriously wrong but am not sure where to start or if I’m overthinking it. How can I help myself out of this fog?"
1t6ssti,Help :(,"I potentially made a big mistake at work and won’t know for three weeks whether it actually becomes an issue or not. I am beyond anxious, crying off and on. How can I get through these next three weeks without being a total mess the whole time?"
1t6sqlv,I love my coffee so much but I think I need to admit it’s contributing to my anxiety. Anyone else?,"It’s one of my favorite rituals, I love love preparing it, love the taste, enjoy feeling more awake, but I think I need to admit it contributes to my anxiety and mental spiraling. I hate the taste of decaf but I think I need to adapt. Anyone else feel similar?"
1t6spgl,Is this still anxiety? I'm anxious but it's more like a bad nervous system.,"Hi, I'm too old to be asking this question, first off. Something I've found of late is that I do not feel anxious anymore. There's nothing going on *inside of my body* that says ""this is anxiety"" it's like I just know that it is anxiety, because I've been through plenty of panic attacks and whatnot, done the CBT and worked really hard over the last two decades to get better-- and I have. What I'm left with is this uncontrollable nervous reaction type of anxiety. What I mean by that is that I twitch or grip my partner's hand, wince, grimace, that kind of thing, beyond my control. I don't think I have Tourette's because I'm pretty sure that's just not how Tourette's works at all. I don't have schizophrenia either and it's been almost 15 years since I tried any antipsychotic that could even give me a similar reaction to fear. I've done anxiety meds, I used to take Xanax and it was amazingly helpful because I really, really needed it. Obviously, I miss being super comfortable, but I know I don't need it because my symptoms aren't keeping me from, like, using the bathroom when people are home anymore lmao. I have taken klonopin which is fine and I'm allergic to histamine anxiety medications. But I don't *want* to take more medications, and I don't feel like I could get anything out of seeing yet another therapist and starting over with CBT because I already do all of that stuff. I also struggle with mutism and I'm sick of therapists just talking over me, for me, and/or treating me like I'm their therapist. I'm conscious of how to treat stuff, how to use CBT and I do, but like I said, it's not the same anxiety I used to have, it's just beyond my control at this point. I'm exhausted, I can't sleep right, I take sleeping medications for my nightmare disorder and it doesn't help, I wake up with this nervous shock and get stuck in a fear loop. I'm genuinely not even sure what the hell is going on. I'm considering hypnotherapy or something. Does anyone have any clue what is going on."
1t6so2u,My 23 Y/O son attempted suicide a month ago,I just got him into a great facility and he \*wanted\* to go… he knows he needs help for depression/anxiety and suicidal ideation. He’s getting help and all that is good. But I just returned home from dropping him off … not many people know and I just don’t feel like going out and being sociable which is unlike me. I feel like the tears are just underneath the surface and I can’t stop thinking about how close we were to losing him. I know I should just be thankful he’s alive - and I am! I’m just so emotional and my tears are unpredictable. 💔
1t6sl89,Waking up at 3AM Every Night,"Hello all, I was wondering if I could get some advice for waking up at night with anxiety. I’ve had a lot of anxiety around my job recently and it’s started effecting my sleep. Sometimes I don’t even have any racing thoughts but just a strong anxious feeling in my stomach. I used to never wake up at night and now for the past month or so I consistently wake up at 3am or so and then every hour until I have to get up for work even on my days off. I’ve started taking Prozac and am seeing a therapist and she has suggested listening to meditation videos before bed every night and while it helps a bit, it hasn’t exactly solved the issue and I’ve just found myself getting more and more tired throughout the day. I don’t drink any caffeine to make sure my anxiety isn’t affected so I know it’s not that and I also take 200-400 mg of l-theanine in the morning to help me throughout the day. Does anyone have any tips to help me start getting back to sleeping throughout the night? I feel like it would help me a lot. Thanks!"
1t6sc7v,Fear/panic while drifting off to sleep + jerks during daytime naps?,"For the past few days, whenever I take a daytime nap, I experience this intense fear while I’m drifting off to sleep. It’s like I’m aware that I’m falling asleep, but instead of relaxing, I suddenly feel scared or panicked. If I hear a sound, someone talking, or even small noises during that half-asleep state, the fear suddenly spikes really badly and it takes a while for me to calm myself down. Sometimes I even have to mentally “talk myself out of it” during the nap. I also experience sudden body jerks/twitches while falling asleep, almost like being startled awake right when I’m drifting off. The combination of the jerks + fear makes the whole experience really uncomfortable. This mainly happens during daytime naps and not as much at night. Has anyone experienced something similar? Is this hypnic jerks, sleep anxiety, hypnagogic anxiety, or something else?"
1t6sbwb,"Social anxiety makes me come across stupid, is there a way to lessen this?","So I work a very social job, and I have pretty severe social anxiety. I'm focusing so hard on not sounding or acting like an absolute idiot that I stress myself out so much that I stutter really badly, drop and trip over things, say weird incomprehensible things and mess up very very basic tasks. The other week, I was told to staple something, but my brain went into overdrive (as always) and started obsessing about stapling the paper correctly. Whenever people ask things of me, I start to stress out about doing it the right way. Either i'll obsess over making it look perfect, or overcomplicate it and ask a million questions. I was so focused on making the fucking staples look nice that I stapled the paper on the wrong side, and I was corrected. Well, of course, I started mentally panicking about doing it wrong and proceeded to do it wrong again. It gets REALLY bad when i'm talking to others. Again, i'll focus on saying the right thing obsessively to the point I say actual gibberish. Direct quote from today: ""I'm going to go clock in- I mean out- not in I don't- yeah."" Talking to people has become such a mental chore that I don't enjoy even simple conversations. I want others to like me, and I want to enjoy talking to others but the cycle of 'Okay I can't fuck this up' to 'Oh god i'm fucking it up' to 'I'm saying nonsense I need to correct this' to 'Last time I tried to talk to people I messed up. I'm going to mess up again' is sucking the joy out of every possible interaction."
1t6saky,Fear of going on long flight and traveling without my young kids,"My husband and I are flying to Hawaii for his cousins wedding next weekend and we are leaving our two young boys with my parents. We live on the east coast so the time change and long flights (with layovers) would be too much for them. I am extremely anxious, I just need to land on the island and I know I will feel better but the lead up to the trip is crippling me with anxiety, mainly due to fear of my husband and I not coming home to our boys. I know flying is safe but this is a brand new type of anxiety since becoming a parent! Have any other parents traveled this far without their kids with their partner and what helped?!"
1t6s0nf,Going to the dentist tomorrow,"i’ve booked my first dentist appointment after yeaarrs, im more than sure i have some cavities and i can see a small build up of tartar on some teeth. i’m so scared, im scared im gonna feel pain or that something might go wrong, can someone who has had experience please reassure me? i dont know what to do. for instance im a teen and ive had issues with my health so my teeth aren’t in the best state, will i get judged?"
1t6s0a8,Does anyone split their dose of trazodone to combat fatigue?,"Initially I was on 50 mg trazodone and it was amazing for my sleep and for my anxiety. However, after a month I became a zombie and couldn't function on 50 mg. I then went down to 25 mg for a week as my doctor recommended. I'm still able to sleep with 25 mg, but I barely feel the anti-anxiety effects (if at all). I then tried to take 37.5 mg and found this to help my anxiety. However, I've been on this doze for about 5 days, and I feel like for the past few days I'm treading into almost zombie territory...I would like to take 25 mg tonight, and then take 12.5 mg when I wake up. Has anyone ever tried something like this? And, did it help counteract the extreme fatigue the next day?"
1t6rub5,am I doing something wrong when I cross the street?,hey I have a bad anxiety disorder that I am working on getting treated. I'm posting this question in this subreddit because I want to be treated with understanding that I am an anxious person. I've lived in a small town my whole life and just recently moved to a large city. when I cross the street I always wait for the sign to turn to the walking man and then I cross. I keep getting honked at and Idk what I'm doing wrong?
1t6r9ty,anxious before trips?,"Do you guys ever get rlly anxious before vacations ? Because I always worry something bad will happen to me, every single time then panic it’s a gut feeling ??? does anyone else experience this"
1t6r920,Any medications that have strong effects against physical anxiety?,"I’ve became a bit more conscious about how severe my anxiety has gotten and it’s really impacted my ability to function in public. I can’t walk normal, or stand without shaking or buckling. It’s horrible, and I’m seeing a doctor tomorrow to give another shot at finding a medication that would help me. So far, I’ve taken Zoloft and then switched to Prozac. I only take 10mg for my OCD. I also take magnesium supplements on the daily and it helps a little. My shaking has only worsened in the past 2 months and I’m looking for a medication to help ease it."
1t6r660,Encourage me to start Zoloft,Scared to start. Scared of side effects. What could happen. Etc. but my quality of life is suffering so bad. Really considering 25mg then go to 50. Therapist and Psychiatrist recommended.
1t6q60k,Zoloft,Does anyone know if the supplement Quercetin is okay to take with Zoloft? And is serotonin syndrome really rare ? I’m scare to use like zofran with Zoloft
1t6peg4,Severe Travel Anxiety just before Trip,"Hello everyone! I am very new here but I'm looking for maybe some advice? I am going on a trip with a friend of mine in 3 days. We're going to Japan for 10 days. Since this past Monday my anxiety has been at an all time high. I began taking my lorazepam again to try and curtail the feelings but once it's worn off the loops just keep coming back. I've already voiced to my friend how I'm feeling and he said he would understand but would be bummed if I didn't go as we've been planning this trip for a long time. My main issues now are: ""What if I have a panic attack while I'm there?"" and the other is tied into my contamination OCD. Any thoughts or helpful advice for trying to overcome this? Thanks!"
1t6pdjw,Had my last Therapy appointment today,"Haven’t been on this sub lately but wanted to come back to share a milestone I’m pretty proud of. I have been doing better for a while now and after nearly three years my therapist and I decided it was time to take a break. I still get anxiety and I don’t want to give the false pretense that I believe I am “cured” of a normal human sensation but I have done so much work to understand myself better, develop healthy coping strategies and outlets for stress. I haven’t had a panic attack in a long time and I am genuinely enjoying life more. Closing out this last appointment felt like closing the door on an unpleasant but necessary chapter of my life. I have learned so much and just feel really good about how far I’ve come. Just wanted to share to maybe inspire some others who are still in the thick of it. Change is possible friends."
1t6pblf,Panic attack caused a spiral I can’t bounce back from,Prior knowledge to know is that I’ve been diagnosed with anxiety since high school and I feel Iike I’ve had a handle on my anxiety for a long time and it’s been at least 10 years since starting A week ago I had a really bad panic attack where I could not function and went to the ER. I was discharged as everything was physically fine but I’ve just had this anxiety and shakiness in my chest ever since that won’t go away. My arms and body ache so much like I’ve been hit by a bus. The first 3 days after were horrible. I could barely rest without feeling so anxious and almost being scared to relax. I only got sleep if I slept on my stomach. I’ve been on 40mg Prozac for at least 5 years ago and an as needed dose of clonazepam which only started to help after the first few days. On Monday I got my dose raised to 60mg but I still feel that anxiety inside of me. I’ve had to medically take off of work because i barely feel like I can function or concentrate. If I don’t take my clonazepam morning and night I can’t stop myself from crying and being so anxious but when I do I feel so tired and out of it. I hate that I feel like I’m losing myself and I’m scared that I can’t bounce back to my usual self. Now a week later I just saw a psychiatrist who told me it will take a while for even the upped dose of Prozac to show in my body. Im still feeling so shaky and anxiety unless I take the clonazepam but I also don’t want to be reliant on it. I’m just desperate to get back to my normal self and all I want is to go back to work and be ok but it’s so hard to feel that way when every day feels like a struggle to not break down. Just looking for any advice or if someone’s been in the same situation or anything so I can see things will get better.
1t6p6p0,Does anyone else prefer sitting at the very back of the bus because it feels safer knowing nobody’s sitting behind you? 😭,"Like my brain gets weirdly uncomfortable not knowing who’s behind me, what they’re doing, what they might have with them, etc. Meanwhile at the back I can see almost everyone and my brain instantly relaxes like: “Okay. Full map awareness achieved.” 💀"
1t6ozgi,Sharp pain,"Hello, im honestly just getting anxious rn at the thought of this pain i get almost everyday, i get this electric shock pain in my head for like 2 seconds on different spots and goes away almost immediately and it just worries me so much, i also get that sometimes w my heart. worries me so much i feel like i cant sleep bc i get so anxious i wont wake up or smth. i take concerta so i cant help but keep thinking i might just be leading to a stroke. i know im most probably fine i just need to know if im alone on this, and if i should be more worried? please lmk if youve experienced smth similar"
1t6ofee,Lump in throat,"Hey guys, 3 weeks ago I got this lump in throat feeling after eating just some pasta and since then it feels stuck. I was already at the doctor who said there is nothing strange and also no signs of reflux. I have anxiety but not all the time I have problems with that but due to the long time now of this strange feeling my health anxiety seems to get stronger with symptoms of dizziness and derealisation. Any tips what to do against that? I know obviously the more I think about it the worse it gets but still it’s always there. Don’t know if that is from my stomach or nerve system."
1t6obmk,Im confused if this is anxiety (also trigger warning: small mention of death),Whenever death or what happens after it is mentioned I get VERY panicked and scared (to the point where I have to grab someone's arm/hand or call out their name for comfort) for about 30 seconds and then it just goes away death is the only trigger for this and I'm very worried about what is happening and it's kinda ruining my life. So is this some type of anxiety? (Even typing that small paragraph Abt it make me freak out a little 😭)
1t6o0ek,Can anxiety cause you to feel woozy in your head all day and night for months on end,I’ve been struggling for month with this weird head fuzzy feeling like being stoned without smoking! I’ve paid for Brain mri came back clear done blood works all fine had my eyes tested all fine but I just can’t shake it off. I wake up and feel the same and throughout the entire day.
1t6nz56,What is next ?,"30years old male here **(**been trying to fix my stupid mind since 11years ago**)** Tried all SSRI and SNRI meds the old and the new ones. Tried NRDI and TCA and beta blockers. Tried Gaba pregabalin and gabantin. Also THC and CBD. Currently on 375 pregabalin and 100 zoloft and 50 lamictal and 20 propranolol. My labs are normal. Anxiety on the roof, max anhedonia. I feel like im already dead. Any experiences here i would like to hear."
1t6nueq,mental clutter,"so recently more than before, i’ve been having the WORST stress over everything to the point that i’m putting things off and not answering anyone. texting and typing feels like such a hassle, forming plans feels like i’m signing my life away, everything in my life is a mess and i have so many things i need to do that should’ve been done a while ago. it could be because im overloading myself with so many tasks. i feel like i need to see everything in writing form. i got a notebook to write out what i need to do but theres just so much. i feel like i lost most of the ability to have a conversation. idk. i’m on lithium and seroquel. the seroquel is giving me nightmare i think and making me sleep so much. i definitely need to talk to my psychiatrist but i wont be able to for a week. idk if im posting this in the right place but i just needed to tell someone, anyone. if anyone has experienced this and has overcome it, please let me know."
1t6nqkm,Avoiding tasks,"After 2 years on Zoloft, I stopped taking it in January. I was taking the absolute lowest dose so there was no titration down. I was fine for about six weeks but gradually my symptoms began to return. II've restarted my medication And also realized that I probably need a higher dose. I'm still in the loading phase, about to finish my third full week back on the medication. I feel like my anxiety manifests more like ADHD. I start procrastinating on small things and let them basically get to the point where they're not manageable anymore. So missing one little thing makes me want to avoid a larger task. Then that task blows up because I'm not on top of my shit. I also get random chest pain. Is this how it is for other people? Ffs, last week I had to lock myself in my bedroom for three hours to send two emails about a volunteer position that I've been screwing up. I'm just upset with myself. I feel like it's a cop out to blame anxiety but I literally have to talk myself through basic activities. And I KNOW the procrastinating makes the problem!!! It's so infuriating."
1t6nin9,First dose,"Taking my first dose of 10mg propranolol after I get done eating. Kinda nervous, but I’ve heard really good things about it helping with peoples anxiety especially the physical symptoms. Some success stories with it would be nice to read🥹😅"
1t6n9gz,Filled my prescription but afraid to take it.,Yesterday I filled my first prescription of buspar (and any mental health med in general) and I'm afraid to take it. I actually chose buspar with my doctor specifically because it's a lot milder and has less side effects than SSRIs even though I have OCD and not GAD. Idk. I'm just afraid of side effects so much.
1t6n5dv,I need help or advice please thank you,I am a 20m i suffer from anxiety ocd autism and adhd I'm always worried but this is something different i had a tiny panic attack then I went to bed at 1 20 i woke up at 11 and I didn't feel real like i was in a dream I couldn't remember I still don't the day before and my mum said i asked for something yesterday but I thought it was a week ago and I don't feel right idk if it's brain damage or something idk I'm panicking
1t6n4yx,I just used Relay UK to call NHS 111 because I have anxiety is it really okay for me to call services like using this if I have anxiety?,"Relay UK app is a free service designed by BT for deaf, hard-of-hearing, or speech-impaired individuals to make phone calls via smartphone, tablet, or computer, connecting them to a live assistant who types or speaks the conversation in real time. I've been struggling to contact the doctors for things because it's so phone based and I get really anxious over the phone. I'm planning on using it to book doctors appointments and do doctors phone appointments but is this really okay like could I get in trouble for it or in trouble with the doctors because they know I'm not deaf and I can speak just fine. I just really struggle to communicate sometimes and get super anxious."
1t6mzgj,Taking new medications and swallowing pills...,"I took a fluconazole tablet 150 mg. So scared of having insane reactions to it like heart palpitations, throwing up, breaking out in hives because I'm secretly allergic, DEATH. but I still took it, and I swallowed it too 😎"
1t6mfmc,Suddenly tingling hands,"HI! So I'm 25f, I've had anxiety my entire life but for a good few years I didn't feel that anxious because it was overshadowed by depression. My anxiety came back in full force last year around September. What's confusing and somewhat frightening me is that now I have a new symptom: hands that tingle randomly. I never had this before. There's no trigger for when it happens: as I'm writing this, I am calmly sitting in a chair with hands that have been tingling for about 5 minutes. They don't hurt and aren't numb Is it possible for anxiety to develop this symptom suddenly, or do you think it's something else? I am praying it's just anxiety ..."
1t6kdxi,Is this mental illness or normal embarrassment response of head tremors?,"24M Alright, So I have un-diagnosed Head tremor issues (Some doctors say it's Dystonic Tremor some say Functional Tremor some say It's Somatic symptoms). # A little bit about my tremor. \-So I have very minor body jerks they get bad with I am anxious or center of attention. \-When I sit straight my head is prone to shaking with pressure/pain on back of neck but does not shake when i am calm (even when im calm I move my head slowly to right and left and head shakes so badly in no-no pattern). This gets really bad in social situations or anxious. \-Lips trembling and pressure when smiling (very bad in social or nervous situations). # Issues: First let me tell you I am a confident man. But As told my tremor is not always there but there is always a tendency of tremor in my head (just depends on situation or head position). \- To people that I think have better personality then me (Like good looking, talented, live in better city e.g). I am more prone to shaking meeting those people Since I think what if they notice my tremors and they will think I am anxious or idk something so this makes me more prone to tremors and guess what it happens since I think they are okay neurologically and I have this issue in brain so I am lesser then them when it comes to health part but either way i am confident about my own looks and personality/height etc. \- Also if some how someone noticed my head tremors (Now I know that they know I have this embarrassing issue). I fear meeting/contacting that person again or if i go meet them my heart beat goes really fast and my head tremor comes really bad. \- Also talking to a girl online on Discord that I know likes me I start shaking but This shaking only start for like the start of talking then I get good later once I calm down. (this happens only when I know she likes me and gives me too much attention or i think she has very good personality or is very pretty or idk man). \- Also there was an uncle who used to admire me like my personality is good and stuff I never had any contact with him but I had to buy something from his shop once knowing that he admires me I kinda become the center of attention in my own head. So I went to his shop and oh man oh I was trembling my head full body trembling was very bad it was very noticeable. \- Also I wanna go to a different city for a job since I currently have remote job but I have friends from that city they wanna meet me I always avoid meeting them cuz of this issue (What if they notice my symptoms??). Also that girl never seen me irl so when if she notices my head shaking on Discord video call with friends?? This scares me a lot and same loop starts. **Is this like a normal embarrassment response of head tremors or is it like a mental illness?** (I think I might have a movement disorder that reacts very bad to whatever this is a normal response of embarrassment of mental illness)"
1t6k6zt,Surgery on Monday and Im scared to death of anesthesia,"Im having a **Septorhinoplasty** surgery scheduled on Monday (I have deviated septum and don't breathe well, but while I'm under anesthesia I will do closed rhinoplasty too. I also never loved my nose so I was thinking why not) But the thing is that I am petrified of anesthesia and Im eventually thinking to cancel the surgery tomorrow. I never he surgery of any kind😭 I am afraid that I might be allergic (I had a new developed very bad allergic reaction on oysters last year and Im anxious that I'm gonna die or choke even today... ) on some of the medication that they use for anesthesia or Im gonna stop breathing or my heart will stop. I don't know how to fix this fear and anxiety. Im petrified"
1t6k3sv,Waking up forcefully because of heart beat racing,The past like 2 weeks I've been waking up cause I suddenly feel my heart racing and it makes me wake up in weird times and no matter what I do I can't go back to sleep also it makes me very dizzy when I wake up and extremely tired hands shaking legs almost paralyzed like I swear I tried going to the bathroom before and my legs barely held me I had to keep leaning on sth Is there any way to stop this it's really annoying
1t6k0qq,How do you turn around a bad day?,"I’m nearly 6 months pregnant, I haven’t had one of these days in a while but I feel so unmotivated. I have decision paralysis too. It’s my day off from work so I feel like I should be doing all the things I want to do on work days, but I can’t seem to get myself to do anything. I live in a super remote town by the beach, northern CA so it’s cold. I can’t just go treat myself to a pedicure or anything, there’s nothing around. And I don’t want to go to the beach today. I just feel bored and can’t focus on anything. I also take baths daily so please don’t suggest that. Ideas appreciated 💕"
1t6jxbn,Lingering Social Anxiety,"Not long ago I had it bad enough that I would panic at the thought of a party. I had an unquestioned belief that no one wanted to be around me, and even people that liked me would be driven away. Through therapy (and bupropion) I feel like I got through the worst of it. I got some perspective and distance and it was lovely to think back on a weird look and go “yeah I’m a little weird and it’s ok” or “oh he thought I was hot and that made him feel awkward” (and he said as much on a date not too long after) Anxieties were still there but less sharp, less important. I joined a choir last year and while it’s been good for me, it’s also the first time since school where I’ve had to interact with members of a large group of people who already know each other. I find myself defaulting to unhelpful settings. Presenting an unobjectionable and uninteresting blank that keeps me “safe” from… I don’t know, scrutiny? But also keeps me from creating connections. I don’t want to push in on people’s conversations but I also feel kinda weird saying hi if they don’t know my name but I also don’t want to sit alone pretending not to want to be a part of it, BUT MOST OF ALL…. I don’t want to be back in this emotional place. And so I find myself reflexively running away. But abandoning the awkwardness doesn’t make it any better. Running means I don’t progress. And I guess… you know what? I have made a little progress. I have more connections with people in the choir than I did a month ago, let alone last fall. Maybe I need to just need to watch a situation develop before I run away."
1t6jupj,Why can't I do the therapy techniques? 🥺,"Well, we went our separate ways with my therapist today, because neither of us saw the use of me attending. I just never did my ""homework"". I'm basically too depressed. I don't feel like doing anything, so I didn't do any of the CBT, relaxation or schema excersises she taught me for my social anxiety. Maybe I have to get better and out of depression before therapy can work? The problem is, I tried about 6 different antidepressants and addons over a year , nothing worked. Were any if you so deep , that you couldn't stick to therapy? What helped if you got out?"
1t6jq58,Is there such a thing like not allowing yourself to feel anxious?,"I started to think about this question and would love to hear your opinions and experiences. I'm dealing with episodes of depression, emotional numbness and boredom. And one of the emotions that is missing very much from my life is actually anxiety, maybe more than all the others. That started me thinking if I might maybe not allow myself to feel anxious. If I have created my life so that all sources of potential anxiety or uncertainty are excluded from my life? Am I afraid of being afraid? Has somebody of you ever dealt with a situation like this?"
1t6jacu,Brain changed due to anxiety,"So I'm not sure if this is the right place for this but trying to find if anyone has gone through something similar. Back years ago I had a terrible experience when taking a hit from a friends weed vape pen, immediately panic attack and all that. Felt fine the next few days and then started to get this constant anxiety and ended up becoming a whole ordeal from there on to get my life back on track. Fast forward 7-8 months and I got back to ""normal"". Years have past since and I had one other panic attack in between then and now and defintely went though a depressive episode for months after that. Well about 4 months ago I had a terrible panic attack from a life situation and my something in my brain has basically changed as a result. I had terrible constant anxiety for a couple of weeks. The biggest thing though that I noticed, ever since the panic attack is that it has effected my brain chemistry in some way. I know this sounds crazy and I did get some tests done and nothing is wrong neurologically. I don't have any motivation or happiness like I did before. I used to be passionate about sports, gym, movies, other hobbies and none of that is there. I can try to care but there isn't really any emotion behind it. There is also not really any motivation for things such as work, the future, vacation. I don't really have bad feelings though either. The best way to describe it is everything is just dull, and I don't even get anxiety about little things like I normally would. I know this seems crazy but I'm just wondering if anyone else had gone though something like this or similar? I can't find any real answers, I have seen some posts about DPDR but that doesn't line up with what I have other than the emotional numbness. Any insight would be nice."
1t6j8uv,Could this be anxiety or IBS?,"How do you deal with diarrhea that only happens when you’re outside? I’m fine at home but whenever I go out, I suddenly feel like I need to go to the bathroom and it makes me anxious to leave the house. I’ve been taking Imodium when I really need to go out, but I don’t want to rely on it. Has anyone experienced this and what helped you?"
1t6j75d,Visual symptoms,Does anyone get eye flashes while really stressed? I can’t find a cause I’ve been to eye specialists and I’ve been anxious about health issues since this started
1t6j5vs,Weird vision but normal eye test?,I keep having weird vision I don’t even know how to explain it’s just not right and I’m really scared I have had an eye test and everything is fine but I don’t understand what’s going on with my vision I’m so scared I’ve got a brain tumour or something 😭
1t6j2l5,Productive day after a 9 month slump,"The last nine months have been the toughest of my life. Everything I held dear: my health, relationship, job and independence, all crumbled. I was supposed to get married and promoted but instead faced a devastating breakup and layoff. Both experiences were the worst possible. My mental health deteriorated so badly that I had to move back home with my family. I battled depression, anxiety and a high-pressure work environment for nine months, leading to a complete identity crisis. I am actively seeking therapy but have been stuck in a plateau. It’s been 45 days since all the logistical loops closed. I was so exhausted, I couldn’t do shit. But today something happened. I realised I had the most productive day I’ve had in 9 months. Today I woke up at 8 am, which is later than my usual 11-12 pm wake-up time. I went for a morning stroll, ate a good protein-rich breakfast, took my vitamins and finally updated my LinkedIn profile. I also shortlisted three roles, as I’ve been laid off for 35 days now. In the evening, I went for a walk and did my skincare routine, which I had completely neglected. I even cooked a meal. Until last week, I was so exhausted that I couldn’t even walk. In the past, when I’d go through a tough time or a super productive day, I’d share it with my ex. It feels a little disorienting now that he’s not here, that I don’t have a job or any clarity. However, I’m feeling very proud of what I accomplished today. Despite all these things, I lost my confidence significantly, but today helped me restore that faith in myself.. Honestly, I’m scared I won’t be able to repeat a day like today consistently. It’s a deep fear because “lack of consistency” was one of the reasons my ex left. I know the real problem was an unregulated nervous system for me, but the way it manifested as inconsistency and was given as a reason to leave is just heavy. I didn’t know whom to share it with, that void still hurts. But I’m navigating it somehow. So thought I’ll share it here.."
1t6ipad,Does anxiety make you trust yourself less?,…causing you to trust and value what other people say a lot more? Or is that a separate issue that I have lol
1t6ikyx,"help, specifc form of anxiety?","i have a weird form of anxiety or anxiousness, though i’ve never been diagnosed with anything. hear me out. i love music. and i love singers. i recently discovered The Weeknd, and he’s become my new hyperfixation. i love music and songs so much that i’ve always had strong desires to be a singer. to be a pop star. to write top charting hits. the issue? i have terrible singing abilities. i’ve tried writing music and it’s horrible. i can’t even play any instruments. but my hyperfixation gets so intense that i start feeling anxious over the fact that i’m not living the life of a pop star, and i constantly compare myself to the singers i hyperfixate on. they win an award? cool, but then i start wishing i could be as big of a singer or performer as them. and it becomes sooo anxiety-inducing. why do i wake up with my heart racing now that it’s tour season? why is my anxiety so bad over dreams of living a life that i realistically know probably won’t happen for me? help me out. hell, i even get anxiety over the singer’s own personal life sometimes. is this anxiety or what? i have been living life trying to be a singer and it is ruining my life. i have dreams to enter a music course eventhough i have no skills or desire to be anything else in the music industry. i only want to be a singer so u can imagine just how bad my anxiety is. The Weeknd is going on tour soon and the dates are killing me. i am nervous at the prospect of seeing him and realising such an artist really exists."
1t6ihsk,how can i stop my anxiety,"i am on wellbutrin and have been since october, it has been a big help strangely to like racing thoughts and ruminating. however , life has been very stressful lately the past few months and i guess im just emotionally overwhelmed and im trying to stay afloat but literally i just want peace so much of my anxiety is physical . the racing thoughts thanks to my medicine aren’t totally out of control but i feel so anxious and stressed and i got horrible anxiety poos all of the time it’s so bad and it impacts my appetite and wellbutrin does that anyway so i hardly eat and when i try to eat bc im so anxious i can’t do it …"
1t6ieec,Started sertraline and now I’m spiraling about placebo effects,"I'm on day 2 of sertraline and I feel mentally crushed. I just watched a YouTube video from a doctor talking about medications for social anxiety. He explained beta blockers, anxiolytics, and antidepressants. When he talked about antidepressants, he basically said they odon’t work much better than placebo and that many studies came to this conclusion. I honestly feel devastated after hearing that because medication had become my last hope. It already took me a long time to accept taking medication, and for the first time in years I felt hopeful that maybe I could finally get better. After this video it feels like I emotionally fell from a tree. Now I’m spiraling and thinking:what if I’m doomed to live with this anxiety forever ? I already tried therapy before and it didn’t really help. I’m exhausted mentally. I don’t even have the energy to start over with another therapist or another method. I’ve been in survival mode for years. I don’t feel safe anywhere. My nervous system feels constantly on edge and I just want to rest for once And now I’m questioning whether I should even continue sertraline after only 2 days because my hope completely collapsed.Iknow some people will say: “Who cares if placebo plays a role, as long as it helps?” But now that this idea got into my head, I feel like it ruined everything for me because my brain immediately goes: “Well if part of the effect depends on belief/expectation, then now that I know this, it probably won’t work on me anymore.” I’m also the type of person who struggles to believe things without solid proof, so now I’m questioning literally everything: CBT, breathing exercises, medication… my brain keeps saying: “What if people are just convincing themselves it works?” I know I sound extremely anxious and obsessive right now, but I genuinely feel shattered after going down this rabbit hole. Has anyone else experienced this kind of existential spiral after reading about antidepressants/placebo effects online? Did sertraline or another SSRI still end up helping you despite those fears?"
1t6iecz,Does anyone else feel like anxiety isn’t really about the present moment?,"I’ve noticed something weird about anxiety — most of the time it doesn’t feel like it’s about what’s actually happening right now. It’s more like your mind is reacting to something that might happen or something that already happened but won’t let go. I’m curious: What does your anxiety usually attach itself to? The future, the past, or random situations?"
1t6iavp,What are some facts about anxiety that made you feel less anxious?,"People always want a quick fix to anxiety. A button or a pill that will just make it all go away. Frustratingly no such thing exists. But sometimes just understanding what anxiety is can make you feel instantly better! Here’s some facts that made anxiety and panic less scary for me \- **Panic attacks are just adrenaline rushes.** That’s all they are. “Panic attack” sounds scary. An “attack” sounds like something horribly wrong is happening to you. Something that helped me was when I felt it coming on instead of saying to myself “I’m having a panic attack” I said “I’m having a rush of adrenaline”. Which sounds a lot less terrifying! And you’re not lying to yourself by saying that. Because a panic attack is quite literally just an adrenaline rush. \- **Adrenaline doesn’t cause fear** Sort of building on from my previous point. Adrenaline can make you feel a lot of things. Heart palpitations, tight chest, air hunger, dizziness, headaches, shaking, sweating etc etc. But something adrenaline doesn’t cause is that intense fear or feeling of impending doom you feel when you are having an adrenaline rush. That all comes from your current mental state and how you react to the feelings it causes. If a brain scan was taken of someone who was on a rollercoaster and someone who is having a panic attack they would look the same. \- **Panic attacks are harmless** No one has ever died because of a panic attack, nor have they ever had long term physical health issues from them. So no you are not going to die and nothing bad is going to happen to you. \- **Very unlikely to faint during a panic attack** This was a big one for me, the dizzy feeling and feeling like I was going to faint always makes me panic more. When you have a panic attack or a rush of adrenaline, your blood pressure rises. People faint because of low blood pressure. So you are actually very unlikely to faint during a panic attack. \- **If something was wrong with your heart you’d be able to feel it 24/7** (I want to start of by saying that it’s always safest to get checked out just to rule out any heart problems) But if you had something wrong with your heart you’d most likely be able to feel it constantly. \- **People who loose there minds or go “crazy” don’t realise it** One of my biggest triggers was the feeling that I was going to loose my mind, because I can’t quite describe how but sometimes it feels like the slightest breeze could send me into psychosis. And I’ve seen a lot of other people say “I feel like I’m loosing my mind” so I’m guessing this is pretty common. But people who loose their mind usually don’t realise that they are actually loosing their mind. So the very fact that you feel like you are means that you probably aren’t and what you’re feeling is just anxiety."
1t6i9nb,anxiety around eating,"I’ve been diagnosed with social anxiety disorder for about a year now and I’ve always been extremely uncomfortable with eating around other people like it’s something that pains me to do. But recently it’s reached a point where even if i’m alone and i’m eating i don’t feel safe. the thoughts that im afraid others would have of me while eating i start having myself, and i feel the way my mouth and cheeks move and the noise and I just lose my appetite i feel disgusting. I was just eating a piece of toast and I felt fine until halfway through where i almost reached tears cause i become so aware of what i was doing. im wondering if anyone else has experienced something like this"
1t6i9gb,Success??,"So I have struggled with severe anxiety all my life, but after years of being okay and off of medication I developed a bad panic disorder and OCD over 9 months ago. I have been adjusting to all of this and it has not been easy at all. I have felt every bad sensation from panic attacks; air hunger, numbness, trembling, brain zaps, palpitations and chest aches, all of it. I would have up to 3 panic attacks a day at the start of all of this. About 4 weeks ago I hit my lowest point yet. I 24/7 felt like I wasn’t breathing and my chest fluttered all day long making me fully convinced that I was in my final moments. Now the wild thing is… the very next day after that low day marked the start of 3 weeks with literally no anxiety. My mind was peaceful. My body wasn’t attacking me. I started driving and going out with friends and living my life as I used to within those three weeks. No change to my medication. Nothing. It was so odd but so incredibly relieving!! Now… in the past few days my anxiety has definitely been more activated again. It’s a bit upsetting because I was getting used to feeling okay but, oh my, those few weeks have given me such a hope and a boost in my daily life. I just wanted to share because I think this was such an odd thing to experience. My guess is that when I hit that low point, I realized that even with how bad things got, nothing bad happened. And I practiced sitting through the sensations and realizing that my thoughts are just thoughts. It has all made me very hopeful and though I’m upset to be feeling more anxious again, I think I can hold on to the fact that I managed to go three weeks free of this mental turmoil, with no medication change or therapy or anything. Though I’m a huge advocate for those things, I’m just glad I managed to do this!!"
1t6i7yt,Can anxiety cause dizziness?,"Hey guys, lately I have been struggling with some heavy longer term stress - my mum is in the hospital recovering after a brain injury that happened 3 months ago... Due to this I developed anxiety and panic attacks. I was always somewhat anxious, but it never lasted this long and it was never this heavy. What is really new to me and kinda concerning is that I feel dizzy all the time. Like my head actually spins and I feel like I am about to faint... I dont know if anxiety can cause this, or if there is actually like a tumor in my brain or something? 😭 I never experienced this before, so I am pretty scared about this symptom. If it is ""normal"", do you maybe have any tips on how to exist with this? Thank you!"
1t6hu5r,MS,Anyone been diagnosed with MS after years of dealing with anxiety and depression? My docs think I have it and are sending me to a neuro eye specialist and neurologist. Of course I can’t get seen till July so this is definitely not helping my panic and anxiety.
1t6hn0o,Is there anything else I can get instead of weed for anxiety??,"I (20F) have had anxiety and big spouts of depression my whole life I dont have meds or anything for it and I heard that weed helps people. However everytime ive taken some (edibles specifically) ive felt like death. Ive realised now its probably cause I took too much for a beginner (took like 20mgs) and the first time (35) I think thats greening out? Idk. But it sucks. I cant stand up without getting dizzy I cant play games on my PC cause I get dizzy. I think about anything thats causing me anxiety/stress and its like my head starts buzzing/vibrating its horrid. Why do people get high if it means u cant drive anywhere, youre anxious and the world spins? Is that supposed to be the fun I was promised?? I recently got into an argument with my mum, I went through a break up Im trying to juggle uni work. I want to move out my house but have no money and no job and no time for a job. I just wish to stop thinking. Is weed supposed to give u a calm focused brain or does it make it so u cant do anything other than lie down and look at the sky​. what else can I do to get a focused and quiet brain or am I cooked until I can move out and afford to get diagnosed and get medication? I hope this is an okay reddit thing for this"
1t6hlve,Does chocolate flavored protein contain caffeine?,"I have generalized anxiety disorder, and it has been about 9 weeks since I quit caffeine after being advised to, and it feels great. By the way, does regular chocolate-flavored protein powder contain caffeine? It's Dymatize chocolate flavored protein."
1t6hbjt,Anxious About Going to the Gym,"I'm waiting for a friend, we are both starting going to the gym, and I have been anxious for a long time now leading to this time, to the point where right now I have cramps, I'm urinating a lot and I'm about to get a panic attack. How do you usually calm yourselves down in similar situations? PS: I don't have social anxiety, I'm usually extremely good with people and I am social myself, but the idea of going somewhere unfamiliar makes me nauseous."
1t6gw3x,I hyper focus on injuries/ailments making them significantly worse…,I will usually setup a doctors appointment. Once the ailment is not worst case/bad it like instantly changes physically for me because mentally the burden has changed. Does anyone else function like this? My wallet hates it…
1t6gugt,Mightier Anxiety Program for Kids?,"Has anyone tried the Mightier program for kids with anxiety? I just came across the website today and I'm tempted to try it. It's a tablet with no Internet access but loaded with games. Kids have to wear a heart rate monitor to play the games and when they start having physical symptoms of frustration, anger, anxiety, etc it goes through calming exercises to help them learn regulation. It sounds awesome. But I'd love to hear feedback before I buy a $50 device and sign up for the service."
1t6gpk7,nausea? anyone else?,"Hi everyone, I’m wondering if anyone here has dealt with something similar, because I’m really struggling and feel quite lost. I’ve had a fear of vomiting since I was around 11/12, after witnessing someone being sick. After that, I started getting anxious and nauseous in certain situations, especially away from home or at night. Over the years, this became linked with a strange upper chest/under-sternum sick feeling, throat pressure, and lots of “croaking” or trapped gas noises instead of normal burping. I’ve always struggled to burp normally. I was investigated for possible R-CPD/no-burp syndrome and had Botox injections to the cricopharyngeus. One higher-dose injection did let me burp for the first time, but the benefit didn’t last. When I do manage to burp, it can briefly relieve the pressure, which makes me feel like trapped gas is a big part of this. Over the last 10 months, things have become much worse. I now feel nauseous almost constantly. The nausea often feels centred under my sternum/upper chest rather than like classic stomach nausea. I get pressure under the breastbone, throat pressure, gas rising up and sometimes gurgling back down my chest, and burps that feel incomplete or like they might “follow through” into retching or vomiting. That fear makes my heart pound and I can shake with panic. Eating has become really hard. I have early fullness, very little appetite, and I often feel sick after eating. Liquids can feel uncomfortable too, almost like they sit in my chest or throat, and certain textures can make me gag. I’m now anxious about eating, leaving the house, driving, and being somewhere where I might feel sick. Medical background: I have coeliac disease, low iron/ferritin, and recent findings of gastritis, mild duodenitis, oesophagitis and a hiatus hernia. I’ve tried PPIs without much improvement so far. A gastroenterologist recently said he strongly thinks this is psychosomatic/gut-brain related and linked to chronic stress and fear of vomiting, rather than gastroparesis. He did agree to a gastric emptying study because I’m worried about delayed emptying, but he didn’t think that was the main direction. I’m finding it really hard to accept that something this physical could be anxiety/emetophobia/gut-brain related. I’m not saying anxiety is the only cause, because I do have real reflux/upper GI issues, but I’m wondering if my body has learned to treat eating, burping, fullness and throat sensations as danger. It feels like a loop of: nausea/pressure → fear of vomiting → throat tightness/panic → more air/gas/burping → more nausea → more fear. Has anyone here had chronic nausea, chest/throat nausea, trapped burp sensations, gagging with food, or constant fear of being sick that became this physical? Did it improve with CBT/ERP, gut-directed hypnotherapy, medication, breathing therapy, or treating emetophobia properly? I’d really appreciate hearing from anyone who has experienced something similar, especially if you felt convinced it had to be something physical but later found the fear/gut-brain loop was a big part of it."
1t6gi8i,Skin picking,Did anyone else had anxiety and had the tendency to pick their skin? I feel like it was a bad habit that really ruined my skin for no reason.
1t6gi4z,Anxiety caused me to clench,"I had a period of really bad anxiety that lasted a few weeks. I am on anxiety medication but those few weeks were consistently severe because of other life events. I started clenching my jaw and tensing my neck a lot during that time. Now, a few weeks have passed and my anxiety has returned to almost its original level but my neck and jaw are still off. My neck is still tight and my jaw is still trying to clench itself when I am not paying attention. I tried muscle relaxants and they did not really work. I also tried stretches and breathing exercises and they help a little, it returns a few minutes later. Any ideas or recommendations? Do I need to go to a physical therapist or tmj dentist to work on this?"
1t6gg01,I feel like I’m always preparing to live instead of actually living,"I feel like I’ve spent most of my life mentally “preparing to live” instead of actually living. I’m constantly anticipating, analyzing, controlling, thinking ahead, trying to avoid judgment or rejection. Even socially, I monitor myself all the time: \- what I say, \- how I act, \- how people perceive me, \- whether I’m “too much,” weird, awkward, etc. The strange thing is that people generally like me. And the rare moments where I’m truly spontaneous, people often seem to prefer that version of me. But despite knowing that rationally, I still can’t let go. I realized recently that I don’t really feel safe being fully myself unless I’m with people I deeply trust (my partner, family, close friends) or sometimes under alcohol because the self-monitoring temporarily disappears. A lot of my life feels like waiting for the next moment: \- next weekend, \- next vacation, \- next goal, \- next achievement, \- next “real life” moment. And I’m honestly scared of spending my whole life this way and missing life itself. Has anyone here genuinely changed this pattern? Not just intellectually understanding it, but actually becoming more present, authentic and relaxed over time? What really helped?"
1t6gccf,How long does this feeling last?,"I had a bad experience by geeking out on weed after smoking too much and after some time. I was fine the next day but had a really high stress day. I was also traveling on long flights. I started experiencing depersonalization which freaked me out but only lasted 3-4 days. Now for the last couple days I have anxiety spikes while eating or overthinking, but for the most part it’s just tension headaches that get slightly better. I went to see a GP who prescribed me propranolol 40mg to take daily while my nervous system calmed down. I will admit I haven’t taken it yet because he didn’t specify how to taper off of it and the side effects worry me, plus what can it do for tension headaches? It’s been about a week from my experience. I’ve smoked a lot of weed in my life this one just hit me too hard + I’ve been under tons of stress lately. How much longer am I in for this? I know carrying on with life helps it go away, but I just want to hear other experiences. I know it was a combination of the weed and the stress."
1t6f1to,Restarting Lexapro and struggling hard. Could really use some help,"Hi, I took 20mg for two years. I stopped last November, and felt good for a few months, but the panic attacks came back and dominated my life. Like all day panic type stuff for the past month and a half. So I started again. Days 1-3 were okay, minimal side effects. I’m now on Day 6 of 5mg and just having the most severe, extreme panic attacks of my life. I don’t remember it being anywhere near this unbearable the first time. I’m struggling to eat. Has anyone experienced this? When did you turn the corner? I realize the full therapeutic effect takes a good while, but I just want the edge off of this panic. I’m supposed to up my dose to 10mg in a few days and I’m horrified. Thank you ❤️"
1t6f0hp,Fear of death every night before sleep,"I’ve had this issue since as long as I can remember. Every night/evening I get struck with this extreme fear of death. I think it begun as soon as I realised I’m going to die, so I had this even as a kid. I just can’t help but imagining the moment of death, I’m terrified of getting old and knowing that my life is coming to an end and stuff like that. And I’m terrified for my older relatives. I’m worried they’re feeling that fear as well. It’s weird because it’s literally just in the evenings before I fall asleep. In the daytime I can face those thoughts with no issue, I mean they’re obviously uncomfortable but not in a way that makes my heart race. It’s also not an issue if I wake up in the middle of the night either? For the past 10 years I’ve been on anti depressants and it has helped. Before I had this issue from early afternoon til bedtime. Now I only have it just before bedtime. For most of my life I’ve slept with the TV on to distract me from those thoughts. The only thing so far that has completely eradicated the issue has been being super anxious about something else (heartbreak has been great haha…) I’ve tried therapy and that has not helped at all. I’m now on a pretty heavy dose of SSRI’s but I’m just sick of it. I don’t want to feel like this every night. Is there anyone out there who can relate and/or has any ways to manage it?"
1t6efpt,"Struggling with anxiety, bullied by our own brain","Is it true that anxiety medication can have harmful long-term effects, or even make anxiety worse over time? Has anyone actually fully recovered from anxiety by using medication? Could you share your story about what you did that helped you recover? It would really help motivate and encourage those of us who are still struggling with anxiety."
1t6eaq3,Constantly anxious,"This has been going on for a few days now. I used to have severe anxiety, it had been going good for a while but its back. When Im just existing I feel anxious about something, I dont know what. For more context, Im stressed about my current career, going through a rough phase with a long term relationship that has me heartbroken, have been battling a few other random issues too. Im not sure if its my anxiety causing gut issues or gut issues causing anxiety but it seems like both are complementing each other very well. I sometimes ease in, forget about my anxiety for example watching a video, then out of nowhere I become conscious of it and anxiety hits me really bad. Breathing, warm showers, white noise, being aware of surroundings, getting things done, nothing has been working. Im exgausted but more than that Im in a lot of pain."
1t6dpv0,Pots and anxiety,"Hi everyone,i m 17F I wanted to ask if anyone here with anxiety has experienced symptoms similar to POTS. I was recently diagnosed with POTS, and my main symptoms are a big increase in heart rate when I stand up (for example from around 75 bpm lying down to 140 bpm standing), along with dizziness and feeling weak. I’ve also struggled with anxiety for about a year, including panic attacks, and now I’m wondering if that could have contributed to this or made it worse. Has anyone here had a similar experience where anxiety and POTS-like symptoms overlap? Or were you diagnosed with POTS after dealing with anxiety? I’d really appreciate hearing your experiences. Thank you 🤍"
1t6delo,Gabapentin for shacking hands,I have been prescribed gabapentin 700mg/die for shacking hands It's the second day I take It. The doctor said It could be working after a month I am afraid of addiction because I read It can cause It on the vademecum. I don't want that. I just want my hands to not shacke while working hospital wards (I'm a nurse student) Maybe my doctor Is wrong about this prescription? I asked for beta blockers but he said we could try the if gabapentin won't work I can't find anyone on the internet that takes this for tremor
1t6dc9c,Terrified of developing schizophrenia or psychosis,"TW: mentions of my ocd stuff Hello again people of Reddit, you can tell I’m not doing well considering this is my third post in regards to my current mental state. About a month ago I (21F) started experiencing a SHIT ton of heightened anxiety. I’ve begun to have 5-6 panic attacks per day and sleep issues, and it’s hard for me to eat and shower. I’ve had horrible ocd and anxiety for years but this feels particularly bad. I am MORTIFIED that I’m developing schizophrenia or some kind of psychosis because I truly don’t feel as though I can deal with another thing. I’ve been severely disassociating, but I haven’t seen or heard anything. I’ve only been tricking myself into these weird like quasi-hallucinations where I know they’re thoughts but post processing in my head makes them feel like voices but they’re?? Not voices?? And I’m just noticing every little thing a bit too much now. I am scared out of my mind, I just want to get back to normal. We think i may be overmethylated from years of methyl-pro daily so I’m stopping that for now, but even then I’m just so scared about what’s going to happen to me because I have dreams and people I love. My fears always surround loss of control. Losing my mind, losing my body functions. My psych says I don’t show any signs as well as an ER doc I saw but what if they’re wrong? I’m around that age you know? Someone help! 💕"
1t6d5pz,I'm looking for things I can do instead of doomscrolling on my phone (I get very anxious when I have nothing to do),"I need suggestions and ideas. I need an activity that doesn't require any brain activity or else I get exhausted. I can't play videogames more than 2 hours cause then I get exhausted. I can't read books either cause it's too exhausting. I don't wanna watch movies because it makes me depressed. What else can I do to calm myself down and to entertain myself instead of doomscrolling? I don't want to draw or do art, listen to music, or stuff like that. Please give me some suggestions if you have any, thank you!"
1t6cq06,How do I get over unwanted exam anxiety which im new to?,"Help me out? I usually dgaf about exams at all, like that anxiety isn't there. But tommorow my seminars exam begins, its English, I always score great marks, even though i copy Grammer I write the entire writing section by myself, and I always get great marks as a matter of fact i loose marks when I copy for writing part which holds most of the marks. But idk why I feel anxiety in me, like my mind is saying impossible and unpractical what ifs, and my mind is going what if it isn't impossible? Idk. Like even if i reach there late i can write the exam. Even if im sleepy i can write the exam. I am already prepared and im just gonna read through some papers to try n calm my nerves cause idk what else to do. I dont have any friends to call and talk about this. I have friends to call but im too shy cause im known for not having anxiety at all lol. I just dont have someone to sit with in this weird energy until my nerves are calm. These days my anxiety has been increasing, theres a lot going on with my family. So im guessing its that. But yeah tell me some tips to calm my nerves."
1t6cnh9,TICKING SUCKS,"I have an anxiety tic where I jerk my head back. It goes on forever. I had it last hours where it's just constant. It keeps my head up and staring at the ceiling. AND IT HURTS. It HURTS like HELL. my neck is so sore right now, and I can suppress it, but it only makes it worse in the end it caused so other smaller tics with it, like eye rolling/closing, breathing rapidly, and sometimes vocally. I'll say ""fuck you"" as if im talking to myself. It makes me stutter too, and sometimes it's impossible to speak. This sucks."
1t6bpth,Went trough my second crises but different from my first one,"Hey folks, I've been debating with myself on seeking help online but I'm really not sure on what to do next, because different from my first one this time i'm feeling hollow, as in i can feel some minor stuff but any strong emotions just give me a headache and the feeling of hollow gets worst a day or two i'm not really sure if i should seek a specific kind of help, i'm currently visiting a psychologist but not seeing too much progress. Also i've been hearing about cbd treatment would gladly hear yours experiences"
1t6bpk1,I gotta keep moving but how do I?,"My life is a mess. All I do is worry about the future and death these days. Idk what's going on, but lately I feel like I've been hit by a semi truck of fear. I'm going to ramble; read at your own discretion. I'm 25, about to be 26 in August, and have no degree in anything. I never went to college and barely graduated high school. I'm on disability because of mental illness, and it's embarrassing. I feel like my disability is not actually a disability because you can't see it. I feel useless, and of course, money is tight because of it. I could try to work a minimum-wage job because that's probably all I could get with my education and fail miserably like I have in the past. I used to have a job, and my mental health issues ruined it, so staying on disability seems safer right now, but I have no savings and idk if you can live on disability your entire life. Either way, I just see things being terrible. It's either trying to go to school and trying not to crack under the pressure and end up in debt with a useless degree because what if I don't even end up using the damn thing, because it turns out I hate whatever it is I decided to go to school for. It's either risking being homeless because I'm too mentally unstable to hold a normal job or being kind of safe on disability. I honestly feel like something is going to go wrong with that at this point. I Shouldn't even speak that into existence because I'd be screwed. I can't stop thinking about when my mother dies and I have to go on without her, and I honestly don't know if I'll be able to. I've got a nine-year-old little brother, and I just hope she makes it to him being 18. I've got a schizophrenic older sister who can barely do anything for herself, and my older brother is also mentally disabled. My life feels like a train wreck. Did I mention we're on Section 8, and the government is trying to take that away too? I don't know what to do; I'm panicking. It's actually making me suicidal, but what would killing myself help? It would just make things worse for those around me, and plus I like being able to think and listen to music, so at least there's that."
1t6bjal,How to get over fear of “getting in trouble” in situations where it makes no sense?,"One of my main manifestations of my anxiety these days is this irrational and constant fear that I’m going to get in trouble for everything I do. As a kid it didn’t really bother me as much because it made sense in context, anything you do as a kid could get you in trouble (at least for me this was the case). But as an adult it makes very little sense. It’s severely hindering my ability to move forward in life. I’m scared to apply to jobs because what if they actually reply and I get in trouble for applying? What if I get accepted to college and I get in trouble for trying to get educated? What if I take a walk in the morning and I get in trouble for leaving the house without permission? So on and so forth. It’s all irrational and nonsense situations and it feels incredibly silly. It’s like all the things you’d be normal for fearing as a child just never went away when you became an adult. Even when I make an effort to get express permission to do something, in the hopes that asking beforehand will ease the fear even when it’s not something that needs permission, it doesn’t help. I live at home and have been directly told I should be taking morning walks for my health and yet I still have an irrational fear that I’ll get in trouble for leaving without permission, despite having actual literal direct permission. For all of the above examples I went and asked for permission (even though it’s a bit silly) but I still have the fear. It’s like the permission doesn’t feel real, or maybe I just can’t believe it’s not a lie said to appease me. I know that realistically, I need to just push through and do the things, scared or not, but if it was that easy we wouldn’t be struggling with anxiety. Is there anything that anyone else does to make things less scary?"
1t6b0oi,What time are you all going to sleep and waking up at?,"Hi everyone, Just wondering what time are you all going to sleep and waking up at? For me, sleep time really varies from one day to the next. I try to be in bed by 10:00pm but my thoughts keep ruminating and I'm often awake until 1 or 2 in the morning. In terms of waking up, I'm usually awake and alert by 4:00am regardless of how much sleep I had the previous night."
1t6aw8a,Random bouts of anxiety and guilt,Sometimes I get incredibly anxious and guilty over even tiny tiny things. I blow things out of proportion and get stuck in a cycle of being unable to calm down at all. How do you distract yourself? Smth is going on at the moment that is probably just a tiny thing but I'm very stressed about it and I can hardly function. I just feel sick and weak and shaky. What can I do to stop this? Please help me
1t6aqwy,Looking like I'm not confident... Or whatever this is.,"Hi, I will start by saying that I have ADHD and general anxiety. I've been diagnosed a decade ago and I've been doing thérapie and stuff. Anyway where I'm going is that I always look anxious in public. I move and talk fast. Giggle and talk super fast. Look around and move my head super fast. It's something I just can't control. I look like I have no self confidence at all because of that. I am small. I'm only 5 foot. People see me as a cute shy little thing. When I am home I am myself. I bothered happy still moving fast but at ease. I don't know how to look more confident or act less ""fast"" . I want to be able to look confident and it's something that has been troubling me for years now. Does anyone kinda understand what I mean? Doctors seems not to understand but I mean I just look like a ball of fast and anxiety. English is not my first language so if you need specification I will try my best. All of this to ask. How do I get more confident"
1t6algm,My adrenaline has been high for days,"Since I have started taking Sertraline, I have had a lot of steady moments with little to no worry of an anxiety attack. Now they seem to happen slightly more frequently. I had an anxiety wave last Saturday that took a toll on me, and now it's Thursday and I still feel on edge. I just want to feel normal again, I'm about to be a college graduate and I just want to finish the semester strong. My psychiatrist prescribed me 10mg hydroxyzine, so hopefully taht will help when it gets here. Otherwise, I feel stuck in my thoughts and awkward physical feelings until I get better. Any tips to get through the adrenaline I still have or to lower my cortisol?"
1t6ajmm,TW (suicide) Anxiety attacks & Panic attacks.,"There were in fact a couple of brief moments where I was near anxiety attacks or panic attacks, affiliated with mental health. But most of the time, I’m just anxious and filled with uncertainty, most of the day. With rumination added. One of those brief moments, was when I face a suicide letter to a classmate for help. But afterwards he ended up giving it to my friend at the end of the period. (I don’t have good history with reaching out for help.) But I rushed out of that classroom panicking and anxious and worried about whether or not if my friend is gonna report me to the counselor, which is honestly an expected move, so I can’t blame him. But I cannot get sent to that mental hospital again, neither can my parents know about anything again. But I just ran out of there Trying to get a way from his sight. Which was effective. But I ran into my school courtyard and panicked there next to a tree. I’m gonna be honest—I do not remember much of that moment, it was about a year ago so far. So I remember… in flashes or fragmented pieces. But it was genuine fear. My legs were heavy or wobbly. And my heart was racing. That is genuinely all I remember. Other than grabbing my hair and a girl if I was okay when I went back inside. There was this other brief moment where I almost had a genuine anxiety attack. But it was a night of me laying in my bed, and just ruminating and thinking about everything , and just self destructing. Now, I don’t know how to explain this, but I started sweating, and everything started to feel surreal. I felt like I was dying, and it slowly began to escalate. I snapped out of it after a few seconds. But it was what everyone with anxiety attacks said how it was."
1t69ikk,I think I have gotten too comfortable in my mental illness,"A year ago, a first severe panic attack set off my GAD which led to ocd and depression. I saw many shit in my mind that I hate till this day and all the turmoil I went through. Right now, I can get through any symptom and not feel sorry for myself. It’s like, all this anxiety seems like a joke to me and like a game that my mind is playing because of the 23 years of anxious brain patterns I formed. Everytime I do an exposure and rewire it, I feel like a god lowkey. But then this leaves me mentally and emotionally drained deep down. I feel like life is not beautiful anymore and that I have “lived” life already if you get what I mean. The reason I wanna address this is because I’m sorta talking to someone right now and something in me is just saying that I don’t deserve love and all because I won’t be able to keep it. But still deep down I wanna be happy with someone and make them feel the same too."
1t69dbu,Writing and talking about my unsolvable problems makes them worse,"I am having problems in my country of origin that are not easily solved at least not without a lot of free help from others. To keep my family’s privacy I can’t give the details. I took advice talking about them, writing them out. I did worksheets on Socratic questioning with my former therapist and now different ones with my new therapist. After completing the last sheet my fears became skyrocketing! Several months ago, friends suggested to give them to God, but God seems to challenge me. Time is not on my side. Any ideas from someone who went through similar things successfully?"
1t68z3x,Did anything else (treating an underlying condition) solve your panic attacks when public speaking? I went through my 20's and early 30's no problem.,"I know propranolol works incredibly well in the moment. Mine typically occurs when I have to present slides. That said, I wonder if there is an underlying condition anyone has treated that also took care of the panic attacks. For example - Anxiety disorder/SSRI - ADHD/Ritalin. For example the Anxiety disorder could be lifting the anxiety baseline and triggering panic. The ADHD could be causing hyper focus on the fear, can't focus on the outside world or content. Has anyone come across something similar?"
1t68dio,How do I stop thinking about an embarrassing moment?,"The other day I was walking to work and I basically cut off a whole load of cars at a traffic light by accident. I hit the crosswalk button and waited, and I guess I thought I heard it make the beeping noise, I stupidly didn’t check the light because I assumed it was my turn to go. I always watch for the crossing signal, but literally the one time I don’t, it really bites me. It’s not like I almost got hit by any of the cars, and none of them had to jerk to a stop or swerve to avoid me, they just honked at me. By then it was too late and I just kept walking, they probably all thought I was either an idiot or just an asshole and I felt like both. Honestly if it was just one car it would be easier to just let it go, but it was a 4 way intersection loaded with cars. It was like I fucked up in front of a small stadium of people. It was like 2 days ago and god I can’t stop cringing at it. And I’m for real anxious to walk downtown again. I’m lucky that none of them flipped me off or yelled at me from their window, that would have been 100x worse, but the honks I got were bad enough. Anyway, can someone give me a magical memory eraser potion or something because I want to forget it ever happened."
1t67z8q,Hypochondriac,"Hi all, I’m a fairly healthy 28 yo man and have been dealing with an anxiety since about 2017 but primarily it’s health related. I’m definitely a hypochondriac but I’m medicated and constantly pushing to better myself and get through it. I quit smoking, take my asthma medication daily, I work out 4-5 days a week, I wear my CPAP most night to help with sleep apnea, but I’ve just got this annoying trigger that I can’t seem to get over! I do upper body workouts on Tuesday and Friday and often times end up with worn out pecs and biceps where the tightness/soreness lasts for days. Sometimes during these recovery days if I move just right it will cause a jolt of “pain” in my chest and/or arm and then I start spiraling. I immediately resort to the thought that I’m having a heart attack and am about to die. It consumes me and, while I’m now pretty much able to keep myself from going into a full-blown panic attack, the increased heart rate from the anxiety makes it that much worse. I know I should probably see a therapist, I just have so little time already as I run a fairly large company. Any thoughts, recommendations, advice, or just words of encouragement while I try to push through this?"
1t67ks4,How do I stop obsessive replaying and anxiety after relationship secrecy when I know she didn’t physically cheat?,"&#x200B; I (22M) have been in a relationship with my girlfriend (23F) for almost 4 years. We’ve had a very emotionally intense relationship overall. I’m anxiously attached and she’s more avoidant in conflicts, though she genuinely loves me and has stayed committed throughout the relationship. For some background: a while before all this happened, I had a conflict with her childhood best friend (same age as us). Since then, anytime my girlfriend chose to spend time with that friend or that friend group, I used to become extremely anxious and emotionally reactive even when nothing objectively wrong was happening. Looking back, I know my anxiety and overthinking became emotionally exhausting for her too. At that time, both of us were also preparing for our CA exams. I passed, but she failed, and honestly our relationship stress and emotional instability affected her mental peace a lot during that phase. About a year ago, she went on a short 2-night trip with her childhood best friend. Initially, she told me it was just the two of them because she knew I wouldn’t be comfortable with the actual group setup and she wanted to avoid conflict. Later I found out there were two more guys there too — one was her best friend’s boyfriend and the other was another guy from their circle, also around our age. Due to room arrangements, my girlfriend ended up sharing a room/bed with that second guy during the trip because her best friend obviously wanted privacy with her boyfriend. Before people jump to conclusions: I am genuinely 100% sure my girlfriend did NOT physically cheat on me. I know her deeply, and we have certain personal boundaries/swears in our relationship that neither of us lies about. She swore very seriously on those things and I believe her completely. Also, whenever I overthought specific scenarios and directly asked her things like: “Did this happen?” “Did you two ever do X?” “Were you emotionally involved?” she answered honestly instead of becoming defensive or trying to manipulate the story. The bigger issue was secrecy. At first I only knew there were 3 people on the trip. Later I found out there were actually 4. Then I found out that after the trip, she met the same group around 3–4 more times without telling me. One of those times included going to a restaurant with the same guy from the trip. Again, I don’t think anything physical happened there either, but the secrecy around it deeply affected me. What also matters is: before I fully discovered everything, she had already cut all contact with the guy on her own. But ever since all this happened, my brain has become unbearable. I constantly replay: \* the trip, \* sleeping arrangements, \* imagined visuals, \* conversations, \* “what if” scenarios, \* and tiny details over and over again. Sometimes I spend hours mentally replaying situations I wasn’t even there for. I know logically that my imagination is making things worse, but emotionally I feel stuck in loops. I also recognize that I’ve lost emotional control over this situation. I feel anxious, emotionally unstable, hyper-focused on details, and exhausted from trying to mentally “solve” something that has already ended. I know I also contributed to unhealthy dynamics in this relationship in my own ways, so I’m not trying to paint myself as the victim here. I genuinely want advice from people who’ve dealt with similar obsessive thinking or relationship anxiety: \* How do you stop obsessive mental replaying? \* How do people rebuild trust after secrecy even if there wasn’t physical cheating? \* How do you stop your brain from filling gaps with imaginary scenarios? \* How do you emotionally regulate yourself after losing certainty/control in a relationship? \* Does reassurance eventually help or does the brain keep demanding more and more reassurance forever? TL;DR: My girlfriend hid details about a trip involving another guy and later met the same group a few more times without telling me, but I am completely certain she never physically cheated. She has since cut all contact and answered my questions honestly, yet I still obsessively replay the situation in my head every day. I’m struggling with anxiety, intrusive thoughts, loss of emotional control, and I want advice on how people rebuild trust and stop mentally spiraling after secrecy in relationships."
1t67jfx,How long do sleep earbuds last and When is it time to replace them?,"I’ve been using sleep earbuds for several months now to help with both my anxiety and insomnia. I find they help block out the noise around me and keep me relaxed while I sleep. The only issue is, I’m not sure how often I should be replacing them. I’ve been using these earbuds every night, and they still work fine, but I’ve noticed they’re not as comfortable as they were when I first got them. I’ve heard some people recommend replacing sleep earbuds every 6-12 months, depending on how frequently you use them. Personally, I’m considering getting a new pair soon, as the sound quality seems to be declining a bit. I’m curious how long other people’s sleep earbuds last before they start to degrade. Does anyone here have advice on when it’s time to replace them? I’m also wondering if there’s a noticeable difference in performance when you upgrade to newer models."
1t65r1y,Does anyone have anxiety + pollen allergy asthma?,"I’m desperate — last night I had my first asthma attack. I had the emergency inhaler at home, and since today I’ve started using an inhaler. I’m scared to leave the house now because I keep thinking that even with treatment I could still have another attack… Is anyone going through something similar, and how do you manage it?"
1t65h85,Sabotaging relationships due to moving too much as a child,"We moved 3 countries throughout my childhood and I'm pretty sure that this has led to me being incapable of maintaining any type of relationship/friendship. I will deliberately but also unintentionally hurt people, betray romantic interests etc to prevent a potential loss hurting me. Pretty sure this is becauae I never could keep any friends because of the constant moves. Was wondering if this is repairable and how I should go about combatting it."
1t64xav,Olanzapine,"I got olanzapine (2,5mg) today. The doctor said that I only should take it if needed, if my anxiety is very strong. Anyone that has experience with this medication for anxiety?"
1t64ijb,Zoloft side effects too much,"I know everyone says the first month is hell. But the waves of bad anxiety are really too much. I have headache, nausea, morning heart palpitations and speeding heart rate. I have a 8 month old im caring for and I can't keep pushing through all this if its gonna be a few more weeks of this. I already contacted my doctor who said wait 1 more week. But I just messaged asking if I can stop. Just looking for some advice on what to do"
1t64dq8,Can’t sleep help,So I drank an energy drink and now I’m like super tired but I can’t sleep and I’m like freaking out and idk what to do like I’m scared I’m having some kind of medical emergency but like my body is like calm but my mind is racing idk what to do to calm down
1t645ep,anxiety over potential food poisoning,"hi, i've been struggling with anxiety over the concept of food poisoning for over a year now. i've never actually had it, but i think this adds to my fear rather than reducing it... something happened yesterday that caused me to be so stressed out i couldn't sleep at all :'3 i'd ordered a set of ten steamed chicken gyozas from a place i've been frequenting for this meal. some time back, i noticed a small amount of pinkish-coloured meat when biting through one. back then, i skipped on eating said part. however, this happened again, and in my desire to fight my anxiety i just ate the whole thing. the piece of chicken was incredibly small but since the rest of the filling was pale, not pinkish, it stood out. it seems unlikely that said piece (on the top of the filling, against the shell) had remained raw when the middle seemed cooked, but i'm quite afraid regardless. both times, there was only one gyoza with this issue. it's been over 12 hours now since the dinner and i seem to be okay. my stomach hurt and i felt nauseous at some point during the night, but i recognized these as stress reactions i always experience during a sleepless night. now that i'm up, i'm fine. i would appreciate to hear your takes on this as well as any kind wishes :'D"
1t63mgc,Just need people to talk to & help get me through this...,"First off, hello! I'm Naylor (32F) Canadian I have always struggled a bit with sleep in my life since I hit my early 20's On top of that, I have always struggled with anxiety & depression Usually if I miss a night of sleep, I can usually pass out on my own, early the next day & sleep for the whole day At worst, I've gone about 36-48 hours without sleep & would eventually knock out on my own after I kept trying enough This brings me to this past week... I didn't have anxiety at first because I gotten used to these insomnia cycles happening from time to time, I figured I'd pass out naturally on my own HOWEVER once the 3rd day arrived & I still didn't sleep, anxiety started to sleep in, thankfully I was able to fall asleep for about 6 hour that afternoon. BUT when I woke up, I felt awful, like I didn't sleep at all, I was just as exhausted as before I slept 😭 but I stayed up because I had stuff to do. Once I felt like I could not longer keep my eyes open even more, laid in bed, but the night came & went, no sleep. The next day I couldn't handle it anymore with how tired I felt, how desperate for restorative sleep I was & went to a Walk In Clinic. The Doctor gave me Zopiclone, I was hopeful to finally get some sleep, I didn't care if it was during the day, once I'm normal again, I can slowly taper it to fit more consistent sleep times. I took the medication, tried my damnest to be as calm as I could be with my anxiety, it took hours before fell asleep & it was only for a couple of hours at best, I was feeling really overwhelmed. I figured I'd keep trying but the rest of the day & into the week hours of the morning came. I still haven't slept, this will be the 5th day without proper sleep or no sleep. I panicked, full on attack & felt like I was dying so my boyfriend woke up & rushed me to the ER. The doctor there game me Seroquel(12.5mg), a low dose of an anti physotic medication for Bipolar & Scitzaphriena. I was hesitant on taking it for that reason but also desperate for sleep... He said if the first 12.5mg don't put me to sleep, take the other one too. Once I took the first 12.5, I waited & I felt it kick in, like it was really trying to knock me out, so I waited about another hour, I was still awake so I took the other 12.5mg. Not sure when I feel asleep that(yesterday) afternoon but I slept off & on. When I woke up around 8:45pm to use the bathroom, get some water & a snack, I was still extremely exhausted, felt like I barely slept at all really but on-top of that my anxiety was back because of thee side effects of the medication & how it was making me feel... Light headed, detached from reality, weak & heavy limbs, shakey, exhausted. It is now 3:30am & I can still feel the side effects, not as intense as they where by sure are still noticeable. I been trying to sleep it off since I do still feel tired, but I haven't been able to get back to sleep. Soon it will be 5:30am & my bf will have to go to work for 12h. I will be alone for the first time since all this started & it has me spooked, mainly if these symptoms keep lingering or I can't even get a nap in on my own this morning/afternoon. If anyone can give me help, advice, stick around, I'd appreciate it. Thanks!"
1t63imc,Severe Travel Anxiety,"I broke down today. It has been difficult for me to deal with health anxiety. It all started with the diagnosis of ectopic heartbeats which doctors told me they are benign but they don't feel so. I was diagnosed with gastritis 3 years ago as well and it has progressed to chronic gastritis. Problem is I feel I am safe in my country where hospitals are just a short distance away. When I thought of travelling , I started to think of possible scenarios I could land myself in and couldn't get any help in time. I don't know how to deal with this anymore. I am suppose to travel and unwind but it has became a total struggle for me mentally. Anyone deal with this before and manged to overcome ? Please help me. I feel so stuck in my life. Fear paranoia and inconvenience they cause in my life."
1t63bkf,(M16) currently suffering from intrusive thoughts about suicide,"Hey there. For the past week, I’ve been getting these intrusive thoughts out of nowhere about dying (eg jumping in front of a train) for no reason at all. I clearly do NOT want to die in the slightest, but my brain keeps saying shit like “This will be your last meal,” “This’ll be the last time you’ll XYZ” and it’s making me very stressed out and upset. I’ve talked to my parents about it, but I’m not sure when I’ll be seeing my therapist. I rarely ever have these thoughts, but they’ve just…. escalated to bug me almost every day now."
1t62obi,Its ruining my life slowly,"It’s slowly been getting worse for me, since last month coming into this month it’s been worse. It feels like my body is slowly killing itself and I can’t describe it, i’ve been in hospital 3 times because of chest pains and now i’m experiencing that with a throat feeling like something is stuck in my throat. They did my blood, and did my heart with an EKG. and it looks good and normal, but to me it feels like something is wrong, right now it feels like something is stuck in my throat. Like a pill, or even feels like a ball— and the chest pain feels like when you have the flu and get a chesty cough, i’ve been using the virtual emergency department where I live so I don’t waste the hospitals time. Last time they basically like, shunned me for it. Does anyone have tips and tricks, I am in therapy it’s just been worse. Or how to completely stop myself from thinking the worst"
1t62ejz,Are there any anxiety medications that work immediately that are not benzos,"I HATE ssri's and snri's you need to get dependent on them to see if they work for you. they usually never work I've gone on a two-three year cycle of different ones. I have only gotten worse, I'm fairly sure I qualify for panic disorder. I am also a hypochondriac. This has affected my ability to take medications. Anything that drops my blood pressure or raises it even slightly scares the ever living shit out of me due to past experiences of going to the hospital with panic attacks. I've suggested medications like gabapentin or lyrica but he didn't want to prescribe me those. I've looked into other medications like hydroxyzine. I'm currently on mirtazepine for sleep. It's helped me with depression and helps me sleep most of the time before it I would routinely go 2-3 days awake without it usually leading to panic attacks. But it lowers blood pressure so occasionally I get really really scary panic attacks from it. My anxiety is genuinely so bad it's bordering on paranoia. like I'm irrationally afraid of clicking on links people send me in case they try to ip log me. If I eat something and I feel mildly off I will immediately go throw up my food. You get what I'm trying to say. It's getting to the point where I'm struggling to function and be a well adjusted member of society. I don't want to take benzos as I used to have severe substance abuse problems and I don't wanna go back to that. Any advice appreciated"
1t62bz7,Can anxiety exist while practicing gratitude?,"Hi forum. Long time pure OCD sufferer here. I thought I would share something that I’ve been experimenting with that I’ve found helpful when I’m experiencing high anxiety. It basically has to do with the premise that if I’m mentally thinking of things that I’m grateful for, like really striving to visualize things/people throughout my day that I’m thankful for I find that my body starts to relax a little bit— I start yawning like crazy— and the anxiety in my stomach starts to shift a little bit. As a practice, I usually do this at the end of the day sitting on the ground. I’ll make a note maybe on a piece of paper next to me on a scale of 1 to 10 how bad my anxiety is. And then I close my eyes and try to visualize things/people that I’m grateful for one at a time and really examine them. If I were to time it, it probably takes me about 5 to 8 minutes. I find that after I’m done doing this my overall anxiety level has gone down. In states of high anxiety, I was never able to do mindfulness (focusing on my breath, body parts, etc.), but I do find that I still have the ability to visualize so I actually find this practice more helpful."
1t621h2,How to stop constant anxiety,"A week or so ago I had a panic attack, since then my anxiety has been relentless. Throwing up a lot, cant eat, relax anything..please help. Its making me.want to die"
1t61qwa,Do I have Rabies??,"This is my first time posting here but I am kinda freaking out. My cat died back in December out of nowhere, he was 6 months old. I had gotten him from some lady and he was not vaccinated, I took him to the vet to get his first shots but I don’t know if they were rabies shots. Before he died he had a moment where it looked like he was coughing up a hairball and almost choking? But I compared it to a video of a cat having a seizure and it looked kinda similar. It didn’t happen for the next few weeks, but near the end he stopped eating and drinking and was lethargic and hiding away. Its strange bc he was a very affectionate cat. The night he died he started doing the choking thing again and something was off, he wouldn’t move at all and was struggling to breathe. He meowed a few times and i took him to the er vet. I got him there and he wasn’t breathing, they did cpr but it didn’t work. They said he was foaming blood when they did the cpr. The more i think about it now the more it looks like rabies. I’m not sure when i had my last vaccine and i know he definitely bit and scratched me. I’m not sure where to really post this or where to get the vaccine but I’m worried. Rabies has always been a huge fear of mine"
1t61pdn,My anxiety is going better but tonight feels overwhelming,"I’ve been dealing with anxiety for more than a year, especially health anxiety since last August. Lately things have actually been improving a lot, which I’m trying to remind myself of right now. Today hit me hard though. My parents left for a trip, and after I brought them to the airport I realized I was going to be alone in the house for almost a week. That suddenly made me think about the fact that next month I’ll move into the house I bought and I’ll be alone even more than that. I think that realization triggered a lot of emotions in me. On top of that, I only slept around 4 hours because I had to wake up early to bring them there and now my anxiety is through the roof. I feel super lonely even though objectively I’m not alone. I have friends, a girlfriend, family, people around me. The problem is that I often feel emotionally misunderstood. I’m usually the person who handles everything alone and never asks for help, so people probably think I’m always fine. But some days I really wish someone would just listen and understand how I’m feeling. I told my girlfriend I was feeling alone and scared about all of this, and she answered “maybe you’re not ready to do it”. I know she probably didn’t mean anything bad by it, but it hit me really badly because I think I just wanted understanding, not a solution. Now I can’t sleep because my health anxiety is making me hyperfocus on every sensation in my body, and I have to go to work soon. I don’t even know exactly why I’m posting this. I think I just needed to say it somewhere"
1t61khk,does anyone relate to this?,"i don’t know what’s going on with me. i just want someone to listen to me and offer any thoughts at all. i’ve never opened up about this so it would really help. one thing i struggle with a lot , is this weird fixation on contamination . i’ll give an example. it often shows up around this one thing i really care about and enjoy a lot. at one point, it made me genuinely happy and felt like a safe, positive thing in my life. maybe because of that, i’ve always felt a lot of pressure around it … like I need to protect it from any negativity or bad memories. its been a bit intense at times. and after some moments where i felt embarrassed or like i made mistakes in spaces connected to it, my brain has started to link those feelings to the thing itself. now when i try to just love it, i get intrusive thoughts, feelings that it’s somehow “tainted” or ruined, or like i’m not allowed to enjoy it anymore? i dont know. more so, i struggle a lot (a lot lot lot) with intense anxiety around like … past mistakes or embarrassing moments, and how they reflect on me as a person. this is a daily struggle for me. memories come at me all of the time, no matter what i do or where i am, and i feel stuck trying to figure out if they were truly wrong, how bad they were, or whether they could come back to affect me in the future. a big part of this is an overwhelming fear of being exposed, or “cancelled,” … even though i’m not a public figure? it might not make sense, but it’s constant. i review every single thing i do, trying to assess how it makes me look, whether or not it could come back to bite me. i’m terrified to have a social media presence, or just doing anything worthwhile in the real world because of the possibility that it could come crashing down. i always feel like i need to hide !!!! like i am so, so guilty, all of the time, and i don’t even truly know why. i understand that it may be irrational but i CANNOT stop the feeling and worries. i feel i have to be extremely careful with what I say and share, even to my closest friends. i’m always going back and deleting messages that i think could be misinterpreted or misconstrued, or deleting people who i feel are “unsafe”. i’m afraid to have arguments because they might one day use it to shame me infront of the whole world. i’ve even lost friends because i felt they knew too much about me and would use it against me. .\_\_. i just worry that if i’m not careful enough, i could make things worse or create new problems. i also worry that it’s too late. like: an example of this, is i’ll think about friendships or interactions i’ve had with people who were younger than me, thinking about the years between us, anything i said or did that could possibly be read as creepy, or fearing that they will find me in the future and expose me as a creep for things that i said or did. i’m just terrified that i’ve been inappropriate and i feel like i can’t do anything because i will get exposed for it someday and my whole entire life will be ruined. i think about this literally all the time. there’s more than just the examples i wrote, i think … these are just the things i felt like getting off my chest. basically, my mind is a prison i can’t escape LOL. man, i would do anything to stop this feeling. if you read this and have any advice at all, thank you"
1t60twv,I can't think clearly about any financial matter involving other people,"I don't really worry about my own finances at all. I can pretty much afford things and if I get into a tight spot I deal with it. The second another person is involved i just can't think clearly at all. I panic and make snap decisions, or avoid the topic altogether. Whether it's money owed by someone else, budgets at work, or even bargaining over a small purchase I just lose all perspective. I don't know where this comes from or how to even address it if I were to seek help. Right now I am absolutely spiralling over a money-related mistake I made at work. Does anyone have any insight?"
1t60crv,Feeling like a lunatic,"Just here to vent. I have gone most of my life without fearing rabies. In fact I was bitten by a stray cat when I was 10-11, and for whatever reason didn’t tell my parents or get any medical care. Now at the age of 33, I’m spiraling for NO reason. Lately my health anxiety has been through the roof. Two ER visits the last couple months over suspected “heart attacks” (turned out to be gastritis, heartburn and heart palpitations.) I had myself convinced I had a bunch of heart blockages and would die at any moment. Now the obsession is rabies. Ever since I went to my friends house Friday and her friendly domestic (vaccinated also) cat went up and placed its sharp claws on top of my covered legs, I’ve been on a rabies spiral. Never mind that the cat did not scratch me. There was zero mark. I felt the sensation and backed away. Ever since then I’ve been in a rabies spiral. Everyday wondering if she’s going to text our group chat saying the cat died of rabies somehow. Then cut to the next day I discovered two red dots on my daughter’s arm. She began scratching them and they looked very small, side by side but slightly puffy almost like a flea spider or mosquito bite. The side by side wound immediately had me on a spiral that she was bitten by a bat. Never mind the fact that two telehealth doctors looked at it and said it was a probable bug bite. They’ve seen bug bites like that dozens of times. They both laughed at me when I suggested bat bite. Never mind the most important thing: IVE NEVER SEEN A DAMN BAT. Ever since then I’ve been obsessively googling bat bites. Going back and forth on taking her to the ER to make sure it’s a bug bite. I don’t even want to step outside for fear of a bat or raccoon running up and biting me. When I’m not spiraling over my daughters marks, I’m spiraling over my friends cat. Idk where this came from but I feel like I’m losing it. Someone please tell me I’m not alone :("
1t60com,Scared at night,"I don’t know why but for the past 2 days I’ve been terrified. I don’t know of what but it’s making me sick and just talking about it makes me cry. Last night I heard yelling coming from my neighbors house and it scared me so bad, I have no idea what it was about or what they were even yelling about, it stopped but I was up pretty much all night absolutely nauseous from fear until I finally threw up and it’s happening again tonight, I feel sick again and I know it’s nothing I ate because the only thing I ate today was soup. I don’t know what’s going on but it’s scaring me. I keep thinking I’m hearing the sound of my door unlocking and the sound of someone walking up the stairs but when I check there’s no one there. I don’t know what to do. I told my mom all this and she was concerned but there’s not much she can do so I want advice if someone else has experienced this and what did you do to help it."
1t60511,Abandoned a decent job,"I've been reading a lot of posts here about jobs, makes me feel less alone. Every job I end up getting into management, which is not great for my mental health, but neither is being broke. So I take the role for the money. And I'm actually pretty good at it. Then the overthinking starts. Constant chatter in my mind of whether I did something right, or wrong, or reassurance seeking from others. Second guessing every decision. Venting to people i shouldnt have vented to. Losing faith in myself. I start to fumble. Monday, I quit a management job by sending a text to my boss. Somewhat long message. I hit send and blocked everyone. Didn't feel good at all. It was very nerve wrecking to know I just screwed over a lot of people...and I was their leader!! I'm so ashamed. The issue is...the job wasn't even that bad. I know am the problem. I already have a new job and I'm terrified my anxiety is going to make me quit again. I'm wayyy too old to be acting this way but I still don't have my mental health in check. But on good days, Im confident and dependable (and professional, despite how I quit) I am very hireable. But the jobs don't know that I'm suffering with dreadful, severe anxiety. I consider myself extremely lucky to always be able to GET a job...it's keeping one that's the hard part. Anyone else deal with this? Jumping jobs because of anxiety? What issues do you face in the work force? What has helped you?"
1t6005t,anxiety and stimulant medications,"i have very severe anxiety, i take the highest dose of venlafaxine, 150mg pregabalin and trentellix. i want to get medicated for my adhd, but stimulant drugs will obviously counteract my anxiety medications. i’ve tried wellbutrin, but that caused horrible anxiety. i thought maybe taking something like vyvanse as needed might work? does anyone have any experiences, or suggestions?"
1t5zyq6,Anxiety in relation to edible useage,"I’m a 21 year old woman and have been taking THC edibles regularly for about a year now. Usually anywhere from 20-50mg, maybe occasionally more. For maybe a 6 month period, it was about every night to help me unwind. I always thought it was harmless but I’ve been seeing articles recently that they can cause heart attacks or strokes (25% higher for heart attacks, 42% for strokes). I’ve stopped since then because it’s freaked me out so badly (I also have very bad anxiety). I want to slowly ease back into them, as they really help with my every day stress and have been a great tool for controlling my anxiety. However, ever since I’ve seen these articles I’ve been spiraling and worried that I’m going to be the next statistic. My question is how likely is it really for something like this to happen? I know it’s relative statistics, but those numbers are still super scary to hear. It’s been really stressing me out but I went to the hospital a few days ago for a bad anxiety attack and they didn’t say anything looked abnormal with my heart, so I’m just wondering if anyone has any experience with this? Is it really something I should be concerned about or am I just getting in my head?"
1t5zkgk,is this heart palpitations or something else ?,"Hey guys, my name’s Jordan. I’ve dealt with pretty bad heart anxiety for a long time. I’ve gone to the ER multiple times at night thinking something was wrong, had EKGs done pretty often, worn heart monitors, etc., and every time they tell me my heart is fine and nothing abnormal is showing up. They did mention something about one of the heart walls being a little larger, but they said it was normal and not concerning. Even with all that reassurance, I still get really anxious anytime I feel something weird in my chest. It’s not really a “pain” exactly — more like a super uncomfortable sensation. The best way I can describe it is like a sudden “drop” feeling in my chest. It’s usually more in the middle of my chest between my pecs, not really on the left side where people always talk about heart attack pain. Right now it’s happening as I’m writing this — but it’s not every deep breath. It’s more random. Like I can take five deep breaths and feel nothing, and then on another deep breath I’ll suddenly feel that drop sensation. I don’t have shortness of breath, jaw pain, arm pain, dizziness, or anything like that. Sometimes my brain starts hyper-fixating on it, and I keep testing it by taking deep breaths over and over. Sometimes it won’t happen for a few breaths, then randomly one breath will trigger it again. I guess I’m just wondering if this sounds familiar to anyone else with anxiety or palpitations, or if anyone knows what this feeling could be. Mainly just looking for reassurance that I’m probably okay."
1t5zbh9,facial tingling,"does anyone else get this? it’s not full on pins and needles, just feels like hairs crawling on my face. nothing too extreme, but it freaks me out. it goes away whenever i’m not paying it too much mind, so i can logically link it to anxiety, but WHY? how does anxiety cause this?! it’s mostly in my cheeks, and in my chin when i raise my head.."
1t5z3p7,Propanolol 10mg,"Hello, so I get constant heart palpitations all the time and its driving me insane. I have propanolol 10mg prescribed but I’m scared to try it because my blood pressure is on the lower side. Its usually around 100/60. Im worried about feeling faint or dizzy. Anyone else have low blood pressure and can tolerate propanolol? I tried to get on an SSRI but it caused me to feel super faint anf almost pass out multiple times. Idk what else to do. Ive lost my job and everything because of this."
1t5yrk9,Anxious during assessments,"I’m a senior in hs, and my anxiety has been skyrocketing. This happens mainly during tests or any sort of assessment, I just can’t control my breathing in a steady pace and my heart rate is skyrocketing. It goes on like this either until I finish the test or until I do majority of the questions, and during it I feel insane discomfort almost like I am about to pass out. My vision becomes slightly blurry and I feel less blood flow to my limbs, also feel like I’m about to throw up. I feel like this is happening because I passed out once while I gave blood a few years ago and I know that I am capable of doing so, and I can’t relax my body about it at all. More studying before assessments don’t seem to help either, they even make it worse bc I feel like now I def cannot mess up but idk. I hope I can get some good advices from you guys, I want to finish high school without being this anxious in school."
1t5yq6s,Class presentation anxiety,"I’m kinda illiterate for my major to be honest, I know everything about everything else but my major is pretty hard to me (business marketing), and i have to take a few finance and seminar classes in the future and i’m TERRIFIED for the group projects and presentations. Please give me your best tips on how to overcome the fear. I feel like I’m 10 years old when I present, stuttering over my words, questioning if what I’m saying is true or not, if my research is good enough, if i’m talking weird, if i’m standing weird, etc. I always feel like everyone is judging me and that they have better work than me (most of the time it’s equally bad and good lol), been this way since like kindergarten. I even hated show & tell, I always felt so embarrassed for just existing. help lol"
1t5yekj,Symptoms,Eye floaters - started two years ago. (Two eye appts and said vision is above average) Feel off balance - started December 2025 Whole body loss of sensation - started overnight Ear ringing - Feb 2026 (took ear test they said it’s perfect? December 2025 (literally everything from head to toe feels like I don’t have same sensations as strong as I did before) Went to doctor for all these and they did a bunch of blood panels and standard neuro exam and they see nothing of concern. Seems like it’s anxiety. Had me go to psychologist. And he said he believes it’s medical anxiety. Every day feels the same. Should I even waste money on nerve prick test or MRI to clear my mind? I keep thinking I have a brain tumor. Anybody else have similar symptoms? How did you go through this to help
1t5ye37,Lost motivation,"For about 3 years now my anxiety had taken over my life, I’m 20f, and all I’ve ever done for years is bed rot, I never got up to do anything, I napped the entire day and stayed up all night, I’d barely take care of myself physically and hygienically, back in October 2025 I decided to get on anti depressants ( because I was attending uni and absolutely hated, it got me to such a low point in my life I had to reach out) and yes I guess it worked but I’m still conflicted, I have not attended uni since December, around that time I was tapering from 50mg sertraline to 100mg, and my life was genuinely hell, I felt so suicidal, so much dread and no motivation, so I stopped going to uni, I only did it because “I needed some time off to help with the sertraline adjustment” but weeks turned into months and I just haven’t shown up, a couple weeks ago I decided I wanted to take back control of my life, at this point I had been rotting away in my room for MONTHS and I was so done with wasting away my youth, so I stopped napping (this was very hard as I used sleeping as a coping mechanism, it gave me instant relief from my mind and so 99% of the time I was always asleep” I started getting myself to shower more, started eating full meals instead of snacks, and the biggest one, started leaving my house alone (I haven’t been outside alone In years, I’d always go with my twin sister) and I was so proud of myself, it felt like there was momentum in my life again, I didn’t feel as stuck as I have these past couple of years, but eventually I started becoming less strict, started falling back into my old ways, I’m pretty sure this happened because I wasn’t seeing any physical results, it felt like I was doing this for nothing so my brain saw no point in trying, and I know that my brain was tricking me and I fell for it, I’m aware, and yet I still can’t be bothered to try again, I’ve already done it, and it wasn’t as rewarding as I’d hoped, and I let my urge of comfort bring me right back to square one, when I try to motivate myself to start again my brains tells me “but we already tried and we saw the outcome why would we try again” and I know that’s just a trap but it’s so hard to ignore. I also have no friends, my old ones all moved away, and I never made any in uni, never had or have a boyfriend, all I have is my twin sister (who suffers just like me) but she hasn’t been attempting what I did, she said she just didn’t want to so I’ve been on this journey on my own, meaning I’m the only one who could get me back on track, I just don’t want to. What do I do?"
1t5xzn6,I think I have an honest to God phobia of waking up for school,"I don't know what to do, it's hard to sleep and I'm in a lot of pain and I don't know why. My legs are constantly sore these days and I feel so dizzy."
1t5xtpj,Social Anxiety/AvPD,"Hi everyone, i thought it might be worth asking for some tips or advice! Im in my last year of school right now and i hope to move out by the end of the year, im thinking of moving across the country aswell so i can life in the city :) However, i understand i need to work, but i feel embarrassed even thinking about a job. Im super worried about being seen by people i know and having to talk to them, it doesnt help that i live in a smallish town so i always see people i know :(( Im struggling alot because im losing hope for the future and i feel like im stuck in a cycle of wanting to get out, fear working, scared i wont be able to leave without money, worried i will be stuck… If anyone has any recommendations or anything please let me know, Thank you!"
1t5xay0,Anxiety and glp1 random attack,I know I’ve seen similar posting but nothing like my situation. I had no issues with increased anxiety for 13 weeks. On my 14 th week ( not an increased dose) I have nearly a 10 hour panic attack that my medications didn’t really help. It’s been a little over 24 hours not and I’m still pretty anxious and also just really out of it from taking to many meds to stop it. When will the anxiety fade?! Edit; I do suffer with anxiety and panic attacks and take daily medication but they are fairly well managed and my panic attacks are usually managed well with a benzo.
1t5x9xk,Need help,"I’m 17 years old and diagnosed with Generalized Anxiety Disorder (GAD). I’ve been struggling really badly lately and honestly I feel exhausted. I deal with constant anxiety, overthinking, migraines, IBS, loneliness, and a lot of pressure from myself and my family because of perfectionism. I feel like my brain never shuts up and I criticize every single thing I do. I also have suicidal thoughts sometimes, not because I truly want to die, but because I’m mentally tired all the time. I’m already seeing a therapist and taking medication, but I don’t feel much improvement yet. I stopped reels/short videos and I mostly spend my time studying or talking to people online because I don’t really have close friends in real life anymore. One of the hardest things for me is loneliness and craving emotional warmth, comfort, and feeling understood. I also struggle with porn addiction as a way to escape stress and emotions. I still try to pray, study, and keep going even when I have no energy, but honestly I feel overwhelmed. If anyone has gone through something similar and improved, or has advice on dealing with GAD, perfectionism, loneliness, and mental exhaustion, I’d really appreciate hearing from you."
1t5wst1,took alprazolam for 11 days straight (on vacation) & now may have slight withdrawal symptoms?,"Ok so before anyone says “why are you asking reddit!! tell your prescriber, etc” …. well I WILL at my next appointment lol and she was the one who told me I should be fine only taking it that short of a time. I’m on here wondering if anyone else has experienced anything similar. For reference - I have been prescribed xanax for 3 years and have really only taken it once a week. never have abused it or taken it to get the “high” - i simply have high anxiety and take it for social anxiety or travels. (plus I have POTs and EDS which is an autonomic nervous system / connective tissue disorder) that can cause me to have heightened senses (yay me.) anyways, i have been out of the country for 11 days and have taken 1mg, twice daily (one in the morning, one in late afternoon) I tried to go without one today for my last day today, but then I started feeling agitated and cranky. This was followed by hot flashes and the feeling like I had low blood sugar or “being shaky.” Overall uneasy, but not anxious. It was a weird feeling. Upon asking google, it states this is possible that i could have formed some sort of chemical dependency taking it that many days in a row. Which is concerning since my psych told me otherwise. Just wondering if anyone else has experienced this!!"
1t5wq4f,Lost on what to do anymore,Im a 40 year old male married 2 kids i help take care of my mom i work fulltime well I have social anxiety disorder GAD and MDD I have issues focusing i guess when I was in 2nd 3rd grade I was on these meds but my mom took me off them because it was too much to keep up with. I get treated for my anxiety disorders and depression but my focus fidgety impulsive having issues stopping and sitting still. Im having issues at work because I can't focus and idk what to do.
1t5w693,"There are indeed, times where you realize you are genuinely suicidal.","A car came by pretty fast while I was crossing the street on my way to work. The driver didn’t slow down at all even though I was on the pedestrian lane near a school. I can’t believe I actually paused for a moment and thought about wanting to get run over, but I eventually came to my senses and quickly got to the other side. A second too late, and I would’ve been dead. If it happened again, would I make the same choice? Doubt it."
1t5vv1v,Intrusive thoughts,"I’ve been getting this really bad intrusive thoughts about everything lately, like “I’m a bad person, I’ll become someone morally dishonest eventually” or “if I cross the street now I’ll get hit by a truck”. I can’t control and it’s taking over my mind and my life. My psychiatrist says it’s similar to OCD, but since I don’t have a lot of compulsions I can’t be diagnosed with OCD, just anxiety. Any advice?"
1t5vu6d,dental anxiety- periodontal deep cleanings & fillings (no graphic details),"trigger: SA mention i just want to preface this by saying the appointment went wayyy better than i thought. and also i am still on drugs so excuse the typos and grammar. i have an extreme fear of the dentist/doctors. it started as just the doctor fear as a kid because i was sick and hurt a lot and had to go with my mom to her cancer appointments. then in college i experienced SA and went to the doctor and they did a kit on me but didnt ask permission for anything including whether all of the students could watch in that tiny ass room. the doctors and dentist in that building was together, so by the next dentist appointment (the first one in this location) i went there and they were just really rude and rough. i actually enjoyed going before and didn’t have any issues and i am personally a germophobe (as a way to avoid the dr) so that just exacerbated the dental fear. even though i had long term childhood trauma in this way, this last event also included why having people doing whatever they want in my mouth was rough i avoided going for about a decade now and i found one of the dentist specializing in anxiety. i’ve made multiple appointment over the years but have only been able to make baby steps to get the procedure done (the first time i could only go the the door and left). but these people seemed nice and reddit helped ease my nerves. now i want to give a realistic picture because that would calm me the best before the appointment they gave me the anxiety meds with 2 pills. they helped me sleep better than seriously ever good, and i felt anxious still, but like the anxiety could reach above my chest. it’s way better than the alternative ig 745: i get there with my husband 15 minutes early and try to pay the remaining balance (about 2100) with hsa. unfortunately they only have a card machine and can’t do account and routing numbers, and i threw away my cards because i would spend it if i had access. so i called both hsa accounts, and unfortunately since i called from my new number they decided to change my phone number on file without asking. whoops, we can’t let you pay online because your number has changed, gotta wait 24 hours. even though i’m here 820: the front desk lady tells me i have 10 minutes or else i will have to reschedule, and lord knows i barely made it here the first time. and i’m on the sleep anxiety meds they gave me so i’m really struggling mentally. somehow between 6-7 cards my husband and i scramble up the money. i will just get a reimbursement i guess. 830-1130 (i think??? this is where i lose track of time): i change, they take me to the operating room, give me a blanket. they are trying to stick me and keep failing. i really don’t blame them for this ive always been a hard stick but i usually don’t say anything at first because nurses or other health providers tend to get annoyed. after the third person and third stick i tell them i will not let you put it in my hand, but there should be a scar on one of my arms that if you stick it there you will get in my vein. idk how the scar has stayed so long but it works. i am talking about the art piece in front of me and then i go away. as someone who has been black out drunk and gotten drugged before, it really did feel like i fell asleep more than anything. except i dont remember falling asleep. 5-10 minutes before they finish: i wake up slowly. not sure if it was on purpose or not and i know i have been technically awake the whole time so i dont think they noticed. they just kept asking me to open my mouth while they put stuff in there. i tried looking at them to get their attention, nothing. tried moving my arms, i’m strapped down. try talking but i’m exhausted and there’s stuff in there and i’m very numb. i try to nudge someone with my foot and she looks at me and i guess that’s when i started crying. “oop she’s back!” and they are so sweet and trying to calm me while they finish and i understand why they didn’t put me back to sleep cuz they were so close but all i can do is cry while i open my mouth for them. finished: i am still crying while they take out the iv, unhook me from everything, and unstrap my arms. once i’m free i start sobbing. they ask if i need anything and i ask for my husband (he was probably outside smoking because they asked him to come back at 1030 and apparently he texted me at 1115). so this crying girl gets lead to a room and my husband comes in and i start crying more. that’s when i completely blank out. i really don’t remember anything else after he hugged me. apparently we stopped for canes cuz he didn’t eat and we didn’t get home till about 1 and all i know is we both went to bed. i don’t even remember walking to or from the car or going up our 4 flights of steps but i do remember laying on his face and drooling a lot. idk why that stayed but it was funny i’m thankful he stayed in bed with me. apparently i was crying a lot still and he didn’t want to leave me and he just fell asleep there. 5-530: i woke up, still exhausted but actually here. idk what woke me up. we talk. we have a little intimacy (great when i’m extremely relaxed). we decide on food and i got egusi and fufu which was the perfect food to eat apparently when it’s hard to open your mouth, and ice cream. it’s 9pm and i’m still really really drowsy and can’t speak loud or open much but it ended up being a better experience than i thought husband notes: (he is still learning english so i don’t get much detail from him) apparently i cried until i got to the car. i have some of my timing details wrong from when after 830. i looked really really sad in the car and didn’t talk (very unusual). i was also really sad when he took me home so he came to cuddle to make me feel better and it did even if i wasn’t fully aware. he also says he carried me to the car and picked me up and carried me up the stairs and stands 10 toes on this but i know that’s a lie because he 180 and 5’11, im 5’7 and 250, he couldn’t pick me up on his strongest day lmao i hope this helps someone like it helped me. i think im still quite afraid of the dentist after waking up before they were fully finished"
1t5v7u0,Weird sensation,I don’t know if anyone will have something similar to this but I’ve started taking fluoxetine again and I was having these sensation before I started taking them. But usually it happens when I’m eating and it comes out of no where and it’s a full body sensation where I feel a wave of anxiety and it makes it harder to eat/enjoy my food. I’ve had problems years ago with eating with anxiety and it almost makes it feel like I’m back there and I’m struggling again. I thought once I started these meds again this would stop but it hasn’t. I never used to have this before and I’m not sure how to get rid of it.
1t5umny,Anxiety relapse after sickness,"Long story short I’m 19 female and I’ve had anxiety my whole life. Full blown shaking panic attacks from the early age of 6 maybe younger. Anxiety got incredibly bad a couple years ago and I was put on medication which helped. I pretty much fully recovered from panic and anxiety attacks having not had one since I had started my meditation. Anyway fast forward to a couple weeks ago I got a stomach virus, since then my anxiety has been excruciating with multiple shaking attacks a week and general panic throughout my days. WHY? I was doing so well and I feel like I’m revisiting all my trauma from past panic attacks"
1t5twxc,panic attack?,i’m at work right now and i just got a really weird feeling in my body and it felt like i was greening out but i haven’t smoked or anything. This happened lastnight too. Is it a panic attack? someone please help😭
1t5trko,I don't think I can handle it,"I've had panic attacks and anxiety for about 15 years. Nothing too serious but they pop up every now again. The main triggers are travelling usually, but normally travelling with someone. I now need to travel with work in 2 weeks. Possibly only for 2 nights and I had been someway excited and apprehensive about it. Tonight, within the space of 10 seconds I went form being totally normally to a full on panic attack. I had to jump out of bed and just go somewhere. Currently lying on my couch trying to navigate through it. I genuinely don't know what I can do. I'm half tempted to quit my job, rather than having to travel. Genuinely id rather take the option."
