post_id,title,body
1t7za7o,I’m losing this battle,"I’m 26, and I’ve had depression since around the age of 14, and I’m losing this battle. There were times when I felt better, for a long time even. I went into remission. But unfortunately, I’ve once again discovered that no matter how hard I try, I can’t run from myself. I never had unconditional love. I always had to work hard just to hear a kind word, and I’m tired of it. I’m tired of having to be useful to be loved. I’m tired of working harder than everyone else just to get fired without notice. I’m tired of trying to fix broken relationships with my parents just to hold onto the hope that maybe one day I’ll feel loved by them. I’m tired of begging for basic needs in relationships and then constantly apologizing for it. Honestly, I would give anything to simply have never been born at all. For a long time, I’ve wanted to kms. I’ve fantasized in detail about different ways it could happen, where and when, but I’m too scared of failing and the agony I might experience. But I hope that soon I’ll have the courage for it. I don’t know why I’m typing all of this here. Maybe I just want to be heard."
1t7z7lq,"I'm 21 years old, I was assaulted when I was 9 and I still can't deal with it, I don't know what to do.","21M. When I was around 9 years old, my grown-up female relative sexually assaulted me. 3 years later, as a 12 years old boy, I was diagnosed with depression. I became socially distant. I didn't have any friends through middle school and high school, I still don't. My mind always tells me that I'm unlovable and that no one will like me, except for my predatory relative. I want to be understood, seen. I want to feel loved, even if It's only by my family or friends. I told about this to my (online) ex-friend, and he joked, calling me ''weaker than a woman'' for not being able to do anything against her, while I was a kid and she was an adult. I feel worse when I see comments about other men calling male victims ''lucky'', wishing they were in their place, asking if the assaulter was hot, saying that ''men can't be sexually assaulted by women''. This makes me feel pathetic, weak, dramatic. I hate my mind. I hate when people tell me to ''man-up'' and that ''nothing happened'' because my assaulter happened to be a woman. I hate that I have to hide my tears because people around me will think of me as a sensitive, pitful guy. I hate being depressed. I don't know what to do. Antidepressants aren't working anymore, I switched them 5 times over those years. I don't know how to not let my past define me. I don't know how to live properly anymore. I just want to be happy with myself and enjoy life. I'm still young, yet I'm done with everything--my family, the incident, my social life, everything."
1t7z5ac,If i didn’t have a kid i would kill myself right now,"i’ve struggled in my life, abusive relationships, cheated on, super insecure, one girl messed with me so bad i didn’t know what to do when we broke up we got back together and then oops we had a kid by accident, i found out she did all the shit when we broke up, fucked like 30 dudes, graphic messages with her and her friends, me and her don’t even have sex like that. messages like “he fucked me so hard i bled everywhere, the sex was great” i wish i didn’t have a kid with her, i feel so stuck and i just want to end it all, my life has sucked so much and has so much pain, i thought it would get better but it never did. my son means everything to me, he is so special and i can’t leave him. but i truly just want to end it all right now, i sit here with a gun to my head just to think about how it would feel. i’m truly so lost."
1t7ye72,I’ve lost my appetite completely,"I’m not hungry. I ate breakfast knowing how the day would be like and it made me nauseous (rice cakes with cottage cheese and jelly I regret it sooo much I still feel 🤢)I also had ice cream, trail mix, and milk with chocolate in it (not chocolate milk.. don’t make me explain it🫩) I really tried to eat but I just feel gross after. I know the foods are shit for me but I ate them for taste only because I’m not hungry at all and even if I was I can’t get out of bed. Honestly even the taste aspect I’m losing interest in, it’s not worth feeling yuck. I could eat healthier foods but I don’t want to. I don’t want to eat anything. I’ve been badly depressed lately. Always have had depression and dealt with it. Even thought it didn’t affect me anymore and I was good. Nope it’s the worst it’s ever been and I’m honestly not sure it will ever get better. I don’t sleep either. I pull all nighters or go to sleep really late and wake up in the afternoon. I feel hopeless."
1t7ydh5,Here I am again Fellas,I dont know what im doing here. I only know that im my bigggest hater. I drink nearly everyday and I kinda can not change it. To end it all seems like my best option. I only wanted to say goodbye fellas…
1t7yd97,I don’t know how to get past this,"This will sound small compared to what others are going through. I’ve had five friends pass this year, a parent had a stroke and are slowly recovering and on Tuesday I had to put my dog of 16 years to sleep. I hurt all the time, I keep crying and I’m scared if I let myself really cry I won’t stop. How on earth do I handle this without breaking entirely. What am I supposed to do? I don’t want to be a burden to people and I don’t want to cry so much I never stop."
1t7yb7d,How do I overcome my suicidal thoughts?,"I thought I was over it, but every night I keep thinking to just k!ll myself, Idk I feel so useless and I fvckin hate myself. I can't sleep. I want to sleep early huhu but there's always bugging me. I don't want to live this way, I'm really trying to be better but every time that I get to feel better, I'm always going back, I'm trying really hard to fight my thoughts. I've always wanted to die but right now I still don't have the courage to do it, there's still a little hope for me to not give up but there's a half of me that wants to give up, fudge Idk anymore."
1t7xmbt,I eish I was dead instead of my little brother,"I feel like no matter what I do, I always fuck it up. My ex hates me because I broke up with them but my 2 other friends keep wanting us to hang out as a friend group because it would be SAD TO BREAK THE GROUP UP meanwhile one of those friends is taking my ex to the coast for a vacation this weekend. My mother never cared about me, hasn't even tried to contact me since I was 3, I know for a fact that my grandmother who raised me doesn't give a fuck about me, my grandfather that did love me died from Alzheimer's while I was trying to take care of him. I just genuinely don't want to fucking be alive anymore. I have never felt more genuinely that the few people that do care about me do so out of obligation, and that I will never feel truly unconditionally loved again in my life."
1t7xkww,"I feel so stupid and unaccomplished, I feel like everyone hates me too.","Idk what I did to be so disliked it, if it is just me that is simply like that, I don’t know what about my personality makes me so unlikeable, but maybe it’s because I’m stupid. I see and constantly hear stories about how everyone my age is doing these big great things meanwhile I’m in bed, rotting, being useless."
1t7x836,I plan to kill myself before my graduation,"I am so sick and tired of trying. everyone in my life has left me. but i dont know a way to die that would be painless, nor do i know whats after death so im honestly scared. i already prepared some cleaning supplies for me to drink. and some pills to take. i plan today but im honestly scared, i know its probably the most painless, but i know pain sti comes with it, especially if i survive. i dont feel anything about graduating, i dont feel like i achieved anything. my hand was held the entire time because im slow, mentally ill, and having mental disabilities. everyone is scared of me. i make my mom cry because im so sad all the time o just cantd dlc it anymore"
1t7x5fy,whats wrong wit me bruh,"i got almost everything i rlly need in life i got a mostly good relationship i have almost no stress in my life i have so many friends, but this is the most alone ive ever felt and the most nhilistic ive ever been in my life, everything just feels so pointless, im not even like sad im just numb to emotion and have been for abt 3-4 months now nonstop, ive always been depressed since i was 3 yrs old but nothing ever as bad as it is now this is the worst its been in my entire life, i mean fuck what should i even do to fix it, everyday i just wake up, smoke, then lay in bed dreading the day to start, and i passively wish i would just die at this point"
1t7ww8h,I just need a minute to be sad,"Basically what the title says. I’m 25 f. I’m graduating with my bachelors in 14 days as a first gen. And I just need a minute to be sad about my life. I finally got to a place where I was happy. But then November it’s just been back to back hits. My dad is an addicts. And I went no contact with him in October 2023. But then in November he had a stroke that paralyzed him and just changed him completely. I love my dad so much and going no contact was such a hard thing to do. But there was always that hope that I will get my dad back. He was sober for 10 years before relapsing. And after the stroke that hope is gone. I’m never gonna get my dad back, who he used to be. Then in February I had to put my cat down at only 7 years old. This cat was my soulmate, my other half, and I have so many regrets. So as I’m supposed to have one of the happiest moments in my life, I have to celebrate it without two beings I always imagined to be there. And I just need to feel sad. Everyone around me is so excited and happy for me but I’m just not because I want my dad and I want my cat. To mourn never having my dad back. To mourn my best friend dying. To mourn the life I deserve after the shitty hand I was dealt. To mourn the feeling of hope. I just needed to get this off my chest cause I have no one who understands around me"
1t7wula,I dont want to live anymore,I am 24 abput to be 25 in a couple of months and it feels like my life is over. I dont have close friends. and I feel like Ive missed out on pretty much my youth because of my mental illness. It is so hard to make new friends at this age and people day it will only get harder. I lost my freindgroup at college. My mind is hell after a psychotic break. I wish I could kill myself but I cant because my father died and I cant cauas eanymore pain for my mom and brother but all I have everyday is suffering and Im tortured by my mind. I wish I could end it all.
1t7wqaz,I’m sorry duck I didn’t know what to do I can’t cope with it all.,This ain’t for anyone really as no one is interested it’s just for my wife who I’ll leave behind. I’m sorry I fucked up from the bottom of my heart I am sorry. I loved you before I even met you while we was talking I know you remember and felt the same. I remember where we fell in love in the kitchen my mind didn’t have any words and I just stared at you knowing your the one for me. I am sorry I fucked up I know I fucked up on a grand scale my whole life. I’ve always been a fuck up ask my family if they will talk to you that is always been the black sheep. I don’t want to do this and I don’t want to leave you but I don’t know if I can carry on and I’m sorry that I will burden you with this. I really hope the insurance will pay out and you can at least pay the house off and don’t need to worry about that. I am sorry I’m leaving you but I don’t want to be without you and this past 6 weeks has been the hardest in my life. You make it all better but I don’t think it will be okay again I am sorry I messed it all up for nothing. You are my world my beautiful duck you honestly are I have never been happier than when I’m with you. I just can’t cope anymore I’ve fucked it all up kids won’t see me anymore the family washed their hands all I have was you. All I had anyway I know this will break your heart that last little bit but you need to be strong. I know the moment I broke your heart and that hurt me more than anything I am truly sorry. I love you wife more than the world itself as you are my world I am sorry it will be this way. I don’t know when it will be but I’m sorry that I have to leave you it’s the best thing I can do now. I love you wife and wish it could have been different I could have been better for you. I am sorry to burden you with this it’s not your fault you loved me more than anyone.
1t7wm56,My parents want me dead,I have no one to tell this to but my parents have been the cause of my suffering and pain since a very early age up until now in my mid 20s. Always making sure i know im a burden. Ive thought about suicide for years and soon i will do it. Im finally ready for everything to be over. I have never been loved. Not sure how i made it this long but the day i do it and end everything i just want someone to know it was really my parents that killed me. I just committed the final act.
1t7wa4k,I almost let my teeth fall out due to depression...,"Finally went to a dentist after years of depression and being broke. I apologized for my teeth before they even did anything to them because I knew how horrible and neglected they were. The assistant said that if I had come any later I would've had a permanent condition called 'periodontitis' which can apparently make your teeth fall out. I also have to get two root canals, which is both good and bad news. Good only cause I thought I would need an extraction due to the damage, but I guess they're somewhat salvageable? The dentist said ""If you were 90 years old I would let this slide but you're not even thirty yet."" After they cleaned them my teeth felt so good that I genuinely teared up thanking them. Well that and I just felt so much shame from basically having my teeth exposed after years of neglect. After COVID I actually wore a face mask way longer than everyone else did just to hide my teeth. I didn't even take off my mask in my own home because I didn't want my family to see my teeth. But in trying to hide it I created more shame and fear around it being seen, hence I became even more unwilling to take off the mask. This was all such an incredibly emotional experience and I feel so much regret that I let it get that bad. But I'll make sure to take care of my teeth well now cause I don't wanna go through that or worse again. Just needed someone to talk to about this sorry. I genuinely hate this side of depression in me."
1t7vy5m,Is there a reason depression happens out of nowhere when there's no reason for it to be happening?,It happens when I least expect it and then it just ruins the rest of my day because I can't control it. I would say when I'm feeling lonely that can trigger it but I could seriously just be running errands and suddenly I feel really bad about myself for no reason. Time usually passes but it sucks to experience it.
1t7vvhu,How to quiet the demons,"So I (26M) have been depressed for a 6-7 years now. Recently it has started to increase. I have killed many versions of myself, literally smothered then to death. What remains is just a exoskeleton of sorts. Rarely, I feel happy and needed and useful. I have to be alive for my parents, after them (I truly hope they live a filling life), I can Go go, but till then how to keep myself together? Any suggestions? Background on me: I am pretty sure I fall on some degree of the autism spectrum. Grew up mostly alone. I have done ok in the terms of classical academics and am currently a PhD student, working in the sciences. I will pass as a decent NPC in anyone's life, but not of extraordinary importance I think. I am skinny fat with every year bringing new challenges in health. I have never found a GF or anyone truly close. All the where I try to find some meaning in my course of life, say some achievement in career or personal life, I literally can't find jack shit...while my peers are winning in some aspect of life. It's not that I totally feel useless, it's just that I really try and try. I need some suggestions on how to keep going, because I need to."
1t7vkil,Bad life and not enjoying anything,"My life is literally pretty boring and everyday is the same , I can't seem to make any progress at anything, work is annoying and making my mental health so down, parents controlling everything even tho im 24, no girls in life , no friends irl, I keep feeling bad and angry always im not liking anything at all , ifk what to do with my life , I started gym again and thought maybe ill get better but still the same, I swear I just feel down all the time and got no one to talk or spend time with, I would have went to ride always if I had a motorbike but as I said my father controlling me always and wont let me get one, I hate my car , im not a car guy, done 2 tiny crashes with it and hating it more and more."
1t7vbob,I feel like my life has stalled,"I feel so numb and empty right now. I just got back from a trans support group where I was hoping I could get some support since I'm unable to access HRT. Instead I didn't feel comfortable sharing because everyone else was well into their medical transition. It was a small group for trans men and I was the only person with a visible chest. Some may have been binding but some also mentioned their top surgery and others discussed how well their HRT was going. I'm happy for them but I also feel so alone. I don't want to go into details but my situation is very unique. I feel like there's no way for anyone to understand me and it would be too much to explain to anyone but a very clsoe friend anyway. I'm already doing all the steps I can take to improve my life plus mental health and eventually access HRT. Unfortunately it also involves a lot of waiting around for paperwork to be approved and there's nothing I can actively do in the mean time. So, my life is just on pause. I wake up, eat, do dishes, scroll on my phone, eat again, go for a walk or do some light exercise, watch YouTube, maybe read a bit, eat again, more dishes, more scrolling, sleep and repeat it all the next day. All while dealing with dysphoria so bad that I mostly dissociate with the occasional angry/sad outburst. Any time I do open up to people in my life the best I get is ""wow I'm so sorry for you. I hope things change soon."" After I just got through explaining how long it's going to take for anything to change. It just feels so invalidating."
1t7v12s,For my case. which professional is best to consult first: a psychiatrist or a psychologist?,"For anxiety (GAD), existential frustration, OCD-related negative thoughts, and feelings of emptiness, which professional is best to consult first: a psychiatrist or a psychologist?”"
1t7uuse,I wonder if I ever can handle my loneliness,"For many years I wasn’t able to start a relationship, because of many reasons…. Long time I pushed it away…. But now I also got depression…, and now it hurts so much"
1t7usag,Insert creative Title Here (IDK),"I don’t even know why I’m making this post. I don’t know if it’s because I’m bored or because I’m lonely, but I guess I just wanted to come on Reddit and talk about something. I guess I’m just so numb lately. I’ve been taking my Lexapro forever, 20mg, and I go to work every day at a job I really like. I mean, it’s not perfect—nothing ever is—but I feel like I’m doing everything I’m supposed to be doing. I have a job, I have hobbies, but everything seems like the same day over and over again. Everything feels so monotonous, boring, and mind-numbing. Everything goes so fast and so slow at the same time. I don’t even feel like buying anything because it doesn’t make me happy anymore. I used to be really into Pokémon cards, and now I don’t want to be the loser at the store buying a Pokémon pack because I don’t want other people to think poorly of me. I feel like I’m basically just falling through life. I don’t know what I’m doing. I’m only 20 years old. My husband’s deployed and in the Air Force, and I don’t know where he is, when he’s coming back, or how long he’ll be gone. I’m not exactly lonely, I guess, but I just feel so much of nothing. I don’t understand it. I’m not sad, and I don’t want to kill myself, but I’m not overly happy either. I smoke weed on the weekends sometimes, and I used to drink pretty heavily, though I haven’t been doing that as much lately. But it just doesn’t seem like anything makes me feel like a person anymore."
1t7ur81,"I want to commit, but I don’t wanna die","I’ve attempted to kms one time, but I was young (11) and stupid and did it with melatonin, I threw up and I was fine, so I don’t know if that quite counts. Anyway, I’m older now and I genuinely believe the only way out is dying, I do still wanna experience life, and I’m upset I won’t get to do some things but mentally I cannot handle to much more, I want to die, I have 1 way I could genuinely just die, and it’s because my someone in my family takes morphine and I could easily OD on it, but the thing is I don’t wanna die. I don’t know how to explain it, I want to commit suicide but I don’t want my parents to just find me dead on my bedroom floor, it’s too disappointing and I’m already a big enough disappointment, but I also don’t wanna live through an attempt, because then I have to talk to people about it. I wanna die but I don’t want to die but if I commit I don’t wanna live or die."
1t7uouu,Worst years of my life,Well to start this off i am not suicidal but i do hate everything about me and forgive me for how this is structured im just going to yap about everything ive been thinking about with some stuff removed. Well starting off 2 years ago i started freshman year in a wheelchair with a nurse always by my side before freshman year i had looked fine to other people except the fact that i had a slight limp that i was not aware about until someone asked me about it and i brushed it off. Those days were after my leg surgery which i was trying my hardest to hide but it was hard because i was always tired after walking and i could not run and jump( i remember a day where i was extremely tired and my feet hurt like hell but the teacher told us we could go outside if we were all not busy but even though i was not i pretended like i was just to not have to walk more sry classmates) but anyways i made it through the school year misrably then i had to get heart surgery because i had a small hole in my heart since birth and they fixed it but they made me sleep with a ventilator at night so i started the next school year with another problem not being able to breath that well and i would get tired fast even faster then last year and then in the middle of that year as i was barely managing the doctor said i need my vent 24/7 and i was homeschooled the rest of that year. Then during the summer my doctor made me get a tracheostomy which is basically a hole in your neck which you can put a tube into and breathe so it does not cover this ugly face of mine. Because of the trach and vent i was also (omg ive been yapping for a long time) put in a electric wheelchair and was not allowed to be alone for long periods of time hence i had a nurse for school (im not going to get into detail but alot.of them quit for personal matters not because of me ) and i started my freshman year and it was horrible (also i got fatter because i ate the same as before surgery after surgery and i guess i was using alot of energy beforr because i rapidly gained weight) i had no friends no one would talk to me i was always alone during group projects and stuff unless the teacher put me in a group i stopped going to lunch because i did not want to see people and instead went to the library parked my wheelchair in a corner and read (i read so many books that year also thank you librarian who i will not be saying the name of) anyways i was extremely sad and lonely though i did not ever show it (i dont know why i keep using past tense even though its still like this) and no one really tried to be friends with me and the only highlight of my day was this girl i knew in 7th grade saying hi to me everytime she saw me (i know i know im weird but understand that this was how sad and lonely i was) and i could barely say hi back then that year was over and summer passed and sophmore year started and it is the same as last year except worse and i stopped going to the library (and the girl got a bf and stopped saying hi as often) you know what i just realized i have not had a friend since 5th grade. Anyways the next new highlight of the day was another girl but she does not talk to me often but when she does she does it like im anyone else its kinda weird but i look forward to it (i know ) the last time they talked to me was asking if i want goldfish(random as hell and who carries around a big carton of goldfiah?) I said no because im a nonchala... yeah just throw me off a cliff. Anyways that leads me to now a week before school ends . Im sorry i yapped alot and left out a lot of details but yeah now i have to debate whether to post this or not. Please no hate and stuff
1t7uk5v,Toke gap year from highschool couse of depression now planing to go back but still feel that old fear,Hey so idk how do u say this it's my first time writing this so I was meant to graduate from highschool in 2027 but in 2025 i dropped out of my highschool at the time course of loneliness I mean I do have friends but they were drifting and also my home family environment was also weren't that better my mom and dad often fight about things at point I used to think why can't they just devorce if it's so bad i grow up seeing abuse and also got bully by an dads boss childrens i remember once the bullies once hang me into the edge of an top balcony and left me I was 7 when that happen and what the fact was my parents were right below and they could hear me but chose to ignore it and even the bully parents pass by and told not to do it just and says leave that filthy kid as I was growing up I used to be more open and cheerful but idk what happened even my relatives my uncle from my mother side notice as well his the only reletive I truly consider a family his always been good to me and he also notice am more quieter and silent then before as I grow old eventually the bully family got transferred and well but one thing that teach me is money and power is something u need in this world and go back to my school many of our teachers who were actually good got transfer and appointed substitute teachers who are to fullfill an quota for job I guess and our home room teacher he was an total dork didn't know how people act and even openly shout and bully other even me infront of others and even about the way I was or I am or money I hated it and things got so bad i lock myself in the room people talk bad about me I still in contact with few of my friends I do say but most of the past I cut contact with them I locked myself in the room and haven't gone out I only have been out only three times in the whole 1.5 year and I hate my dad once am capable I want to cut all ties with him and even I hate what the person represent I lived with my mom in an apartment now am about to go to highschool after this long time am conflicted and tired by things couse my past school was total shit I wish I have left earlier but still got few true friends idk how am I gonna go through this things again of will I be capable to my dream is to become an animetor and in those isolated times I been learning arts and loved them which is a whole new world my only way of truly know world is internet and art what's makes me happy now I plan to improve myself and still I have that old fear i truly want to change its also sometimes it seems like I am a curse or something which lead me to think if there's something good I never be happy to much couse I think if I will be happy too much I will have truly bad things k I been yapping for too long k that's it.
1t7uh0t,I'm just tired of living,"Hello everyone, I'm a 39M and I'm 650lbs. Yeah, you read that right. I'm sitting here laying in bed feeling the effects of my sleep medicine that helps me fight insomnia. I just am reaching out to the world. I have been bed bound for over a year and pretty much immobile. My hygiene is non-existent compared to what it once was. I'm not looking for sympathy, I'm just painting a picture. I just wish I didn't feel the way I do inside. I feel like there is this dark passenger in my heart. It appeared in my early 20s and made its home there. I only see life through that lens. I know what is my fault and what choices made along the way of this life have led to this moment in time. I look at pictures of my youth. Looking into my youthful eyes I can see the light that once was. Now just a dead man in this prison of flesh waiting for his sentence. This feeling I have when I reference this dark passenger comes from inside my chest. I don't know if it's my heart. I don't know if it's my soul. Nevertheless it stays with me daily. It's with me when I wake and with me as I lay. It's the reason I cling to my vices. For some moment of relief. Yet it's also the vices that add more strength and power to this dark passenger. I wish very much so to get rid of or remove this darkness, but I have been unsuccessful in these 20 years. I just would like to not go out like a candle whose wick is quenched by the melting wax. Sorry for the post being a little weird. Also, sorry for the grammar I never graduated or went to highschool. I just wrote from the heart. I just wish I wasn't depressed anymore. I've tried counseling, medication, and other therapies. I just am tired of waking up everyday and wish that when I woke up things would be drastically better. If you're still reading at this point thanks for sticking around."
1t7u7gb,My dad abused my pets in front of me and I can't get it out of my mind.,"I can barely cope with this. Sometimes it can be so traumatic, just to watch a video of a cat being cute or to see a cat out and about and remember what happened. What this man did to our poor kitties. What this man normalized, when I was a small child. This man also joked about his father punting a cat. He is such a disgusting person. I can't own pets now, because the trauma is too much."
1t7u67b,I am tired of living in constant pain.,"I have suffered neck pain and shoulder pain for the last 4 years. Constant dull and achy pain in my neck and shoulders, to the point where I can't be active at all. I am 24 and I feel 64. In the beginning, I started to feel small shoulder pain that did not go away, and now it's constant neck and upper shoulder pain. I don't remember what it feels like to have no pain and a full feeling in my shoulder. I am on 5 medications, and none of them are working. I am on the highest dose of hydrocodone, and I take hydromorphone during the day. It worked fine, but now I don't feel any relief. I just take it because it is the only one I got, and I am tired of begging my personal doctor to climb a painkiller tree. The pain began in 2022, and I got multiple MRIs in 2023 and went to a neurosurgeon (all the ones I met are rude), and he turned me down and said he could do nothing. I got pushed and milked through the medical system by going to 3 different physical therapists, undergoing multiple tests, undergoing multiple mini procedures, and getting multiple different referrals to different doctors. I went to 15 different doctors, from neurosurgeons to pain specialists. Nothing worked, fighting my insurance for every little procedure. As time went on my neck would crack more often through these years of trying to relieve it. Fast forward to 2026: the pain was awful, and we decided to get another MRI, and it showed pressure being pressed on my C5-C6, and we decided to go back to the same neurosurgeon, and he finally said I was going to get surgery. I wanted surgery through day one but never got it until the pain was so terrible I was on the brink of ending my life. I got a ""C5-6 ANTERIOR CERVICAL MICRODISCECTOMY WITH STRUCTURAL ALLOGRAFT AND PLATE FIXATION,"" and they said that relief could take 6 months to a year if it does. My neck and shoulder have been frozen stiff for 4 years and have only brought dull and achy pain that only got worse with physical activity, and if this does not work, then I am done. This has affected my relationship with my family and has affected my ability to find a romantic partner, because I have this bagged. All I think about is relief, and I think I am only going to get it when I am dead. I had a checkup with the neurosurgeon that did my surgery and asked if this will help, and he said he did not know and said that my neck was bad for my age and it is possible to have other problems in the future. I just don't want to continue with life. I have pushed this far for my family, but I am not dealing with this pain for another 4 years. My worst fear is dying alone and only having pain to comfort me. I would rather die young than live with pain until I die old. I am sorry, family; I fought, but the pain won. I am going to give it three more months, but if it does not get better, I am out. I just had to vent here, because every time I vent to my mother, it hurts her because she knows she can't do anything. I see all my friends and classmates thriving, and I am surviving; I am tired of it."
1t7u26m,I don't have a gut to tell my mom,"This morning my mom told me, like any other days. All I ate was bread and instant ramen. She said I could've died eating only those. I wish I have a gut to tell her 'I wish'. I gave up on myself for a year now. I stop doing skincare, Stop talking to people(Although there is my boyfriend who don't know a thing.), stop caring about when to sleep, what to eat. I still shower and go to work though so my parents won't worry about me or shouting at me. I was a star(singer, actress). But now I'm nothing. I hate who I am. Who I become. I hate everything about myself from the start since I can remember. I wish I have a gut to tell my mom I don't really care about malnourishment. If it can give me the dead I want but don't really brave enough to do it myself then, good. I'm a coward I know. And I hate it too."
1t7u03t,I hate myself for not being beautiful,"I'm 28, transfem. My hips are too narrow, my chest and shoulders too broad. Head, hands, and feet too big. Face too masculine. If I'm lucky, people might see me as trans and not an offensive cross dressing stereotype. My hope of being perceived as a woman is none. I want to be pretty. I want to like the person I see in the mirror. I want to be wanted. I walk around and feel like everyone is staring at me in disgust. Like I'm some grotesque monster pretending to be a woman. I hate my body. I hate myself for not being skinny, not being feminine, not having the right reproductive organs, not looking like a movie star, not sounding like a pop star, not fucking like a porn star. I cry myself to sleep and live in isolation. I sleep most of the day because in my dreams I'm beautiful and happy. I'm sure my therapist is tired of hearing about how much I hate my body, and I'm tired of hearing ""people come in all shapes and sizes."" I'm not enough. And I don't have anyone close enough to confide in. I need a hug. Not the fake hugs you get from family, a real deep hug, the kind where you can feel your muscles untense. Though I'd never ask for one, because I'm repulsive."
1t7trm9,I’m too scared to die,Hey guys I know most of you won’t care because I’m pretty young so I don’t know if this feeling is temporary but I’ve been wanting to die for a few years now and I’m currently 16 I’ve attempted probably around 3 times and right now my depression feels really bad because my partner left me 2 months ago and said really hurtful things I just feel unmotivated and feel my life isn’t going anywhere I’ve also been trying to quit vaping sometimes I don’t understand why I feel the way I do why i just cry almost everyday sometimes it gets to a point where I beg for someone else to take my life or pray for something bad to happen to me but I’m just scared to die because of the pain I’m fine with a light burning pain like when I cut myself or whenever I scrape my knees but I can’t handle intense pain like burning myself with a lighter I’m not sure what to do about my feelings because my two close friends don’t know how to handle suicidal people or depressed people so I don’t wanna bother them but everything in my life is getting super overwhelming now the last two months of my life have been hell and all I do is think about taking my life any suggestions will help any pills I can get to feel better with out being prescribed will help me I just feel so alone and I need something that’s not temporary to keep my happy or distracted from these thoughts because I don’t want my family being sad and if I tell them about my problems they’ll probably feel really bad about themselves and I truly hate hurting people or seeing them upset because of me when I’m not worth much I’m willing to pay for anything to keep me happy so I don’t bother people around me.
1t7tew6,I can't even tie a tie properly,"Going to a friend's engagement party tomorrow, and despite the recent struggles I've been dealing with, the least I can do for him is to go looking nicely dressed and presentable for the occasion. I'm 29, and I've never been able to tie my own ties. I've been trying to learn for the last 30 minutes, and no matter how many walkthroughs or video guides I look up to help me, it's as if my dumb brain is refusing to take in any of the information I'm looking at, and I fail every time. It feels like I'm fighting a 3 way battle between my hands, my eyes, and my mind. I'm not sure if it's because the depression has been rotting my brain, but I just feel so pathetic and stupid that I just want to give up and cry. My late dad never taught me any of this stuff on how to be a man, and I've lacked male role models in my life in general that could help me with this kind of thing. Even so, I know it's my fault for not learning sooner, but it still feels so frustrating regardless."
1t7swir,"I don't see how I ""won""","Within my sphere of influence recently, there has been more commotion about how surviving suicide is a win ..but I dont see how it is. I first had thoughts that I wanted to die around 8-9yrs old. And now at 30 I still have days where I pray for death. Ive had many failed attempts so I i guess I just gave up on active attempts....though I fear I'm reaching a tipping point and might just get impulsive. I dont understand how continuing to live a life that I knew I never wanted to live is winning? I just wanted to be wanted but I'm constantly reminded that Im not really desired and that I'm likely to die alone...why are we celebrating prolonged pain?"
1t7srci,Pulling yourself out of it,Struggling to even find the motivation to write this post. How do you pull yourself out of it when you’re just down in the dumps? I know some things that work for me and normally I do those things and I feel just enough to get me going. But lately nothing brings me joy.
1t7sr56,Im sad cause im not satisfied with my life.,"I feel so sad and lonely. Ive been single for +5 years and i was once married. I have 1 kid who will most likely never have a sibling. Im not very close to my parents nore my siblings. I dont really have close friends. My job is meh. Im not in my best shape although i have male attention once in awhile. I have crippling anxiety. I feel unimportant and useless. Nothing makes me happy. Everything i do i see a negative side of it. Im never satisfied and Although im not poor, im far from rich and far from the life i envision when i was a little innoncent girl. I feel like I failed at life. The only good thing is my son who i love so much its undescribable. I dont know what i would do without him. But everything else is bs. I dont enjoy life. I just wanted to share my heart. To help me maybe see clearer by writting here. Thank you."
1t7smto,What happened to me,Does anyone else feel like their brain is just being squeezed constantly where you can't think properly or focus properly. I can't even have long conversations anymore because my brain is just so tired. I want to sit down and talk to my therapist or family but it feels like my body is just giving up on me. I have had depression for a long time now and it honestly feels like no matter what I do or try to do to to help it just does nothing. I don't know if it is possible that some people just cannot feel happiness but that's what it is starting to feel like for me. I am just so tired.
1t7smsz,34 Nb furry feeling down,Hi I'm really struggling tonight and could use some support I'm feeling suicidal and don't know who to talk to. Ive been making new friends recently and none of them have stuck around I feel like I'm doing something wrong or something is wrong with me please help idk what to do anymore.
1t7sls1,I feel alone,"I'm 17M I have nobody to talk to. I've been bullied in school a lot. I have no real friends other than.. like 2 people. I have been diagnosed with clinical depression. My parents hate therapy and refused to let me go back to therapy or any form of counseling. My mother has called me a disappointment multiple times, resents me and only keeps me around the house just so she hopes that i study and become successful, and share my success with her.. or so she can gloat about her son's success to everybody. I have no girlfriend. I've never had one. I've been rejected more times than i can remember. I tried working out. It always falls through everytime i go back to school. I have a life changing exam tomorrow that i'm certain to fail. I have a family member that died recently. I couldn't cry. People have been asking me if i even cared about the person. Even my mom asked me this. I feel like killing myself every day. I just need to have a happy day."
1t7rtq6,Feeling aimless rn (vent),"Recently took a neuropsychological assesment and got very very low scores (the psychologist told me I scored 79 IQ in total yet she did not write it in the summary) I can't seem to find anything I'm good at, I struggle to learn even basic things (I would like to learn how to make music). I grew up with autism, I was not that good in school but I tried my best. I ended up in a vocational school (I live in France and they suggest you to go there if you don't succeed in classic route) and I dropped out because I did not like it. Social anxiety is making me feel like a subhuman and I need to fake my personality and act cool to protect me from people's wrongdoings... I can't study what I would like to try since I'm a retard. My mother is facing another divorce so we're waiting for yet another temporary accomodation because she doesn't have enough money to buy or rent a house. This is so exhausting. I feel stuck and incapable to amount to anything meaningful. All I do is listening to music, sleeping and not eating enough... Every day. If you ever recognize yourself in this, how do you deal with it and if you managed to get out of this lifestyle, how did you do? That's getting harder everyday and I feel like I should not feel like this since I don't have cancer or any really bad disease neither lost a loved one, I feel ungrateful for that."
1t7rsmf,I feel like my low spots are getting really dangerous. NSFW self harm,"I relapsed. I went 5 years without cutting. 2 months ago I broke my streak. Two days ago I gave in and cut myself in different spots and I heavily contemplated taking my gun out cause my parents triggered me.. implying it was my fault I had a difficult time in school when I am suffering with adhd, neglect, abuse and whatever else I have. When socializing I try my best to be a good person, funny, show I’m interesting and what not idk but when I’m alone sometimes I enter a cavern and I just feel so unseen. My friends never have time for me outside of work or the gym. I am completely capable of making friends, getting a gf and having awesome relationships with people. I’m attractive, I’m in good shape but it doesn’t matter. Why am I destined to be this way? I want to go to a bar and socialize with people but I don’t wanna drink and drive. So I drink and or smoke alone. I’m so lonely but it’s not like I don’t have access to people. It’s like staring out a one way mirror. I want to scream until my lungs are shredded or lay in a ditch motionless and silent until I become one with the earth at the same time."
1t7rrq6,It's always a struggle,"Until I left for college my dad yelled at me everyday for hours on end. He beat my mom and I got punched once in a while, even choked. Mom didn't want to call the cops because we had no money, so she kept him around. Horrible environment. I was lucky to be extremely book smart and got out with a scholarship. I have an amazing career and am good monetarily, but not a single person cares about me. I couldn't connect to people in my teens and 20s because I was scared and awkward, so I made few friends. I was fundamentally just a weirdo and closed off, I dont blame people not wanting to be my friend at the time. I went to therapy, mostly fixed my awkwardness and even got a partner. I learned they didn't really care about me the way I thought they did. I ended up putting way more into the relationship and when I needed them after I had been there for them so many times, they couldn't show up. I broke up with them, moved, then discovered I have a rare condition that can kill me or at least hospitalize me multiple times a year if I'm not careful. It's called hereditary angioedema. The medication isn't covered by my insurance. Best part is the trigger is unknown. I'm just so tired and lonely. I feel like I'm playing life on hard mode and I don't even know why I bother trying. I've been struggling for so long I can't imagine another way of being, but I wish I could stop everything and just turn off."
1t7roii,I wish people could know how I feel so I didn’t have to tell them,"I know it’s a stupid thing but I really struggle with saying some things, especially with how I feel. I wish people knew how I feel without me having to say anything, I’m way too scared. I’ve been struggling with really bad depression and suicidal thoughts for years and it’s not really hard to tell at all imo, I think my family just doesn’t notice because it started when I was young and they just think it’s how I am. I’ve been feeling 10x worse recently and I’m trying to just give out hints or anything to make people notice but it just doesn’t work. I desperately just want one of my friends to ask me what’s wrong or something. I couldn’t even bring it up at all to my family, they’d have to just straight up ask me yes or no for me to reply, and I still probably would be too scared to tell the truth. I’ve never told anyone how I think and it’s just hard. Its also caused me to get really angry very easily, so my parents just think I have an attitude."
1t7rkon,i want to hurt myself,"i miss my best friend, my household is really stressing me out and i have no one to vent to. i miss her. why am i such a fuck up. i want to die."
1t7rjfz,last chance,"i'm 25, 26 in july. im very pretty and i hear it all the time, im high i.q and i hear it all the time too, nothing of this makes me feel better. so i've been depressed since i was a kid, my mother killed herself when i was 1 and my father... well... he married again and had another kid and i don't fit in his family anyway. i tried suicide 5 times i guess, one of them i died and doctors ""saved"" me, damn. i had really bad relationships, i've been in bad places, overdoses 2 times, i was cheated and rapped on my last relationship and this ended me, i've always been clear about my trust issues and he knew that cause he tried to been close to me for a year or two and i give him a shot, bad idea. i feel its my fault. my best friend moved to another country, i knew him since i was 12 and i feel so alone now, i feel i became another person, like im dead already, i don't like anything i liked before, i try to draw and watch movies and series and all this shit i liked before even i was depressed too, but nothing feels good anymore. i'm trying to stay clean (drugs) but its feels shit too so i will give up cause whats the point? at least when im high i feel better. i hate living, it's not like suicide was a option to end my pain anymore, i really feel my life is over and i lived what i had to live, i don't like to get up of bed, don't like to work or study, i do because there's no other way in this fucking life, its really not my thing, i don't like people, i cant get close to anyone who tries to get close to me im just not interesting in humans. i love animals, i love my cats and my bunny, but they will be fine. when i sleep i have really bad dreams and i wake up feeling like shit, i already take meds for my sick brain since i was 12. i survived child abuse, really bad negligence, etc. i dont think i will feel better someday cause i never did till now so fuck it im the only one living this fucking life i have all the rights to be dead. so i will give my life a last chance till im 27 max and i can prepare a good no way back suicide cause my body its immortal or something."
1t7rc1m,End of the the game,"Slowly I'm beginning to believe that we/I am living in a simulation. It kinda makes sense the more I read about it. If this is the case, then I can honestly say I don't mind ""ending the game"" I have experienced almost everything I wanted to. I am content. Nowadays I am just going thru the motions of life. Not thriving, just surviving."
1t7ravl,I’m just so tired,"I’m tired. I’m tired of feeling like it’s my fault. I’m tired of feeling like I could’ve done something. I’m tired of feeling tired. I’m tired of feeling sad. I’m tired of not crying until I dont feel anything. I’m tired of not being allowed to feel. I’m tired of nobody believing me. I’m tired of never feeling like enough. I’m tired of hating myself. I’m tired of hating how I look. I’m tired of seeing her. I’m tired of not being able to say anything. I’m tired of being scared. I’m tired cus I can’t sleep. I’m tired of everything. I’m tired of feeling like I don’t matter. I’m tired of having to constantly watch what I say. I’m tired of always having to read people’s thoughts. I’m tired of having to predict people’s emotions. I’m tired of creating fake scenarios in my head just so that I might be ready for something that may or may not even happen. I’m tired of having certain thoughts. but yet it keeps fucking happening. I just need to vent ig. idrk. if you read all that tho, thank you and just know that this random girl on the internet loves you even if she can’t love herself <3"
1t7r269,Is there really anything to keep going for?,"I’ve struggled with depression, anxiety, and complex medical trauma. I don’t really see the end of the tunnel anymore, it’s all darkness, no light. Is it really worth it anymore?"
1t7r0o8,Severe depression while parenting teenagers,"Starting about a year ago I got hit with chronic severe depression for the first time in my life and i’m in my 50’s. I have severe depressive episodes more and more lately. I’ll be fine part of the day but then just feel paralyzed and almost catatonic and so sad and hopeless. I’ll tell the kids my stomach hurts and go lie in my bed for hours. If it’s afternoon, I’ll go up to bed and not come back down till morning. I’m trying to get some help. Made an appointment with a physiatrist and then went on the wrong day and can’t get more time off work for a few weeks. (which also set me off) How honest should I be with my teens? (17&19yo) My depression makes them so sad and I worry a lot about enmeshment or like messing them up by making it about me. So I often tell them I’m having stomach problems but I know they know. Tonight I’m in bed since work got off at 5. And they keep texting me things they need help with. And now it’s almost 9 and I just CANNOT! I can’t get up. I can’t deal with them. I can’t stop crying. I don’t know what to tell them."
1t7r0h4,I am no longer depressed but mad about everything,"My mother died from cancer 3 months ago,I'm not sad. I am mad at the whole My mom loved her life and wanted to live but she died. 3 months later and well...being alive is just a fucking punishment. There is no reason or purpose about my existance,must of my goals are already fucked up (I wanted so bad to become a pro wrestler but I already had two patellar dislocations before hitting 20 years!). ""So why you just don't die and stop crying?"" That's the other problem my mom didn't die just so for his stupid son to kill himself. I am no longer depressed,I am mad,because I have the mission to live a stupid life I hate,but at the same time I can't give up. I don't want friends,a stupid girlfriend or whatever the bullshit I used to cry before. My anger and dissapointment are totally valid,because while others have the live of their dreams I have to fight a fucking hell for the rest of my life."
1t7qpi2,I struggle to care although I really want to. I have no motivation or energy to float through life.,"I dont care anymore, simply, i want to care but I cant. Exam season too its tough, adhd preventing me from revising anymore than a day before an exam that i cant even bring myself to give a toss about. Life is hard for no reason and people are difficult . I don’t want to meet new people because I feel that I am more likely to be let down than get anything out of it. I enjoy the company of myself and a few friends, I hate some people I live with and am fed up of not beng able to move freely in my own home, which is somewhat representative of how my mind works, I reside there but have little freedom, comfort and control. I am always being vigilant in case of invading conversation and thought. When does the life I was advertised begin? Or will I never get that? Is the temporary nature of happiness designed not to last as long as the inexplicable sense of guilt, shame, embarrassment and tiredness I feel with every step i take or thought I create? Is there a purpose for me or was I born to go back and forth mentally and physically. Its so tiring being me, a privileged person with, on the surface, little to worry about but the battlefield that is my brain."
1t7q5wc,I hate but love myself so much.,"I know who I am capable of being. I fully know that I can be so smart, outgoing, capable, intellectual, knowledgeable, strong, selfless, cute, bubbly, confident, sexy, loving, compassionate, hardworking, funny, etc. But day to day I am living with the version of me that is anxious, insecure, uncomfortable, depressed, frustrated, stressed, unreliable, confused, exhausted, scared, and subdued. I love who I am as a soul and human being, taking my whole life into account. But I f*cking hate who I am as a living person right now."
1t7q1tz,Crawling out of my skin,"Does anyone else get sudden urges to crawl out of their skin or like they want to peal their skin off? I don’t actually want to do this but I legitimately feel like I could jump out of my skin. It’s such a weird feeling. I’m recently coming off meds so maybe that’s it but I don’t like it all and I’m wondering if I’m the only one who experiences this. I have depression, anxiety, and ocd. Idk whats going on because I’ve never felt this feeling this intensely."
1t7q1ji,Had a public outburst while with family and I need support,"I finished my second year of college today, and to celebrate my parents were going to take me out to dinner. I was already feeling pretty rough as we got there. My mom noticed how off I was acting and that I was obviously feeling depressed, which led to her starting to silently cry. I saw this and bursted into tears. I left to sit outside on bench, and after a while my dad came out and asked if I just wanted to go home. I said yes and he went back inside. After a few minutes my mom came out and said she was hungry and that they were still going to eat even if I didn’t. I had already stopped crying at this point but her saying this led to me to start crying again. She went back inside even as she noticed I was crying. I impulsively scratched up my forehead, which led to some light bleeding. Luckily this wasn’t noticed by anyone as my bangs were in the way. I apologized for the outburst after everything was done and we were in the car ready to go home. My mom said it wasn’t my fault for feeling emotions and that she was crying earlier because she felt like nothing she did for me ever helped me. For context, she known what my mental health struggles are, and I had opened up to her about some of the worst aspects of it were a few weeks ago. I’m beginning to regret that descision after she said that. I’m not sure what I want out of this post. I guess the reason this is a big deal to me is because my relationship with my parents is normally pretty great, but I feel like they handled this really poorly. I tried to present the situation in an unbiased manner though. I don’t have much of a support system outside of my parents, so I guess I’ll settle for support from strangers. Also sorry if this wasn’t written well. I wrote it pretty quickly and while in a bad mental state."
1t7pzj5,Sometimes I can’t stand being around my own family,"Just talking or listening to them to them makes me feel like I’m losing brain cells. I don’t even see the point in even opening up about my problems to them, since these idiots clearly don’t know what they’re talking about half the time. They act like apes half the time and it’s obvious that they don’t understand shit about what it’s like to have mental problems. “uUmM, bUt YoU aCt LiKe ThIs SoMeTiMeS aNd YoU sAy ThIs…”. My god, it doesn’t take half of a fucking brain to understand that’s not how autism or how social anxiety works. It always feels like my mind is always working against myself and I hate it, but these idiots are too retarded to understand or comprehend that. And it’s not like the damn psychologist helps either, since they clearly don’t know shit either. I don’t know anymore, I just want to lock myself in my room and starve myself to death. Family is too stupid and professional help is bullshit."
1t7pvq1,I’m done with everything,"I have decided that I’m going to take my life tonight. I am done fighting. Everyone tolerates me, nobody loves me or appreciated me for who I am. Nobody really cares if I’m around or not. I don’t really have anyone to turn to. I feel like I’m just a burden in everyone’s life. I feel empty on the inside and there is nothing that I can do that will fill that void. I’m so done. Life is too hard. Everything is expensive and all I do is work to afford the bare minimum. I’m always in survival mode, I’m not really living. I’m just really tired and I’ve had enough. I don’t see a way out of this dark place I’m in and I’d rather be in peace. There is no changing my mind. I know it feels like I’m complaining, but i just thought I’d vent to random ppl since the ppl in my real life don’t give a f about me and what I have to say. See you all on the other side."
1t7pcrg,Im losing it again,"I (21 M) was doing so well. I was feeling.. good. I found out I have a free ride to the university I want, I have a part time job where the majority of my coworkers like me or even get along well with me. I finally got out of a tumultuous era with my parents (who I stay with). I was content with the friends I have, which is few but its better than it could've been. Thats how it always is, I get 2 weeks of happiness when my meds work and then things go to shit. It probably would help if I took my meds more regularly... I had an uneventful day, nothing really bad happened. And yet, I can feel myself slipping. A guy I matched with on a dating app introduced me to some gambling app and I see why its so addictive... and dangerous. Ive deleted it after some poor decisions. But not redownloading it is becoming difficult as well. (God i dont need a gambling problem, thats the last thing I need when im trying to save up for ownership of a car. ). I hinted to my aunt that I I was becoming more irritable and she stated that I might need a vacation. I have a 4 day one with family coming soon. I dont want to go back to that dark place again. This happens over and over and over. I have nothing to be depressed about and yet death is on my mind. Im fucking trapped, forced to live because I cant find any way out. My life is so meaningless and pointless. Everything is! I know that once I die everything will be okay and my parents will move on and so will the rest of my family. Maybe one friend will miss me. Maybe. I want to scream but I don't have anywhere to do so. I cant escape this house unless I have a valid reason ( parents are strict). I cant trust my parents to even care. Last time I told my aunt that things were getting bad, she finally got tired of me. Told me that I was giving up because things were getting hard and because I was a being a quitter. And my therapist... I dont know if I can trust him either. I cant go back to a mental hospital. I wont. An ungrateful piece of shit like myself doesnt deserve to exist, ive realized. Im tired and my patience is so little. Im on the verge of snapping on people and im incapable of crying it out. So many people have it worse. I have no right to talk. So why do I feel this way?"
1t7p966,Sad and lonely,I was just hoping to see someone say something nice to me. I’ve been alone and sad for so long that I can’t recall what is like to be happy anymore. I’m 47 years old and have been alone since I was 27. It’s getting pretty bad.
1t7p7hg,Real close to losing it,"Found out my landlord is selling the house and the possibility of having to move is really high since my brother and I are on a month to month lease and there is a bunch of stuff the landlord needs to fix since we've been there that they've ignored and we haven't kept the place perfectly clean, I know keeping the place clean is my responsibility even with my depression, this is just about to push me over the edge"
1t7ozmr,am i over acting or it's just too much?,"Last night me and my girlfriend we're in a call and she suddenly said that her pet cat is so handsome and i said is it me? and she said ""hindi ikaw tanga"" (not you stupid) and it hurts me, she said i was over acting and it's not that serious but lately I'm having insecurities about how i look, im just looking for assurance last night, assurance for not caring how i look and she blew it off, she sent me a lot of message saying it's my fault for feeling that way and i saw her post in facebook and she said her misandry is going back because of me, she knows that im having depression for almost 2 years because of my family and she didn't know that every time we argue/fight its pushing my suicidal thoughts, i know i did so many wrong things for her but we're not going to reach 3years and 4months if all the things i did was wrong, things ofc i have so many sacrifices too and did so many good things for her. reason why im having insecurities: i shave up my hair last time because my room is on 3rd floor and its so hot in here in Philippines I was getting sweaty all the times and I don't want to have a lot of pimples. judging by how she looks im out of her league i'm like 3/10 and she's like 9.5/10 there's so many boys who's stalking her on socmed and hitting on her irl. (sorry for my bad english, english is not my first language so sorry if i have wrong grammar)"
1t7ozax,"The last thing I found ""peace""","Every other activity I did, whether it be exercise, socializing, being outdoors, writing, being busy with work, or gaming has become useless because I get distracted by negative thoughts about myself and how much of a burden I feel like to those close to me. The one thing I'd at least find some comfort in was sleeping. It's the only time I wouldn't have bad thoughts about myself, even if it was sort of, wasting away. Recently, I've been unable to even do that. I'll be up for like an hour, trying to clear my head and once (or if) I'm finally able to, I'm only able to sleep for about 20-30 minutes before I'm awake again. Then, I'm up like 2-3 hours trying to clear my head again, process repeated until it's time to get up and I'm more tired, more despondent than I was before I tried sleeping. Just tired of things, of overthinking, of feeling useless and like a bother. I don't know what to do, and truthfully, I don't know if I see it having a good ending."
1t7oodf,"Almost 31, no relationships, no friends, no real interests - I feel like I never started living","I don’t mean I’m just single right now. I mean I’ve never had a girlfriend, never had the normal teenage or early 20s experience, never learned how dating, flirting, intimacy, or being close to someone works. For a long time I told myself it was just bad luck or circumstances. I live in a small village now, and I’m introverted. But from 19 to 28 I studied and lived in a big city, surrounded by people and opportunities, and it still didn’t happen. I didn’t know how to become part of social circles or turn being around people into actual connection. When I was younger, my parents were very protective. I didn’t go to parties, camps, or places where teenagers usually get social experience. To be fair, I didn’t always want to go either, but part of me did. I wanted at least the chance to learn. Later, when I was already an adult and could go places on my own, it felt too late. Everyone already had stories, relationships, exes, experience. I had nothing. I felt ashamed, and the older I got, the worse that shame became. Now I feel like I’m not just lonely. I feel underdeveloped as a person. I work and I have a decent job. I can communicate normally at work. But outside of structured situations, I feel lost. I don’t have real friends, hobbies, interests, stories, or anything to talk about that would make someone want to know me. People say “join communities” or “find hobbies,” but there is nothing inside me that feels alive enough to build on. Nothing catches my interest. I just feel empty. I’m being treated for depression. I’ve been on duloxetine for a long time. It helped reduce the constant intrusive suicidal thoughts and intent I used to have, but I still don’t feel okay. I still think about death. I don’t have a plan to hurt myself right now, but I often wish I could disappear or not exist. What scares me is the thought of living a life that isn’t unbearable enough to end, but is still painful every day. I also have an incurable chronic illness. I live with constant pain, and strength training is contraindicated for my condition. That makes everything feel heavier, because even the usual advice men get - get stronger, build muscle, become more confident in your body - feels partly closed off to me. I’m also balding, not photogenic, and I feel ashamed of how I look. I tried talking to women online about a year ago. More than 90% didn’t respond. Some were scammers or selling photos. A few told me that with my kind of conversations I wouldn’t interest a girl. I wasn’t being creepy, sexual, rude, or weird. I was just simple. But I guess simple is not enough. Normal is not enough. I’ve wondered if maybe I’m autistic. Socializing has been hard since childhood. I wanted connection, but I never really understood how friendship happens, how people become close, or how you go from being around someone to actually mattering to them. Maybe it’s autism. Maybe it’s chronic depression. Maybe it’s social anxiety or avoidant traits. Maybe it’s just years of loneliness and missed development. I don’t know anymore. What I do know is that I don’t remember feeling real joy for the last 5-10 years. Before this acute phase, I wasn’t suicidal, but I was still suffering. The only thing I had back then was hope: I was still young, maybe things could still become normal. Now that hope is gone. I’m not writing this because I expect anyone to fix me or pity me. I just wanted to put it somewhere honestly."
1t7omkb,I can’t stand to look at my reflection,"Today I had a very decent day, a great day even. I went to a concert with my friend and chose an outfit that I didn’t 100% feel good about ‘cause it was kinda out of my comfort zone. The concert was great, and I felt an amazing dopamine kick afterwards, but all the girls and boys there were so so pretty. It made me kinda insecure. When I got home and looked in the mirror I got so sad, cause I felt so ugly and I honestly hope no one noticed that I looked like that. It ruined my whole night and my whole life. My outfit looked dumb, my face looked weird and my hair looked like a hairdryer had blown up in my face. So everyone there was pretty, except me. It’s just embarrassing, especially ‘cause I put so much effort into trying to look good and ending up still looking ugly. Back in primary and secondary school I always got bullied, probably because I wasn’t really pretty and my face just looked.. off. My hair was like a bird nest even though it was super healthy. Online I also got bullied for my looks, pictures of me would be send in group chats to make fun of me and my irl “friend” (back when I was like 11 or something) told me that if she looked as ugly as me she would’ve already killed herself. I tried to learn makeup and after a few years I got pretty decent at it. But for some reason after I’ve put on my makeup, leave the house, come back and look in the mirror I just look weird and ugly again. I hate my face and I’m just so embarrassed of what I look like. I only like my face in the dark tbh. I hate that I have to live with this face for the rest of my life, that even with makeup I will never be better than “mid”. I don’t think I will ever be able to find someone who will love me because I’m just too ugly. Since age 14 I hate it when people take photo’s of me and when I have to I just start to cry. I don’t know what to do and my face is the biggest reason why I think about killing myself. I’m just so ashamed of what I look like. I wish I could just vanish and erase every trace of me having ever existed."
1t7ofmo,It started again,My existential crisis have started again. And I can't seem to stop thinking. I don't want to think I don't want to think please
1t7ocjz,I feel so stuck,"Cannot relate to people, frozen in bed. constant cycling of memories and past failures. God help me. Unable to even look for a job due to severe depression and i am on probation for DUI. FMl"
1t7o85m,This is a cry for help,I feel so bad. I push people away when there's something meaningful. I was talking to this guy and all was going well. I didn't hear from him in about 4 days so I blocked him. I look back on my iPad and it turns out he had messaged me asking if I ghosted him. We both thought we were ghosting each other. If only I had the communication skills to speak to him before the block. I push people away when there's a connection to avoid getting hurt and it backfires. I texted him on my roommates phone (which didn't show delivered either) and other phones went straight to voicemail so I'm just hoping somewhere that maybe just maybe his phone is off or something. I am also going to try texting his relative and then I give up. I am literally hanging on by a thread here. I hate feeling like I ruined the one thing I loved. Like I sabotaged it. I went to other communities and was just met with sarcasm and blaming. I wish I wasn't like this. I wish I could do better. Somewhere I'm hoping that this guy will see one of the messages and come back if he truly likes me. I try to stay positive but left disappointed. I think that's what life is.
1t7nypq,feeling lost and hopeless,"my eyes water the second anyone around me mentions the future, which is everyday because I'm about to finish my major, and I have no fucking idea whats going to happen with my life. I'm so lost. I loterally can't see a future ahead of me. I can't see myself succeeding or being independent or living any sort of fulfilling life. everything scares me. the world is too fucking big for me to understand. I can't see myself having a job, can't see myself getting my own place, can't see myself being loved, can't see myself in any sort of future at all. I want to make time stop because I'm so fucking scared. There is no way I can survive by myself. I feel so useless and stupid and sad. so sad. I feel horrible."
1t7nvtx,I'm lowk happy in my misery,"I cannot see myself as a lively productive person at all like I legit cringe at js the thought of being like that even though it sounds cool in theory.. And it's not like I'm comfortable being grumpy n sluggish all the time either..I do want to feel physically better (cz chronic stress and depression do infact fuck up ur body) but ngl I don't wanna be a ray of sunshine I can't I cringe soooo bad when I see myself ""tryna live right"" cz who tf am I feeling like fr.. I lowk felt like a masochist typing this lmao pls yall tell me I'm not alone on this one"
1t7nq0y,Why don't healthcare professionals attempt to understand or even care abt mental health... or at the very least act like they aren't superior to us struggling peseants,"why is mental health misunderstood and not taken seriously by health care professionals I've been struggling over a year.. ended up at the doctors asking for medication coz clearly cant cope on my own.... after putting her hand on her heart and going awww she says oh well this is just the start and we can begin a series of modules to help change perspectives and maybe cognative behaviour therapy....... not only have i done modules before, i find them & cbt very demeaning... they treat you like its your first day on earth... like you dont understand the concept of apreciating life, spending time with loved ones, keeping busy, changing ur perspective.... yeah, i fkn get it, the issue is i simply dont care coz i try and try and try....i wouldnt be waking up if i wasnt trying... do they understand they cant just tell me to write my thoughts and worries in a journal then close the book so i can forget about them as if they dont exist and as if i dont have to be bombarded with them in the first 3 seconds of waking up the next day? Then tell me to leave and come back in 3 weeks and see where I'm at? I came to you for help and ur sending back to 3 weeks of hell thinking ur little 5 min pep talk has changed my entire life... I struggle to wake up EVERYDAY... why can't they grasp that mental health is constant and doesn't stop no matter what you do.... we don't have an escape... waking up is hard, getting ready is hard, going to work is hard, coming home is hard sleeping is hard.. and the worse part, attempting to have fun is agonising, coz the entire time you are grieving how it used to feel... socialising is painful because I am not there... it's a shell of myself.. so no... a little mental health walk will not help... it may help you.. because you are not fucking mentally ill, when you feel sad or stressed, you can rest or relax.... THAT DOESNT EXIST FOR US after me opening up and explaining best i can she starts talking bout ""for mild to moderate cases like this..' as I stare at the floor reminiscing about how I've wanted to k!ll myself because I'm in so much pain, crying in the corner of my room screaming for someone to make it stop...then I look back at this b!tch who's clearly never experienced anything like this in her life and is ignorant to the fact im indeed not an idiot nor a statistic or as she put it 'most young people feel this way'... at this point it's not even only about me... it's about the fact that anyone with a functioning brain can develop feelings like these (and most do as more young people come to terms with reality) yet solutions or answers are not even attempted to be made..... I tried therapy and told him numerous things have made me feel certain ways where now I just don't see the point and I'm just done... and he just smirked n told me well maybe you can just find the point.... bro there is no point... most people can be happy coz their brains never overthink to the point u start seeing all this bad shit... what happens when ur a person who deeply understands that our very existance in this universe is random, scary and the society we call home is made up... how do u cope being aware of this every waking moment .. how do u have hope when u know hope isn't even real nor is happiness or love or any feelings... we aren't even real, were light and molecules and our ""feelings"" are chemicals..... only thing keeps people going is the feeling of working towards smth... like survival mainly... but as the hyperaware beings we are... it becomes very complex to be truley happy in this situation"
1t7npk5,having an eurotrip and still miserable,"i can’t get myself to be happy, i can’t get myself to enjoy anything i get anxious about it all. my friend i’m traveling with is obviously sick of me and so is everyone i have to lie to family pretending i’m having a good time just not to worry them. this was an incredibly irresponsible trip and to top it all of my aunt is in the hospital right now. i don’t deserve any of this"
1t7nfuj,cursed with depression and all sort of mental disorders since i was a kid,"i missed out on everything , teenage hood , peak life , making memories . i was depressed since i was a young kid , my eyes were tearing for no reason , had mental disorders , low iq , i never enjoyed anything , my life lacked taste everything was boring no matter what i tried , my mom never understood what was happening to me , i was 8 telling her life was boring , i used to get waves of this ""nostalgia like feeling"" even tho i had nothing to be nostalgic about , depression stole my most precious time , i was just isolated through all my teenage life , this led to nothing happening in my life , i had no friends , i never experienced any sort of teenage love or romance . my life just kept getting worse , and now im 23 more messed up than ever , i cried so much that i can't cry no more , im in pain and i feel like is drifting away while im still in my place , i don't know anyone in this earth , i don't know where im heading , i keep failing in everything i try to do , i have no hopes dreams goals or whatsoever , i just wish i wasn't born"
1t7n74n,That constant feeling that I'm being a failure is killing me,"My life is pretty mid. I look average, my body type is trash, I'm not that smart, I'm not talented, i have no hobbies, i have no friends, i'm not interesting enough to get a partner nor do i really have the energy to keep up with another person's needs not to mention that i barzlu go out to touch grass. Ever since i was a kid things have been the same constant loop of nothingness. I do enjoy my own company better but every midnight i keep getting this really empty feeling inside as if I'm failing at everything. I'm not really a remarkable person and I don't have anything going on in my life. The worst thing is that I feel like a huge fraud feeling depressed when others have it way worse than me. It's really pathetic being the cause of your own misery and yet doing absolutely nothing about it. I've been living in my head for quite a while, trying to escape from such a dull life. The problem is that I don't know how to stop, I've never lived in the real life and now I feel like it's too late to try and do something with my life."
1t7n4dh,Stressed and depressed?,"I have 2 children. My husband and I have talked about having a 3rd for a period of time now. Right now our life is set up nicely. We both have great jobs, I'm working per diem right now working 3 days a week, lately 4. 2 days during the week my husband has off. The other day, sometimes 2 his dad watches my youngest and he makes sure my daughter gets on the bus. My 2.5 year old is very easy. FIL even stated how he's so independent he doesn't have to do much. In return we let him use my husband's car for work. He works one day a week delivering papers. He has no vehicle so having one was obviously a must. Right now I don't work full days, maybe up to 7 hours. My husband and I have talked about me going full time in the one building instead of the 3 buildings I work in. Overall I'd make 25k more a year. We would be able to afford more and we could start trying for a baby. A few times his dad watched our son for 3 days and that was because we needed a sitter last minute. He told us he absolutely can do no more than 2 days a week because it can be too much. We totally understand and respect his wishes. I do want to add that we are both super grateful for his help and I don't want to sound like we are ungrateful. Here is the issue. I want to go full time in the facility closest to home. It's my absolute favorite place to go. I dont want to end up losing it if they find someone full time. My FIL brought it to my attention that his best friend asked him to homeschool her son for him next year. I asked him, "" me:you know that's a full time job don't you?"" FIL: oh no I can get it done in 2 afternoons. His mom wanted to do it herself, but she asked me to do it. She says she doesn't have the time to get up in the morning to make sure he walks to school. So wants him to do homeschooling instead. Me: my aunt homeschools. She had to quit her job because there are hour requirements​​ you have to fulfill. 1100 hours in a school year. He won't listen to me. His friend that I do know enough about is extremely lazy. She will not get up for her kids. She has now 4 baby Daddy's and her oldest had to raise herself and her brothers, she's only 18 and just turned 18. I tried explaining to him that it will be too much for him. He told me he would do his research and clearly he didn't because he convinced my husband that homeschool can be done in 2 days. Also, take in mind his friends son has severe intellectual issues and major behavioral issues as well. My #1 concern is his dad will have no life and won't be able to handle it. He deserves his time off too. Another concern is of course if I can go full time. I have a strong feeling he will choose her kids over his own grandkids. He's a great grandfather, but I expressed to my husband that he will probably choose his friends kids over blood. And he thinks the same but to him it's understandable because he has been the one who has to get her kids in line because she refuses too and known her longer than his grandkids. He chooses to stick with it I won't be able to go full time and we won't be able to have another child because daycare is way too expensive. I'd be so upset with him if he does choose his friends kids that the weekly dinner nights we go to I will not attend anymore. And I told my husband he shouldn't lend out his car either because me working more allows that cushion if something were to happen to his car we can buy a new one. We just bought my car that's almost brand new . ​I don't want it to be conditional. But we can't just lend out my husband's car if we can't afford something happening to it and if I have to limit my hours. Thankfully, my mom is retiring early in June this year and offered one day a week but can't do anymore because she takes care of my grandfather. I would be devastating too not being able to have one more child. I don't feel like our family is complete yet. I would also hate to see his dad just fall apart. He will not be able to handle both. He would also have to give up his job because he will have no time for anything else. It actually makes me mad that his friend threw that on him. She was there during a bad time and to her he owes his life to him. Idk what to do? ​"
1t7n40a,I want to die and i have this though since im a child,"I feel like i will never get rid of that feeling. Even when i was happy i wanted to die. I don’t really know if i ever been happy in my life to be honest. I don’t want to kill myself because i don’t want to go to hell but i want someone to kill me, im so tired of this life, my biggest dream is to die."
1t7n2h9,I want to die because of my look,"im so disgusting, i can’t even look at my face anymore. I dont’ feel like i have the right to live, to laugh or even to be happy because of my look and it’s torturing my mind every minute. Every second of my life feels like torture."
1t7n1x5,I am stuck.,"I'm not looking for advice, I'm not suicidal nor am particularly depressed, I'm just stuck. Stuck doing the same things with the same people, stuck in the same place, in the same body, with the same mind. My life has slowed to an agonizing halt. It repeats itself every day, again and again until anything I feel or say just loses any meaning, it's not much more than a monotone greyness. I simply cannot find any worth in it, and by extension, in myself, in a certain way I'd say I'm angry at myself for being unable to escape this loop, angry at the world for not recognizing me as good enough to escape, and especially angry at everyone around me who seems to have proven themselves better than me by escaping it, or have accepted this stillness and found a way to enjoy it."
1t7n1fc,"Depressão e vício, um desabafo e pedido de ajuda.","Sofro com isso há anos, tenho 28M e sofro desde os 15 eu acho. Comecei a usar substâncias, tive um namorado e desde aquele término minha vida perdeu o sentido. Não pela perda dele, mas pela intensidade do sofrimento. Continuei nessas por anos, mas hoje eu detesto essa dr\*ga que consumia. Mas acabei estacionando no álcool. Esse é o verdadeiro problema. Eu frequento o AA, e bebia várias vezes por semana e hoje apenas 1x por mês (mas estacionei nisso). Tenho um namorado mais velho, incrível, que me dá suporte e me cuida e me entende. Minha família nem sabe do meu problema. So que eu penso que é a depressão a fonte disso, é um vazio, uma falta de significado que me adoece. Eu durmo 20h por dia pq estou no seguro desemprego. Faço faculdade e estou no fim e é a única coisa que consigo dar conta porque preciso. Minha vida é maravilhosa, não me falta nada. Moro sozinha, tenho tudo. Mas sou infeliz e me sinto culpada."
1t7mxtc,Need serious Advice guys,"I’m a 23-year-old male currently living in Dubai. Lately, my life has been feeling really boring and demotivating, and I honestly don’t know how to move forward. I’m an introvert and barely talk to people. I’m socially inactive, don’t know how to drive or swim, and I’m currently unemployed. I’m also out of shape, my skin is getting worse, and I struggle to communicate properly with people. It genuinely feels like I’ve hit rock bottom. At this point, everything seems boring, and nothing really interests me anymore. The only things I genuinely enjoy talking about are topics like dinosaurs, One Piece, Godzilla, and similar stuff. I don’t know what’s wrong with me. People around me often treat me like I’m childish or an idiot, and they say I’m too negative as a person. I just feel helpless sometimes, and I don’t even have friends to talk or discuss things with. 😭😭is there out there people like me even exist i wonder😭😭😭😭😭😭"
1t7mo7f,"I think I’m depressed and I’m not motivated to cook or eat, which is making it worse","How do you guys make yourselves eat healthy when you’re depressed? I’m finding I’m so so tired that when I’m home all I want to do is lie down, and I can’t motivate myself to cook. So then I just eat cereal or snacks and not a balanced meal. How do you find the energy to eat healthy when there’s no energy to be had?"
1t7mnjp,a new depressive phase,second wave since i stopped taking serotonin. i think im better equipped this time. listening to bollywood songs makes me feel better. That’s all I wanted to share. SRK in particular makes everything better. Why be sad when I can transport to magical places. This is probably the adult version of reading fairytales as a kid and daydreaming about becoming a princess.
1t7mi54,Letting go is the most effective thing I’ve ever learnt,"And it’s so simple that’s the beautiful part. I’ll skip the sob story but let’s just say I hit rock bottom last year and had no where else to turn to. I came across a video that taught the power of letting go, rather then hearing about the concept it explained it super practically. Every emotion and reaction you have to things, your body holds onto. Anytime you experience somethings you don’t like, you either run, freeze or avoid in the future. In this life there are so many things that can go wrong or experience that this accumulation can have a really messy effect on us which often leads to depression yada yada. So it makes sense that the best option is to respond differently to these things. How to let go: Don’t run, don’t avoid, don’t freeze. Feel this distressing thing, face it head on with bravery, and feel it, teach your body, you are safe, this is not going to kill you ( of course there are exceptions, like running away from actual danger is a good idea…) I’m talking about the day to day things that are hard for you but easy for others, that should be easy. I’m going to give you an example of how to practice it right now. Example : talking to strangers. You don’t have to talk to strangers to start, you can start at home. Sit down, close eyes or not, visualize a stranger, talk to them, imagine the worst case scenario, they call you a weirdo, infront of a group of people whose opinion you value. Imagine them laughing, anything that terrifies you. Sit in this feeling, try to not think so much, feel the emotions of this embarrassment or fear in your body, and invite it in. Don’t be afraid, keep feeling and relax your body into it, take a breath or whatever just RELAX into this feeling. If you can’t visualize well, or want to let go from a different angle. Write down certain emotions on a price of paper / or laptop - which arise from this made up fearful situation. What emotions / things that trigger you? Do you have a big nose like me lol Are you afraid of people laughing at you Are you afraid of stuttering Looking a fool? Looking cringe? Search these emotions, and sit with them, feel them out, teach your body that, you can handle these emotions they aren’t a big deal, everyone suffers from them on different levels they just brush them off better then you. Bring up your shadow, and face it, feel it, relax your body into it, breath into it. Now if you do it again, is the same level of fear in your body there? Or has it decreased a bit? Do this over many days and weeks and it works. It has done for me. Now visualise the best case scenario, you make a group or stranger laugh, they applaud you, you get the girl or boy. Exciting right. Relax into this feeling as well, it’s exciting sure, but too much excitement can easily be turned into anxiety if the pressure is too high. We’re looking for a balance here, a calmness. RELAX INTO EVERY EMOTION NORMALISE IT FOR THE BODY. Detached from everything, connected to everything. Letting go, is a powerful tool to calm your body, stay present and dissipating fear trapped in your nervous system. You can do this anywhere, try it at home, next time your walking somewhere pretend your doing something fearful and relax / let go into the idea. Teach your body it’s no big deal this is life your upbringing has messed with your nerves to the point you’re entangled by them, letting go untangles them. This can be done for any fear, any emotion, addiction attraction etc. Depressed ? Just accept it, feel it, never run away from the emotion, the fear the resistance is what keeps it alive and persisting. Of course the biggest issues of our lives take the most amount of work, there’s a lot of depth to our biggest emotions a lot to let go, a lot of angles we have to face. So experiment with this technique on a small emotional thing that you dislike Last thing : I had a very minor fear of heights, anytime I looked down on heights my belly would drop a bit, and I’d creep over to ledge and look down for a second or 2. I tested this out on this, I faced a high height, felt in body, breathed, relaxed let go, taught my body that I’m safe. And I can look down on heights with ease now it’s crazy. But deeper emotions will take longer as I’ve said. JUST ACCEPT EVERYTHING AS IS DONT FIGHT IT RELAX BODY AND YOUR MIND WILL FOLLOW… Peace n love"
1t7m9b6,"I’m being bullied by my cousin, he’s following me everywhere","My cousin is older than me by 3 months, we both have the same name since his mother decided to name him the same name that my parents decided first. We’ve always had tension growing up because our parents compare us to each other. We went to the same kindergarten, school and now uni. We used to be best friends until after Covid where he became very distant. During high school people are were more socially attracted to him and he’d have more friends than me. I’ve had the same classmates since elementary. Those classmates were bullies. So I wasn’t really friends with them but somehow they accepted my cousin. And I thought that those bullies bullied me because of my country. I hate my cousin so much. He introduced me to porn since we were 8 and I hate him so much for that because it fucked up a lot of things in the family. We were best friends when we were kids but when my another cousin that rarely visits our city, they both hangout together and ignore me. In September 25 we got accepted into the same university. My heart sank when I received this information because we didn’t tell each other what we’re applying for. Now we’re both studying abroad in Ireland, and it’s medicine. I improved socially since high school but people don’t seem to like me a lot, but for my cousin they make him the center socially. I’m not jealous that he managed to be better friends with them, speaking honestly, I don’t like MOST of them and I don’t talk to them, however I made some good friends with other people but they ignore me when my cousin is there. It’s annoying because my cousin belittles them infront of everyone. Like oh you’re so short I didn’t even notice you or greet a person later after greeting multiple others or laughing at everything they say. I observe a lot and the looks on their faces when he belittles them is funny because they stop and try to prove themselves to him. He did this to multiple people. He is a bully. Problem is when people learnt that were cousins they were okay with it but he doesn’t like that people know that. When we have chats or anything he acts like he doesn’t know me and ignore me. I won’t try to prove myself to him. Anyways, my point is, he’s so disrespectful and I don’t like the fact that he’ll make my life hell during medical school. Why couldn’t you just reject the scholarship when you learnt that I too was accepted. Leave me alone. People now avoid me because they think he’s better. I’m also paranoid that he tells them stuff about me, people bring up stuff that I didn’t tell them. They’ve learnt it from him which I really don’t like. I really need a way to bring up this conversation with him and ask him not to make my life miserable in medical school, it’s already causing me to get depressed again. I’ve had months where I didn’t leave my home at all during high school because depression and I hate how I feel like I’m falling into that again because how he makes people see me."
1t7ls5e,I'm the perfect pretender,"I wish I wasn't so good at pretending. I've spent my life pretending. I've never been formally diagnosed with depression, but then I've never sought help or let it slip I think I need help. This is major for me, the only person I ever talk to is my own conscious in my head. I hate every aspect of myself, I'm struggling. I even self harm. Nobody knows, everyone sees me as strong or good. I'm dependable, loyal and to everyone else I am fine. I'm the friend they can turn to- but I have nobody. I can't trust anyone, not my family, not my friends, not my partner. People lie and people abuse the trust. How can I ever begin to reach out when I've witnessed the cruelty of people? I'm not sure whether I want to be apart of this world. I've selfharmed since aged 15, been groomed and made to do things no child should have from 13. I was addicted to abuse and validation from older men online for years and only now am I seeing how wrong that was. I was a child. I've tried to take my own life, pills & hanging. Nobody noticed any of this. Nobody bothered to notice the child who seemed happy. Now as an adult; I'm working, studying yet money never stretches far. I've not eaten for days, I've sold myself online to get my rent money. I've done everything to keep the illusion that I am okay and that I'm not struggling. I've helped people out with the last of my money and gone without. I'm a fat woman. ""Yeah, how can she be fat she says she has gone without food"" I wish life was that easy. So much of my life would be better if I was thinner. I used to have an eating disorder as a teen, and now I think I've just got the eating disorder that makes you eat too much and then starve. I hate the way I look. I exercise, I walk everywhere. People's eyebrows raise when I say I walk an hour and half to my job but I do. I get nasty looks. I know I hate my body too. My friends and family think I am confident but I see myself in a mirror and I just want to take a knife and cut off the fat. People don't see how cruel others can be just because you're fat. The looks I've gotten for existing. I accept death most nights before I go to sleep. I lay there having a panic attack. The world is ending, the world will end. I'm going to die. Those thoughts flood through my brain and I find myself calming myself down by saying I will finally be happy. Death will free me from all the hatred and fear and worry and loneliness. I don't have many friends. I sit alone, I always have. The ones I do have, I watch and I see how they talk about other mutual friends. I know they do it about me. There's no escape from my mind. My mind plays tricks on me constantly. Tells me nobody likes me and that there's no escape. I will always feel this way, nothing changes. I want to die. I feel like thats my escape but then I think to my animals. They're pure, they know love, they keep me alive. They need care and to be looked after and they do love me without conditions. I don't know why I posted here. I suppose I just wanted somebody to know that I'm not okay to finally tell people what's wrong. I want to die. I am in debt, I have a lot of trauma & I just want love. Every smile of mine is a lie, It's a lie when I say I'm okay- I cry myself to sleep most nights. Is there anything I can do to feel better without reaching out."
1t7lox2,Starting Wellbutrin. Not hopeful.,"I've felt so empty. I have little interests of my own that combat the tempting passive thoughts of death. I saw my doc for a med follow up and was honest, tho not as much as I wanted. She proposed upping my Sertraline again and starting Wellbutrin, which I agreed with. Not that I have a reason to decline anyway. I meant to ask about TMS too, but felt wrong doing it, so I didn't. I want to optimistic. That this new med will hopefully make my brain release just enough chemicals so I can function without feeling like a zombie. But I can't. I've been through ssris several times. I fear the day the options for antidepressants run out and im left in a hopelessness and tired desire to leave everything already. I'm a college sophomore in the upcoming semester. I can't ever think or imagine myself beyond tomorrow, let alone today."
1t7l650,Im becoming very tired.,"I just don't care anymore. When people respond I just don't say anything or I respond with ""okay"". I dont want to think anymore. Even responding is hard. My body and mind just can't function. Doing anything is a chore. Thinking is a chore. Getting up is a chore. Hobbies are a chore. Im so tired. I hate this."
1t7kwkw,i’m thinking about killing myself,"TRIGGER WARNING: references to trauma and suicidal thoughts Hi everyone. Sorry for the mess, but I need to get this out and ask for help. I’m 21 and I’m exhausted. I don’t want to die, but the pain of feeling like a burden, knowing I might have to live with my mind forever, and facing more suffering feels unbearable. I sometimes think that if I were gone, the people I love might be better off at first they’d hurt, but maybe later they’d be okay. I was born in Italy to a Moroccan mother and an Egyptian father. When he learned I was a girl, he beat my mother, trying to make her miscarry, saying I’d be worthless because I was female. He pushed her down the stairs while she was pregnant, locked her up, and beat her. She ran away, sometimes sleeping in parks. She loved me deeply and sacrificed so much. Later she sent me to Morocco to live with my grandmother so she could work and give me a better life. At my grandmother’s house I lived with cousins; one of them touched me at night and scared me when I was five he was nineteen. When I told my grandmother, she told me to shut up and not to tell my mother. My mother and I later cut ties with that side of the family. Back in Italy I lived with my mom and a man she’d met. I thought he was my fatherhe was kind at first but later he drank and became violent and abusive. When I started elementary school I was bullied as the only foreign child; one mother even came to the cafeteria to call me dirty and told me to stay away from her daughter. I didn’t tell my mom. The bullying and isolation hurt me deeply. I was gentle, dreamy I loved unicorns and used to believe I was a fairy. I spent recess talking to daisies for hours. When I was 6 or 7, my aunt (my mom’s sister) lived with us. One night, while my mother was in Morocco, the man I thought was my dad came home late and tried to assault my aunt in front of me. He grabbed me, slammed my head against the stairs, pressed his weight on me, and slapped me. I thought I was going to die. My aunt and I eventually locked ourselves in the bathroom. The next morning he begged my aunt for forgiveness and she accepted; she never told my mother. A few days later I saw my aunt with my “dad’s” brother. These people are sick and have ruined my life. When I told my mom later, she called me a liar; my aunt defended me and they fought. My mom stayed with him for years before leaving. The bullying continued for yearsspit in my hair, eggs thrown small cruelties that break a person. My mom remarried and had a baby, my little sister, whom I love with all my heart. Still, I feel like a burden, a reminder of my mother’s pain and past mistakes. Despite the mess, I love reading and movies. I adored the animated film Up it kept me dreaming of a gentle family, of someone who would love me and a home where I could feel safe. Three years ago I met someone far away seven hours difference. He was my first boyfriend and my first kiss. At first he was patient and kind; when we met in person it was wonderful. He promised he would never abandon me. After we returned to our countries, I became tender but fragile, afraid to lose him. Then he changed. He grew impatient and started blaming me for pushing him to the limit. He left me often. Once I tried to kill myself with pills; he called me selfish and I’ve felt guilty since. I just wanted a calm, loving family. When I was seven, my father cut his wrists in front of me to stop my mother from leaving. I went into shock and no one cared about me. My mother has always loved me, but no one ever paid attention to my mental health. Now my boyfriend wants to leave because I tell him when something hurts me. He says I’m dramatic, that I play the victim, that I lie and don’t love him. But I love him deeply and don’t know how to stop making mistakes maybe my past makes me see problems where there aren’t any. I’ve changed and I trust him now, but he wants to leave and I don’t know what to do."
1t7kmnf,The hardest truth for me.,"There are so many things going wrong in my life and I have no one I can be honest with about any of it. I can't talk to anyone about any one thing. I've been shown by each person in my life that if I share something with them, it's public knowledge. The last thing I shared with a long time, close friend, he told his church about it. I found out from my middle school English teacher who goes there that they are praying for me. It was something deeply private. Something I needed to talk about with someone I KNEW I could trust. And now... The entire town knows. It was a scar now ripped open and made worse. With everything going on in the world and in my personal life, why go on?"
1t7kjww,introvert + depression,What is the worst thing that can happen if you are an introvert and have depression? for me i dont think theres one
1t7kh4w,Venlafaxine sucks,Nurse has told me it’ll take a year to come off but cause I’m not working she wants to wait till I get a job then wait a few months then taper off. Unfortunately I got rejected from a job I would have started last Monday so I don’t even know how long till I get another opportunity. The medication is so strong if I miss a dose I get a headache and start feeling a bit off. I guess this is a vent but also a warning because I don’t feel it’s even working. So if you ever get a chance to be prescribed it or anything else just be cautious and get well informed. I’ve been on antidepressants most of my 20s and it just makes sex weird cause it’s so hard to orgasm lol.
1t7kbj8,I don’t know what to do or how to stop,"Some background of me I’m 16, I’m a boy, I come from a religious family, I have no friends, I attend a small private school and I severely struggle with my mental health and well being, it had only become a serious problem in my life 8 months ago Lately I have been feeling worse mentally, not in a depressed kind of way, but as if am going insane, I do things very spontaneously and I don’t think of consequences and the future, lately i have been living my life in this sort of free minded state where nothing of the real world matters to me, I live in a sort of ‘mania’ state I have also been struggling and feeling very confused and conflicted with a thought of mines, I began to think that every person has no purpose and that we are all on this world with no purpose, thus being alive or dead does not matter, however I believe that because we have no purpose on earth we create delusions to fill that space of emptiness in our existence, I now call all people who believe in life with meaning as ‘sheep’ because they are like blind sheep to a slaughter house, the inevitable nothingness of our existence happens to be the slaughter I believe that this thought of mine was created by me to justify su##cide, but to some extent I see the light in this thought and so I struggle so decide what to think I think that this whole thought of mine is just a conspiracy and that I am going insane or suffering from psychosis I think I am bipolar, and this effects my life a lot, I have no friends and everyone at school are mean and rude to me and people think I am weird for what I do and say, but to me none of this matters because of my conspiracy I don’t want to be like this, being like this will eventually lead to me to su#cide, and I keep telling myself that the sheep in me wants me to believe it’s worth being here I don’t want that, I want to think clearly and normally, I want to be normal to people, I just want to think like a normal person I feel alienated around everyone and this further pushes my conspiracy, I feel invisible and worthless to people and that makes me sick, the only thing keeping me up is my dedication to school and grades but my conspiracy can push this down I can’t get help, the community I come from do not take mental health serious and my family are no different, I will suffer more if I tell anyone even my parents My parents will try to resolve this using religion it that will not work, and than they will give up on me, I want professional help but my family will say no, I have 2 older brothers that are almost doctors , but they will also disagree with professional help I am going insane and I can’t stop it Please give me advice and talk to me Thank you"
1t7k0vg,I struggle with feeling alone and Depression,"I have been struggling with Depression since I was younger but every day it seems to get worse. I am 22 now and I live with my sister who has bipolar and her son who might have ADHD and a hyperactive disorder, I struggle with ADHD and Anxiety myself and it is very hard to be around them both. I suffer most when my parents are not home because they are always loud and my nephew is always screaming and fussing and she always yells at him but she never disciplines him. he is a total ipad kid too and he hits me and grabs my butt and touches my crotch when she isn't looking, it makes me feel extremely gross and shameful because I have been sexually abused when I was a younger and harassed when I was a adult. When I tell my parents they say he doesn't know better because he is a kid and it's okay. He also tears up the house and my sister doesn't clean up after herself because of her poor condition. When I try to call my friends and ask if we can hang out they usually don't reply because they are busy but I feel so isolated and alone because they are more of a adult than I could ever feel like because they are out having fun and have a stable job and making money. I hate living here I just don't know what to do."
1t7izsl,Its impossible for me to socialize with anyone now.,"I keep getting bullied everyday and i spend my weekends just crying and not leaving my bed. My life only revolves around school because thats the only thing that ever happens in my social life. I tried to fix myeelf, i tried to go outside and hangout with people but i was bullied and hated. I cant do this anymore. I just want to go to a spot somewhere and meet my classmates and aquaintences and just hang out with them and TALK. I wanna die. I want to disapear so that i wont be a bother to anyone ever agian."
1t7izb0,Trying to resist reaching out to my best friend who blocked me,I can't stop thinking about her and I know reaching out would only result in her telling me to move on and blocking me again. I know it's invasive but my mind keeps nagging me to do it. I really miss her and I thought she loved me. I feel so alone.
1t7iu15,Brouillard mental et problème digestif depuis 20 ans,"Bonjours, J’ai 45 ans, je souffre d’un problème digestif depuis 20 ans, je pense, c’est du colon irritable avec diarrhée chronique, j’ai commencé à avoir des problèmes au niveau de la concentration et un brouillard mental, juste après, j’ai commencé à avoir des problèmes digestifs, Après ça, je commençais à avoir d’autres symptômes comme le vomissement au niveau des dents et des fourmissement au niveau de la tête et des fois je le sens même à l’intérieur de mon cerveau lorsque lorsque j ai des troubles de degestion, j’ai vu plusieurs médecins, j’ai pris plein de médicaments dans tes dépresseur de médicaments, collants, irritables, mais rien n’a changé. Je cherche ici des personnes qui ont eu le même problème que moi."
1t7ilid,How to stop feeling numb?,"F21 here. Have always struggled with anxiety and then had a depressive phase, which led me to start zoloft (still taking it now) but man i used to love life. Passionate was the first thing people said about me, quickly followed by funny and creative. I was always out and about, creating things, laughing and hanging out with people. I’ve graduated already and those college years were the best years of my life (think your typical movie experience, I lived it and then some). I was exploding with life! Now here I am. For some context, I’ve had a pretty bad anxiety episode last year that coupled up with huge life changes and resulted in months of constant anxiety attacks and derealization. Got better, and how here we are again. Only this time, nothing as big happened to cause it. To summarize, I finished a month long job and went back to my usual routine of playing videogames all day and night, my mom (support system) was going out of country for work which made me anxious and then she didn’t end up going because she needed emergency surgery. Just the cherry on top, I caught the world’s worst cold from staying at the hospital. During all that, I realized that nothing was making me feel things anymore. All my usual activities, gaming, reading, writing, talking to family and bf, nothing was hitting like It used to. Naturally, that transformed into me trying to figure my entire life out (moving countries, career, etc) in hopes of finding that excitement again. When I realized I in fact couldn’t do that at 3am on a Tuesday, my body just completely freaked out. I was having panic attacks all day again and derealization. Now, I’m still struggling slightly with derealization and the usual anxiety, but I’m able to get through the day. Except I don’t really feel anything at all, and even when I do, my brain goes “are you really feeling that or are you just supposed to?” It has sucked the enjoyment out of everything. I leave the house now only once a week (or not at all). I interact with family during the day because I live with them, but Ive noticed that im pushing away from talking to my boyfriend (ldr and we used to call for like 8 hours of the day just talking and playing games together) and I also haven’t been talking to my friends or seeing them at all. I just don’t feel anything. Games I used to love now I can’t even bring myself to turn the ps5 on. Editing videos, which is not only my career but also a hobby ive had since 2015, now bring me little to no joy. Writing and posting my work, which gives me positive feedback, now can only pull a slight smile from my face at best. I’ve tried new hobbies such as embroidery and pottery but i might as well not be doing anything at all, gives me absolutely no benefit. I’m so scared it’ll be this way forever. I want to be myself again, the version of myself that used to *literally* jump in joy at the smallest things. How can I do it? Can I be myself again? TLDR : How can I feel passionate about life again and be my happy and passionate self?"
1t7ik0z,I already failed 4 attempts,It's a myth that people regret their attempts. I'm 29 and my body literally doesn't function. I live with pain every day. My hair became thin and my skin became dry. Invisible illness that doctors don't even care about. I wasted my entire youth. I was bullied to the point of body dysmorphia and agoraphobia. Then just as I got better... I became physically ill. Now I'm falling back to how I was before. I feel so ugly. I see an old lady in the mirror. I don't want to leave the house in case my pain flares up.
1t7ih6a,i wanna dies,life is bad and i hate it cuz people hate me but every people in the world all hate me me is done with this shyt and not gonna suffer this anymore
1t7i1d0,I hate mental health talks,"The school was having a mental health talk today. This woman comes in and says, “If you think positively, the universe will reward you for it.” Then she gave an example about how was this guy who came into a game show and had a positive attitude and won 300k. And I just felt like crying because it made me feel so shitty for having an anxiety disorder. I can’t help when my anxiety acts up and I get scared about the worst possible outcome. I feel terrible, like my life could be a whole lot better and I could be living in a mansion with 6 Lamborghinis if I didn’t have an anxiety disorder. It just makes me feel so invalidated."
1t7hws8,I don’t know what’s wrong with me anymore or how to deal with my BPD right now.,"I feel like I’m faking empathy. People tell me their problems and I *want* to care, but I genuinely can’t make myself feel anything anymore. It’s not even just other people either — I barely care about my own feelings now. I still smile, laugh, joke around, and sometimes I cry if I’m talking about something emotional, but it feels disconnected. Like my body is reacting the way it’s supposed to react, but internally I feel numb. Even when I cry, part of me is just sitting there thinking “I don’t actually feel anything.” I don’t overthink anymore. I just lay in bed feeling empty and disconnected from myself. And honestly, the scariest part is that I can’t tell what emotions are real anymore and what’s just automatic behavior. Has anyone else experienced this?"
1t7hskw,Pretending is exhausting,"In a world that’s continuously moving fast, in a land where man has no time to rest, we seek solace and understanding, hope and peace of mind. The masks we wear run thin, the cloaks we drape over our shoulders tear, and the threads fall loose beneath the weight of all we never say aloud. We smile to quiet the questions, laugh to soften the ache, yet in the silence of our own company the truth waits patiently at the door. I’m not okay again, and this time it scares me most. Not because the darkness came, but because I thought I had outrun it."
1t7haik,The Pit- a reflection,"It's not always obvious how you got here, what causes you to fall into the pit. One day you might just realize that you're here, in the swirling depths. In the darkness. Lost, alone. It can feel like you're being swallowed, like you're being dragged down, sucked under. Those are the bad times. Sometimes you're just numb, sitting there. Those times aren't as bad as the others. The really bad times are when it's so dark you can't imagine that there was a time outside the pit, can't remember a time when there was any light or hope. That's when the voices come. Those voices that prey on you're fears and insecurities. The voices that say you're alone, you're worthless. You can't do it, or anything. No one wants you, or needs you, or loves you. They would be better off without you. Happier. You're trash. That it would be best if you were gone, had never existed. It's so hard to hold on. To WANT to hold on. Sometimes you can, and it seems like things are getting better. Like maybe the pit isn't as deep as you thought. Maybe the sun is coming up and some light is shining down into the pit with you. The monsters go into hiding. The voices are quieter. You find ways to feel better. You connect with people again. Find things you love again. Listen to music again, because you stopped listening to the radio on your way to work. You read again. You try to do the things the therapist said to do. You take care of yourself, drink the water, move, eat better. Download the medatstion apps. You try to remember that there are good things about life. You think you're making friends. You think you're making progress, actually getting better. Digging your way out. And then you slip. You get angry again, or sad, and stay that way for hours. It turns into days. You correct your mindset. Equanimity. Then it happens again, lasts longer. It's harder to shift your mindset. It's so hard to keep fighting the pit, to keep digging your way out. Surrendering is easier. Holding onto hope is so hard. And you're so tired. So tired of trying to be strong, or trying to fight, of trying to fix things. Of trying to be enough. Good enough, strong enough, smart enough. Wondering why people give up on you, don't like you, don't want you. What's the point in changing, of being better, if nothing changes. It'll never be enough. So you just want to stop. And then you wonder, did you ever actually make it out of the pit? Or did you just move to a new part of the pit and it looked different? Is this where you'll spend you're whole life? Will you die here? Are you where you truly belong?"
1t7h5lm,guilt rant,"for me, the worst part about my depression is the guilt that I feel every single time. I remember my parents or the people that have helped my upbringing, and it makes me terribly upset, and I begin to sob and cry. I feel so awful. Like I could be doing better for them and for myself and that everything that they did for me was for nothing and I’m a big fat bum. Every time I think of my parents, even though they were mean to me growing up, I just wish I could be better. Every time I think of my friends, I feel like I’m a horrible friend. for me, the hardest part about dealing with this is the guilt."
1t7gut6,Nice weather makes me feel so guilty,"Haven’t left my house in a bit. Just crushing exhaustion and I’m terrified of running into someone heading out the door. It was less bad when it was cold. Now I hear birds chirping and people laughing and I feel like I should be out there, but each of my limbs feels about to 100 lbs to move. Just feels like I’m doing life wrong, and then it becomes another thing I can’t connect with people on. They’re hiking or picnicking, and I’m just rotting."
1t7gmpx,Having trouble getting through the day.,I’ve been struggling to find the motivation I need to get through the day. There’s nothing to look forward to it seems. Work eat sleep repeat. More and more I just don’t see the point and it’s taking a lot of weed to make me not an unbearable cunt on the daily. Does anyone have anything that was actually helpful when feeling like this? I’m sick of being a miserable pos. Can’t afford therapy right now.
1t7ghni,Life is really rough,"Hi. My name is Maya and i am 18 years old. This post is basically a way to express myself and vent since i'm really depressed. It all started from my teacher sexually assaulting me last year, which resulted to me failing the most important exam in my life which would frant me entrance into university(the greek panellinies exam). Not a month passes and my dad has a heart attack and dies while I'm on vacation. My number one supporter, the only one who showed up and comforted me though everything, the kindest, funniest, most caring and selfless person I ever met. And then my whole world started collapsing. I have two younger sisters. The middle one found him dead, now she's smoking heavily and reacting to everything, even skipping school, sneaking out, doing drugs. My grandparents, especially my grandma, are refusing to leave my dad's house(while they have three other houses they could live in) and will not give it to us and my mum so that we can sell it and make it through financially. She also used all the money my dad had and left us with nothing. Now we have ongoing court cases and these people, the people that raised me and were so close to my heart, now have to stand in front of me in court and are spreading lies and rumours about the family i have left. On the other side,my mother is harassing me mentally, calling me a failure, offending my dad's memory(she divorced him and that's when he started drinking and smoking heavily), not supporting me at all and she has zero undestanding of what i'm going through. She has told me multiple times how she wishes she never had me, or any of my sisters, how i am lazy, a failure and worthless. I'm retaking the exam this year and now there are only 20 days left. I've been having serious panic attacks that nobody knows about, crying over my books everyday, missing my dad SO MUCH, and i'm left in my hometown, with zero friends since they all went to college, in this house with my mother constantly harassing me. Also two weeks after my dad's death my boyfriend of three years, who was present when i got the call that my dad died and went thorugh it all with me, dumped me. I'm giving up. I can't find any essence in life without my daddy and family. I'm so alone and so depressed im having suicidal thoughts everyday. And it's not getting better. My dad died last summer. I lost my greatest motivator. I don't know what to do anymore"
1t7g8zy,Im done with life and everything.,Once again my parents called me and told me that my brother was fighting with them. Once again my parents and brother were drunk. Once again they didnt listen to me when I had a panick attack. My life is a mess and im done
1t7g8ip,19 and losing my will to live,"I know this title may seem a little odd considering my age and Im hypothetically young and many opportunities and experiences supposedly await me. The only issue is I absolutely despise and hate the modern economy and for that reason alone I feel justifies my decision. As a teenager I have always enjoyed creating music and writing, I started out creating songs when I was 15 and posted them on SoundCloud which one even got 15,000 views which was pretty cool and I know I have talent. However it really is my only dream and a life where I cannot be a musician or a music artist or at least not have to endure the modern enslavement. I say music but in reality I just enjoy expressing my emotions and what feels authentic to me and I’ve always found it fascinating that people can do that as a career. However the older I get the more adult responsibilities are making themselves present, every job looks so terrible and I’m not sure which jobs will actually support me as I still live with my parents. I have no scope of which ones will simply give me somewhere to live and food to eat and allow me enough time to still create. My parents are disappointed with me and I feel ashamed still being in their house with no plan decided. It’s just I’ve always had grand visions and the idea that none of these will ever come true is tough, but the other idea of me having to deal with these newfound responsibilities to just survive and exist really torments me. I also enjoy being in physical shape and want to start boxing again and enjoy life if it’s on my terms but the older I get the more I’m supposed to fit in rather I want to or not and honestly I am getting to the point of just calling it quits, I genuinely don’t see a way out and I’m scared I’m going to one day give into my emotions and lash out. Which at least then if I plan it accordingly maybe my death will have some notoriety and meaning. I’ve always had an obsession with being a martyr or a luciferian tale which I started fantasizing at about 14. So I feel like it's just destined to be. Also another thing is millions of others have actually followed through with it which proves that my reasoning is justified. I really just need a way of out of this dead end trap, and at least if I end it now it might leave some sting or meaning as I leave this planet. I just can't don't see a reason for being here much more, my positive emotion for most things are drained, I am not really emotionally attached to my family at all and the only thing keeping me alive is my dreams. So the older I get the more the possibility fades and the more it hurts. I really wish there was a way out but the most I ever get is a couple days then a thought enters that feels to true to escape or rationalize or clear and it makes me realize the state of where I am. I am not cut out for this world and never really have been, so for me to keep pretending and sacrificing my authentic self just seems to be pointless. I'm far better off gambling and hoping that there is something better after."
1t7g40l,I need to tell someone,"I’m just screaming into the void at this point. I’m laying in bed, sweaty, smelly, no clean clothes, house in disarray, absolutely rock bottom. Can’t get out of it this time. I’m just taking edibles to try to survive. Anyone else?"
1t7fsgz,"29M, feeling completely alone and not sure what to do anymore","I’m 29 years old and I honestly feel like I’ve reached a point where I don’t really have any close friends anymore. I don’t have a friend group, and I don’t really talk to anyone on a regular basis outside of work. I try to keep myself busy — I go to the gym, I try to take care of myself, and I’m basically just trying to keep my life together day by day. Recently I also got emotionally involved in a FWB-type situation, and I think I became more attached than I expected. It made me realize even more how isolated I actually feel. Now I’m just stuck in this feeling of loneliness and I genuinely don’t know what to do about it. I’m trying to function normally, but emotionally it feels like I’m just getting through days without any real connection to anyone. I don’t really know how people rebuild a social life at this age when you don’t already have a close circle anymore. I’m not really looking for pity — just some honest advice or perspective from people who’ve been in a similar situation. How do you start rebuilding your life socially when you feel like you have no one close anymore?"
1t7fpjz,normal teenage behaviour.,"def going to mention SH, ED and suicide. apparently im a normal teenager. my mum told a workman that because i didn't say anything to him (bear in mind he wasn't there for me). i'm autistic and struggle with selective mutism, which is more mutism than not at the moment. i don't speak to strangers i barely will talk to family so no i wanst going to say anything to him, she knows this. however calling it 'typical teenage behaviour' is weird. or maybe i missed a lesson in PHSE when they said that all teenagers struggle to speak. all teenagers push people away. all teenagers hurt themself deliberately. all teenagers don't eat for days on end. all teenagers experience depression to the point they turn apathetic. all teenagers are suicidal/ has attempted. so no. i'm not the typical rebellious, bratty, lazy teen. sorry to disappoint. it just annoyed me so much as it's like it undermines everything."
1t7forg,Today’s thoughts,"Sometimes i hyper focus on one bad interaction and can’t get it out of my mind it feels like i wont find peace and i feel the world hates me , i feel everyone hates me i want to run away"
1t7fokf,What am I supposed to do?,"I genuinely hate myself and my life. I dont mean ooooh no I hate how my life IS oooh I hate MYSELF. No. I hate WHO I am. I spend 100% of my time thinking about how I talk, what I say, how I say it, does it sound nice or mean or like im interested or u caring, etc... my entire life I focus on not wanting to be annoying, not wanting to be mean, not wanting to seem uninterested or uninteresting. I think back on any conversation I have with anyone and I see things. The words I say how I say them etc...I hate that person. I think of myself and then I speak and I hear it. Not that I hate my voice. But moreso if I was someone else and met me or interacted with me, I genuinely cannot see through their eyes a person worth talking to again. I do not feel ready for almost any of adult life and ive been in adult life for a couple years now. I dont feel ready for anything. like im just not the kind of person who can do these things (driving, working, having a relationship etc...) that you should be able to do. Im not disabled or anything. There are 0 excuses and thats sorta the problem. Im fully self aware. Ik all of my problems are self inflicted. The person that I am is not a person I like. I speak to people or make choices in my life and hate the person saying and doing them. I dont stop myself because its who I am. What am I supposed to do?"
1t7f1oh,What do I do ?,"Having chronic illness since birth, being too short for a guy, ugly, no talents, severe social anxiety .. there's not a single good thing I've ever experienced in this pitiful life. Now I'm 30 years old still suffering from all that on top of being unemployed, having a family that got blinded by religion and shit they don't understand a thing. Never experienced love, never had any friends, nothing ever changed its so brutal nowadays to wake up and live through every single day.. don't have anybody but myself .. can't feel a thing ..I don't even understand what's the point of living like this ? It's been 30 years goddamn it ... At this point I'd prefer to be abducted and be tortured to death .. at least that would make me feel something before I'm fucking dead."
1t7eyjw,Need ur perspective pls!,"Heyy, I really need a quick opinion or different perspective. I will probably delete the post afterwards. I really am into drawing and painting. Especially with pencils. I am currently studying and in my free time I started to draw again. It’s kinda difficult for me bc I struggle with perfection and it has been some time since I found the motivation again. I wanted to try sth I didn’t do ever before: drawing people. I really am bad at it. I started practicing it. Tbh I didn’t know who or how. I just started to use the general technique and while drawing I thought about my brother. So I tried to construct it after someone I know. It kinda happened. I was happy it really started to resemble someone. So it’s not just random, but something one could recognize I didn’t finish, but I talked to my brother like 10 minutes ago and he is furious that I did that. He wants me to destroy it. He says he doesn’t want it. I don’t wanna make this about me, but I told him I didn’t know it was so bad, that I would change it, …. He kinda got more mad. He says I should still just throw it away, but it’s not that easy. If he doesn’t want it I will change the structures to a different one because it’s not easy to start anew. Idk if I am in the wrong, but I really don’t wanna upset him. That’s why I will change it but throwing it completely away will also destroy my progress, so it’s kinda hard for me to just throw it away. I don’t know if that is selfish. I will change it to a different person but he says no u already made it me by using me as the blueprint. I kinda tried to explain that I’m not done and have still the ability to change it. He is very angry and hung up. I’m kinda scared and sad. He was very angry. I did hope he would like it. Didn’t expect him to get so angry and scream. I know I’m probably in the wrong here. The best way would be to throw it away right? It hurts me to just throw it away honestly, but thinking of how angry he was I think it would be wrong of me to keep it or change it, right?"
1t7ex4g,Self harming thoughts,"My parents argue alot. My dad is that typical asshole man who yells and verbally abuses my mom. My mom is no less, makes up scenarios in her head and yells and degrades my dad, saying he is weak and scared of his elder brother, saying my dad doesn’t do the earning and we are only surviving bcz of my uncle.THAT IS A FUCKING LIE, my dad works alot, and i see him working hard. But he can’t control his tongue and he thinks that we are his puppets , that what ever he says we have to follow!!! Fuck everyone both my parents are MISOGYNISTIC ASSHOLES. Yes i will verbally abuse now cz i am frustrated as FUCK. They fucking argue all the time And now that i have also started replying back there small ego gets hurt They fucking cannot stop arguing, it annoys me and i get pissed and yell at them and then both of them take there frustration on me by saying what not They let my YOUNGER FUCKING BROTHER GO OUT and they just compare soooo fucking much. Whole my life i did whatever made them happy Pursing a damn fucking degree just for the sake of there happiness and those fucksters they will always choose my brother, expect in cases where they to use me as a fucking labor! They whole day today i helped them moving in and after the whole work is done my mom fat shames me! Saying i won’t move my fat asss HOW DARE SHE! I do i not argue back! How do they allow my brother to have all the fun and make do all the work and then say i am a lazy fucking ass bcz i am tired and sitting at home where as my fucking brother goes out with his friends! I had to collect my damn specs from the store. It was 9:30 and that ass of my father says i am not allowed and exactly at that time my brother was outside with his friends doing what not! He is a fucking mino! I am damn adult!!!!! I so want this pain to go away It feels so heavy. I need some fucking distractions They always treat me as i am a disappointment. FUCK THEM"
1t7ewqj,The will to live,How do I have this? Instead of dreading the days ahead . Not to suck anyone down or bring up painful memories
1t7eus0,Idk what I’m doing,In my whole life of 20 years I have done nothing. I barely had or have any friends and honestly I’m slowly losing my shit. I don’t have anyone to talk with and it doesn’t matter much but still it just feels weird and I do have a loving family I know they love me and everything but I’ve always felt everything is pointless. Every shit that I try to do is just meaningless and I’m just confused ig. I’ve had therapy and whatever but it doesn’t change shit. I was in a short relationship 1 year or 1 and a half ig but got cheated and just got worse and ever since then im scared of everything.
1t7e173,How to deal with learned helpelssness,"How to deal with learned helplessness. From 3rd grade till today I feel helpless and inferior to others and now I'm delaing with severe depression. ""For example, I can't use any equipment in the gym, like I don't know how to use it or what to do with it, so I always feel helpless. I don't know how to ask for help. Also when I feel like asking, I feel like there's no one here, everyone is busy talking and there's no one available at the moment, they are busy doing their exercise. I feel like I'm the only person in the gym and there's no one here. I also feel so depressed to ask them, I feel so blank and irritated because firstly I don't even like going to the gym, I feel so demotivated, and on top of that nothing even happens now it has become so habitual because I've become so used to do this that i dint even know how to deal with this.i always feel like ending it all"
1t7dvog,Distractions?,"Anyone have any ideas for a good distraction when you have absolutely no motivation? I usually draw, paint, go for a walk with my dog, go for a run, read, but I can't even bring myself to do any of those. I'm so unbelievably stressed and it's paralyzing."
1t7drjw,I don't know if being not depressed is good or being depressed is good.,"This might be a bit of a weird and inverted post. I'm sorry in advance for my rambling. Disclaimer, I'm not trying to kill myself or anything destructive but I needed to talk to people who understand. I might catch a lot of flak and I'm sorry if I do. I'm genuinely not trying to belittle anyone here. I've been kinda depressed for as long as I can remember, but I've always been resisting it for the longest time. When COVID and the lockdown happened, coupled with working night shift + abusive ex gf, I think that kinda broke me. I was diagnosed with MDD in 2021 and also attempted suicide twice. Survived both, so that's great. From 2021 to 2022, I was on Anti Depressants and Anti Psychotic. Honestly, I don't think it worked for me, because I got night terrors, a feeling of numbness and generally feeling like the things i want to say got stuck in my throat. That last one might be more psychological, rather than pharmalogical. I quit meds in 2022 and just tried to go all natural because the meds honestly made me feel worse and I rather just feel the sadness rather than suppress it and feel foreign in my own head, body and feelings. It took a while but after a year of constant walks, reconstructive relationships.... It kinda worked. I got into a relationship afterwards with someone who was mentally stable and healthy and honestly, I've never been happier and mentally more clear in my life. But I still find myself getting caught in depressive episodes from time to time. For example, hearing my gf say to me ""Depression doesn't feel real to me."", really threw me in a spiral that even I didn't expect to experience. I felt hurt, disgusted, dismissed, unseen within 5 seconds. I thought in the first 2 seconds it was a comment I could accept, 3 seconds later, it turned to what I just described. I even cried, without any way to control it. I'll spare the full details but we managed to talk it out. So we're good now. But that's right there is the thing I want to talk about. I'm good now. But there's a cost to it. When I was depressed, I was constantly writing, recording, listening to music, singing and pretty much everything artistic. It was my way to feel or express, I guess. But that also made functioning daily life EXTREMELY difficult. I don't shower, i don't eat, i don't walk. I don't leave my house. Now, I'm okay. Like legitimately, my last episode was in November, and even then I was noticing the gaps between episodes were getting bigger and bigger. The only thing I've done differently is to put myself on a consistent regiment of Magnesium Glycinate capsules. One in the morning and one before bed. Doing this, I'm able to stave a lot of the negative voices and feelings. But the tradeoff...... I don't write anymore. I don't feel inspired or motivated to do art. I don't make videos, take photos... I just don't want to. And i feel so bad knowing this. I'm writing this because I've been skipping my magnesium routine for 3 days, and I could feel the familiar depressive feelings again. And it makes me want to write, make videos and draw and paint and do everything to express what i feel... But I also don't wanna do it. I don't wanna move, i don't wanna eat. I don't wanna do anything as well. No one told me the price of peace would be losing the person I used to know to get me there. I miss him so much. I want to write and make videos and be inspired. I know i sound crazy right now but i really don't know how else to say it and to who. Because i know the people around me have been blessed enough not to have ever had this problem. Or is it, just me? Trying to ask for attention again? Does anyone else feel like this? I genuinely don't know if I'm grateful for being stable or not, because moments like these make me wonder if its better to have stayed depressed or be better. I mean, honestly, i know logically the answer. Being depressed is familiar but it doesn't help me. None of you who are reading would wish this on their worst enemy, and so wouldn't I wish it for myself. I don't know. I really don't know. One thing no one told me as well is that when you're okay and stable, you really don't remember the depressed parts of you ad much or as visceral. But now I'm here again, yeah... Its familiar but damn. I know it just leads to dead ends if i let it. What do you all have to say? Is this common enough or am i just insane?"
1t7dfq5,"After enough years, you stop trying to kill the depression because it feels like you’d be killing a part of yourself too","I think the scariest part about being depressed for 10 years is that eventually it stops feeling like an illness and starts feeling like you. Not something you have, but something you are. A defining feature. My depressive personality nurtured itself quietly for years, becoming 1% stronger every day while I thought I was still in control (""Atomic Habits Negative Edition""). The bed all day becomes solace. Alcohol and smoking stop feeling like bad habits and become tools just to numb yourself enough to get through the day. Overthinking feels productive because your mind stays busy fighting imaginary battles and convincing itself that you’re right, misunderstood, wronged. And whenever life starts getting better, that depressive personality pulls you back in. You want to get healthy? Suddenly comfort matters more than discipline. You know alcohol will ruin tomorrow, but you drink anyway. Not because it’s the real you, but because another version of you has spent years surviving this way. And it’s all fueled by one thing: **guilt**. The baggage of yesterday creates shame. The stress of tomorrow creates fear. Somewhere in between, you start feeling fundamentally worthless. **That’s the cycle nobody explains.** You try to change. For a day or two you gather all your willpower and start moving forward. Then the guilt slowly creeps back in. A heavy, indescribable wave. Your mind shuts down the rational side and pushes you toward comfort, numbness, escape. The escape gives temporary relief, but creates more guilt. The guilt pulls you deeper into depression, so you need escape again. Every cycle feeds the next one until the depression becomes a self sustaining system. And then suddenly hope returns. Life feels fresh again for a moment. You feel ready to change. Only to be sabotaged again. Because the hopeful version of you disappears. The depressive one doesn’t. It waits. Consistently. And every time you return to it, it digs itself deeper inside you. That’s what people don’t understand. Depression isn’t always loud sadness. Sometimes it’s a quiet system built inside you that changes your entire view of life. It keeps you addicted to comfort, numbness, and familiar pain. After enough years, you stop trying to kill the depression because it feels like you’d be killing a part of yourself too. And that’s the part that scares me most. **Can we ever actually get out of this loop?** Because every step toward progress is vulnerable to that guilt. And every next episode pulls me in deeper than the last."
1t7d4zh,"Emotional numbing. SSRI, depression, or both?","Hello everyone, I am trying to make sense of my feelings (or lack thereof) and perhaps you can help me or give me some advice. First a little backstory: 12 years ago a had a traumatic experience in my life where I was driving on the Autobahn and was suddenly hit by wave after wave of severe panic attacks for pretty much the whole duration of the trip (\~3 hours). After that episode I became completely unable to drive, couldn't even enter a car, developed a general anxiety disorder (being afraid of the fear, mostly) and was unable to function. That's when my doc (a GP, not a specialist) prescribed me 20 mg of Citalopram daily and after a couple of weeks the anxiety subsided and I was back to living my normal life. I also had five therapy sessions but only for stabilizing me and not for looking deeper into the issue and the real cause of my anxiety. Fast forward to today and I am still on 20 mg Citalopram daily. Don't ask me why, because I don't really know, either. I guess I was never brave enough to let go of that crutch, always found excuses to keep taking and so on. For the last couple of days I am going through a major crisis in my relationship after my wife told me that I have become emotionally distant, dismissive, and lack empathy to the point where she is feeling unwell together with me. Well, what can I say ... It pains me to admit, because I hurt her deeply, but she is right. Over the last two years my life deteriorated to a point where I only get up, work, play videogames, take naps, and go to bed early. I still do the chores around the house, I still work, I still \*function\*, I still see my friends, have a couple of beers and have a good night laughing and joking, but I feel almost no fulfillment. No real joy, no sadness, no ambition, just wasting away my days on what feels like autopilot. Just waiting for the day to be over again. And what's perhaps even worse, I act rejecting and hostile towards anything that could break this routine, like going out with my wife and making some valuable shared experiences, which obviously contributed to my relationship problems. Like, I hate how boring and pointless my life is, but I still don't break out, even if someone offers me an easy opportunity. Today I finally saw a therapist and she suggested that I might have a depression on top of the emotional numbness that is very likely caused by the many years of taking Citalopram. So this brings me to my question: Could this emotional numbness and lack of motivation be a sign of depression even if can do all the other things that life demands of me more or less fine, and I can still find some joy (although not much) in things like gaming? Is this all caused by the SSRI? Is it a combination of both? Did the anti-depressant make me depressed but still keeps me somewhat functional? I know you can't diagnose me from afar, but maybe one of you has had a similar experience? I am just interested in your opinions. Oh, and by the way, I want to finally ditch the Citalopram now with the help of my doctor and I also cried for the first time in, I don't know, ten years, after I was done with the therapy session and thought about some things. It felt good."
1t7cp6i,Feel like a failure and don’t have motivation to keep going (19M),My parents gave up a lot to give me a good education and life as immigrants but during that process they also emotionally and physically abused me during my childhood. I was never the smartest kid but I always tried during highschool and middle school to get the best grades I could and was always at least average or above. We’d always get into fights about school I kept telling them everything would be fine which it did turn out decent I guess but I still feel like I wasted their 19 years because they were probably happier back home. They expected so much more of me. But I can’t get over the full on punches and hard hits I used to receive and my mother even telling me to kill myself before. I feel like a failure and now I can’t even look at them without being ashamed of myself. But at the same time I have so much resentment for them and I don’t know what to do. It’s selfish but I just wanna cease to exist does anyone have advice. I’m too scared to kill myself and it feels so selfish but I truly don’t feel like there’s much to live for anymore.
1t7cooo,I feel like im faking it,"I have days where I'm fine. Even feel joyful sometimes and dance to some music. The others i go to college annoyed, come back as soon as i can to unwind in peace. When sadness comes, it hits like a mofo. But i feel like im faking it. Im extremely f\*t, and dont even study everyday, but i feel like those are stuff i can change if i just try properly. Instead of being this lazy guy. Maybe i just like the sadness when it comes. It lets me be useless. I've probably been actually depressed during my first year final exams, where i was at my utter low. But now, i feel like the problems can just be fixed if i do well. But i cant. I choose not to. I dont know why. I try to get better. Look up self help, even have timesxwhere i go into a cycle of finding content to help me. I save them to a folder on youtube but never open it. Its not like i cant laugh. When im with my irls and we make some jokes, i laugh. Im genuinely a very silly person, who prioritizes making others laugh over his image. Who gives a heck about image when i can make someones time better. It feels like change; a better life is right in front of me. I can just grab it, but i am choosing not to. I daydream all the time. Always. Every wakinf moment im thinking of stuff in the future. Not always sad either. I imagine myself as a successful music artist and build a whole career mentally. I even give myself ted talks on how in the future ive gotten magically better. Maybe im just rotten. A monster who keeps lying"
1t7c6i4,"My parents deserve better than an idiot like me on whom they spent over 600,000 rupees","Got low 12th marks, low SAT/ACT scores, tried AP and A levels and fucked them both up too. I didn’t get to a college of my choice and remained a bum for 5 years out of high school, just finished college and registered for CFA but didn’t prep well enough and will definitely fail this too. I’m an absolute shitty child and I feel horrible coz I know I can never repay my parents and will never be successful enough to justify this high of an investment in me. They’re so kind and amazing, I wish I was better."
1t7bpwy,Is not caring about anything really the only solution to depression?,"A friend of mine says he's really tired and depressed now... and the only thing that's helping him right now is not paying attention to anything, and he says that's relaxing him... I told him some advice to find solutions, but he doesn't seem to be really listening... I don't know what to do....."
1t7arjy,I JUST WISH I HAD GAMER FRIENDSS,i am so tired of solo queuing valorant PLEASEEEE SAD GIRLSSS THAT GET IT HMUUUU . i will not reply if you’re a man . also im 24 and have a bf :3 edit : im posting here because i am very depressed lmao i just cope with humor and chaos thank U
1t7ajba,I ruined everything by telling my psychologist that I want to die,"Last week, I had a session with my psychologist, and somehow, we ended up on the topic of depression. She started asking me questions, like if I wanted to kill myself and how often I think about it yada yada, and I initially wanted to lie about it because I knew that she'd have to inform my parents. But for some reason, I didn't, and now they think I'm a crisis situation kinda thing or something idk, and like, yes, everything I said is true, but it's really not that bad and informing my parents will just make everything worse. I'm just like, idk completely lost and panicking the whole time because they're going to tell them next week or the week after, and it's just making me want to end it even more ngl. My home situation is not the best, and I just know how my parents will react, and ugh, I just regret telling her all this. It's also just the fact that I ruined everything for myself and I can't even do anything about it, because some adults think they know my parents better than I do. God, this is so embarrassing to post, but idk I just needed to get this out. English is not my first language, so I'm sorry if this makes no sense"
1t7a2mb,i want to kill my self,"I dont know what to do anyways everybody is leaving me out and my family especially my uncle keeps berating me, i just want to get a knife and kill my self"
1t79s3y,Failing my exams on purpose,"I'm asian and that means that even since I was born, all the importance and pressure was put on exams and marks and ranking first and so on. Everyone made it seem like marks were the beginning and end of everything, that without them, my life is worth nothing. The pressure got so bad that I even tried to kms. I somehow moved on from that but the depression still lives waiting to strike at the right time. I'm in college now, medical college, where marks obviously mean a lot to my parents. I have my exams in 3 days and I haven't picked up a book in months nor do i plan to for these exams. I'm just so done feeling so much pressure that it feels like a matter of life and death over a minor exam. It's an exhausting way to live. To feel like I should just kms if i don't do as good as I'm supposed to. I just want my body to realize that it's ok, that the world is not ending if I go into an exam unprepared. This exam isn't that important and doesn't really have any consequences and I'll make sure my parents don't find out my marks. But i still feel SO guilty for doing this, like I'm ungrateful to my parents or something. But i just can't live like this."
1t79or9,Is lucid dreaming serious?,i have lucid dreams most of the times and the dreams are not normal now i feel if they're concerning.
1t79kr9,depression illustration,"i saw a chart here a while ago of different stages of 'feeling bad' / depression where the first image is something like 'feeling so good i could burst' and then it gets gradually worse. I'm not quite sure how else to describe it but perhaps someone in here will know what I'm referring to. If you think you know what i mean please link in the comment, it would be much appreciated."
1t79htp,I'm tired of everything.,"I'm honestly tired of living. Waking up everyday trying to make ends meet.. sand tomorrow is still going to be a struggle if no worse. What's the point of it all, why do I have to suffer I don't want to wakeup anymore, I'm just done, People tell you to persevere but until when? When do i get to rest? I can't even care for my child anymore. I just want to lie down and never wake up. I look at my child and I feel sorry for her, I'm sorry that she has an unstable mother, I'm sorry that she got borrn into poverty, I'm sorry that I might leave her one day. I've tried manifesting for happy days but they never came, right now all I want is to rest. I'm just done and everything is pointless there's no meaning to life. There's no happy ending"
1t79daf,The universe is against me,A lot of things have been happening to me this week and it's gotten so bad that I've just been constantly crying. I graduate soon but my life has been so shit that I don't feel happy about it. Been having mixed messages from the woman I love but can't be with and then yesterday I went for a haircut and they fucked up my hair which is now lowering my already low self-esteem and it was the last straw...I just want to die the most gruesome way possible and thrown in a ditch.
1t78xib,Name of phenomenon where constant feeling of malaise very rarely lifts for a fraction of a second then returns. Experience feels slightly like Deja vu.,"I've never been assessed for depression, but I have a number of ailments where depression is a textbook resulting symptom. I usually describe my state as contstant malaise (feeling vaguely unwell). In my case, emotionally. Anyway, very, very occasionally I feel this feeling lift (maybe once a year) for a fraction of a second. When it happens, it's a really strange feeling. It feels a lot like deja vu, but it's not the feeling I've done something before, but rather it seems like a way that I've felt before. It's also how I would imagine dementia patients feel when reaching a temporary state of lucidity. The feeling fades very quickly and I feel an overwhelming desire to try to hold on to the feeling. I've read deja vu is theorized to actually be an accidental temporary memory aberration where the mind records a thought from your working memory in your long term memory, giving you the strong illusion that you've done that task before. I wonder if, this temporary lifting of my emotional state is some kind of similar mechanism..like, my brain somehow forgets my state. Sometimes it seems to be triggered by sunsets, but that could be my imagination. I'm curious if anyone else experiences this, or knows if it has a clinical name? Thanks!"
1t78rbu,I think i might have depression,"I have been experiencing negative emotions like sadness and all that in the past few weeks. I feel like my friends dont really like me and i am lonely, i don't know where to talk about it so i'm giving this a shot. A game i found on Roblox (i'm 14) has been helping me socialise and feel joy talking to others, it brang me alot of new friends. Unfortunately, the game has been deleted recently and i am feeling lost and don't know what to do. I feel so alone and forgotten. If anybody has the same problem as me and overcame it, please give me a solution that can help."
1t78nez,Falling back into depression due to injuries,"I've carelessly managed to damage both my knees, seemingly severely. I'm an active person so this is devastating to me. I don't know if it will improve but just walking for 20 minutes has me in a decent amount of pain now, and walking and working out were the things that were helping me stay out of depression. I'm scared about my future, like getting arthritis because of this. Or surgeries I might need. The worst part is that this is all my fault. I unknowingly did this to myself...."
1t77yvs,I feel like I keep on losing on pretty much anything in life,Lately I have been noticing how misfortune always finds its way into my life. What could go wrong always goes wrong and what planned always comes undone or unfulfilled. I feel like im continuously drowning when I am not in water. I keep waiting for the time when it might be my turn to finally win something in life. Even if it is just a small win I would take it. I have worked so hard for where I am right now only to have been set back by unpredictable events. 4 years of hardwork just to mean nothing. I wonder if I can handle the pain of failure and if I am strong enough to see what comes after it.
1t77hry,Is this depression or something else? What can I do to help myself?,"I became ill a couple months ago and am slowly recovering, and it’s left a huge toll on my mental health. I feel constantly lightheaded/unsteady and like the world is surreal. I also am constantly fatigued and have a sense of dread for the mundane parts of my life. I’m also experiencing a lot of brain fog along with anxiety. I want so desperately to feel like me again, but I don’t know what to do to get there. I’ve been walking at least a half hour a day along with stretching and have been making sure to eat well. I also get well over 8 hours of rest each day thanks to the fatigue. Is this depression? It feels like it, but I can’t stop that nagging voice in my head saying it’s something else health related. I have had an EKG, thyroid tests, and allergy tests since being sick, all of which came back good. What can I do to help myself? I feel so hopeless right now, like I’ll never be any better. It’s really debilitating on my day to day life, and I feel like a shell of who I was even three months ago."
1t776uf,Why im the only Childs to get blamed in everything,So my parents are blaiming me for all things that i don't even do like last week they needed matches and they ran out in winter so they started to yell at me for that and now i have mental health problems and in school there's so much to do that i can't do them. And now im failing.
1t76pva,Is it worth it asking for SSRI purely to reduce libido?,"After going through years of hell and long-suspecting I was clinically depressed, I was recently formally diagnosed and prescribed medication. A lot of my depression stems from the usual suspects, but the part that nobody knows (I've never told a soul) is that *a lot* of it is from deep-rooted sexual shame. I've long struggled with intense shame, disgust, and hatred over my frequent sexual urges. I've come to quite hate my mind and body for so constantly being preoccupied with sex and romance. Almost all the times I've been close to suicide it's been because I've faced an overwhelming disgust and hatred of myself over sexual fantasy or masturbation I've engaged in. All this in mind, I was very disappointed then when my doctors specifically mentioned how the anti-depressant I'm now prescribed has little to no sexual side effects. Believe me, I've tried to hard, year after year, to amend my relationship with lust. Ultimately though, I can't stop being horny and I can't stop hating myself for it. At this point, I simply want to curb my libido. It'd honestly do so much for my mental health if I could just cease having sexual thoughts, or just have less of them. My current medication is... alright, I guess. Good days and bad days, as it tends to go. So, my question is, should I intentionally ask to change medication to an SSRI, just for the sexual dysfunction it can cause? I'd likely have to obfuscate or lie to my doctor--I doubt that saying I essentially would prefer being chemically castrated would be condoned--but I think it could be really beneficial for me. I yearn so intensely to be less interested in sex and to stop feeding into this shame and disgust that kills me, and I think taking an SSRI could really help me. Anyways, I hope that this makes sense and I welcome any insight or perspective. Thank you kindly and have a good day."
1t767g1,How do I do this,"I need a mental hospital stay and I’m not sure how to get it. I’m 15M in New Zealand and I have no clue if I even can get admitted. I’ve tried with suicide attempts before but none of them worked. I’ve tried to be more honest with my therapist that I’m not in good health. My therapist should have some idea of why I need to be in care, after all I go into sessions and forget everything she asks me and have no idea how to respond which I think is a clear sign that I probably shouldn’t be at school at least. Im sick of being so debilitated because I’m subjected to things like school, I need time away so I can improve because I haven’t improved since my depression started. I have told my therapist therapy isn’t working, I’ve been on NDRIS and SSRIS and nothing has worked, I just want change and I want to have the space to be myself. How do I do this? Right now I’m planning on doing another ‘fake suicide’"
1t7674t,Time isn’t real help,"It’s only been like two days of May I swear but it’s been a week. I increasingly csn’t take csre of myself time keeps passing fatser im afraid ill awake in 10 yesrs and be in the dzme spot. I mis my ex , i thjnk idk . I dknt think my mind is real . I wish i wasnt depressed .& im so lonely"
1t766ex,Depression made me chill?,"After I don’t know how many years of being helplessly depressed without any external support and years of actually wanting to exit, I fucked my nervous system. I’m eternally happy. I cannot feel negative emotions. Because I know they will be so overwhelming I will want to exit. And to stay alive I don’t face them. I’ve seen it all. I’m numb. I laugh emptily to my friends. I function in my home with family. Yet I‘m not myself. **I don’t even think anymore. I just live. While my brain subconsciously keeps me trapped as thoughts try to escape but are immediately suppressed. Perhaps until I die.** I will do the same things in the same mental state until the day I die. Because any change to myself is too hard. Yet I try. I try so hard to discipline myself to live, to talk to people, to try to care about things, to pursue my hobbies. To see the good in things I do. But every time I try I go back to square one. My brain says no. Sit down little boy. I think I’ve escaped depression when it probably will keep ahold of me forever. And I’m just helpless. How much pain do I need to give myself until I \*feel\* something? Just anything? How do I know I won’t go back?"
1t765rc,thinking lately,"hi does mixing fluoxetine sertraline citalopram and lil bit of xanax (14mg, haven’t took it before so 0 tolerancy) with some alcohol is gonna cause respiratory deoression i mean is that fatal"
1t765f0,I feel like I'm wasting my teenage years,"Ive been depressed for 3 years continuously and has been diagnosed with depression, I stopped seeing my physciatrist cause I'm broke and I think its hopeless for me, I quit self harm but Ive dawned on me that I haven't stopped at all and that has really brought me down my confidence of ever getting better I spend my days sleeping and once I wake up I stay awake for as long as possible so when I eventually do wake up the day is almost over I feel so disconnected to my friends bruhhh I don't know what to do likkeee everyone could be having fun and I'm just silent even though I'm like th ebiggest extrovert I really have difficulty remembering things so I really don't remember anything I do, I'm willing to go out and hangout with my friends but at the end of the day I feel like crap man is there anyway to get out of this feeling???"
1t75iq6,"26 years old, empty shell, suspected AuDHD and a traumatizing family.","​Hi everyone. I’m writing because I feel completely burnt out, like an empty shell with no drive left, and I need to understand if there is a way out for someone starting from a situation like mine. ​I have received verbal diagnostic hypotheses of Level 1 Autism and ADHD (AuDHD), along with obsessive traits and OCD. I live by extremely rigid routines (listening to the same music, my environment must be millimetrically precise) and the slightest change sends me into a tailspin. I am in a state of total apathy and burnout. When the emotional pressure becomes unbearable, I have meltdowns where I vent my anger on objects. I have a history marked by a past suicide attempt, and even today, I deal with recurring suicidal thoughts. ​I live in a toxic environment. My father is absent; my mother has a history of physical violence toward me and now uses me as an emotional punching bag. I feel trapped. I can’t work because I can’t even conceive of the idea of working. I’m not interested in working for money, but I wouldn't be able to do it even for something I like. I feel as if I have no will of my own: I passively adapt to other people, I can never make a decision, and I feel literally ""shut off."" I have no goals because I don't have the energy to want anything. ​I am currently following a path at my local mental health center (CSM), but I feel a constant prejudice. People close to me think I’m just looking for ""excuses."" The truth is that in my mind, there is only a sort of desire to have a disability allowance or some kind of help, even though I know it’s a utopia and perhaps, to the world, it is also wrong and ridiculous. But it’s the only thing that feels like it could give me some peace. ​I want to get an official diagnosis to understand who I am and finally be able to find some serenity. I don’t care about success or a career; I just want the peace I’ve been missing since I was a kid. ​What I am asking you: ​Has anyone obtained support or disability benefits for Autism/ADHD or psychiatric conditions starting from a state of total lack of will and interest in everything? ​How do you handle the weight of being judged by those who don’t see the void and the decisional paralysis you have inside? ​Is it possible to rebuild a life when you feel so empty and your family environment destroys you every single day? ​Thank you to anyone who responds seriously."
1t7561u,"Is this depression, combined with dpdr?","This is my last post here cause im losing hope. I don't know what to do, I become no one and nothing and didn't imagine my life to be like this. I have nothing in my brain, work, friends, family, 0. I do things but I don't feel like myself at all. Im scared that my job will suffer. How can I have myself back? I don't know what happened to me but its not good. Im already 35 years old with no thoughts and cannot do anything about. Feels so lost in life. Only good period is when im relaxed or at least im faking that relaxation so on the outside i feel good and light. But when I am home, or trying to create a thought, I just can't. Wtf. I cannot do anything, and don't have a personality. Im just coping what other people do or tell me. I cannot live like that, it's complete hell. Im physically very healthy and in good shape but this terror in my head is not ending."
1t74yvs,I give up completely,"I’m not meant to be on this earth I feel. Terrible friend, terrible mom, terrible partner. I’m just a trash human being and I think if I left everyone’s lives around me would be better. I’m a burden on this world and I need to free everyone from this burden that is me. If I’m sick of me I can only imagine what everyone else is feeling. Hopefully I fall asleep and don’t wake up but I doubt that’ll happen sadly. Nobody wants me around they either tolerate me or hate me so whats the point in staying. “If you don’t belong, don’t be long” 🫡 now to find a method that is guaranteed cause I’m not going to have another hospital stay."
1t74s2b,how can you tell its laziness and not depression?,"im getting worried of my boyfriend's well being. we are both only 16, he has anger issues and i am clinically diagnosed with mdd and bipolar. hes the lazy potato type but things dont feel right lately. i dont know if its my own depression making me view things differently, or him losing interest, or him showing symptoms but i havent been able to have a ""genuine"" time with him for the past months. what i mean is, i dont get to see him laugh more often with me. or us having more meaningful convos. its mostly because we are ldr and have strict parents, but when he sends me voice notes or on call, he sounds tired most of the time lately. it can be understandable, we only get to call late at night, and rarely. he has tons of school friends, but can get quite introverted. he doesnt like going out. now its summer break, so hes always in his room alone. i think it can get bad since hes already struggling with porn addiction. if only i had lived closer id want to spend all my time with him. even though im severely depressed myself. fortunately for me, next year he will be attending my school, im a reason why. but that means hes leaving his old school and friends behind. he doesnt sound quite happy talking about next year. pointed out his dorm room looks depressing, and quite anxious if hes gonna fit in. its the last two years before college, where us students dont really get into that close vibe much with each other anymore. im worried hes also depressed or even suicidal. he tells me hes okay all the time. i just want us to talk more... does this sound like the usual teenage boy to you? or is he losing interest in me?"
1t74pne,My life is cooked,"I haven’t had any motivation for the last 5 months. I used to draw and write when I was feeling sad but I cant bring myself to do anything lately. This sounds stupid but im struggling to understand basic sentences in class, like I can’t follow instructions unless I read it over 10 times. Lowkey failing all my classes, missing homework, all my teachers hate me, and im so lonely. I don’t find any joy in things I used to like anymore. I’ve tried talking to people but I don’t think anyone takes me seriously because im always laughing and making jokes. Im no ones first choice and every night I just have this sense of impending doom like I just get soo depressed to where I’ll cry for like 2 hours straight. I feel so alone sometimes just wanna end everything. I genuinely hate seeing my own face. can someone please reply"
1t74pdp,Advice Needed tw: sh,"So I kinda took 4x my recommended quetiapine dose and 6x my melatonin. I was spiraling for weeks now and last night was the most pain, emotionally, that I had. Not even sh helped so I was desperate to sleep before I do something I will regret. But aside from the pulsating pounding headache when I woke up and the extreme thirst, also bleeding lips and tongue ish with my throat feeling like it was on fire, I actually felt calm. Idk how to say this like even up until now I feel at peace. I am rational and surprising no emotional pain. Not even unreasonable customers at work spoiled my mood. Should I tell my doctor about it? Like should I ask him to increase my dose? Im conflicted because its the best I have been for a while now. I lied a year ago to my psych just to lower my meds so my parents would feel at ease with me going away to another country. Im beginning to come into terms with my condition (been in denial for years) that the meds are essential for me to function. I just feel at a lost. Its kind of a bittersweet feeling. Ive resented myself for being sick for years. Idk I just want advice on how to move forward."
1t74b6y,I'm... lost.,"I don't know when my life started spiraling. Was it when I dropped out of school because of bullying? Or that time when I opened up to my father only to get told that I'm being overly sensitive? I don't know. I'm 23 now, turning 24 in 8 days. The past years have been... exhausting, more or less. I've tried everything that would make me happy. Tried to go out of my comfort zone. I tried making others happy. Yet, there's this constant voice inside my head... it's messing up my thoughts. I... envy people who have families that care. That asks how you are, that shows that they care, that shows that they love you. Well, mine loves me. I think. But for me, that's not enough. Selfish? Yeah. But shouldn't loving your family be normal? I always show my family and close friends that I care. When they're sad, they open up to me and I listen. I give them advice when they ask, change their mind when they're about to do something stupid, or to brighten up their moods with jokes when I feel like they're down and a joke's all they'll need. I do those things, not because I want to be a good friend. Because of one philosophy that I've heard since I was young: ""Do unto others as you would have them do unto you."" I've grown up with that philosophy in mind, but I've never received the same treatment. Not once my entire life. So, this is it... I'm not writing all this to get pity or compassion. I just want to let it all out. Before I do something stupid. Just 8 more days. I need to endure... Maybe this year will be special. I hope."
1t7439f,Death in installments,"I technically shouldn't exist. My name isn't really mine. But my wife still wants me here. I hate crying in front of her. I really do. But she gets mad when I start drinking. I hate feelings. Sometimes I wish someone would break in and shoot me in the leg so I would maybe have a real reason to cry. But sometimes I just wish I won a little bit more in the Oregon Powerball, too. Welcome to America. Die a little inside every day."
1t73h6h,I don't know what to do with my life anymore,&#x200B; I feel really depressed been feeling that for months now I can't do anything can't get out of bed failing my classes barely have any interaction with people I talk to like this one guy cuz well I like him and he somewhat understands me sometimes ig but I wanna ghost him too every conversation with him drains me now I don't know what to do life has lost all meaning I'm just existing everyday atp everything and everyone drains me out can barely eat got hospitalized for like starvation and dehydration a few days back they put me on all of this stuff my body is lacking just got home and i feel worse My whole house is a mess there are food packs everywhere dirty dishes i don't like living like this but I just don't have the energy to clean all of this I can't even get out of bed most days showering and even getting up to brush my teeth is so difficult somedays I just wanna curl up and die tbh this isn't getting better it never does Relapsed after almost a whole year of being clean and i feel so bad about it cuz I managed to stay clean for so long but then went back to it but it isn't helping now idk why even after cutting and burning myself I feel nothing absolutely nothing Going to the hospital with all those cuts and scars on my hands was so embarrassing tbh the nurses when they were putting the iv drips were judging the whole experience was so bad tbh sitting alone there while people around me were being cared for by their families and friends really lonely and depressing time honestly Idk what to do anymore I wanna die there isn't anything to live for anymore it keeps getting worse each day that little hope in me that maybe things will get better died a long time ago but idk why I'm still alive
1t737oj,I want to take my life,"I don’t know how to say things or why I’ll post this, I know I’ll be embarrassing myself but no one here will know me so I’ll try it. I want to take my life because I don’t feel as if I exist, I don’t remember things or feelings they just pass by me, It doesn’t feel like I’m watching my life from afar or anything but I don’t feel conscious at all, it’s like I really don’t exist like actually don’t, that’s why I feel like I need to take my life but sometimes I feel like I’m mocking people who really go through trauma and mine isn’t valid, I know nothing will help me"
1t734cl,Is it selfish to be depressed as the main supporter of your family?,"Everything feels heavy all the time. I wake up with anxiety, guilt, shame, fear and I go to sleep with the exact same feelings. I have no stability, I’m struggling financially and I feel completely stuck in a country where I already felt isolated What scares me most is how hopeless I’ve become. I keep having this urge to just do it, I’m scared because I’ve never had it before, only recently and it’s making me freak out because I don’t know when will these urges take over. My brain keeps telling me there’s no fixing this and no future for me. I know people say I’m young and it gets better but right now I genuinely can’t imagine a version of my life that feels okay again My mom and grandmother are the reason I haven’t done it earlier. They love me and see me as their saviour, I’m trying to fake happiness and strength for them but I really can’t do this anymore. If I want to leave or even live miserably on my own, how do I do it without feeling guilty for leaving them behind without support? I love them but I can’t do this life anymore"
1t72p58,I think about dying,"I loved studying back in high school, I was top student in few of my classes. My family did not let me work as they wanted me to prioritise studying. I am in university now, doing a double degree full time and work. University is completely different from what I expected. It is so challenging, then I have this work shitty job. After I get the worst grades, I go to my stressful hospitality job. I stoped taking care of myself. I cannot go to the library or outside. I force myself being outside feels worse. I want to die. my father died when I was in grade 10. It has been extremely financially hard on us with multiple loans. We are suppose to be financially stable. I hate my dad. I hate myself. My mother and my elder siblings try so much to help themselves stay afloat. my mum pays everything for me, so on Fridays and weekends she picks shifts at age care. She doesn't like the job there, she gets bullied there. There is so much I hate myself for. I dont know anything anymore. I just want to die."
1t72jc6,How do I get through this,"I'm 38 now and every time i have been through therapy its always the same conclusion that i had trauma as a child and growing up with a narcissistic mother. Not only did she beat the shit out of me she would give me the silent treatment for 2-3 days and at the time i was 7 or 8 years old. Even after saying i was sorry sliding notes under her locked door she kept silent...she was also a heavy drinker at least a bottle of wine a night, she would accuse me sometimes of drinking it i was 8 ffs. Best one was when she convinced a psychologist i had ADHD and they put me on Ritalin and when i was falling asleep in class i got in trouble at home because those pills are supposed to calm down a hyperactive person.. I don't know if that still affects me in the back of my mind Anyway those are a few of the things she did, i left as soon as i turned 18, I've had bad depression for the last 10 years and i want it to get better, it has been getting worse, i am not a suicidal person but these thoughts are now coming into my head and i don't know what to do..."
1t71rvl,Architecture research: calming spaces for depression,"Hi 🤍 I’m an architecture student designing a mental health center for people experiencing depression. I have a very quick question: What types of spaces or environments make you feel a bit more comfortable or calm, and what kinds of places feel harder to be in? Even a short answer would help a lot 🙏"
1t719ft,Can't see the light.,"Hi, 29M from Kolkata, India. The last couple of months have been really hard, especially goven the social environment where everyone else is getting hitched or having a proper success in their career where it just feels like I am stuck in my life and there's no one to share these feelings. This has effected my work and personal life where it just feels easier to give up rather than delaying the inevitable. I have been joking about suicide and suicidal attempts. Racing my way on the expressways, taking risky turns, coming close to haulers just to feel alive by getting closer to death as possible. I know it's not healthy but I can't find a reason good enough to be alive. Not after everything that's been going on. Thanks for the space."
1t718ax,"191 days sober from alcohol,but im now depressed and lonely","I'm 21, struggling with depression and alcohol cravings,I admitted myself into a hospital for self har,in February,im doing better but right now I have no friends,im an extreme introvert,I have trouble with talking with people I don't know, I currently am employed but im only getting 15-20 hours a week as a cashier, i know cashiers are supposedto be extrovered but im on auto pilot, struggling to make do and I have no savings for a vehicle, self confidence is at an all-time low motivation dropped significantly since I quit alcohol, im stuck at a dead end job, and have no opportunity to move up in life because the lack of motivation and a car,l moved out with my brother about a year ago and that's when I started my downfall, drinking heavily smoking weed but October 31st i white knuckled sobriety to this day no help from anyone so I don't know ways to heal from alcohol correctly, and was never in an aa group or anything, in general my life could be better, I've been thinking it's kinda shitty and I need change but I don't know what to change,can someone help"
1t713ee,Numb and ready,"See last year, I killed myself and was brought back since then I was on a road of redemption so to speak, I went sober I found Christ I’m doing all the steps to be better…. Truth is I’m still tired, everyday I wake up contemplating my own life, everyday I fantasize a better life for my kids with me not in it I’m trying so hard not to relapse and honestly not to just kill myself everyday I’m judged, homeless(couch surfing), I’m fucking tired I don’t want to be here anymore, all I’m doing is projecting my waste of life on everyone around me I’m tired of giving my all to ppl who wouldn’t notice if I disappeared tomorrow, I’m fighting so hard to be somewhere that doesn’t bring me peace I believe in god and accept hell if this my life on earth I took a lot to even open up about this I’m not here looking for sympathy just needed to vent before I made my choice again My mother once quoted “next time we won’t make it in time, next time he won’t fail…”"
1t70v38,Figuring out life,"Hi guys. I don’t know if this is the right topic to talk about it So I am a 27 years old and unemployed . I used to work as a line cook for 3 years and 2 years in culinary school. To be honest, I don’t like my job that much because it was stressful and lots of screaming, which I’m not good in tolerating. The reason I got this job and this degree because I am not good at anything and culinary was the only major that opened for application at that time( I was an international student). Whatever I do, I always fail and I don’t even have any hobbies. There were so many time I was so depressed because I felt like I could not do anything right or thinking that everything that I do just against me. Professionally speaking, I have worked in culinary industry for a while now but I just felt like I did not learn anything, even tho I graduated with honor at my college. I only like to cook for myself and my family but I just cannot handle much pressure while in big kitchen with lots of people even though everyone said I did good at my job. So I am back at my home country trying to figure out what jobs should I do, and the past 8 months I have been trying to do other jobs but I just couldn’t do it. Most parts are that I think I am not good at doing it, and I also have really bad anxiety. I tried to avoid not doing any kitchen job and apparently I got offers from many restaurants. I swear my knowledge to kitchen was far from good and maybe worst comparing to other self taught chef even tho I have worked for 3 years. I really want to earn money now to take care of my family and saving up for something in the future. What do guys think I should do? I know it’s best to go back to kitchen and trying to earn money as much as possible and ignoring all the insecurities that I have. However, I just want to see how do you guys view it and is there anyway to overcome anxiety ? Thank you"
1t70uk0,My fiancé said he might be falling out of love with me.. can the reasoning be him being depressed?,"Hello Reddit fam! I’m kind of looking for some advice. I’m no stranger to depression. I’ve had it my entire life, along with ocd and anxiety. It’s always been pretty bad and just my normal level. I’m curious about my fiancé. I think he is severely depressed. We postponed our wedding and ever since then, he’s been nit picking everything about me. He’s told me he’s been contemplating breaking up. He said he has fears nothing will ever change snd that we’re incompatible all of a sudden. He told me he can’t stop thinking about all the negatives surrounding me. We’ve been in couples counseling for 2 months. It’s been absolute hell. But my feelings are besides the point. Do we think his behavior can be because of depression? I fear he’s self sabotaging. I’m not the only one that has expressed that. Today he told me he might be falling out of love with me. I’ve seen absolutely no emotion from him for months and today he finally broke down. He also told me he’s started to ride his bike without a helmet in hopes of a car hitting him. I know how hopeless one can feel in the thick of it, especially if they’re not used to it. I feel like he’s not falling out of love, but that he just doesn’t feel anything right now that provides happiness. He’s the one saying it feels hopeless. I’m ovbiously gutted over him saying that.. there have been times when he’s drunk and he says he hates himself. I’ve always been worried about that with him. He just finally admitted he might be depressed for the first time ever, once I brought that up. Do we think depression can cause all of this? Or is he depressed but also no longer in love? After that conversation we spent the rest of the day together. So I just don’t see how he can be falling out of love and still want me around and doing things. Also.. how would one suggest caring for him? I get worried about his safety at times, but I’m always worried about everyone I love? I guess that’s my anxiety. But what do I do? I feel so lost on how to approach this and help him and not close him off from expressing those dark thoughts and feelings. I’ve always been so good at supporting friends, or those younger than me, because I’ve been there.. but it’s different with him and I don’t know why."
1t70hjr,"I dont, do i? I have to earn it..",I dont deserve to feel good. I.. i have to suffer to feel good. Existence is suffering. I have to earn feeling good. Existing isnt a reason to feel good. Im tired of hitting myself but what else am i supposed to do? Im terrible. Im.. i dont deserve trying. Im a waste of oxygen am i not? Who am i? Why do i even bother. Im nothing. My achievements mean nothing. Anyone else can and has done them before. Only my failures stand out. So. Many. Failures. I punish myself for them. I deserve pain. The tears running down my cheeks in a bathroom after the exam are supposed to be there. Were they not there id.. id stop trying. Id be lazy. I would deserve more pain. Im earning feeling ok. I havent yet. Which is why i deserve pain. Is it not? Im not special. Im mediocre. Mediocre deserves to die. I dont wanna die. Im trying my best. Im sorry. I really am.
1t70fch,Kill me please!,FUCKING KILL ME FUCKING KILL ME FUCK THIS ENTIRE WORLD FUCKING KILL ME I DON'T CARE WHAT HAPPENS I AM SICK AND TIRED KILL ME KILL ME
1t70cf0,I constantly feel empty and I don't know why,"Hey guys, I hope the title didn't portray me as some sort of edgelord. I was just looking for some advice from other's who might be experiencing something similar to me. For the last few years I've had this sort of feeling inside me. Like a sort of empty void that just sits there. I think the first time I really felt it was 11th grade, and it's been like that ever since. To most people I come off as an easy going happy guy, I laugh a lot but even in situations where I feel happy it's like that imaginary void is still there. In the moment I'm really talkative, but whenever I go home or am alone I avoid people. I barely text and I don't go out of my way to see others usually. It's like I sabotage my own relationships and drift away from people who I am connected to. I'm pretty sure I wasn't like that before. Honestly I don't even know what tangibly changed. I have loving parents, a nice brother, and I live a life of discipline (weight training, running, etc). I don't really have any trauma or emotional baggage but it still feels like there's a part of me missing. That void in myself has also kept me from getting into relationships with girls. I don't think dating someone or having a girlfriend would fix what's wrong with me, after all true happiness comes from within. I don't want to burden a partner with that part of myself which is why I've avoided dating for so long. It just feels like I'm not satisfied, and when I lay up at night I can't help but feel miserable. Does anyone know what my problem is? Anyone else going through this?"
1t7079d,Im in a Competition,"I have always lived my life competing while never having any foot in any doors. My existence is utterly useless, why do anything when someone is better? I don't necessarily have anything to give I lack skills an identity, and for what? I am also kinda illiterate if your reading this right now. If I try to kill myself I will always live, I want someone to murder me. I feel odd, numb, anxious, paranoid, I have several mental illnesses. I live to stay, bored, alone, and to suffer endlessly. No one will read this i'm sure. I know people would say im going through victim mentality, but my life is utterly worthless, i'm unintelligant, uncreative, slightly, illiterate, I can never catch on anything fast no matter how hard I try I will always be useless."
1t6zvyf,Sleeping the day away,"What do you do so you don't sleep the day away, even if that is possible. I wake up between 8 and 9 on average. Generally I don't feel rested and want to sleep more. I have to get up because I'm currently sleeping on my mom's one bedroom living rooms floor and she needs to start her day. I'm not working so I'm home most days with nothing to do. I try applying for work to the best of my ability but that lasts for about 10 minutes. So what I end up doing is sleeping on the couch through the day and night until it's time to make my bed on the floor. So yah my question is what do you do so you don't end up sleeping your day away? I also get someone who would say if I wasn't sleeping the day away maybe I'd sleep better at night, not always the case. Also I feel I do sleep better in a bed rather than on couch cushion laid out as a bed but I can't afford a place or a bedroom."
1t6zt4n,How do you cope?,"Hi, I am a 22 year old female living on my own. I have struggled with my brain for the past few years and it’s an endless loop I cannot escape, no matter where I’m at in the world who I’m with I can only have short distractions and I always seem to come back to my brain. It never shuts off, I ruminate, obsess with things that are so tiny and unimportant. Ik so many people can relate and I know it’s more common in our generation, so I guess I’m getting on here to ask how do you cope? Is this something I will have to deal with forever? It’s become so hard to have conversations with people sometimes to take care of myself to go outside. Especially considering I love doing things on my own, I love traveling, learning, talking to people but I get so in my own head I can’t do any of it. I started working 2 jobs recently because it was hard to pay rent and such so I am of course thankful to have the opportunity to even be able to get a 2nd job during a time where it’s so hard to find a job where I’m living at. I love my new job, they’re great people who are willing to teach me more, pay me more and teach me new skills. I get in my own way.. during this process I have become so socially awkward I project and want to climb back into a hole, I’ve become so crabby and irritable at my other job and have no interest to do anything. It comes and goes in phases, considering as well both of my jobs are right near the water with one being ocean front. I live the greatest life, I have awesome friends, surrounded by down to earth people with awesome experiences, 2 great jobs that are so flexible to work with me and willing to lessen my hours to make it more doable for me, I love my living situation I have the cutest house with the BEST roommates. What else can I ask for? I have all of this but yet everyday my brain eats me alive, I over analyze myself and every situation all day everyday. It comes and goes in phases but really at this point the only thing that makes me happy is my bed and sleeping, I feel like I have lost my joy for life. I don’t really drink bc I don’t have the time to atm, so I know I’m not hungover idk. I’m sure if I made other lifestyle changes I’d feel better. But I really am trying but it’s hard to try when the world is so overwhelming and scary all of the time. I know my joy for life is in there, I just cannot find the courage to get past my avoidance, and anxiety, and overthinking… it really gets in the way of my everyday life, every day I cannot wait to be alone and not have to socialize with anyone. I feel embarrassed of myself, and disappointed because why am I acting this way? I’ve tried talk therapy a while back but stopped going because she said we weren’t really making progress (I got offended) she suggested EMDR therapy which is expensive so I stopped going. I do have a psychiatrist appointment tomorrow morning to talk idk. I’ve been maybe considering medication, thx for reading if you did all the way through that’s really kind and I appreciate it. Also for slight background, I have a weird upbringing… definitely some emotional and family trauma.. I’m an only child and have 100% supported myself since 18, even earlier tbh. I guess too lately I have been looking around and seeing friends who rely on their parents or look up to them and getting a little sad. I’m an only child as well so I guess I also feel lonely, not lonely but I just feel like I’m doing this whole thing by myself and honestly adulting has been kicking my ass. I wish I could get some help, I have a great support system of people around me but I guess more of an intimate support system? Idk what I want, maybe I’m dwelling on the loss of some of my childhood, I had to grow up fast. And I think it’s starting to affect me more and more as of recently. Anyways thanks for reading my sob story if you did!! Honestly just had to spew it out there . Reddit is THA SHITTTT"
1t6zpit,I'm quite tired,"well first of all no I won't kill myself or something but the part of being tired is not a joke, I'm 20 years old and the world keeps telling that this is the start of my life or whatever, I have seen too many failures in my life to think that, I gave my mental health and life to study and be the most perfect in every aspect and I know that was a mistake, thanks to this reason and others I tried to kill myself at 8 with my grandma's pill not knowing it was vitamins (stupid of me I know), I move to this country when I was 12 and for other different reason I tried to kill myself again at 14 I didn't do it deep enough and was discovered so I promised to no hurt myself again and I commited to it for a few years, in high school my mental health was trash and when I finally went to therapy I saw how difficult it was for my parents to pay and have time to bring me to the appoitments so I lied and said I don't need anymore (I did need it) for 4 years of my life I gave everyrthing of me for my grades, finally when I was about to graduate I talk to my counselor just to be sure I am in the right path she said yes 3.7 GPA enough for a cum laude, I was calm for the first time of my life since I wasn't doing so well in a AP class that I hated I thought my GPA was affected badly but I was wrong so I believed so, three days to my graduation my GPA is 3.4, I was cosfused but I I have believed my counselor she would have told me if something was wrong. Then I received my diploma, no cum laude, just a normal diploma. I sacrificed my sanity, my life, my friends, and my health for that. Everybody told me it was ok, but I hated it so fucking much, but in the end, I just cried because that's the only thing I could do and accept it. I went to a good college anyway, the University of Cincinnati, one of my options, so even with that end, I was a little happy, still depressed as hell, but happy. I was starting to think of going to therapy. In October 2023, I had a car accident, which made me unable to do anything for a year. The person who hit me was never found. I asked for a loan a few months ago to pay for college, and I was planning on paying it back by joining the JROTC. My accident made me unable to do so, and from the 13,000 loans I asked for, I only received 2,000 back. Since my accident was a hit-and-run in the middle of nowhere, I received almost nothing from it. I had to pay my medical bills, which were a lot, a new car (it's a 2015 car), and a phone, since I didn't have anything to communicate with, since my phone broke in my accident. A year passes, my mom tells me I really should go to therapy since I have been ignoring everybody in my life and barely eating, I did and went back to college, the one closest to my parents. When I went to college everything was difficult. I couldn't understand anything, no matter what; it's like all my knowledge went down the drain. Before I finally started college, some bs happened again, my gallbladder gave up on me, and they had to take it out. I already had stomach problems before that, so it made the situation worse. I went and did my first year, I had a GPA of 1.7, and the only thing that didn't make me give up was the antidepressants. I never felt so dumb in my life, all I had was my brains is the only thing I have always thought was worth from me, and I lost that too, everybody was telling me it's ok, that's life, and sometimes it is difficult, things will get better, months later I get a job in the food industry I was only there for 2 months since I was unlucky enough to be there when they were changing owners and started doing cuts including employs, it was my first job I accepted it because it happens sometimes, in the middle of it I transfered to a new school and my first semester was just as ass as the last I had to pay for my edcuation so I stopped taking all my medication to join JROTC I dont care if it affected me badly because all I had was my brain and I was gonna fight for it, I passed all the test needed now it was the physical i had everything perfect and then failed, and you know why? because some dumb fucking bs from when I was a child started to affect me again, hand tremors, they say I wasn't able to join, even with the documentation it wasn't enough, I cried, everybody keeps telling me it will get better, and it didn't, I apply to every job I see and when I see mcdonals telling me I know I am fuck, finally I got a new one at chipotle, I do everything by the book and they keep telling how good I am just to two months later they fire me, no reason at all I was never told I did something wrong, I was always 20 min earlier for my shift, didn't ask much but asked enough so they knew I was present and I just laughed when I saw that and asked myself why, because thats the only thing I could, so I just put myself in the studies I wasn't able to go back to therapy since I got so depressed that just waking up and going to therapy was exhausting, I missed to many appointment, I did everthing people told me to do ""have you tried going physically yourself?"" yes I did, I still had to apply online ""apply to at least 100 jobs a week, one will answer I promise"" I did every fucking week and nothing. Only good news I have had recently is that my GPA has gone up to 2.6, same week I was fire from an AI job since then that was the only thing that accepted me, I asked why they say quality I just said ok because I couldn't do anything about it, now I was so lucky so hurt right wrist said the doctor, it was excessive usage can't use my hand for a while (yeii). I have a 10,000 loan to pay, my bank account is -95, I have a credit card debt of 5,270 since I had to pay for the car, my phone, the loan, the car insurance, and etc. I have a guinea pig thanks to my mom since she saw how depressed I have been, he helps a lot, but I am tired, I can ask for help because is not like I am the only one in problems, my parents alredy see as they perfect daughter and I can ruin that small thing that I still have, but all the adult keep telling to just keep looking and I fucking do, I really do, I can't complain to others because I know what they will say, but like everytime something goods happens in my life is like God is telling to just kill myself, I am so desperate that I have turned to religion and try to pry, last time I did it was to get a job, next day (today) I got a interview just to realize hours later that it was scam, I wait, I pray, I keep looking, I don't give up, I don't complain, but nothing good ever happens to me, all my bills are coming and I literally have -0 on me, my credit score is 654 not even that is good, I am sorry if I spoke too much but I really can't do this anymore, adding the fact that mecidine I was taking for the pain my hand my insurance just told me the good news that they won't pay it anymore since they don't believe I need it. And I want to add the fact that I am the first genof my direct family living in the U.S. I had to do everything alone, including my studies, looking for colleges, and doing the FAFSA, most adults in my life don't know how the ""work"" situation is for the people in my gen or for me so it ruins me more that all of them just think I am a lazy person who doesn't try at all. Should I just gave up atp? or what would you in my situation, is not like I have anything at this point"
1t6zphw,How do you cope w your brain?,"Hi, I am a 22 year old female living on my own. I have struggled with my brain for the past few years and it’s an endless loop I cannot escape, no matter where I’m at in the world who I’m with I can only have short distractions and I always seem to come back to my brain. It never shuts off, I ruminate, obsess with things that are so tiny and unimportant. Ik so many people can relate and I know it’s more common in our generation, so I guess I’m getting on here to ask how do you cope? Is this something I will have to deal with forever? It’s become so hard to have conversations with people sometimes to take care of myself to go outside. Especially considering I love doing things on my own, I love traveling, learning, talking to people but I get so in my own head I can’t do any of it. I started working 2 jobs recently because it was hard to pay rent and such so I am of course thankful to have the opportunity to even be able to get a 2nd job during a time where it’s so hard to find a job where I’m living at. I love my new job, they’re great people who are willing to teach me more, pay me more and teach me new skills. I get in my own way.. during this process I have become so socially awkward I project and want to climb back into a hole, I’ve become so crabby and irritable at my other job and have no interest to do anything. It comes and goes in phases, considering as well both of my jobs are right near the water with one being ocean front. I live the greatest life, I have awesome friends, surrounded by down to earth people with awesome experiences, 2 great jobs that are so flexible to work with me and willing to lessen my hours to make it more doable for me, I love my living situation I have the cutest house with the BEST roommates. What else can I ask for? I have all of this but yet everyday my brain eats me alive, I over analyze myself and every situation all day everyday. It comes and goes in phases but really at this point the only thing that makes me happy is my bed and sleeping, I feel like I have lost my joy for life. I don’t really drink bc I don’t have the time to atm, so I know I’m not hungover idk. I’m sure if I made other lifestyle changes I’d feel better. But I really am trying but it’s hard to try when the world is so overwhelming and scary all of the time. I know my joy for life is in there, I just cannot find the courage to get past my avoidance, and anxiety, and overthinking… it really gets in the way of my everyday life, every day I cannot wait to be alone and not have to socialize with anyone. I feel embarrassed of myself, and disappointed because why am I acting this way? I’ve tried talk therapy a while back but stopped going because she said we weren’t really making progress (I got offended) she suggested EMDR therapy which is expensive so I stopped going. I do have a psychiatrist appointment tomorrow morning to talk idk. I’ve been maybe considering medication, thx for reading if you did all the way through that’s really kind and I appreciate it. Also for slight background, I have a weird upbringing… definitely some emotional and family trauma.. I’m an only child and have 100% supported myself since 18, even earlier tbh. I guess too lately I have been looking around and seeing friends who rely on their parents or look up to them and getting a little sad. I’m an only child as well so I guess I also feel lonely, not lonely but I just feel like I’m doing this whole thing by myself and honestly adulting has been kicking my ass. I wish I could get some help, I have a great support system of people around me but I guess more of an intimate support system? Idk what I want, maybe I’m dwelling on the loss of some of my childhood, I had to grow up fast. And I think it’s starting to affect me more and more as of recently. Anyways thanks for reading my sob story if you did!! Honestly just had to spew it out there . Reddit is THA SHITTTT"
1t6znds,it's just so hard sometimes,"I'm a 20M, going to be 21 this year, and sometimes i just feel utterly hopeless. I've been severely depressed for basically my entire life at this point, and my situation really isn't helping me. I have no friends that actively want to see me, I have no job atm, still live at home, not even a car to drive myself around. No hobbies outside of a computer, never had a relationship of any kind, very little exercise (been trying to improve that though), terrible diet, no real skills or talent in anything. I'm as bland as white bread and it's such a degrading, worthless feeling. Last year i discovered i'm nearsighted and i live in constant fear that it's getting worse every day and i just don't know it yet. I can't make out small details like subtle blends of color on fucking screens anymore without leaning in. I keep hearing ""Oh, you're still so young."", ""You have time to figure it out."", etc etc, but I feel like I'm racing against a clock and I'm losing. You only live your 20s once, and I'm terrified by the notion that whatever path in life I take right now will give me nothing but regrets later on, and that makes me afraid to do anything at all. I'm envious that I come online every day and see all these talented, amazing people doing what they love and seeming so happy while doing it. ""Why can't that be me?"" I ask myself constantly. I hate seeing all these people who are my age with so much going for them, or who are successful because of XYZ, while I waste away every day and feel like I'm rotting in real time. It just feels like it's so hopeless sometimes, that I'm going to be stuck in this forever, and I keep asking myself ""If it's this bad right now, how much worse is it going to get in a year or two? In five? In ten? Will I even live to see my 30s and 40s?"" And probably the worst part is that I know that I'm the only one who can change this. There's no miracle cure for my eyes, no magic button someone can press to make everything easy for me and make my problems go away, no direction someone can point me in that has all the answers, it's only me who can do those things, and I don't fucking know how or what to do. And even if I did, I can't even guarantee that i would do it because i have no motivation or drive to do anything. I don't even know what the point of this post really is, I guess I just needed to get it off my chest, since nobody in my ""close circle"" actually seems to bother with listening to my frustrations."
1t6zmgr,I'm over it,"I think its time for me to check out but im scared of botching it. I dont want it to hurt and I wanna go peacefully. I lost my business a little over 2 years ago, my wife left me 3 months later. Ive been dealing with anxiety and depression for a few years now. I dont have any family and have one friend. Im lonely amd in so much debt as well and dont see anyway of getting out of it. I dont make enough money to afford anything and I'm about to be homeless. I dont have a vehicle to even sleep in. I have nothing. Ive been trying so hard to overcome everything the last couple of years but I just cant. I'm exhausted and have zero hope for anything good to happen to me. So I think im gonna look for peaceful ways to just end it. I dont know what to do anymore and I'm tired of trying and hoping for something that doesnt seem to come."
1t6zlmp,I have no hope for the future,"20y male, have no friends, have a girlfriend but it's not going so great (maybe im just terrible?). Been feeling extra pathetic and weak these past few months. I think ahead of my future and only see more misery and loneliness, I only have my mom for some support, but once she's gone I'm not really sure what I'll do. I put up this facade of confidence and charisma, but deep down I'm still the pathetic little boy who's too afraid to stand up for himself. Sorry for the rant, just don't really have anybody to talk to about this."
1t6zhk6,Feeling hopeless....,"I dont know atp man.... climate change, rise of AI and us being doomed forever. Everywhere, it's just ""AI will end humanity, even making us slaves and killing us. If AI doesnt, climate change will for sure"".. Like, how tf am I supposed to be happy and willing to live when I hear shit like this 😭. Future seems hopeless here, I just want to sleep as it feels much better than to face the harsh reality of life... I am just 16 years hold and I want shit to end as soon as possible for me at least, but a huge part of me wants to live because of family and there being people whom I care for, I want to help others But, I am starting to feel more hopeless with time. Anyone feeling the same? If so, how have you all been coping with it? I dont know, its like I want it to end soon but I dont want to self-harm either.. I dont know how to describe it"
1t6zba4,I’ve stopped taking care of myself,"exactly what the title says. i honestly don’t know what to do anymore. i don’t leave my house (i work remote) and i live alone, so there’s no incentive to take care of myself. i only shower, brush my teeth, wash my face, etc when i need to leave my house and go somewhere, which is usually about twice a week. i hate myself for it. i’ve tried saying “oh ill just do work at the library and that’ll force me to get ready” but then i just wont go. i dont do anything unless i have to. and the worst part is that no one in my life knows, because in public, im put-together and always clean and happy. they dont know that my bedroom is filthy, that my hair gets washed once a week, and that im scared my teeth are going to fall out. i just can’t bring myself to do *anything*. how do you guys deal with this aspect of depression? any tips that aren’t “you just have to do it”?"
1t6yok0,i think im going to kill myself before i turn 22,i am a horrible person ive hurt the person that loved me so much. i can apologize for it as much as i want to but it feels like theyve distanced themselves from me. they still love me and talk to me but i dont want a life without them. i deserve to die but i dont want to hurt them even more. i hope i can successfully kill myself and that they never find out. i deserve to die a painful death. i have nothing left there is no future without them i cannot imagine anything without them
1t6xm0v,There is a light…I promise,"Hi friends! I was about to say “I’ve struggled…”but I am going to change it to “I used to struggle” a lot with depression throughout my twenties and childhood. In fact in 5th grade my mom hired a psychologist to secretly observe me and I was placed on fluoxetine at age 12. I was rebellious and didn’t like taking all the pills they tried on me- mostly adhd and depression meds. I refused to acknowledge I had depression. Fast forward to college and I realized “Ope! Yup I have depression yayyy -\_-.. “ thus began a (basically) ten-year-long battle with depression. Tried some meds, failed a lot of em cuz of side effects. Found one that worked wonders but then I became tolerant to it. I tried nothing (no meds or therapy) and failed two courses in junior year. Went through at least 8 failed therapists that I didn’t vibe with. I met one good therapist who had to leave me a year later. I Felt like an absolute disappointment to my family and the few friends I thought I had left when I failed my junior year. I was completely unsure of my career path because I wanted to fulfill the pressure dream of being doctor for my parents and I felt I could do it if my stupid depression got outta the way. Reframed my thoughts in therapy and fixed some toxic environments and mindsets. Prayed to God, a lot. And yknow what I just realized? I have not had a severe episode like I used to in YEARS! In fact the last “episode” I had, I was also dealing with a major heartbreak from a six year relationship! So I wouldn’t even call that depression, I’d just call it “a normal response to having your heart broken” (I was not suicidal thankfully, I just went for multiple days without brushing my teeth and possibly 3 weeks without showering). It would’ve been longer if I decided to fully isolate, but I was seeing a therapist and got myself to my local library and mosque once every couple of days /weeks, so the teeth brushing commenced. What I’m trying to say is 4 years ago was my last depressive episode that was actually bad and it wasn’t even that bad and there were contextual circumstances that made my reaction reasonable. What I’m REALLY trying to say is, I can’t believe I am where I am today! I just graduated from a masters program and have an actual healthy relationship with both my parents. I get angry and jealous of my brother sometimes but I can catch myself and correct myself ON MY OWN! I can recognize my depression triggers and symptoms like nobody’s business and I have SO many fail safes and catch nets to support me before I fall that I have not fallen in a very long time. I mean like maybe 6 or 7 years ago? My little self never thought I’d ever cure this. And maybe my depression might come back one day but honestly I feel confident enough to say that there’s a chance it will never come back. And as someone who rarely had hope in herself, that is a crazy confident statement to say that makes me so happy. I love who I am and what I do and the choices I made, even the ones I’m iffy on. They made me me, and taught me things about myself. Now I spend more time experiencing life rather than feeling guilty about whether or not a choice was “right” or not. So to anyone struggling out there, you WILL get out. It won’t be sudden, it’ll take lots of getting back up, and falling, and then back up when u feel like u definitely cannot. But slowly you’ll spend more days getting up than thinking about how bad you feel for falling. And one day you’ll look around and feel more in control of yourself and you’ll cry at how grateful you are to live life. I promise you. With every fiber of my being, I promise you it gets better. Please hold on. Journal it, find a good therapist, keep trying after a failed attempt. And whatever you do, get, back up. Even if it is to pivot and do something else, at least get back up. Get that therapist number. ILY and I’m rooting for you. Love, The healed Eyore"
1t6xkm0,Why am I such a failure？,"I bought a new blanket because I burned my old one while smoking in bed. The new blanket has been sitting in my living room for a week now, and I still haven’t opened it."
1t6xka8,Time. Does it work,"Time will get you. Do your best, it’ll get you. What the eff do I need to do to get back to normal. I hate this bubble I’m in!!!! All I do is graft for other peoples bills.( it is what it is) i would like someone to tell me to sit down, chill out. Don’t go to work. We don’t need the money. ……. Haha fuck me"
1t6xidb,Am I truly depressed?,"The reason for my depression is my own family. Specifically my grandpa, he's always drinking alcohol with his friends and when guests come over to our house. He's a goddamn mythomaniac, always believing he's right when in reality he's horribly wrong and can't grasp that fact. Sure, there are some times he actually cared for our family, but he just keeps yelling all the time and treating us like shit as if we're not the one preventing that old sack of meat from dying of drinking so much alcohol. I try to socialize with people as much as I can, and yet, I always feel left out and incredibly stupid of myself for not being able to hold a conversation without stuttering awkwardly. My school grades are bad, the members of my family are either assholes or unnecessarily strict, I'm socially awkward, I don't have any friends from my school (but I do have small acquaintances from the wrestling team I train on as a rookie)."
1t6x5wn,Confused; post SI attempt,In January I attempted suicide. My friend found me and pulled me out of the car. I was transported to the local ER that I was a nurse at. A colleague went to the local bar and told everyone that I was in the ER and what had happened. When I came back from leave it was awful. There were comments about “I’m a nurse I should know how to SI myself” “I shouldn’t be allowed near patients”. I was treated horribly. It’s now been five months and kinda the same thing. I have lost my best friend because “I’m not empathic enough” to her. Despite me constantly drowning in my own thoughts. I’ve felt other friends distance themselves. I have fully dove into work. Working 60+ hours to just prevent myself for being alone in my thoughts. I finally went out with some coworkers and I was told the next day people were saying how I should be out in that scene. I’m too mentally unstable to be invited. I shouldn’t have been invited. I’m not asking for a poor me or please feel bad for me writing this post. I’m just so confused. Is this normal? I feel like my life is 10x worst after surviving an SI attempt that I didn’t want to survive! I feel like this is the exact opposite of how I should be feeling.
1t6x3wc,The guilt…god help me,"I have not done anything bad. I am kind to literally everyone. I might not perform because i am in bed all day but why all that guilt. I don’t ask for money, or help. But I just can’t stop feeling worthless and guilty. It sounds kind of stupid but it’s so real. Dreading even calling people. Everything goes away momentarily but that guilt, I can feel it lurking all the time."
1t6wlhb,Killing myself sounds nicer by the day.,"I (25M) have been thinking about committing suicide for the past few months. In January I had a seizure for the first time in years (diagnosed at 12) and this one was worse than any of the other seizure's I've had. I woke up to two broken shoulders, both my left and right. I couldn't move, sleep on my side, take a shower, etc. I couldn't even change my shirt because I just straight up couldn't move my shoulders. They've healed a lot since then, but I have surgery on my right shoulder coming up in June. Once that's healed, after 6 months of PT I'm getting surgery on the left. Then it's another 6 months of PT on that shoulder. I don't know what my range-of-motion will be like, but I'm scared I won't be able to use a computer, write in my journal, or play guitar. It's gonna be a year of physical therapy. A year before I can drive. I won't be independent in the slightest throughout all of this. Not being able to drive has been one of the worst part of all of this. I legally can't because of the seizure and physically it just isn't safe. It's a 45 minute walk to the nearest bus stop. I just feel trapped in this house. I used to drive to a coffee stand every morning, then drive to a nearby lake and walk on the docks while listening to music. All of that is gone. Then in early April, my girlfriend of two years and I broke up. I cried every day for 10 days straight when it happened. I didn't even think I was capable of crying like that. I used to be this ray of sunshine with nothing hard going on in my life. I was the go-to person for all my friends to just yap about their problems. Well, I can't drive to any of them anymore so now it's a rare occasion to spend time with them. I guess it's the shoulder surgeries, break up with my girlfriend, and feeling trapped at home because I can't drive. Those are what's making me really feel like committing. I know some people have it harder, but for me this is all it takes I guess."
1t6wit0,I have no close friends.,"I have friends but none of them are really close to me. I barely see them since they're so involved in their own lives and I'm not really apart of it. Every time I become close to someone it feels like they're actively ruining me. I blame my mom for a big part of me not really having close friends, and it makes me feel guilty. She used to always go through my phone. Every single night and that made it hard to keep close friends because it felt like she had to know everything. Any friendship I formed without my mom knowing drained me to my core. I couldn't handle the constant venting I received or the constant drama. The people I were close to weren't good for me and I just don't know how to put it into words. I have people I talk to every now and then, but the world feels so distant to me. I feel so lonely and even writing this is making me cry which god it feels so humiliating to cry about not having friends, but what do I even do? I'm not anxious or anything I'm social I love to talk, but it's just so hard to find friends and I want a friend friend. I just want to enjoy my time with someone else. I want to hang out with someone else. I want to share and hear achievements and stories with someone else. I just want a best friend."
1t6whew,"Im just terrible aren't I, the fact I have no real friends is my fault","ok so basically I have not felt like a person in... over a year really, every time I go to school it is just a reminder I will never be a normal person ever. I have people I know, just not friends, they never really invite me to anything their doing with their other friends I kinda have to force my way into their events, and they actively make their other friends feel included too. Like for example my one friend was doing something for Halloween and talked to me about it, just never invited me, I had to invite myself... Another thing is that they never respond to me, anytime I try to mention a topic to them in conversation they just ignore me before going back to whatever they were talking about like I never even said something. What caused this revelation was basically I was in my PE class, my ""friends"" were playing volleyball with my middle school bully (which I can't really blame them for bullying me since im a weird little freak of a person who everyone would agree deserves it) and there was this dude I knew who was playing jackpot, and everyone was talking about headtops so as a joke I jumped on his shoulders to literally ""headtop"" him since he seems like the type of guy who can laugh at that. But once I hit the ground he just looks at me with a little bit of anger and disgust, worst of all I had a bit of snot come out of my nose making me look like more of a bumbling fool then I do in my ""normal"" state. And I just went to the bleachers and thought about how every time I try to have a genuine interaction with another human being it ended in shame and how that will never change because im broken. But I deserve this, after all im way too eccentric (at least in the past, now im just depressed), I ruin everything since I can't do a damm thing right, I can't actually think of a positive impact i've had on peoples lives, im not funny, my interest are to niche (and not in the tiktok sense) to where nobody can understand what im saying, im a awful artist, Im a loser and nerd down to he core, Im somehow stupid despite being a geek, everytime I speak i just feels like im ruining the vibe, Im too much of a pussy too tell people (mainly my bully) I don't like off since all my friends like them, Im a queer when the most popular people I know are all homophobic too some extent, and Im literally just a joke that's lost it's worth. I tried venting to a friend once about how terrible everything feels and how it feels wrong that im not the butt of every joke and it just made thing more akward between and it's all my fault, like always I should've kept my big mouth shut cause he'd never understand, apparently he's never been depressed before, I did'nt even know that was possible, I truly am just broken wares are'nt I, I can't even control something as simple as what I think because of my OCD either so all I am is just a useless pathetic perverted gay porn art who can't do that right. I would say art has been my one true friend, but thats not true, I failed that friend too since my art is just ass. Part of me does'nt even believe any of this is true and I just gaslit myself into thinking all of it and making up these silly little words, depression, what depression, thats just a figment of your imagination. And that part is probably right. Im sorry for dragging so long it's just I don't know anymore, I have'nt felt anything but apathy or fake manic happiness in a while."
1t6wfjm,vent to get my words out,"i feel so guilty about not wanting to live, i have decent enough friends around me and my siblings love me but it just feels so hard living day to day. i know they'll miss me which honestly is what saves me when i start thinking about it too much. i just know that living long isnt for me, im not making it past 30 and i can live with that, but its just having my siblings be so young right now makes it easier to not do anything perma. i just feel guilty about thinking like that now because i know i have to be there for them, i don't really feel the same guilt when i think about my friends since im pretty replacable, this was just rambling because i wanted to. 👋"
1t6wehx,Why am I late to everything. I can’t wake up. I just wish I made different choices.,"There’s is so many answers I’ll never get. And so many questions I never asked. I should have tried harder, but you were right in the end. It felt like you were betraying me. You just knew what was coming. You couldn’t see any potential in me, and I couldn’t understand why. I saw it in me. But I am me. If I do nothing, say nothing, and fail over and over again. Why would anyone see the potential in me that I see in myself. I was so delusional to think you were wrong. I guess I just never noticed that you thought of me as amounting to nothing. But I was wrong, because you told me that’s what you thought. We aren’t going in the same direction. I’ll never forget those words."
1t6wdhc,Too old for break ups,"I feel completely overwhelmed and hopeless. I’m struggling with the end of my relationship with a 47-year-old partner who was emotionally avoidant. At 40, the weight of this heartbreak feels heavier than ever, and I'm finding it difficult to see a way forward."
1t6wcsf,im just so freaking tired.,"i was raised in a single person family. my mum has it rough. she tries so hard to make ends meet but she also cut out the rest of my family. it hurts knowing that my family has to be formal with me cuz we hardly talk anymore. my mum has been abusive since...idk how long. she used to slap me like once or twice a year from like year 1 and in year 5 it happened...really regularly.. its not enough to make me bleed but..she whips me with cords and cables and it..idk. at the start of year 6 (im currently in mid year 7) thats when i realised this isnt normal and uhh some other stuff haappened that led my to be depressed. atp im not sure whether i have depression or dysthymia. but..idk she whips me calls me a monster. wishes that i was never born while ive beeen battling my own war in school life.. it..hurts. it hurts so bad. there are times where i want so so badly to jump of a rooftop but then again why am i even upset? lwk im not upset. ive sorta gained a numbness to all the hurt over the years so it doesnt make me feel that upset. but it still hurts. there are times where im questioning whether this is all just an attention seeking thrill. there r times where i hate myself and my body so badly that i throw up at the sight of a mirror. that i starve myself for a whole day. i-.. i dont even know at this point. i keep trying to keep up. but i just cant. i see everyone passing me by but..im not even bothered enough to get out of bed. my life just seems like a pattern at this point. depression episode, anxiety, fake smiles... theyve become a part of my life to a point where i dont even notice anymore. a part of me wonders why i dont even cut because maybe it would make me feel better and a bigger part of me hates myself for it. i dont even know why i even bothered posting this.. im just so..incredibly tired."
1t6w6mb,I can’t even focus,"I work 12 hour shifts and all I have is basically my phone. I just scroll between apps and sometimes watch a show. But I can’t even focus on anything these days because I feel so horrible. I try to take breaks from my phone but always come back to it because I have nothing to do. I can’t even focus on the apps I do open, I just close them and go to another app. Having nothing to do but be on my phone is driving me crazy…"
1t6vrex,I feel empty in my relationship,"I feel numb. My boyfriend (27M) and I have been together for 9 years. He still lives with his parents, which honestly never bothered me much, but this weekend really hurt my feelings. He originally forgot about Mother’s Day even though we had plans for the weekend. It’s also been months since we’ve gone on a real date or I’ve received any kind of romantic effort or affection. Then when plans changed and he said we’d be going to his parents’ house, he kept saying he had to “check if it was okay” for me to come. After 9 years together, that made me feel awful. Like… why would I not automatically be welcome? And it’s now 10 PM the night before I’m supposed to come and I still don’t even know if I’m allowed there. I don’t really have family anymore. Both of my parents died before I turned 21, and all of my grandparents were gone by 22. So hearing “I have to check if it’s okay for you to come” cuts especially deep because I already feel alone in the world. I tried explaining why this hurt me, but instead of apologizing he said he feels like “his existence makes me upset.” I ended up crying because I wasn’t trying to attack him. I just wanted him to understand why I felt hurt and unwanted. At this point I honestly feel like he only wants to see me for sex. He talks about it like it’s something he “needs” because it’s “been too long,” while I’ve been emotionally starved for months. I don’t feel emotionally cared for anymore. I feel like a body, not a partner. Whenever I try to bring up his emotional unavailability or how disconnected I feel, he never seems to understand why I’m hurt. I feel empty in this relationship. He’s supposed to love me and care about my feelings, but nothing ever changes. At one point I told him the way he treated me was giving me suicidal thoughts, and instead of showing concern he later used it against me. He told my friend the only reason he hadn’t broken up with me was because I’d kill myself if he did, which is not what I said. I said the way I was being treated was making me feel that way. I want to be loved. I want to feel loved. I’m tired of fighting and begging someone to be nice to me or just try to understand my feelings. but I’m even more scared of being completely alone."
1t6vqaz,Where's the joy,"I'm a married Syrian man, 31 years old. I was a teacher for a long period of time but then decided to take a different path since I was getting depressive. Took therapy for a while but stopped because my therapist back then had communication with my wife so she was biased, even though she helped me and my married life a lot. The new job that I took was cabin crew about a year ago, and I like it better then teaching obviously, but I don't enjoy the job, the layovers, or the days off. The problem is that I cannot enjoy things. I spend most of my time on my phone watching aimless YouTube videos waiting for the next thing to do. Money has always been an issue for me and I seem to over complicate it. I love my wife, but she's working me out since she quit her job a while ago and she's trying to find a new one, and I'm everything she has because it's hard for her to have friends. Every time I'm home there's this conversation where I don't want to do things with her and she's lonely. I live outside of Syria, and my relationship with my family is not the best. I cannot find a purpose in life other than the fact that I want to be a pilot for the money, and my company offers a program where I can apply to be sponsored after two years of working. I know I need to workout, but I don't have the motivation for it."
1t6vnhi,thinking of packing up everything in a car and going away forever.,"i got found out again for weed, and it doesn’t help that i’m failing one of my classes in senior year and i can’t change it. i’m 18 now, which according to my parents means they can kick me out to the street and take my car (which they haven’t but they keep threatening to lmao) and i’m just so done with their toxic bs. i’ve tried to explain to them several times that i am not some academic weapon, i can’t maintain all a’s, im stupid depressed and my motivation has been shot from being in a school where everybody is perfect. I can’t breathe in this house and i’m in my room 24/7. im trying to move in with my aunt but she literally just had a baby, and i don’t really want to infringe on them. i just plan to stay until i can hopefully go away to college, about 4 hours away from everybody. but right now i just want to get most of my things, put them in my car, and drive far away where nobody would know where i am. i could live in my car for a bit, it wouldn’t bother me as long as i had internet or data. the car is TECHNICALLY my dads, but if they don’t know where i am, how can they find it ? 🫠 edit: i also go to a therapist/psychiatrist but i am unable to call anybody as of right now because my phone with my sim card is broken. i would’ve totally called them and asked to talk about this being a good idea or not but i don’t really have time for second opinions. i can’t live like this anymore"
1t6vh5p,I'm currently trying creatine and am surprised by its mental effects,"Lately, I’ve been suffering more and more from severe difficulty concentrating, low mood, and irritability. Over the past two days, I’ve been drinking a teaspoon of creatine mixed in 200 ml of water each day, and I’ve immediately noticed an improvement in all my symptoms. Has anyone else had experience with this?"
1t6vcp1,Has anyone else ever wanted to run away?,"16f here. I still have 1 more year of high school. I have tried everything under the sun to graduate early but I dont think its going to happen. I hate my school, I have no friends. I am one of those people who doesn't like to be stuck in one place for too long I need to see new things and be new places. I cant stay in my tiny town any longer especially with ny mom who makes it difficult when we fight. I want to run away to my aunts on the other side of the state but I cant just go there. I dont have my full driver's license yet and I dont have a car. Plus how would I do my schoolwork? I just want to start fresh"
1t6v9nb,Nothing works,"17M. Grew up in a hoarder house + some other trauma and shitty parenting moments in early childhood, but they got their act together eventually. Other than that, I have the perfect life. Upper middle class, big home, anything I could ever fucking want. So why am I still like this? We've spent years and so much money on medicine and treatments and therapy but nothing. ever. works. Tried multiple SSRIs? Okay, here's some genetic testing and SNRIs! Those don't work and you're in a psychiatric unit now at 15? Here's an antipsychotic! Didn't work either? Guess we'll just throw you on bupropion + venlafaxine and call it a day! Wow, that only did the bare minimum of stopping your SI and you're still barely living a life? How about TMS? TMS didn't work? Guess it's time for IV ketamine! I had my third dose of IV ketamine today. Other than a nice hour long trip to the depths of the universe, I've gotten nothing out of it so far. No beautiful profound thoughts, no much-needed realizations, no sudden joy for life. Everywhere I look, there's no recovery stories about people like me. People who've failed to find success in the most ""last resort"" treatments out there. Is this it? Do we just... die? Is there nothing left to try for people like us? Did I draw the short straw in the genetic lottery? For the past year and a half, all I've done is lie in bed. I don't even have the motivation for my hobbies anymore. I used to love videogames, art, movies, books, and writing. Now, the thought of even turning on a movie to watch seems like too much effort. I'm in online schooling, and haven't done a single shred of work in exactly a year. In-person school made me want to die even more, as my nervous system was constantly in overdrive. I have occasional moments where I get a burst of energy. I'll start going on walks in the morning. I eat healthier. I keep up with my hygiene. But within three days, it all falls apart. Outside of these moments, I can't get myself to do anything. I'm losing all empathy. I tell my girlfriend I love her multiple times a day but I really just don't care. I only like my cat, but even she's been pissing me off lately. I used to be the smartest kid in class. I remember crying when I got my first C in middle school. Years later, I was staring numbly at my F in multiple classes, and I couldn't bring myself to care. I'm afraid to die. I'm afraid of the eternal nothingness. But it seems a lot better than being a burden to my family. I don't wanna be the guy still living at his parents' house on disability when he's 30. I'm mad. I don't understand any of this. I don't understand what I did to deserve this. My grandpa got drunk and walked in front of a car when my dad was four. For a while, I couldn't fathom how he could do such a thing. I get it now. I get it."
1t6v3fv,I wanna give up,Im lost. Idk what to do myself anymore got a new bmw thought that would make me feel better after my dog passed away recently but my relationship is not doing good right now. I just dont think im worthy to be with anyone like i want to give up. Not really sure what i do wrong but i do something without the intention of hurting him and end up hurting him emotionally i think im just dumb and ive always struggled building connections with people cuz i am stupid
1t6v2gm,I feel so hurt,"I push people away before they leave me. Love feels foreign to me so I push that away too, sometimes in crazy ways. It seems like no matter what I do I can't be truly happy. My nervous system acts before I do and I truly don't think it will ever get better. I hate messing up every potential connection I have because I'm afraid they will see the real me."
1t6ur9l,So tired. Not just physically but mentally.,I’m so tired and mentally checked out. I attempted suic 2 weeks ago and posted it on Facebook so my sister made my girlfriend call the cops and I was taken to the hospital and had my stomach pumped and drugs to reverse the effects then was locked up in a mental hospital for 10 days.
1t6upw3,im tired ...,"i am someone who helps everybody but who can help me, i am spiralling as i speak, im just tired i feel buried"
1t6ungp,Any advice for dating someone with depression?,"My girlfriend has depression and uses medication for it. Sometimes I struggle because she will have random days where she doesn’t to talk, share thoughts, etc. Basically shutting down for a short period of time to the point where I’m unable to get more than a few words out of her. When this happens, I can’t help but feel insecure that I did something wrong or am not supporting her properly. Is there anything I can do to improve this dynamic?"
1t6ulzd,experience with vraylar?,"i have depression, anxiety, and adhd, and i take prozac and vyvanse at the moment. however, my depression has continued to worsen, and i am struggling to even take care of myself. my psychiatrist just prescribed me vraylar in addition to my prozac, in the hope that it will make my treatment-resistant depression at least a little bit better. has any one had experience with vraylar? i’m a bit worried because i have history of an eating disorder, and i read that this medication makes you gain weight. I am in such a bad place right now, and so i want to try the medication. But I am worried that it will cause me to gain weight, which will trigger the other mental struggles that I have with food. And I really don’t want to regress from the progress I have made with my eating disorder. any thoughts or opinions would be appreciated!"
1t6ulew,How do I stop focusing on mental health and my problems?,I have clinical depression (along with social anxiety and adhd) and I just have difficulties with ruminating ting about my mental health and problems. How do I stop focusing on problems so much? I try to be solutions oriented but it feels like my problems feel so heavy. How do I take the focus off of my mental health and problems? Thank you for your help!!
1t6uitz,My depressed family wants a vacation,"I need help, this may seem silly but im just conflicted. My sister had a suicide attempt, my mom secretly told me she was depressed and considered suicide herself before. And theyre ""bored"". They want me to go with them for just one weekend to see some relatives. I am not a social butterfly, im a simple guy that loves watching tv and video games, to hel wuth touching grass. If we go out i want to do something fun and affordable, not boring and then trying to pressure me into buying a bunch of BS we cant afford which seems to always happen even on boring visiting trips. Idk what to do, its not like they ask me to do this everyday but it feels like im being asked to go to a crappy room where all the activities you want to do cant be done For a weekend after a hard day of work. I feel so weak for being conflicted with this but mannnnn..... the thought of staying home on that weekend, heck every weekend sounds so blissful...."
1t6uh5v,Is there really a cure?,"I (30F) have been living with depression for 14 years+. I've come close to suicide multiple times. I have tried all meds in the books. None worked. Some made me a zombie and numb. Some came with intense mood swings. Some came with intense side effects like weight gain. None worked. Ever. I have seen doctors from 3 countries. Several of them. I have stuck with the regimen for years. Have followed all rules. Took meds on time. But still, I'm stuck in bed all day. In a darkened corner. I have no friends. I don't reply to messages. I don't eat properly. Just when i am hungry- can be once a day at random times. I don't get out of the house. I absolutely can't drag myself out. I hate the sunlight. My hygiene is abysmal. My room is a dumpster. I only sleep as much as I can. I live temporarily as a foreigner in another country and thus ineligible for govt support. My native countrys mental healthcare is horrible and often violent, disrespecting even normal human rights, thats why i escaped but seems like I'llhave to go back. I am broke, living on borrowed money but even those loved ones lending me are running out of patience. I am unemployed. But even looking for and applying for a job online seems too much. My mind freezes and hangs. I get this brain fog. My usual perception of the world, my cognitive processing, my memory, all are severly affected. Its so bad that i cannot remember the face of a person even after i have talked with him/her for hours. There are so many other stuff that just makes me feel like I'd be better of dead than alive. The doctors each had different approaches. One diagnosed me with MDD, the treatment had no response, instead caused massive weight gain in a short perjod of time. And when I talked about it, I was gaslit into thinking it was all in my head. Another diagnosed it as Bipolar Disorder II (Bipolar depression) and even then the meds did nothing. Most recently, the diagnosis was GAD. Honestly, my condition became worse after that. I tried therapy too. 3 different therapist. Nothing. At this point I'm tired. I just want to finish all this and fade into oblivion. Is there really a medicine out there that can help a broken brain like mine? All i want is something enough to function as a normal adult and have enough money to be independent. Is that too much to ask?"
1t6uf5z,I feel alone and like I'm not good enough,I've always been really lonely and it makes life feel depressing. I feel like I'm not good enough. People don't understand me. I'm really bad at talking to people and even if I try to put myself out there I know people are not going to talk to me and I'm not going up and talking to anyone. It's hopeless. It's a waste of time to even go out. I feel like I've given up.
1t6u7bu,I took more meds last night and I regret it,"Hi so I was already sh because I failed my exam due to technical issued with the pc so I lost time and didnt get to finish. Then I got broken up with. The pain was too much so my dumbass thought sleep would help me escape. I downed 100mg quetiapine and 60mg melatonin. Knocked me out in 30 minutes and I slept from 9pm to 4:30am. Then 5am-11am. I regret being reckless with my meds because now I have a migraine, my throat and mouth is so dry, my lips and tongue are bleeding. Other than that I feel sedated so no pain lolol. I drank 1L of water at 4:30 am because my throat was burning. Im just ranting. Idk where to say this but I just want it off my chest. Next week Ill tell my gp to adjust my meds, pref up the quetiapine dose because I like the feeling of sedation. (My heads is pounding like genuinely pulsating fuckkk)"
1t6tylk,Can I get your attention?,"Hi. Just wanted to share a bit of my story and seek out any similar experiences. I’ve had depression and anxiety since I was 12. I’m turning 26 in a month. I think stuff has gotten better with therapy and meds. I’ve been in and out of therapy since I was 19 and on meds for about 2 years. It’s been hard work. Truly has been. Some days are nice, some are truly tough. I have a lot of dreams that I don’t think will ever come true now that I am aware of the world around me. I want to live- like, truly live, but I’m not there yet. I don’t know if I’ll ever get there. I had a nice day where I didn’t have an opportunity to feel sad or lonely but for some reason, getting news about suicide is triggering and hard. I wonder if I’ve just distracted myself from the traumas and that’s why I haven’t fully healed yet. I feel like I’ve been therapy since forever. And while things like family relationships are pretty much set in stone, I’m wondering - does it get better? Is this the strongest I’ll get? Will I ever feel that pure joy I felt as a kid?"
1t6tmub,Need Advice/Vent,"I am an introvert, lack confidence and almost 30M. It has always been difficult for me to make friends, I have difficulty starting small talk and conversations. I have one real friend (at least I think so). I have never been with anyone my entire life and it seems like I never will. I have been trying to make friends at my office but to no success. I try to have non work related casual conversations, ask my co workers to grab lunch or coffee together but it hardly works. Whenever my co workers make plans to meet outside (like for happy hour or going somewhere on the weekends together) I never get asked. I can hear them making plans, see their stories on insta and all I can think is why am I never included. Sometimes I will leave my desk for a while and go for a coffee run so I don't have to hear them making plans. There is this one co worker who would talk to me because we sat beside each other but in December of last year our seating arrangement got changed and now we only barely talk. Also due to restructuring a few new people were added in our team and suddenly she is best friends with them. I go to her desk sometimes to have a conversation but she is always busy somehow. I am not rude or abrasive, just shy and unfortunately have nothing to offer to anyone. I don't think my life will ever change, I over think about being lonely and being left out all the time, can barely sleep, can't afford therapy and I just don't know what to do. The only people I talk to (non work related) on a regular basis are my parents who live in a different country. If I die tomorrow no one except my parents and a few family members will care or even notice. I just don't know what I can do to improve my situation. Weekends are the worst since I rarely have any human interactions. I have TV on all the time so I don't feel alone at home. I am not suicidal but genuinely don't know what is the point living such a life. Sometimes when I am on the street I wish that some freak accident will happen and I get a quick pain free death and almost every night I wish that I don't wake up tomorrow. I can't take it anymore and just don't know what to do. I apologize for the long post."
1t6th0r,Sad beyond the blues,"So I am a convicted felon and I spent time in prison due to my actions. I have no luck getting a place and am homeless and afraid to tell my probation officer. I am so sick of messing up everything I do. That’s the reason for the conviction, I was trying to commit suicide and others were involved. No one got hurt but the scene was set up for that. Now I live with the ptsd and the knowledge I could have hurt someone. I just want to do it the right way this time."
1t6sy0p,I wanna cry but I can’t,"Ever since I’ve been medicated for my depression and anxiety I’ve felt an immense emotional numbness with some emotions, I don’t cry as often and when I do, it’s often through venting, but when I’m alone and want to cry I can’t let it go, crying helps to I relieve some of the depression ironically enough, I wanna feel better"
1t6sunh,First time showing my true mental state,"first time saying this stuff publicly. The memories in my head r killing me, the darkness in my head became a part of me that I can’t let go, I don’t even want to let it go. Who I once was would be afraid of who Ive become. Reality seems to be losing its grasp on me now too, I feel as if I’m drifting away from reality but not as if it’ll ever truly happen. I want it to happen for some reason tho, to not look at how ugly life is, to be able to drift through the void of my mind and not look at reality again. To be one with the pain n thoughts. Ive become curious of what will happen after death, to see what it’s like to be away from life truly. I’ve thought about death actively for many years now however. Either way, Im a shitty person no matter how hard I’ve tried not to be. I did stupid shit to people I loved an could never fix myself, to treat them the way they should’ve been treated. I’m at fault for the ruin that followed, no matter what someone says. Something I’ll never forget is how I turned the Person I loved most into a husk of who they once were. all cuz I couldn’t keep things together and things had to end between us. I already have what I need to find death, I’ve come close to it many times and hesitated before it could be done. No point in not following through with it tho, no one needs me anymore, self harm doesn’t work anymore, n alcohol is the only thing I turn to. there’s way to much more I could say, but my mind has started to numb me and block memories and feelings. If ur wondering im a 17 male"
1t6smey,"Bf asked for an open relationship, and now im watching him on a hookup on the “find my” app on my iPhone. Fml","Bf asked for an open relationship, now im watching him on a hookup on the “find my” app on my iPhone. Fml"
1t6ru3z,fell asleep,"i was going to attempt yesterday and fell asleep cause im a fucking idiot. today I'm actually doing it. i feel numb. my legs are tingly and my arms feel cold. my dad came to my room and sat with me for a while. he asked me how i was feeling. he asked me if im angry. if im sad. if i feel something at all. he asked me what i did at school today. why is he acting like this when im so decided to go away? I'm not changing my mind. I'm tired. my mom hasn't been talking to me. I don't want to be alive anymore. I feel really selfish doing this, but im not putting them through the pain of having to deal with me every single day of their lives. I wanna make them feel relieved. Im gonna be okay. Im gonna feel better when I'm not here anymore. I hate myself so much."
1t6ri38,Just venting,"I am male, 26. I used to be a happy guy when I was a kid. Even daily beatings and phychological wars could not stop it. But for over a decade now, I feel I am gonna check-out soon. I tried 3 times. 3 times I failed because I wanted to go peacefully and without pain. I honestly hate myself, hate what ive become. I do not feel joy at all, I am trying to find it when I have better days. It just seems poitless to try now. Most of the time I cant. I do have no-one in my life. I had people, due to my condition they either left or they reach out once couple of weeks but they dont care. I dont even know where I am heading with this. I dont think I am gonna have good ending. Or a long life. I still have things to take care of. So.. I hope you are doing fine my brothers and sisters."
1t6qzcy,I hate my life rn,"\*\*This is kinda a vent of everything going on rn.\*\* \*\*Love:\*\* \*\*Hi, I'm 13 (f) and I am in love with my best friend B (trans m). It's not fair. I have asked jokingly before and he said he liked me at the start of the school year. I'm demi so I start having feelings with my friends and the time and I've learned to ignore it but it's way different this time and I feel sick to my stomach writing this. I really want to be able to call him my boyfriend. I'm lesbian and the struggle with romance is real. I never have crushes on people who reciprocate my feelings. I feel crushed.\*\* \*\*SUICIDAL THOUGHTS WARNING\*\* \*\*Thoughts:\*\* \*\*I have really bad thoughts sometimes and I don't sleep anymore. I sleep at most 3 hours a night. I have massive dark circles that go down my cheeks. I get made fun of all the time because of my weight. I am 62kg which I know isn't healthy and I'm trying so hard to lose weight but no matter how much I don't eat it doesn't help.\*\* \*\*I'm sick of my life already and I'm barely even a teenager.\*\* \*\*I self harm sometimes too. Music is my escape so when I'm really overwhelmed and feel like cutting I put on my headphones instead.\*\* \*\*Friend help:\*\* \*\*My same friend B has self harmed for a while and it's overwhelming me so much. I want to help them so bad but I'm so scared of being clingy and losing him because if I lose him I can't save him from his mind.\*\* \*\*Arguments:\*\* \*\*I'm very touchy and dirty-minded. B is too. We had an argument 2 weeks ago. He texted the GC saying he thought I was disgusting and had been sexual assualting me and blocked me.\*\* \*\*I honestly thought it was a 'distance myself and kill myself' text and I panicked so bad and cried all night. I don't cry a lot, I'm very jokey but don't cry ever. I went to school the next morning and was yelled at by my class who had been told. I cried then too. I thought my life was over.\*\* \*\*I'm not naive at all but I honestly feel very much so right now.\*\* \*\*We had since made up but I feel uneasy around him. As if I am walking on egg shells.\*\* \*\*I have changed my entire personality since. I am quieter and less jokey. I just feel like he doesn't appreciate me at all.\*\* \*\*Body:\*\* \*\*I really hate my body. I hate my boobs and everything. Just everything. My stomach is so big and disgusting. I am not even fat, slightly overweight. I am 5kg over my preferred weight. I joke about my weight so much but I secretly wish B would just ask me if I was okay for once.\*\* \*\*My stepmam is going to get me a sports bra to help with the boobs but it still won't be enough.\*\* \*\*Anxiety and feeling sick:\*\* \*\*I have really bad anxiety about throwing up, it's all I think about every day and every second. I feel sick literally 24/7. It started on 3/12/24 and I am so drained.\*\* \*\*How it started; a kid called Jackson threw up on the table next to me and ever since then my body is in constant fight or flight. I have panic attacks every time someone throws up. These last days and make me feel even more sick than I usually do. My dad calls me an attention seeker.\*\* \*\*Seizures??\*\* \*\*I have these random times where my stomach drops and I zone out for a second. As I said I don't sleep much so could that cause seizures?\*\* \*\*I swear, I just had one right now as I'm writing this.\*\*"
1t6qmxa,vertigo and 24/7 dizziness is ruining my life,"to start i am 20M and this is my first post on reddit after looking everywhere for a solution i decided to talk about what ive been dealing with for at this point maybe a year i cant remember when i really started but maybe last year in august i would get very dizzy to the point where i would have to sleep to make it go away after throwing up, after that i would get horrible episodes of complete spinning and off balance to the point where i couldnt walk or look around or it would make my head feel so heavy almost passing out. bad episodes like that used to happen every 2 weeks and since alot of the time i would be working when it happened so i would need to leave and have someone pick me up cause i cant drive like that. luckily my manager is very understanding and just wants me to feel better. ever since the start of the year i dont get those horrible episodes anymore but its just a 24/7 off balance feeling, ive gone to an ENT 2 times (the same one) they said there was no fluid build up or anything like that which was really heartbreaking cause i was hoping it would be that simple, i did a brain mri and it came back as nothing irregular, ive done blood work ive gone to a chiropractor ive done everything i can think, im very active and am in very good shape and i get 15k steps a day cause of my job, it makes me feel completely hopeless that ill never find out why this is happening to me. its stealing my life away not to mention im 20 and ive never met anyone my age that has to deal with this daily, it makes me depressed sometimes to the point where i consider suicide but i would never do it so dont worry it just makes me feel that sad and hopeless i would give all the money ive ever made and more to get back to normal and i really dont know what to do anymore its taking my life away, i enjoy doing active things and taking care of myself but when youre dizzy 24/7 it really makes it hard to want to do anything. idk what i wanted to get out of this i just wanted to share my experience about how horrible this is and i would not wish this daily struggle to absolutely anyone. if someone else deals with this just know youre not alone and we will find out why this is happening and we will get better i just dont know where to go from here. thank you if you read the whole thing feel free to comment and ask anything or give any tips on what you did to get better thank you."
1t6qh25,So numb and empty it’s making me believe I’m losing touch with reality.,"I’ve been in a constant state of derealization for over a month, have been so invalidated and spent zero time socializing. I’ve only been showering like once a week, my mom is constantly putting me down and my Dad is always angry. I could walk up to them right now and say I want to die and they’d just tell me to shut up or laugh at me. My medical coverage got denied for the one treatment making me NOT wanna kill myself. And I just got my job back, only to remember how much I’m disrespected there then immediately go home to be disrespected there. All I do is work, eat, smoke, and sleep. It’s a joke at this point, I can’t tell what’s real or fake anymore and my perception of time is wrong. 5 hours feels like 5 minutes and I keep seeing shadowy figures of people running and stalking everywhere I go. Voices are booming but muffled all at once and my eyesight is getting worse. Ahhhh, I’m losing it I’m losing it I’m losing it. My brain is literally frying like eggs and rice but I kind of don’t care anymore, I’m actually curious to see how bad this path will wind. My Mom has me dragged to a Celtic club playing bingo right now and I’m just gonna get enough booze in me to glide through the next two hours. Life fucking sucks, fingers crossed I win bingo at least."
1t6qdot,I would rather be a leaf on a tree than a human. But I’m not.,"TW CSA AND EDs This might be long so if you stick around, thanks :) My friends will tell me sometimes that I’m the most functional person they know, people say nice things about me. I don’t believe any of it. I have my dream job, guys buy drinks for me at bars and call me funny, I have friends, I’m fully functional, I workout, I eat healthy, I go to cute coffee shops and take photos of my drink and post it to Instagram to show people how my life is good, I have cute clothes, I lost weight, I have my own apartment decorated in a way that kid me would have dreamed of! But none of it means anything to me, I keep blowing through milestone goals, and I feel nothing. I have a run of the mill traumatic “girl who beat the odds in her 20s” sob story. I was raped and beaten by my dad, neglected by my family, had a binge eating disorder throughout high school and the first half of college that I replaced with anorexia in the second half. Was bullied throughout grade school, cut myself in the school bathroom blah blah whatever. I know that sounds dismissive, it’s objectively a horror show, but when it’s your life that you lived out in real time and have had your entire life to reflect on its kinda… yep, that stuff happened, and it sucked. But all that taught me to never ever let my guard down, never let anyone in, never be vulnerable. And I don’t! I don’t cry in front of people, I lie to my therapist that it’s going okay, I pretend that I’m happy and optimistic all the time. But I feel nothing, I feel awful. All of the time. I have been depressed for as long as I can remember, it’s all consuming. I don’t want to kill myself because that’s how my dad went and the aftermath is so messy. But I just feel a void of happiness and joy inside me always, I want to let people in, I want to be vulnerable, but I can’t. I don’t have any friends I feel like I can reside in. I have one who I know would let me, but the fear of doing that wins out. The rest of them view me as a pillar of strength and success, the couple times I have tried to breach the surface they look at me all confused and I’m consumed with a sense of dread so all consuming I abandon ship before I can even say anything else. For the past eight or so years before I fall asleep I fantasize about someone checking up on me, treating me softly, telling me it’s okay, that they love me and are here for me. Thats so sad, thats so sad to say. I will stand infront of my mirror and talk about my life like it’s a movie and I’m reflecting on how sad the character I play is and how we need to be kinder to people like her. I spend most of my time alone dissociated out of my mind to be able to cope with it and not let the constant pain that haunts the edges of my mind take over. I act like I’m so tough and strong, but I’m not. I’m so sensitive, I’m so weak, I’m so pathetic. One time I went on a date with a guy and we ended up sitting by a lake talking, he seemed really interested in me and kept pushing me to talk about myself more because he could tell I was kinda closed off. We went back to my place and after we hooked up I just spilled everything, how I feel nothing sometimes, how the pain is so bad I cant imagine the next day, about my past, about my self hatred, about everything. It was so weird because he just held me, a guy I barely even knew, and he just looked at me stunned and told me to keep saying more. I ended up telling him everything there was, he was so nice. I felt so safe, like even though I had opened up my chest cavity to the world, and became less of a human and more of an exposed nerve, it would be okay. That was the only time I ever felt like that, I clammed back up after and he left. I haven’t dated since. I was told when I was a kid by the world I would have to fight tooth and nail to survive, now I’m older and the threats are gone but my body developed steel walls to be able to keep everything out, and I became the perfect face of productivity and being okay but I’m dying. But the world is so beautiful and soft. I have moments of reflection where my dissociation lets me step out of my body. When I was being raped at age 5 I felt how soft the leopard print blanket was and held onto that, when I cut myself I noticed how nice the warm light of my lamp was. When I was surrounded at prom because even though I thought my outfit was cute- the other students thought I looked fat and ugly, I remember running outside and looking at the clear night sky and seeing how lovely the big dipper was. I’m currently laying in my bed with the shades and windows open, the trees are green outside, the sky is blue and sunny. My apartment is clean and my blanket is soft, my water is cold. I have a foot injury so I can’t walk much but I’m 6 weeks out so it’s getting better slowly, thats good. I hear an airplane above and I hear the wind in the leaves outside. When I step out of my body and let myself exist in tandem with these things, no longer as a human but as senses to interpret the things around me. Nothing hurts anymore, it feels okay. The leaves die each year, but they came back, the wind still shakes them and I still get to hear it. I’ll never kill myself because of this, I’ll die eventually, but even in moments of nothingness I get to fill the void with the sound of the wind in the trees. The nothingness carved through me like a slow moving ice sheet and left a cavern but for a second, my entire being is filled with beauty. I’m not even sure why I’m typing this… or where I’m going with it haha. I think I just want someone to know, know I’m suffering, know I’m scared, know I’m weaker than I say. I want to be able to be vulnerable , I want to be happy, to be comforted, to be told it’s okay. I just feel so alone, so by myself. Thank you for making it to the end of this if you did, I feel a bit better in this moment having typed all of this out. I hope you love the sound of the wind in the trees, and the fact that we both enjoy something so nice despite the odds brings you joy."
1t6qddh,I am always alone,"Most days I am okay with being alone, I can keep myself busy but other days it just hurts so bad. I have never had friends since I was a kid and im 34 now. I mistake co workers for friends but they aren't because they will turn on me. I dont even know what im doing wrong. This week is one of those weeks that I feel it and it sucks."
1t6q8c5,My gf is in depression and I don’t know what to do anymore,"My girlfriend of 5 years is in a full depression phase for the second time. Her doctor prescribed her time of work and meds. She is now lost in every aspects of her life; family, job, hobbies and even our relationship. I have a huge fear of abandonment and she’s now avoiding. I am then fully triggered, a lot of anxiety and fear all the time. We barely talk and meet. I’m afraid she is going to break up at any time. I love her so much and I want to help her but there is nothing I can do. She said that only respecting the distance helps and she’s grateful for that. Then a day later she doesn’t if she wants to be with me. It is so hard to handle, I’m in a lot of pain. Are there people like me here who have been through something similar? Anyone to talk? I feel so lonely. Everyone tells to stop and breakup. I don’t want to but I don’t know what to do. I want to be with her. Help please"
1t6phat,Feeling Incredibly Alone... Again.,"Me and my partner of just over one year split this past week. We both knew it had to happen, but they were the one who finally cut things off just wanting to move on. I don't blame them. We had lived together for a year but had to separate a few weeks ago. We wanted to make it work long distance but my depression quickly came back in full and I fell back to alcohol (but that's a problem for a different sub) since I was alone again. I've had this happen before, after ending a relationship of 10 years. Every day this week I've woken up in bed to an empty, dark apartment and the only thing I can do is go to my computer and try to find work/play games. But sometimes I don't even have the will to do that and I just stay in bed, pretending to sleep, and tossing and turning. Every day is a little harder. I'm also coming off a large alcohol bender and that's making it worse just dealing with physical symptoms (I'm working to get and stay sober). But as those lessen, I feel the true depression coming stronger. I need to stay on track, get outside, focus on myself, and make new friends. Just like I did last time. I just don't know if I can do this again. It feels like there's this giant wall keeping me from wanting to find a better life. Some moments I'm hopeful and I want to make a change, but most of the time it's all doom and gloom in my mind. I'm just going to sleep every night hoping tomorrow will be the day I break the cycle."
1t6ouoh,My parents are keeping me here and I almost resent that,"I'm going to sound a little crazy, but I have to talk about these 2 sides of me like 2 different people because after dealing with this for the last 15 years I don't know who I am. There's ""good me"". She thinks things aren't so bad. She sees a small future and some joy in daily activities, and is good where she's at. Getting lost in stories and video games, there's passion here and there for writing. Then there's ""bad me"". I'm her right now and she had me laying in bed for almost 12 hours last night. I still want to go back to bed and had no interest in eating or doing anything I usually like. I want to cut people off including my one friend right now who is also my love interest. Good me is in the corner giving advice that this will pass and I will ruin things for her once she's back. It's like this nearly every month and it's probably PMDD, but I don't even like myself enough to get help. I'm doing this to myself because I don't want to be me anymore. I'm not even 100% sure I want to die, I just want to be someone else.​ If I disappeared/died though, my parents would be in ruins and that's the biggest factor stopping me. I guess I still love them even though I feel this growing resentment for how I was raised and that I didn't get a stable or healthy family. Thus I don't know how to be stable or healthy, it's a fight and I'm so tired of getting bursts of inspiration and happiness only to feel in every inch of my body that it's not worth it. That's how my life goes too. Something or someone new comes along and it takes a short time before it's gone or changes, leaving back to square one. I can't even depend on anyone else in my life for support. Everyone else has problems in front of them, or I don't want to taint them or change our relationship. I already confessed to my Mom that I have always felt something was wrong with me since I was little and the whole thing was almost a fight. Including telling her that I will never find anyone and it's probably for the best that I don't. It feels true and awful at the same time. If I could do something without scars I would hurt myself physically too just to feel it fully. That's the thing, I want to feel hurt I think. It's too much, but it's my feelings at this time. My Dad won't understand any of my feelings, and I know to keep our interactions surface level. If I have a physical problem he will help, but has no idea what to do for me mentally. Maybe, just maybe I have more than my main friend to talk to, but everytime I open my mouth, something tells me to shut up. It's not worth it and will do nothing except make them worried for nothing (because ""good me"" comes back!) So I pretend. My guy friend and I are just starting out but interested in eachother. He is majorly supportive and also has depression, but I have taken upon myself to be a positive light in his life and comfort instead. That's another thing keeping me here, but it's also a poison. I need him to need me but I know he has longer standing friends and likely someone else he actually wants a relationship with. My own self destruction is making it very hard to not ruin or read into things and I look at myself in horror. It's sad to say but if I keep going like this, it would be better if I wasn't around. I don't know how to want help when my polar opposite will come back in a week or so. Everything will be fine, right? If it's not, my parents are the main reason I'm still here. Good me yearns for freedom from them to live my life. Bad me yearns for the excuse to leave it because the two people who ever chose me first will be gone. I got this one life and I can't just pick a different one. I'm sorry to those who deal with this every day, it's relentless ​"
1t6og5z,I want to commit but I’m too scared by the idea of surviving,"There are so many nights where I want to do it but I’m held back by the fear that it wont work and I’ll end up paralyzed or some shit and really fuck up my life even more. I guess I’m too much of a pussy to take the risk, but maybe that’s a good thing. Anyways I don’t know why I’m even writing this, just curious if anyone else has felt the same way."
1t6oby8,What caused you to feel this way.,"For me, all of this started with loneliness. Being a young person and not having any friends for a long time really does fuck you up. It makes it worse when you can’t find any comfort in an abusive home. If I just had one person who actually cared about me, enough that they’d feel genuine grief if I ever were to leave. Would make me feel like I had something to live for. But there just isn’t for me. Not only am I reminded by others my age of how much of a worthless loser I am. My own parents tell me everyday how much they hate me, how much of a problem I am to their life’s. They tell me everyday that they’d wish I’d just die. Not just them, my siblings think Im an embarrassment and try to act as I if don’t exist. It’s not like I have anything that my family could be proud of me for. I do nothing all day and Im practically failing the one thing I should be good at, school. I am set up for failure and everyone in my life knows it. No one cares that I don’t want to live anymore, cause they don’t want me alive too. I know people would only care when I’m gone, for a short amount of time too. It would be nice to see it, but I won’t. It’s probably true that we just don’t exist anymore after we leave. But that’s the sad thing about idealisation, that it doesn’t seem as bad as the life we have to live."
1t6o7d1,"I’m abused and depressed, what do I do","Sorry if this is the wrong place. I’m not asking for like…how to get out of this situation type of thing but on what to do with my feelings. So, I’ve been feeling down as heck for a while to the point where my teachers have sent me websites/the number of the suicide hotline. The problem is I’m not suicidal, I’m just depressed. What should I do as a depressed person that doesn’t want to kill themself? Background(so people don’t give advice that will not be able to be done): I’m a girl, family is Muslim(I’m not tho). Not allowed to get a job, not allowed to leave the house outside of school(had to actually beg sometimes to go to school lol) and some other basics about strict misogynistic families with you being the girl. I don’t have any friends that can help, I’m in contact with a few people older people I met online I can vent to but that usually puts me in a depressive mood where I lose more motivation(that I hardly have)"
1t6o5o8,Im so tired,"Yh idk im just tired of everything, i feel like im being dramatic or smth bc everytime i tell someone (an adult) my problems they dont care or i can tell they just see me as a spoilt brat which i dont understand because i just told you that i started self harming at 6 years old why are you side eyeing me and sighing and looking irritated Fml"
1t6o5a0,I can not anymore,"Saying everything briefly 24 male gay living in an arab homophobic Country. Was i jail because being gay Exposed, everyone know that i sm HIV POSITIVE and gay. Getting death threats, because now everyone who think he knows me, will think i gave it to them. No social life and got to zero after being exposed. My family is disgusted of me But I‘m studying German, in a hope to get there, because i have a bachelor degree un med But i can not wait Every day passing feels tough, and things just getting harder. Nothing good ever happens to me. I am sad, lonely, depressed 24/7 Went to psychologist. But did not work out I just have my mom The only person that have my back. But, i feel if knew what i was feeling, she would make it end to, for my sake. Can’t travel abroad Won’t get visa My Father despises me, so still no money Nothing anymore makes me happy, and only bad things happen during my day. I am writing this not for someone tell me I’m so sorry for you ,or someone to tell me like a better way to live ,or what to do .because I tried everything I’m able to I’m sure if I lasted , like another eight months, I’d get a visa, but I can’t wait that long I’m just too drained out To out of it To depressed Things that happened to me in jail, were indescribable , there was a point there, that a stray cat live better than me And all of that was because I have Hiv and gay. People tell me why do you still think of that? and I always reply by I’m still here. I’m still in this country. This country has ended me"
1t6o57j,Severe Depression And Anxiety Dealing With Loss,"Lost almost all my YouTube videos from about 12-15 years (3 channels) and 1000s of raw video clips. I got super paranoid randomly about 2 years ago and just deleted almost everything. I grew up as a filmmaker and basically dedicated my life to it and had so many sentimental memories in those videos that helped preserve my childhood and growing up. After deleting them I’ve sunken to the lowest point I can imagine I feel on the verge of a panic attack 24/7 and also am severely depressed / constantly going through the mental pain of thinking about everything I lost. I feel like I lost myself. Those videos became an extension of myself and they were my greatest creative expressions, people who watched my videos knew me so much better because of how much creativity I put into them. This is all I can think about 24/7 and the pain is so deep and feels like it won’t ever get better. Has anyone else had the feeling they completely screwed up their life and mental health for the rest of their life? I truly don’t feel like I’ll ever get better and the therapist just says don’t think about it so much and that doesn’t help. It’s just as much a feeling as it is thoughts. I feel like I invested myself fully into something for so many years and threw all my hard work away. I know I can create more and I’m gonna but it’s just impossible to replace the videos from the past"
1t6o48r,Is it normal to think about suicide?,"Growing up I never thought I would make it to 21. Now at uni, I barely see people and I am mostly the friend who calls. I have the feeling all my friends are just friends with me out of pity and are to polite to tell me that I am annoying. I am convinced that I'm a horrible person and nobody would be able to be around me for a longer time. This is not me fishing for compliments. I just want to illustrate why I think that I'm a waste of resources. My family are wonderfull people. I grew up learning that your family is your support system. They are the reason I'm still alive. But I know that I'm hurting them. I don't give them the love and support they give me. I forget birthdays or bring shitty presents, I ruined my sisters birthday party. They would disappointed if I killed my self, but I don't want them to waste anymore energy on me. I'm thinking about killing myself a lot lately, but that is not unusual, right? Sorry if this post is tangled. It's just hard to write down what I'm thinking."
1t6o27e,"Help, i'm drowning : i'm lesbian and my family is hell","I (17 F) am in a situation that’s turning my life upside down. I grew up in a middle-class family in Europe; my father is an Arab immigrant and my mother is European, and I have two younger siblings. My family is complicated. My father is an admirable man and a Muslim; he puts religion above everything else. But he’s also a monster: he exhibits certain physically and psychologically abusive behaviors (he’s an unparalleled manipulator who terrifies me), particularly toward my mother, whom he accuses of every little behavioral slip-up on my part (for example, eating with my left hand) and threatens to divorce. As for my mother, a non-practicing Christian, she seems to have only one desire: to preserve the family unit at all costs, so he must always be right and we should consider him an extraordinary man. Once she even forced me to apologize to him because he was angry with me for no reason, accusing me of being the cause of their divorce and saying she would never forgive me; a little later, she apologized in tears. And I forgave her; I still forgive her because I consider her my pillar of strength here. I hope she’ll always support me and that someday she’ll be able to choose me, even though I know deep down that she’ll never leave him. They have a joint loan for 15 years, and he’s just starting to really make money. In this situation, where being in a relationship with a man would be suicide for me (since we’re not married, “the European way”), I’m attracted to women. I keep my distance from all that (I can’t imagine the energy it would cost me, and I already have enough trouble managing my mental health) and thought I could lie my whole life, pretend not to be interested in anyone, or—according to more romantic fantasies—marry a gay man to put my father’s mind at ease (he’s VERY paranoid—didn’t I tell you?). But in just a few months, I can already feel what a living hell it is; all I want to do at the dinner table when he starts talking trash is scream that I’m gay, that he’s failed, that I’ve been corrupted by the devil! I’d finally get my revenge. But no, I keep quiet, and it’s eating me up inside. How can I laugh, hug him, or even talk to him when I know he’d be capable of killing me if he found out? I don’t even dare imagine my mom’s reaction; I want to believe she’ll protect me, even though I’ve ruined 20 years of her life. So yes, all I can do is leave—that’s what my 8-year-old self used to say, waking up in the morning, going to bed at night. That certainty is more deeply rooted in me than my own name. But here’s the thing: life catches up with us, and I can’t. I’m currently in my penultimate year at a prestigious high school (I’m pretty good at schoolwork), and my academic path is all mapped out in my hometown. I can’t just walk away from everything (and I don’t think I could even if I wanted to) and throw years of sleepless nights in the trash. My only way to achieve enough financial independence and cut all ties with them—preventing them from finding me (my father is a lawyer and has plenty of connections; didn’t I tell you that? Darn). So I have to hold out for at least 3 years, maybe even 6. For now, even though my light is flickering, I strike another match for the 8-year-old girl I made a promise to."
1t6nzgm,Feeling lonely.,My best friend blocked me a week ago and I've been constantly thinking about her every day. I feel so alone because we talked every single day and the past month or 2 I've been making every conversation miserable and it's all my fault. I never met anyone that I've ever clicked with like that and I don't think I ever will again. I want to end my life because I don't want to be alone like I was before her. I can't take it.
1t6nv70,Happy living a lonely life especially when you don't trust/have confidence in your own abilities,"How are you supposed to be happy living a lonely life when you don't have confidence or faith in yourself especially in this chaotic fast paced socoety and world, so therein moral character aside do not like yourself?"
1t6nono,Need advice (long),"Sorry about any typos i wrote it really fast and english isn’t my first tongue. Hey all, this will be like a rant and it will be long. I will be 21 in 2 weeks and I feel lost. I am a junior in college my gpa is around 2.5 gpa and in last two semesters my gpa scores were above 3.1 so I was hopeful but this semester i failed a class so i will get 2.5 this semester. I have four semesters left and I have decent change to end up 2.9 3.0 ish which is again not great but not outrageous either. I feel like a burden to my parents I never told my gpa or anything because I thought I could improve which i did from 2.2 to 2.6 last year but this semester will be a setback for me. In my college there is a forgiveness program so i can take that failed class again and replace my failing grade which would bump my gpa to 3.1 ish for this semester. I never really worked that much, which yeah i know sounds unbelievable. I was suppose to start a on-campus job this semester which i was pretty excited about but they have been terrible communicating and by the time they reached out to me it was April so they said lets start your employment next fall. Hopefully this time i will start. The thing about me is that I am a dual citizen but was raised in a foreign country. And frankly I learned english on my own and while it is good enough to study in here I almost always behind my peers. When I have job/internship etc interviews I communicate poorly because of anxiety etc and unless they are stupid, every american college student is better than interviews then me. I have a unpaid internship lined up for next fall but it is pretty small non profit but ig it is better than nothing. This summer I will be flying back to home to spend with my family, which i am looking forward to but I don’t want to spend it with nothing but laying down all day. I secured two remote volunteering gigs that i will be doing throughout the summer but well they are just volunteering. I am interested in marketing/pr which is prob only thing i am not terrible at. I was thinking about starting 1-2 side projects and get some free hubspot and google marketing certifications and will do those volunteering projects. I sometimes feel like I am too late to succeed and frankly feel like a failure to my parents. They always supported me and funded my education, thanks to the financial aid it is not that much of a substantial amount for them otherwise the guilt would ruin me. Anyway, I am looking for some advice. I have exactly two years to graduate and I simply don’t want to look back and regret and end up unemployed and staying at my family’s home. When I look forward I can see myself with one shitty internship and 2 small volunteering projects with 2.9 gpa and I just want to change this, but not sure what to do. I think this is the first time i did let these all out I didn’t tell it to anyone and I am now telling it to thousands of strangers lmao. I just texted my family like nothing happened because I don’t want them to think I am struggling and pretty much Inal trying to buy some time, which i have 2 years of it. Anyways sorry this is the end of my rant. Looking for advice"
1t6n3rr,Exam in 6 hours. Failed this course last year. Feel like everything is riding on tomorrow.,I don't even know why I'm posting here. Maybe just to feel like someone's awake with me right now. I have an exam in 6 hours. I failed this exact course last year and I have to pass it this time. It's not optional. My parents think things are fine ...they don't know I've been on medication for anxiety and insomnia for a while now. They think I'm handling it. I'm not handling it. The part that's messing with me most isn't even the exam. It's this feeling that I've already used up too many chances. That the version of me my parents believe in doesn't really exist. And tomorrow might be the day that becomes impossible to hide. I don't have a question. I'm not looking for study tips. I just needed to say this somewhere that wasn't my bedroom ceiling. Will I be alive after this exam?
1t6mqs0,I just lied to my mother to her face about being willing to go back to therapy when i really have zero interest in getting better,"I lied to my mother and told her that I didn’t quit therapy, I just wanted a new therapist. which is a total lie. I don’t have any interest in getting better or changing my bad habits. i just want to die. I said that the therapist wasn’t for me when in reality she was just fine. I just didn’t want to do anything she told me. I said it was a waste of money and that I wasn’t coming back. When I told my mom the therapist had already called her and told her I am not going anymore. My mom was worried so she asked me if I was going to find a new therapist. I said yes. I don’t have any intention of finding a new therapist or taking my pills or doing anything that helps me. it not working. I’d much rather be dead than put in the effort to get better"
1t6mqbl,I survived and I wish I died,I don’t look forward tomorrow or yesterday or now I wanna be in the nowhere the none place the none time i don’t want better just let me go . I accept my faith to go but not for too long … i am no longer the brilliant person am no longer anything I am the worst I thought I could be at and I am so strong that I got to suffer 5 years and stood up but sometimes falling from the a bump is not the same as falling from the sky i was in a high level and suddenly the door closed i was left alone yet surrounded by people I was in their life but there was no life in me . Surprisingly the world kept going and no one saw that I fell from anywhere no one was able to figure out I was exploding bleeding out so hard yet gathering my blood like a machine everyday . I am injured in a world that even when they see you they turn blind i ask for help in a world where everyone avoids to be surrounded by you when you are weak I know the world . It’s time to let go I am ready to die I can be the first one next in line I just want a peaceful go hopefully in the no world .
1t6m2iy,Getting all my goals done and volunteering but the feeling still persists,"So Im not sure if others also deal with this. I feel like I'm a car and I'm going on cruise control but the driver is out. I recently graduated from my volunteering program and became a community nature steward. I passed my classes with top marks. I work from home and have a flexible schedule. I'm financially stable, recently got married. It's difficult to do my hobbies and feel immense joy. And it all feels like very meh at the end of the day. It's like nothing excites me anymore. In 2022 I had excitement and fun and life felt different but around 2023 I feel like I'm the husk of myself. I basically managed to do all the things that people said would help my depression and they did not"
1t6lwz3,"For months, my ex told me she'd ""do it"" if I left her. I begged her to find anyone or anything else. She didn't. Eventually, I left. So did she. 9 months later, I am still a broken shell of a person.","There's a tl;dr before the last paragraph. This is unedited and I am... verbose, for lack of a better word. Also, ngl, i'm a little afraid the last paragraph breaks rule 7. Let me know, I guess. Sorry. Hi. I guess it's sort of right there in the name. I don't really know where to start. I guess we'll call her H. By the time H and I started seeing each other, she had become deeply depressed and misanthropic. The daughter of an immigration lawyer, she had spent much of her life fighting for housing rights, workers rights, tenants rights, and the list goes on. If you've been keeping up with the news over the last decade, you know that all of these things have done nothing but backslide. Her only purpose was to try and make the world a better place and the way she saw it, she and literally everyone else were failing and would continue to fail. During the spring of 2024, the two of us participated in a campus encampment meant to pressure the schools sharing the campus to divest from Israeli businesses and do our small part to encourage an end to the conflict. It actually did seem to lift her spirits for a while. You see how that went/is going. Gaza is a parking lot. When the summer came and the campus closed and we had achieved maybe 10% of our stated goal, H stopped leaving the house. She stopped seeing friends. She would barely get out of bed unless I went over to her house and begged her to, and maybe not even then. After a while, despite having a roommate of over a decade, a cat, and a whole community of people who loved her (she was something of a niche celebrity in the city for all the work she did), she began to say more and more and more that I was the only reason she wasn't going to kill herself. Now, I'm not exactly stable myself. I've totally disallowed myself from owning a gun or opiates, and I get drunk on more days than I don't. I have a rule called the ""tomorrow rule"" which states that I will kill myself tomorrow. Well tomorrow never comes, it's always today. It's a little mental trick that has worked out thus far. I need this probably 5 or 6 times a year on average, each for a stretch of a day to 10ish days. I couldn't take the pressure she was placing on my shoulders. Especially given that by the end, all we were doing was watching TV in silence, and maybe having dispassionate sex that felt more like physical release than any kind of intimacy. I told her I couldn't be her only reason to stay alive. For months, I tried to encourage her to find anything or anyone else to put some faith in. After 4 or 5 months of this, I finally left. She stuck around. Fell into the arms of her ex, who she met at the Palestine encampment and who will be calling X, i guess. X is fucking lovely, and a hero in their own right, which is how they met H. Lived on the other side of the alley behind my apartment complex and I had to become is friend because H just made them sound so fucking cool, and she was right. According to X, H did mean to follow through, but stopped when X decided to intervene and literally started dating her to save her life. They lasted about 10 months. During those 10 months, much was kept from me, and rightfully so. I'm prone to dramatic outbursts, panic, and catastrophizing. I'm glad I wasn't told. I think I would have just accelerated things. She started keeping and using fent. She bought a gun that she just kept loose and loaded in her purse. My roommate whose name doesn't matter for this, X, H's roommate, H's best friend, and all of X's like, 5 housemates started convening every few days to figure out how to keep H alive just one more day. Literally trying to figure it out one day at a time. Eventually X couldn't take the pressure and left her to. Unlike me, they didn't just vanish. They basically kept in such close contact the only thing that seemed to change was what the two of them were on paper. It didn't matter. She went to a hotel, left a note on the door, called the police, and used that gun. I'm horrified by my actions. I just left. I think I might had seen her once between when we broke up and when she killed herself, despite the fact that she was across from the alley from me all the time. Worse, I was with another girl on the couch (who we'll call V) and all I could muster was a ""hello."" I wanted to reconnect so, so badly. I never stopped loving her. I just had to do it as a friend and I didn't know how to be okay with just being friends. Neither of us wanted to just be friends. So she continued to deteriorate until she was gone and I never truly got to see her again. This was all in August. I think it speaks to her character that of the 7 people who got to see her in the funeral home, the 7 people that got to read her ""will"" (it was hastily typed in a .txt file in the exact same cadence and poor grammar she used to text), and the 6 who lowered her into the ground, 4 of us were exes of hers. She was wonderful to everyone and had no enemies. X and I both immediately began to tank. We'd cry together, we'd cry separately. If one of us wasn't crying, we could probably hear the other howling from across the alley. We both dove headfirst into the bottle. I stopped going out. V, who was present through all of this mess and who I probably wouldn't have survived without, noted that after the funeral, I was barely present behind my own eyes. I agreed. Due to financial strain, I got a second job, and that was that. I didn't even have time anymore, let alone the time to feel anything, really. So, V was gone and I began working 65-70 hours a week, totally alone and without the time to process any emotions. I seemingly got a lot better. I started working out, I started drawing in my downtime at work, I started biking instead of driving my car. I was eating healthy, I was drinking water. Eventually, I got too tired and too lonely and I quit my second job. I've just moved and my expenses are lower, so I was able to afford to. This was 3.5 weeks ago. I have nightmares all the time. I can't sleep through the night. I cry about H 3 or 4 times a week. I wear her old clothes just as often just to feel her some how, some way. I'm crying right now. There's this song called Headstone by a band called Defeater that I listened to on repeat for a month after she killed herself and I just started doing so again this week. It's all I want to hear. V and I tried to reconnect and I barely felt anything and she definitely noticed. I've had casual hookups that, to borrow a phrase from earlier, were more physical release than any sort of intimacy and I felt invariably disgusting after. I have a date today for some fucking reason and I'm wearing one of her cardigans as part of my outfit for some fucking reason. Beyond that, I don't know how to have friends anymore. My walls are too high. Friends I've had for years, but lost to the tragedy and the job have told me so. I'm different now. One begged me to just let myself be loved. I can't. I don't know what to do. I'm so scared. I'm so lonely. tl;dr, my ex told me she'd kill herself if I left her. I called her bluff, and she wasn't bluffing. The guilt and shame have made me unable to experience love or kindness or intimacy from anyone. What do I do? I'm genuinely afraid that this is just who I am now. I am 30 years old and I am no stranger to tragedy. I am no stranger to suicide. I bounce back and life moves on. This is different. It's been 9 months and I am no better than I was after the first. I sit in that really fun place where I make too much to qualify for medicaid, but not enough to afford medical care. I need help. My own ideation is getting louder, sticking around longer, and keeping me up later than ever. I'm drinking more than I have in 6 years (6 years ago i was drinking a liter of vodka a day. We're not there yet, but there are days where i really, really want to be.) I'm genuinely at a loss for what to do."
1t6lss6,I think i'm lost,"Hi, 18M here, basically the title I don't really know where to stand right know, i don't have close friends or people i can really talk to, my family is really supportive but they don't really understand and i don't blame them It seems i can't really get in a relationship either, always stood off as a ""good friend"" but nothing more I've been diagnosed with depression, have no motivation whatsoever about anything, i also have severe anxiety so i pretty much avoid anything really My only comfort was videogames but with the lack of motivation it's become extremely difficult to get into So yeah, i feel like i just exist cause i have to, i don't know what to do now or in the future, and I'm not so sure it will change at some point I hope you're doing well or better, and i wish you a good day"
1t6lrf2,It’s gone..😖,"This is about something that happened to me and is likely not going to make you cry, but for me it was heartbreaking. There was one ticket left for this New York trip for orchestra that’s very amazing that I wanted to go on so bad, but the teacher gave it to someone else even though I asked before them. I’m very upset. I got my hopes up. I’m so sad because I have been so stressed recently and I have been working so much and so hard despite my other struggles like my ADHD, being behind in school, having depression ect. and I just want to do something fun and memorable just for once in my life, but of course it had to get taken away from me. I just wanted one good thing so I can finally be happy. I’ve been working every day and I am still suffering. Whenever something good comes up I just end up getting excited for it to be ruined. I’ve been feeling sad for no reason at times too. I’ve been thinking about my grandpa that passed away the last day of January. I’m burnt out and depressed, and life saw me get excited just to laugh at me and take it away."
1t6lejs,My first post on Reddit,"Hi, I'll warn you in advance that I don't know English very well, so I'm writing this through a translator. This is my first time on Reddit, and I don't know what I can and can't write here. I would just like to share what is happening to me now and maybe get some support. At the moment I am in a bad state and I am constantly sad. I don’t know the exact reason for this state, but maybe it’s because of my father who some time ago hurt me mentally for a long time. I don't want to go into detail about what exactly he did because it's a sore subject for me and I'm trying to forget it. I would be very grateful if I see any support under this post. I will end this post here. Thank you for reading this and perhaps leaving a comment."
1t6ldrp,Im sick of living,"Im sick of people saying im too young too kill myself or i have so much to live for. Im in school and everything is piling up, my exams that dictate my university applications are coming up and i think if i dont do well in these ill have nothing left. The only thing still going for me is my grades and i just cant do it anymore. People will say im selfish, ive already had an attempt and my mum says that she will never see me the same again. But im just sick of it. The constant work, the criticism. Im trudging through every day and i just dont feel happy anymore. Im not passionate about anything i have no real goals in life. I have a few concerts to look forward to and a really good connection of friends but nothing seems to put me off the feeling that i can be at peace finally."
1t6l1kh,"A follow up to my therapist's coldness. My heart is hurting and I'm devastated. This will not be a short read, Fair warning.","Yesterday was a really emotionally draining day for me. I truly did realize that I was fooling myself. My therapist no longer cared about me as a person. And I decided to do the hard thing and point that out to her—holding up a mirror of her actions to her. Politely, of course. Stating, ""Hey, you're not the same person I met back in 2024; what happened?"" A year or two ago, you would have gladly helped me out with this issue, no questions asked. For context, I was asking her to write me a reasonable accommodation letter for my job.​I have autism and my company might start asking people to work in-office again. So, I wanted to be proactive about that and have that letter on hand stating why the office environment is a sensory nightmare for me. Because it is! Work from home has been nothing short of a godsend for me. I've been doing it for 6 years, and my performance drastically improved. ​A year ago, my therapist would have gladly sent this letter and gotten enthusiastic for me—you know, telling me something like, ""Good on you for standing up for yourself."" You know how I know? Because she did the same thing for me when I bought my condo; she wrote a letter stating why one of my cats is a necessary emotional support animal. ​And she told me back then, ""I'm so proud of you for not only being able to come so far as to accomplish your goal of buying a house, but now you're advocating for yourself as to why you need more than one pet."" They have a one-pet rule here where I live, and I wasn't about to get rid of one of my beloved cats. My therapist understood that very well and was super happy for me back then. ​Anyway, I don't know what happened. I don't know if she's just emotionally burned out or has too many patients. But when I asked her for an accommodation letter for my job to maintain my employment, I was met with her cold response in a MyChart message saying that my fear was unreasonable and silly, stating that she wouldn't help me. ​This is the second time I've had a therapy session with her where her responses to me have just been so downright cold and dismissive. Last month, I was talking about a real family trauma that I had, and I was deeply upset about it. I even documented exactly what happened thoroughly in a Word document with a bulleted list for her to kind of really envision what I was going through. Do you know what her response to me was? ""You're focusing on too many negative things; have you tried going out there and joining a club to make yourself feel better?"" ​She didn't want me to talk about my trauma or focus on what had just happened to me at all—which, by the way, involved the death of a beloved family member. And I was just so taken aback and hurt by that. It left me going, ""This wasn't very helpful."" Why would I want to join a club and focus on positive things when I'm going through so much hurt, and I just needed someone to be in my corner and hear me out? I don't have a lot of people in my corner, so it's not like I can just turn to a friend or loved one. ​I kept my feelings to myself, hoping things would change. But after this last cold-hearted message where she told me she flat out wouldn't help me, I decided to tell her how I really felt—respectfully pointing out that she has changed and she's no longer that person that I met in 2024 who was so proud of me and so happy for me. ​I am a woman with autism managing a lot of responsibility with no real help from anyone else. And I can't deny the fact that I'm super depressed about it. Anybody would be. But I'm here, and I'm making it, and I just wish I had somebody to talk to about what was going on in my life. I'm not necessarily looking for someone to ""fix"" me; I know I'm always going to be depressed. That's inevitable given my lifestyle and my autoimmune conditions. It's just way too much on my plate, and it's constant; I never get a break or time to myself. ​Anyway, I was going down a rabbit hole there. But what ended up happening to me yesterday is that instead of looking at her own behavior, my therapist just got crueler, colder, and harsher. No, I'm not making that up; I have the MyChart messages, and I reviewed them over and over. I've even asked others what they thought, and they said, ""Yeah, that's not right; there's something really dark and cruel about the way she worded her MyChart messages to you."" It became clear to me that that person I thought I knew is truly gone. ​I am now mourning the loss of someone who I thought would always have my back and be proud of me. You know, I told her in my message: I truly do understand what it is like to be burned out. But every day, I still go to my job as a patient support advocate, and I remember that what is going on in my life isn't my patients' fault. I give them the best self that I have. Because it's important when you work in a patient support role to have that patient know that you're on their side and you're fighting for them and you're going to do what's right by them. ​Anyway, I was met with my therapist, basically telling me, ""Okay, well, here's the door; if you don't like the way I am now, then see yourself out."" To say my soul is crushed is an understatement. I really thought I knew this person. I thought she was there to help me. But that is no longer the case. I don't know what happened, and I'm sure skeptics will blame me. But no, I just think she either has something personal going on, or maybe she just has way too many patients. It doesn't matter; I don't deserve to be treated like that, and it has really closed off my mind to the thought of getting more therapy. I'm tired of putting myself out there. I've been doing it for 24 years, and I still just haven't found that person who is going to have my back and see me through thick and thin. ​I am so beyond hurt right now. I can't even describe it to you. I feel like a good friend of mine just straight up died. Hypothetically speaking, that's what's happened. The person I met in 2024 is gone, replaced with an empty shell of the person they used to be who no longer cares about me or my well-being. ​Anyway, I'm not looking for positive platitudes or someone to tell me why I'm wrong. Especially don't want to hear that ""life gets better."" I'm on ketamine therapy now, and I have been for a long time. I think it's the most effective type of therapy I've ever had in a clinic. It's opened up my eyes to so many things that depression made me blind to before. I think I'll just stick with that, and I don't know what I'll do about my emotions. Process them by myself, I suppose. ​Anyway, I really had to get that off of my chest, and I know this is a lot. So, if you read to the bottom of this gigantic post, then I sincerely thank you from the bottom of my heart. Whether or not you agree with me, that's okay. I don't expect everyone to agree with me. But I do expect people to be mindful of what they say to me. I am in a really heart-hurting, vulnerable position right now. And I don't want to be told why I'm wrong. I don't think I'm wrong. I think I'm someone who has just really been betrayed by someone I thought had my back. I'm hurting. My heart hurts, my head hurts, I'm exhausted. I just wish I had a friend to reach out to right now so we can just, I don't know, go get some food and talk about silly things. But I don't have someone to do that with. It's really weighing in on me. I feel so alone right now."
1t6ky55,When can you find the right time to start anything?,"I find myself wanting to indulge in certain areas like shopping, but then I think to myself “Why would I buy an outfit when I’m so depressed? I don’t deserve this pleasure, and I won’t go anywhere to wear it out anyways” so I never end up buying the clothing. I wait for everything to make sense, and I wait for everything to line up, and it never does. There’s this crippling thing where I can’t start things or do things if I am in a bad place, so I can’t take the little steps to feel better. A endless loop of “maybe one day” or “when the timing is right”"
1t6kna0,Lost in life,"Ive (25m) been quietly losing a mental battle for the past few months and it's starting to over power me. I'm In the middle of a CSB case, having a hard time finding a job, really thin on time and it feels like I have no one to talk to about anything. I'm really close to finally getting custody of my kid and everything is going really south personally and I don't know what to do honestly. I feel like I'm really failing rn and might end up a disappointment."
1t6kigz,Feeling very sad and there's a reason,"Just realised if i die suddenly none of my so called bestfriend will get to know until anyone will call them by my side like my point is when u are in touch with any person u can get update about everything but what if they dont contact for months and months will they get to know that am i alive or not they just send reels for formality that yes i do remember u 2 years ago we 3 were living in the same town both of my friend's father work in the same company they both got transferred to the same city and i am alone here with 0 irl freinds... And i am such a fool that i bow down to them and make a call to 3 to 4 days every week just to ask how are u everything fine or not still they dont value me and after ending the call i feel like ""i know i will not get any call until i call them"" like i have no one to share any problem i am going through my life my I have decided to not call them anymore i am sobbing while writing this but whatever"
1t6kdnh,No guidance,"It's difficult to go through life alone, with no guidance. Nobody is sharing their knowledge with me, I have no social circle at all. Sometimes i wonder how different my life would be if I had people around me to support me and to explain things to me. Just a passing thought..."
1t6kcyx,Why am I so ungrateful?,"I have a really good life. Objectively I really do. I have a beautiful wife, beautiful child, great job, and financially doing better than most. I've run half marathons, won weight lifting competitions, play multiple instruments and anything I set my mind to I have accomplished. But all of that, every ounce of effort was because I thought once I'd achieved this, contributed this much to society, learned this then I'd be happy. But I'm not. I want to die. I'm so tired, all I do is sleep but I'm so tired. My wife is understanding, I'm on meds, I've had therapy but nothing changes. For years nothing has changed. I've done everything right and yet all I do is suffer. But I have no right to suffer. People would kill for my life so why am I so ungrateful? Do I deserve to suffer for being ungrateful? I won't hurt myself because then who would provide for my wife and family? But has anybody been able to reconcile this? It seems like I just need to make myself suffer so that my internal world matches my external circumstances"
1t6k4ma,I want to cry but i just can't.,"I used cry alot, as a kid and early teen, some stuff happened and ever since I haven't cried, and lately I'm again getting feeling of never wanting to exist and much more and i just want to have a good cry, from my memory it feels good and I want to cry, my heart hurts or aches but i can't even let a tear out, no somgs, memories, movies etc has helped, i just want to have a good cry"
1t6jrcp,Explaining to someone that doesn’t understand,Need help explaining to my dad he doesn’t understand at all he tries to compare me to him when he’s never had depression before tells me all the time if I “just get up” and get into a routine it’ll go away I tell him that it’s not that easy and it’s a serious lack of motivation he tells me the same thing thinks I’m lazy and dragging to out so I don’t have to go to school I just could use some help explaining to him in a way he understands he grew up in a hard working environment and in time where depression wasn’t a real thing to people and to be a man kinda thing so if anyone has advice please share it.
1t6je6y,I need to eat but I can’t move,"I’m laying down rn and I should eat, but my body won’t let me. The task of getting up feels like climbing a mountain at the moment. I’ve barely eaten the last week and I think I lost weight. Moving my body gets more difficult every day. Tips to help manage this are very welcome."
1t6iyxn,Just got diagnosed,"So I (23F) got diagnosed with depression a few days ago. And I can't say I'm surprised but it does feel strange to have the official diagnosis. On one hand I'm kind of relieved, because I finally have an explanation as to why living has been so difficult for me in comparison to those around me. There's finally something I can attribute all this bullshit to. On the other hand, it feels like I've wasted my life. I've spent so much time being horrible to myself. Calling myself lazy and useless and worthless and constantly trying to force myself to do stuff I simply didn't have the energy to do. I just feel so bad for my younger self. She was a depressed teenager, trying her best not knowing what was causing all this unhappiness. And she had me constantly berating her for not being good enough. Idk I just wanted to vent a bit in case anyone felt something similar. I'm happy I got diagnosed. I feel like I can finally stop pretending to be happier than I really am. I'm gonna start medication soon and hope for the best."
1t6imo3,Stupid ass vent,"Im 15 and im not good with words, i doubt anyone will see this but its nice to type it out. I dont know if i have depression and i dont necessarily wanna say i do to undermine the people who do have it, but i did try killing myself and failed miserably and ended up with a sprained ankle, i lied to my mom and told her that i fell down the stairs but really i tried jumping off the roof. I used to cry myself to sleep alot but now i dont cry, i sometimes wish for bad things to happen to me so i can cry. Like hurting myself or losing a family member or close friend, pretty bad thinking and i think im a bad person for this. My family tells me they'll hear me out if i speak to them but i cant. I genuinely cant, they just do get it even when i try, its really hard to express it. I feel lonely as hell like i cant talk to anyone about how i feel. And when people say ""but you have friends?"" I dont know how to tell them i still feel lonely and i cant speak to anyone. Theres more stuff other than loneliness but i cant put them into words, i guess i feel worthless and unwanted. People say its not true but i cant help but feel it, i get left out alot by people around me, intentionally and not intentionally. This became somewhat long but i seriously just needed this shit out my system. Edit: a little too early for an edit but i just wanna say this cuz why the hell not. Im a priviliged kid, i have a house, i have a family, i get to go to school, i shouldnt feel like this. Why do i feel like this? Why do i feel the need to cry all the time? Sometimes im so happy i think im delusional and that my sadness was a ruse. But it comes back, it always always always comes back to me, and it always comes back worse. I cant help but absolutely hate myself and everything about myself. I feel like such a brat"
1t6ikc8,Depression and dark humor,I’ve realized that my coping mechanisms is my dark humor. I’m currently on my fourth miscarriage and dealing with other health and life issues and I saw a meme about offing one’s self due to minor inconvenience and my brain automatically went “brother don’t I know it” and laughed a little. So much has happened that me crying over this feels like I’m reacting to a minor inconvenience in my life.
1t6ie7s,Erase My Memory From Everyone,"Currently at work, I’m going through so many emotions. I recently found out I have bpd and I’m a narcissist….WTFFF….thats not the only reason why but it’s a big part. I HATE who I am I just want to disappear. So I just clocked in and I came to the bathroom. I Want to end my life in here right now. I’ve already started cutting in here so why not make them deeper and bleed out in here?🤭 How long before someone notices? I’m just tired bro so fucking tireddd"
1t6i19p,i’ve wasted so much time,over the past year i’ve wasted so much time just scrolling on social media to distract myself from how suicidal ive been. a couple nights ago i was in such a horrible place and i felt like i could’ve taken my own life if i had the means to. im in college now but im afraid that ill feel the same way when i go back home…i dont know what to do. i want to get help but i dont want them to send me away because of this
1t6i15e,"Depression is the big issue for me when I play, my performances drop massively.","13M, had depression for the past 4 years thanks to primary school teachers and students being very harsh and bullying me, discriminating me. Yet, because no one was here for me, I had to face it myself. I used all my strength to make it through until the strength is all gone. I smiled less than 10 times daily. I can't do therapy because I had therapy problems when I was 5. One mistake when I play football as a CDM and I get depressed and wont play properly until I can recover from this misery, it changes me. I can't learn, no one trusts me. I was never the good one. I want to feel better before my football trials next week, but I just feel cursed because rarely something goes my way."
1t6hr4d,"Partner has lots of problems, help needed","Hey, first of all I'm gonna say that I don't really know if that's the right sub for this so sorry if it isn't \^\^ So, my gf has had problems since childhood (20now) her parents weren't exacly abusive, but not really good either, lots of screams, super high expectations, lots of work in the house which her younger brothers won't really help much with, and she was struggling since then, with time it got worse and worse, her parents also don't really believe in depression or doctors that can help with that but it's really common in elder people in our country, she doesn't really feel happy at all, things don't excite her much and if they do only for a minute, she has some medical problems as well and she thinks she deserves it and often wont take painkillers when needed, she feels awful and she had super dark thoughts in the past and recently too, she's constantly exhausted and migraines don't help with that. I have convinced her a bit to try going to a doctor to help with her mental state but I need help in choosing where to go and stuff. Sorry for all the ramble Im super neurodivergent and struggle with that a lot, if any more info need of course I will try my best to explain more. Thanks in advance <​​3​"
1t6hplg,iam looking for genuine connection,"iam 20F ..soon i will be 21...I don’t really know how to say this, but lately I’ve been feeling very lonely. I have friends, but somehow the feeling never really goes away. I think I’ve felt this way since I was little. I want someone I can truly talk to openly, someone I can be myself with without pretending or hiding parts of me. Not just a one-night conversation, but a real friendship where we share things, talk about life, feelings, random thoughts, and genuinely care about each other. I’ve never really been good at opening up, but I’m trying now because keeping everything inside is getting exhausting. If anyone feels the same or wants a genuine friendship, you can message me"
1t6hiua,"Hi ya’ll, just need someone to talk to","I can’t say i have some diagnosed troubles, but i do have much of symptoms, like sleep troubles, random aches here and there and lots of other stuff, but there’s really big “BUT”. I’m 17yo girl from Ukraine, and in this year i’ll go to university. Obviously those exams stuff stresses hell out of me. Even with my close people i feel really lonely and stuff. I just need someone to talk to. Who also went through this shit and know how to keep up with it, and don’t creak under all of this pressure. Thank you :)"
1t6hbtu,The whole hygiene thing,"I'm sick of this. I'm gonna say this on here because if I did anywhere else I would be called some awful things. I'm sick of people in my life being like ""you HAVE to shower or you're disgusting"" and not being able to say anything because I know they would hate me, but you know what really makes me mad? People being like ""Im depressed so I only shower once a week"". Fuck you. I understand everyone has their own struggles and their own pace but just for once let me be spiteful and say fuck you. All of you who say that make me hate myself even more. Because the best you'll get out of me is one shower per month. I would at best shower more if I have to go on a trip or someone comes over, which happens very rarely. I just can't do it. It takes an insane amount of effort, and the shitty conditions of my apartment make it even harder. I still use wipes sometimes and drown myself in deodorant and perfume all the time and often feel self-concious and scared of being stinky when I go outside. But I still won't shower. And I feel so alone in this. I hate it. I hate people's hygiene expectations and all the double standards, it's always ""support people with depression"" and even ""people with depression might not brush their teeth and thats okay"" until it's actually serious. I have moments when I can see the dirt build up on my wrists and my tooth has been hurting for weeks because I only brush when I go to uni which is like once a week. I'm sick of feeling like a disgusting piece of shit."
1t6h6u5,"Tired of hearing ""but you're alive""","I recently had a brush with death, a very close one, due to a random infection I didn't know I had until it suddenly escalated. What seemed like a minute later, I was waking from a medically-induced coma, having been extubated that afternoon. I lived, yes, and I'm grateful for it. But I'm also angry, and it seems like every time I try to express any emotion other than gratitude, people just won't listen. So this is why I'm here. I'm angry that as an American, I must pay out nearly $12,000 in medical care (insurance maximum). $12,000 meant for so many other dreams. $12,000 in a time when I'm struggling to pay the bills. I'm angry that the massive doses of IV corticosteroids damaged my thyroid and liver, which has caused my hair to fall out and me to gain rapid weight regardless of how little I eat. I had beautiful hair and a strong body, and now what's left of my hair is a stringy mass whose fate nobody knows and a waistline larger than I've ever had. I'm shaped like a peach despite a calorie intake of 2000/day. And yes, I've got all the drugs onboard to offset these issues (if they work), but still no results. I'm angry that I'm tired all the time. Try exercising when you're constantly, mind-blowingly exhausted because your body just won't fucking keep going. Ten hours of sleep is a minimum now, or I'm utterly useless. But most of all, I'm angry about the endless, glib ""but you're alive"" comments. I'm broke. I feel awful. I look awful. And nobody will listen when I try to express that I'm struggling. So thank you, thank you for listening here when I say, I'm angry, really angry. And I need someone to hear me say it. UPDATE: Thank you, everyone. For the first time since I was hospitalized, I feel heard. And I really needed it."
1t6fuz5,Not Sure I’ll make It Through The Weekend,"Me alone with my thoughts = not wanting to go on. I’ve tried reaching out, tried distractions, tried developing new relationships to expand my social circle and nothing. I’m looking at an entire weekend alone, again and I’m worried the thoughts are going to win. There’s not enough pros to outweigh the cons anymore and I don’t find joy in anything. Don’t start with the “change your mindset”, “enjoy the little things” horse shit. That might have worked 2 months ago when it was obvious I was struggling but with recent events I can’t do it alone, just can’t. No one wants to be in my corner though, they’ve made that clear. I’m doing therapy but it’s an hour once a week and expensive so don’t know how sustainable that is…"
1t6fspo,Depression isn’t an excuse,"I know going outside would probably help. I know seeing friends would probably help. I know showering, eating properly, replying to texts, going to the gym... all of it would probably help. That’s the worst part. You know the things that might save you, and you still can’t make your body move. People think depression looks like sadness. Sometimes it looks like staring at the ceiling for an hour because brushing your teeth somehow feels impossible. It’s not “I don’t want to.” It’s more like every tiny task suddenly has a weight attached to it. My brain feels like messed up wiring. I try to pull one wire like “just get up,” “just shower,” “just go meet your friends”, and suddenly some other wire starts sparking. I pull the *""lets go and meet that friend""* wire. Okay, but what if they ask how I’ve been? I don’t want to talk about work. I’ve already cancelled twice. I said I wouldn’t drink this week. I look tired and fat. I’m going to fake laugh the whole time anyway. They probably think I’m still the same mess I was months ago. And suddenly all these wires spark and the whole system just short circuits. One second I’m about to text back. The next I’m lying there staring at the ceiling again. Cuddling my blanket to feel some warmth. Then comes the guilt. The “you’re lazy.” The “other people have it worse.” The “this is probably all your fault.” And that’s usually the moment the little energy I had left disappears completely. Nobody sees that part. From the outside it just looks like I stayed in bed again. But inside my head it felt like a war I lost in silence. And people still call that laziness."
1t6elji,Everyday crying,"For the last 6 months. It usually happens in the morning and now also in the afternoons. In the beginning it was just work days and now I cry on the weekends. I am isolated, no local friends, estranged from family and my connections are online or by phone. I feel like I’m dying slowly. I’m in therapy, support groups, I use peer supports and now started calling a warm line. It’s not getting better, even with the supports. The crying provides minimal to zero relief. I’m just tired afterwards. I sleep a lot Has anyone experienced daily crying and it was resolved and they got a little better? Or am I just on the road a nervous breakdown"
1t6ei90,One bad nights sleep,"One bad nights sleep and I can’t see things clearly. My feelings are more feelings than they were yesterday. And I want to die. I had to pick up grocery’s, it was a struggle not intentionally crash my car. I wish help was accessible. Being in that fucked up spot of “oh you need help” and you \*cant\* afford it AND you’re not quite poor enough to qualify for help. So you drown. You sink way way deep down. Into places that were tucked away intentionally. By memories that glued together a childhood. I almost crash my car today. I was scared I would make it, so I didn’t crash. I wish I had tho. I wish I was crying right now. That I was being put in medical induced coma and I could just wait. I could just wait, heal, and my brain would being sinking me into places where all the scary stuff hide. I had another dream about my dad. And I hate being alive."
1t6eba4,Depression kicking in 🫩,"As I realize yet again how alone, broke, & boring I am… Depression kicks in yet again to amplify these thoughts.. I have 2 friends that hang out with eachother more than with me ever.. always third wheeling & getting the back end of updates when it comes to their lives.. & 1 other that supposedly my bestfriend but I never see or talk to her unless I go see or spark the convo.. whenever she’s in town she never lets me know or if I find out it’s hard just to see her… Even my boyfriend has more people that he talk to on a daily than I do.. that’s what he says.. & his phone is always dinging with notifications.. I feel like a fuckin loser.. It’s hard for me to make friends as I don’t go anywhere… 😔 & I hate being alone so this hurts more than it probably should. I wonder why I can’t have a bestfriend that I talk to everyday… or a boyfriend that considers me a bestfriend of his… 😔 I hate that I cling onto him because he’s the only one I talk to everyday… Even at work, no one wants to talk to me unless i’m the one sparking the convo.. Idk man.. maybe it’s just my life i guess.. 😔"
1t6e9q2,"Everyone always says to “break down tasks” to make things easier, but what if I can’t even do that?","I’m so incredibly overwhelmed by so much. I post about it all too often. I can’t make myself do anything and there’s so much to do. It’s like my brain is paralyzed in some way and I’m burnt out. Even if I finally do something, it’s not like I can keep any momentum going. I can break down whatever task to the smallest size to make it “easier”, but it’s not. I still don’t want to do it. I still don’t have the energy or anything. It’s still too fucking much. Idk wtf is wrong with me. And I have no help or support from anybody. I just started therapy but that’s not enough…"
1t6e9ae,I hate being happy,"Whenever im happy I go into this state of euphoria. I don't why this is. Context is that ive been depressed for a few years now and only found out recently that what I had was well... depression. Whenever im happy I go into a euphoric state and it's so assy. I lose control of myself. I lose control of my actions and thoughts. Once that euphoria dies down I gain back control of myself. Today, I did something really fucking assy and I hate myself so much for it. Worse part is it wasn't even my fault. I was in a euphoric state and I had no control over myself. Its like someone else controls me. I hate it so much. If being happy is toture, then what's the point in living?"
1t6e1np,I am suicidal,"Everything is going wrong for me. I can barely hold on to clients as a trainee psychotherapist. The clients that do stay are inconsistent attendees. I am a 31 year old virgin who can't so much as start a conversation with a woman, let alone ask her out. I work in a soul destroying market research job that I hate every second of. My body is physically falling to pieces, I'm overweight and addicted to nicotine. My thesis is a load of crap. The only highlight of my life is playing Pokemon. I am a failure in every definition of the word. If I have the means to end my life I will. The trouble is I live in a country with strict gun laws and I have already tried to kill myself through self-poisoning but all this did was hospitalize me. I'm done."
1t6e0q4,When will it end..,I’m so distraught… I’m so lost… I’m sad and I wish things were different. My friend is suffering too and I can’t even help her. I keep trying to fix everything. Nothing is working.. I give up
1t6dllj,Im so tired of this.,"Male Senior high school student here. And… ive been doing nothing except procrastinating for the past 5 years of my life. I have never actually sat down with myself… and studied through and through. Im so sick… and tired… of who I am. And the worst part… is I haven’t been able to do anything about it. All I do… is lie, lie, lie, lie, and lie to myself… over and over. I keep telling myself I’ll… I’ll study at noon or whatever, then noon comes, and I just postpone till fucking midnight, then now, I have to fucking cram till morning, go without sleep, and do SHIT! Im so fucking tired, man. Mentally drained from constantly doing the same exact thing. I don’t want to deal with my parents about it. I feel pathetic. I know, right? Im not doing something that will dictate my career life, and yet here I fucking am, unable to do something I am REQUIRED to do! I fucking hate myself so much. I do. And the worst part is seeing myself fall back into pattern like a stupid idiot again and again. I almost ended it all semester, around 6 months. I thought about doing it so much. I didn’t though. I don’t know why. I think It was because I didn’t want to go to hell for it. But right now… I feel so goddamn empty. I don’t even want to commit suicide and here I fucking am, rotting in my room, doomscrolling, watching tv, playing video games, every single thing except be disciplined for once in my pathetic excuse for a life. I feel sick in my stomach, I want to puke, I feel sick in my stomach. I want to sigh and relax for just one minute. I want to sit there and not regret a single moment im wasting. I want to feel like I’m doing something with my life. I hate studying. It’s the one thing ive always hated since I started going to school in kindergarten. I never studied alone, not until sixth grade. And it’s always that… that moment of false motivation. “Im gonna study this, and finish this, and do that” only for me to just completely go right back to the same track I go down every day. I don’t even want to study any of this bullshit. I hate it. I’d rather someone genuinely ended my life right here than even open a book. I don’t even plan to study what im taking, im taking physics and maths and all that shit and I want to go to animation. And the cherry on top? Im scared of this. Because what if this shit also transfers into my work life? What if I have something to do, important, and I just put it off so much that I effectively fuck myself over. I can’t talk to anyone because if I do then that’ll just open up more problems to my life and I don’t need any single bit of that."
1t6dbud,I wasted my life and i don’t know what to do,"I’ve been diagnosed with depression for 5 years now and with ADHD & autism for 4 months. I’m 19 so i got my depression diagnosis at 14. My first psychiatry appointment took place when i was 14 and it wasn’t a child specialist, he specjalized in people over 30 but he was the only doctor in the area who wanted to try healing a child. Basically i ended up unmedicated for 5 years, only recently after i became an adult and got a job i was able to go to a specialist that i picked out and she really helped me, gave me some hope My meds aren’t really helping yet but my doctor is still experimenting with doses and adding different kinds of meds. One of them helped me for like 3 days after taking them for a week but then it stopped. Due to feeling numb and tired most of my life i never did anything. I barely graduated from primary school at 14. When i went to high school at 15 i failed the whole year and most of my classes, was held back so my parents decided to take me out of there and homeschool me (online school) For the past 4 years i’ve been doing nothing. Literally. I bedrot, sometimes play video games or watch some movies when I’m in the mood. I have no friends, no hobbies, no power to do anything. I have will, but don’t have enough strength inside of me. Over these years i could’ve at least studied but whenever i try to read anything my adhd doesnt let me and my mind goes elsewhere. I really want to become a vet or a doctor, but right now i’m not even in the right mind to try studying, when i told my parents about it they told me to be realistic and to remember how low functioning i am so i gave up I did waste 4 years of my life, my teenage years which i’ll never get to experience again. I feel so jealous when i see teens having fun, i wish i had that too. I have no idea where to meet people and how to maintain relationships. I lost my only friends i made in school and i’m all on my own, my family doesn’t fully understand my struggles so i don’t have any way to express my emotions I don’t have any true purpose, yes i want to have a specific job but realistically i know i’ll most likely never make it, as my family told me. I had a job for 4 months but got fired, also it didn’t help me at all, i just had high functioning depression instead of bedrotting but that was even worse. I want to make money and work but i can’t. If i was well enough to actually maintain a full time job maybe i’d go to therapy, for now I’m broke. I wish i wasn’t though, i’ve heard therapy really helped some people I can’t believe my own mind is preventing me from living the life i want and that i could have if only i wasn’t broken. I really wish i was never born instead. I’m a failure and i feel really sorry for my family that they have to deal with their numb, sad and angry daughter who does nothing all day. They don’t even believe i could finish college, that’s how shitty and worthless i am. I have no idea How to get out of this trap that depression is and it hurts knowing my life could’ve looked different"
1t6cqos,Why am I so addicted to feeling like shit,"I am trying to recover from depression and an eating disorder (arfid) and some rare days I wake up feeling good, content in the moment, and I just want to end the happiness and make myself miserable again. I’m so uncomfortable with being happy right now. I have been dealing with so many family / social / health emergencies for so many years very consistently I feel like my body has shut down and is really just preparing for the worst at all times and never letting me enjoy anything because that can be taken away from me. It’s so hard to enjoy things. The only thing that makes me happy is being with my boyfriend but I dont want my whole happiness to be based on him."
1t6co66,"Parenting with depression, after being a child of a depressed parent","Hello. I am going to keep this anonymous as possible, and will gloss over some details. To start - nobody is in danger, this is not an emergency. I am a 40+ stay at home parent of 2 neurodivergent kiddos under 10. I live with my spouse and take care of my aging parent who lives with us, though they are mostly independent. I have had treatment-resistant Major Depressive Disorder since childhood. It runs in my family, and my parent that had it was absolutely crippled by it and it strained our relationship to the point where it was pretty much broken before they died 10 years ago. I've been on and off meds for years, talk therapy, etc. I take self care seriously and exercise 5 days a week, eat healthy and prioritize my creative outlets. I have currently been off meds for a little over a year. Yesterday was a very bad day. Without getting into it, the kids and I were stuck in the house all day, drama between the kids got too much and I yelled at them (which I never do.) It was ugly. This, among other things, sent me into a spiral which has continued into today. I woke up crying, which happens when I get this way. I worry that I am just not cut out to be a parent, and that they are my innocent hostages in this. For what it's worth, by all metrics my kids are doing great and I've gotten praise for the way I've parented them. (Especially when it comes to handling my younger's public meltdowns.) But you know how it is, the inner voice says 'They don't know the real me, if they only knew the monster that is in here...' I don't want them to have this f\*\*\*\*\* up parent. I want them to have a normal parent. The last thing I want to do is recreate my own experience- growing up with a parent who lashes out and resents their child for not supporting them, and then that child grows into an adult who wants nothing to do with them. One difference between our experiences is that I try to be very open about my condition. When they were little I told them I had a 'sad brain' and while most of the time I'm fine, sometimes I get sad and it's not their fault, that it's just like any other sickness that I'll get better in time. But being honest doesn't necessarily make it easier or better. I think I'm genuinely doing my best right now, and I know the fog will clear. But right now it is just so hard. I don't know what I need to hear right now, just maybe that I'm not alone in feeling this way. Thanks."
1t6co4s,I feel stuck and like things wont get better,"So much is happening with me right now. I started a new job a month ago and i was hopeful and really tried to stick things out there but they set me up for failure and i generally didnt feel safe there so last week i quit without another job lined up. I know its a risky move to do but i couldnt take it there anymore and i had a full on mental breakdown while being all alone in the store on my last day there. Im not going to be homeless or in imediate danger as i live with my family still and have some saveings to coast on while i look for another job. I did at least contact my old job and they said they would be happy to have me back if something opens up but they are full at the moment. In addition to this, one of my 2 cats died arround 3 weeks ago. She was arround 12 years old and it happened pretty suddenly. I loved her so much and i miss her dearly. And as a cherry on top of the first two things i think me and my gf will be splitting up soon as well. We have been together arround a year and she mentioned that she feels we have grown distant compared to early on in our relationship. Ive tried to make things better but i dont think its worked and she seems to have less energy than ever in our conversations."
1t6cgdm,Reflections,"I read alot of posts across various subreddits. I strongly relate to almost all of them. I survived so much over the years and although I am not where I want and should be. Fuck it I've come far. And for me, the greatest reward is being able to recognise and appreciate that. There's so many theories, beliefs and tools on healing yet the simplest thing that lead to my growth was consistency and perseverance. Really am proud of myself."
1t6c78l,Im fucking cursed,"These past few months have been the worst of my life. Genuinely how do i go through this. Fuck man i wish my birth never happened. No one speaks to me much anymore, the girl i like ghosts me and i just keep falling back into a shit state and just cry in my room everyday. Im so fucking scared for the future and how am i going to live like this . I just don't know anymore man . People ignore me a lot at school and i am so chopped that i cant get a gf or anyone to care for me. I am just living without a purpose for the past few months and nothing to look forward to"
1t6bur3,I feel my life is so broken,As the title said that its so broken all my needs are not there im in pain 24h and i have to be like that for the rest of my life and i just can't
1t6b2rb,how do i convince myself to shower,"im so disgusted by my own body but some days i just really cant bring myself to walk into the bathroom, turn on the shower and do all the shit i have to do. its exhausting. its like running a marathon when you didnt sleep the night before, or the night before that. i just want to feel clean without all the extra energy that goes into it."
1t6awui,Self-isolation,"Divorced a few months ago. Trying to stay positive but it's tough most days. I'm seeing a counselor and not in crisis or anything, just kind of swimming through mud to make an analogy. People say stay busy but I find myself dreading social functions. The pressure to put on a happy face. One thing is teasing or bringing up embarrassing memories isn't really my kind of humor but I usually just play along to be polite. But when I'm depressed this triggers anger and I'm worried about snapping at someone. They probably meant well even if the joke was lame lol Another think is platitudes ""it's for the best"" it's not for the best - I thought we could work it out and didn't want to divorce lol Or unsolicited advice ""you should start (XYZ hobby the person is into but I have zero interest in)"" then getting mad if I don't take their advice I guess being completely isolated is not the answer but how do you manage this?"
1t6awcq,I want to die and I don’t know what to do about it.,"Hello everyone. I’ll start from the beginning. I’m 19 years old, born and living in Russia. My father is an alcoholic. He used to beat me, my sister, and my mother. He constantly promised that he would change, stop drinking, and that everything would get better, but nothing ever changed. My mother wasn’t innocent either - she also abused us physically and emotionally. In 2018, when I was 11, I moved in with my father. I still don’t fully understand why. I guess I felt sorry for him. At that time, he actually tried to pull himself together and stayed sober for a while. But all the stress and anger from his work and life in general were taken out on me through constant psychological pressure, yelling, and physical abuse. In the middle of 2020, he started drinking again, and I moved back in with my mother. I’ve been living with her ever since. Around the age of 14-15, I managed to rebuild my relationship with my mom, and we slowly started to understand and appreciate each other more. My father continues drinking himself to death. Red spots have started appearing on his face, and honestly, I don’t think he has much time left. By the age of 19, I’ve already fallen into serious debt. In total, I owe more than $1,500. The debt isn’t getting smaller - it keeps growing. Maybe for some people that’s not a huge amount of money, but in Russia it’s a lot. Right now I study and sometimes work. I also have a girlfriend. I spend almost all the money I make on her, but I don’t complain about it. I truly love and appreciate her. I’m finishing my last year of college, and after that I’ll most likely be drafted into the army. Throughout my life, I can barely remember any truly happy moments, but I remember countless bad ones. I barely remember my childhood before the age of 10 - mostly just painful memories. My whole life feels like one long chain of failures and disappointments. It feels like I’m unlucky in absolutely everything. I’m tired of living, and I think about death almost every day. But sometimes those thoughts disappear for a while. It comes in waves: one day I want to die, the next day I barely think about it; sometimes I spend an entire week wanting to disappear, and then for a couple of days I somehow forget about it. I have memory problems. I don’t know why, but I forget a lot of things. It’s hard for me to focus on anything for long periods of time. I hate studying. I hate almost everything happening in my life. I’m rapidly losing hope and I honestly don’t know what to do anymore. I don’t understand what’s happening to me. Maybe I have depression, maybe something else - I really don’t know. On top of all this, everything happening in Russia right now feels completely hopeless. People constantly talk about more restrictions, censorship, and even the possibility of the internet being blocked or heavily controlled. I don’t even know why I’m writing this post. Maybe I just needed to tell someone."
1t6ab6b,Wanna talk to someone,I want a female friend close to my age (22) as I feel really lonely. And feeling really depressed for 4yrs. I feel like dying . I just wanna talk to someone
1t6a9sb,tell me how you found your will to live,"I see all of the bullshit happening with genocide, climate crisis, rights slowly being taken away, everything getting way too expensive (an injection I take every 2 weeks that’s required to live a normal life went from 6k to 13k before insurance, and from a 30 copay to 500 a month after insurance) I’ve lived with severe depression for over a decade, along with autism and adhd. I can’t seem to find a reason not to move towards finding a way out, other than people saying they’d be devastated or bills/pets/other obligations. How do you find a will to live? I’ve been told to look for silver linings, to find things to be excited about or look forward to, DBT/CBT, take care of myself, currently on Wellbutrin and Seroquel, etc. I love my friends and job and having fun, but I feel like I have a void in the center of my chest that’s slowly leaking all the time. The thought of living with Bad Brain and Body disease for the rest of my life that I’ll have to try extra hard to enjoy is discouraging. I can’t do more “yeah life’s hard but you gotta be harder.” It’s not that I think I can’t do it, I just don’t want to. This isn’t seeking sympathy, I don’t see how any of this is worth it in the end or why I should want to be alive."
1t6a1cv,Hope seems like it's punished,"I've had a theory for a while that if there is a God they hate me. My life has been difficult. I was raised by a single father, a truly good man, mom was mostly absent, she's made an effort later in life but I'm bitter, I feel like I was abandoned, because I was. I have four half sisters that I barely know, This fact makes me sad to ​think about. I spent the first half of my life being relentlessly bullied in school, I was a fat kid who was neurodivergent, I was an easy target. I used to have a lot of friends but I made a sort of policy for myself that I would stop being the first person to message other people, I figured the ones who messaged me independently without hearing from me for a while were my true friends, consequently, I only have like two people left, everyone else never spoke to me again. ​My father is the only person in my life who I feel like I can talk to, I tell him everything and it just scares him, he clams up and stops wanting to talk about it, he knows I have suicidal ideation, I've stopped talking to him about it because I don't want him to be worried, so I don't have anyone to talk to anymore. when I try to improve my life, something always happens that roadblocks me. I'm extremely obese, a few years back I started exercising, I'd spend an hour and a half everyday exercising hard, I wanted to be one of those people with a six-pack standing in their ridiculously oversized pants after losing all the weight, I got a hernia and I stopped being able to exercise, I stopped being able to make gains and lose weight via the exercise. Diet can only get you so far, and when you struggle with depression and you're a fat kid, sometimes food is the only way to get you out of a funk. the world seems so complicated, everything feels like it's designed to frustrate and confound. I don't know how I'm still alive, I think it's because I'm afraid of the pain of death, like the process will hurt, I don't have any quick means. I don't know why I made this post, I don't think it'll help, just needed somewhere to blow off steam I guess. if you're thinking about suicide, I won't tell you not to do it, because I think it's cruel when people tell me I shouldn't, but I hope tomorrow is bright enough that you no longer see the need."
1t69uas,My moms engagement is over because of her fiancées cocaine addiction,"I (22F) did not want this marriage to go through so I would have expected to be more relieved now that it’s over but I’m actually a mess it turns out 🙃. I’d known about her fiancées gambling addiction and previous struggles with alcoholism and drug use, but I didn’t realize that he was actively addicted to cocaine. It puts the verbal abuse from my mom into more context, but I didn’t realize this so I would get on my mom for insulting him. I feel way too sensitive and selfish that I’m even feeling this way, and I’ve been keeping it in for the most part but I broke down when I walked through the door at work today. I feel shameful and helpless and I don’t know why I’m always so sensitive about things. My depression has spiked significantly in these last couple days and I just hate myself right now ugh"
1t69pbc,advice for ending my life?,i am 32m have a mom and sister. no family or friends of my own. is there anything i can say especially to my mom to reduce the impact this will have on her. shes given everything to me and sacrificed so much. and yet i am still in this position. i just want to know what i can say to make her feel better and lessen the impact my passing will have on her . my sister too.
1t69okf,I really hope this is finally it,"Basically I might be able to finally end my life cleanly on Sunday as in i will be alone, wont be found and it should be not that painful if all things are in order and i absolutely mean to go through it because honestly im scared of living anymore and it doesnt sit with me well how no one can see the pain I go through and the thoughts that go through my head everyday. I'll make another post before I do it im not like doing this to be stopped or anything I just want to say that I feel happy and strangely at peace knowing this"
1t691rx,nothing works in my life,"I tried, but the more I try, the worse it gets , my feelings have disappeared inside me all I feel is emptiness. Even my vision of the world has become dull, i see, but I don't see, as if there were a veil over my eyes. I wish I could sleep and not wake up, bcz I don't have the courage to end my life. I have a school project that I must finish, but I haven't even started it. I think everything is over my life, my dreams, everything has disappeared. I was never like this i was the opposite of my current self. I do not know what happened to me, but what is certain is that I will not be able to get out of this, I feel like I’ve gone too deep and I can’t get out"
1t68x9d,Guys idk why but my heart is keep beating weirdly all of a sudden it's start beating fast as hell around 115 beats then it's give me a terrible pain and warm burning in my chest then it's beats around 55,And today as I was walking it's started to idk how to hurt and I struggled to breath for a sec and it's goes normal and I used to take heart medication but dr told me to stop it since I am only 16 yo bc that time when I was 15 I had really hard time with heart fast madly beating for 2h at least I hope u answer my simple question WHAT IS GOING ON WITH ME? thanks for listening 🫡
1t68g8o,How do I find depression groups near me who want to work towards goals?,"Hi, I think the reason why I’m so unmotivated and turn to bed rotting and doom scrolling everyday is because I feel like not just I have given up on myself, but others in my life have too, or they are painfully unaware of what I’m going through. I want to end this, and I think the best way is to join some groups that together we can work together to create daily goals for ourselves and do some kind of check in or accountability. I think that would make me more motivated. I’m not sure where I can find one like that. Or should I create one?"
1t68bsa,"(TW can be triggering due to mention of trauma, death, sa etc)I often like to tell myself Im not struggling or addicted anymore but I doubt myself.","i (f20) have been struggling with depression as long as I can remember. as a child I've had it rough I've faced abuse from a stepparent (female) wich caused major mommy issues and trust issues and many more unfortunately. besides the abuse I have been SA'd as a teen twice by 'boyfriends' I had (with caused distrust in men). I've been groomed. also I have been raped by my (now ex) fiancé (he was 30 months I was 18 f at the time.) he was supposed to love me and care for me yet he cheated lied hid a whole family and fucked a bunch of sidekicks behind my back. he was a narcissist and would abuse me emotionally and the physical part through either unwanted sex or the silent cold treatment. I've been cheated on multiple times in my life, I've had more fake friends then I can count, my parents got divorced at an early age (I love my parents they get along well still and theyre literally the only best friends I have besides my brothers.) and I've just been betrayed so much in my life that I didn't know if I wanted to or if it was even was worth living anymore. I doubted and hated god for like 2 to 3 years probably longer because I couldn't and still can't trust anyone why would I trust him. I cut myself a lot in high school, I ate myself to 122 kg (lost 4 kg now I lost 20 kg before but regained after the rape.) I have lost a partner to suicide after having a huge argument with them I heard them jump from the bridge it was awful. I have attempted but obviously failed and now im here. I went through college I hated dealt with the worst relationship ever now im healing back to god I got to celebrate two birthdays of mine I thought id never live I got to be in moments I would've missed if I did kms im happy im here but I still am hurting by everything that happened so shortly after each other relatives died people I thought id lose later in life died I am still trying to recover from binge eating and trying to get strong, im trying to be a kind person regardless of what I been through because other people deserve love too no matter which can be hard I still catch myself scratching at my scars on my wrist I still find myself getting super angry or panicked in random moments yes im alive im working on myself and forward but I can't help but feel sad, scared and alone in my addictions (food, lust) does anyone know how this feels? I am happy but my sadness isn't gone yet id love to say my depression is fully gone but is it really if I still grieve everyday? is it really gone if I still have to learn from my mistakes and sins? like yes im so happy and grateful for surviving and living and deciding to be better and happier and loving my family and what I got I can't help but be sad for lost people (death) and things that have happened...how do I describe this feeling.."
1t6881l,what am i even doing here,"i’m a senior in high school, just turned 18..i should be excited. you know? prom, graduation. i’m just so incredibly depressed. genuinely nothing makes me happy. . usually when i have those thoughts, i quickly shut it down by distracting myself. but that’s only temporary. i had to break up with my boyfriend due to …differences. he was my everything. he saw me at my most vulnerable moments. he visited me in the mental hospital and reassured me that he still loved me. thought he’d fight for our relationship. we went days without talking. but what can you do? i have no friends. i dont trust anyone. everytime i get close too someone, they betray me and i beat myself up about it for getting too close. i do therapy but thats once every two weeks. my counselor in school barely helps cuz shes barely there. i mean i had to go thru a panic attack by myself because she didn’t want to help me. i feel so alone and i always feel like a burden for reaching out and asking for help. i dont know what to do with myself. i’ve just been drinking and drinking and drinking. or smoking. i hate my life. my mind is all over the place"
1t67v4i,I don’t really care if I died today,"Can’t work, or drive,never see friends, don’t go anywhere, husband is also usually too tired,son,17, is unmotivated to do anything but asks to do things that cost money so he’s always home too. Life used to be different and I hate where we’re at."
1t67kn9,Help working mom,"Long story short. I'm a full time, wfh, mom of two, 6 and younger. Their dad is the stay at home parent in this fucked up economy. I am absolutely, undeniable stressed, depressed, anxious and all around MISERABLE. And I have been for the last 5 years. I am just burnt out from working and mom expectations. I have told my fiancee this (kids father) and I am basically told to suck it up, and do what anyone else in the world needs to do. I work 9-5 everyday, make dinner and get the kids ready for bed. It's the same cycle every night. Once the kids are in bed I am so tired I can't stay awake to do anything else around the house. I wake up in the morning completely miserable. I am irritable to my kids and fiancee. And I see it effecting them. Since I'm a miserable bitch, so is my fiancee. My mood effects his mood and when he's depressed all he does is lay down. Something that I do mentally everyday because I cannot physically lay down depressed everyday. I have been wanting to die for a while now because there is no way out of this. On my days off, I am better. But when I have to work, I go back to misery. The job itself isn't the worst, but I'm still connected to my old employer so it sucks sometimes. I need a break. I want to be the stay home parent. Its not that I don't want to work I am just EXHAUSTED. Part time I could definitely handle. But I have no choice as I'm also a homeowner and reworking the mortgage we already can't afford. I need serious help. And I have no idea where to start or how to get it."
1t6702a,I might end all tonight,I really need advice I'm angry I'm sad I hate everything I just want to be happy and make people happy but I keep failing
