post_id,title,body,category
1t7hqck,I have GAD & SAD and I don’t know how to text or use slang like others.,"I have always been told I text proper, over explanatory, like ai, overly expressive, confusing, etc. In my view I am just using emojis to express myself, using proper sentences and words to not be dismissive or dry, and detailed so people do not misunderstand or to keep the conversation going smoothly. It made me realize I am terrible at slang in person but in text I’m okay at it, I text more and longer to the point I’m carrying the conversation, and I feel like I’m the only one spiralling about how to express and text the way every individual does for connection. I’m also pretty depressed right now and might go on medication for my anxiety and depression (I have a psychiatrist I will be seeing). I am pretty sure even my texts aren’t actually that good because even now I know I typed this out in a most likely confusing or not proper way. Does anyone else have this problem? My family, friends, and love interest have all said this to me. I feel like I’m going insane because I just want to seem normal and not create drama when people say it’s annoying, that they are trying to fix it for me, or I’m just weird.",anxiety
1t6zmgr,I'm over it,"I think its time for me to check out but im scared of botching it. I dont want it to hurt and I wanna go peacefully. I lost my business a little over 2 years ago, my wife left me 3 months later. Ive been dealing with anxiety and depression for a few years now. I dont have any family and have one friend. Im lonely amd in so much debt as well and dont see anyway of getting out of it. I dont make enough money to afford anything and I'm about to be homeless. I dont have a vehicle to even sleep in. I have nothing. Ive been trying so hard to overcome everything the last couple of years but I just cant. I'm exhausted and have zero hope for anything good to happen to me. So I think im gonna look for peaceful ways to just end it. I dont know what to do anymore and I'm tired of trying and hoping for something that doesnt seem to come.",depression
1t73h6h,I don't know what to do with my life anymore,&#x200B; I feel really depressed been feeling that for months now I can't do anything can't get out of bed failing my classes barely have any interaction with people I talk to like this one guy cuz well I like him and he somewhat understands me sometimes ig but I wanna ghost him too every conversation with him drains me now I don't know what to do life has lost all meaning I'm just existing everyday atp everything and everyone drains me out can barely eat got hospitalized for like starvation and dehydration a few days back they put me on all of this stuff my body is lacking just got home and i feel worse My whole house is a mess there are food packs everywhere dirty dishes i don't like living like this but I just don't have the energy to clean all of this I can't even get out of bed most days showering and even getting up to brush my teeth is so difficult somedays I just wanna curl up and die tbh this isn't getting better it never does Relapsed after almost a whole year of being clean and i feel so bad about it cuz I managed to stay clean for so long but then went back to it but it isn't helping now idk why even after cutting and burning myself I feel nothing absolutely nothing Going to the hospital with all those cuts and scars on my hands was so embarrassing tbh the nurses when they were putting the iv drips were judging the whole experience was so bad tbh sitting alone there while people around me were being cared for by their families and friends really lonely and depressing time honestly Idk what to do anymore I wanna die there isn't anything to live for anymore it keeps getting worse each day that little hope in me that maybe things will get better died a long time ago but idk why I'm still alive,depression
1t7smsz,34 Nb furry feeling down,Hi I'm really struggling tonight and could use some support I'm feeling suicidal and don't know who to talk to. Ive been making new friends recently and none of them have stuck around I feel like I'm doing something wrong or something is wrong with me please help idk what to do anymore.,depression
1t71rvl,Architecture research: calming spaces for depression,"Hi 🤍 I’m an architecture student designing a mental health center for people experiencing depression. I have a very quick question: What types of spaces or environments make you feel a bit more comfortable or calm, and what kinds of places feel harder to be in? Even a short answer would help a lot 🙏",depression
1t6so2u,My 23 Y/O son attempted suicide a month ago,I just got him into a great facility and he \*wanted\* to go… he knows he needs help for depression/anxiety and suicidal ideation. He’s getting help and all that is good. But I just returned home from dropping him off … not many people know and I just don’t feel like going out and being sociable which is unlike me. I feel like the tears are just underneath the surface and I can’t stop thinking about how close we were to losing him. I know I should just be thankful he’s alive - and I am! I’m just so emotional and my tears are unpredictable. 💔,anxiety
1t7u67b,I am tired of living in constant pain.,"I have suffered neck pain and shoulder pain for the last 4 years. Constant dull and achy pain in my neck and shoulders, to the point where I can't be active at all. I am 24 and I feel 64. In the beginning, I started to feel small shoulder pain that did not go away, and now it's constant neck and upper shoulder pain. I don't remember what it feels like to have no pain and a full feeling in my shoulder. I am on 5 medications, and none of them are working. I am on the highest dose of hydrocodone, and I take hydromorphone during the day. It worked fine, but now I don't feel any relief. I just take it because it is the only one I got, and I am tired of begging my personal doctor to climb a painkiller tree. The pain began in 2022, and I got multiple MRIs in 2023 and went to a neurosurgeon (all the ones I met are rude), and he turned me down and said he could do nothing. I got pushed and milked through the medical system by going to 3 different physical therapists, undergoing multiple tests, undergoing multiple mini procedures, and getting multiple different referrals to different doctors. I went to 15 different doctors, from neurosurgeons to pain specialists. Nothing worked, fighting my insurance for every little procedure. As time went on my neck would crack more often through these years of trying to relieve it. Fast forward to 2026: the pain was awful, and we decided to get another MRI, and it showed pressure being pressed on my C5-C6, and we decided to go back to the same neurosurgeon, and he finally said I was going to get surgery. I wanted surgery through day one but never got it until the pain was so terrible I was on the brink of ending my life. I got a ""C5-6 ANTERIOR CERVICAL MICRODISCECTOMY WITH STRUCTURAL ALLOGRAFT AND PLATE FIXATION,"" and they said that relief could take 6 months to a year if it does. My neck and shoulder have been frozen stiff for 4 years and have only brought dull and achy pain that only got worse with physical activity, and if this does not work, then I am done. This has affected my relationship with my family and has affected my ability to find a romantic partner, because I have this bagged. All I think about is relief, and I think I am only going to get it when I am dead. I had a checkup with the neurosurgeon that did my surgery and asked if this will help, and he said he did not know and said that my neck was bad for my age and it is possible to have other problems in the future. I just don't want to continue with life. I have pushed this far for my family, but I am not dealing with this pain for another 4 years. My worst fear is dying alone and only having pain to comfort me. I would rather die young than live with pain until I die old. I am sorry, family; I fought, but the pain won. I am going to give it three more months, but if it does not get better, I am out. I just had to vent here, because every time I vent to my mother, it hurts her because she knows she can't do anything. I see all my friends and classmates thriving, and I am surviving; I am tired of it.",depression
1t78rbu,I think i might have depression,"I have been experiencing negative emotions like sadness and all that in the past few weeks. I feel like my friends dont really like me and i am lonely, i don't know where to talk about it so i'm giving this a shot. A game i found on Roblox (i'm 14) has been helping me socialise and feel joy talking to others, it brang me alot of new friends. Unfortunately, the game has been deleted recently and i am feeling lost and don't know what to do. I feel so alone and forgotten. If anybody has the same problem as me and overcame it, please give me a solution that can help.",depression
1t7gvep,I’m going to try quitting YouTube,"The fact that the app keeps sending me videos even though I keep telling them I don’t want videos of this type?! It makes me so angry and sends me in spirals so I deleted the app and hope to make it a month before I go on again. Wish me luck! It’s so hard, it’s like quitting sugar! Edit to add; I think I used the wrong flare, I thought it says “mental health “",anxiety
1t6upw3,im tired ...,"i am someone who helps everybody but who can help me, i am spiralling as i speak, im just tired i feel buried",depression
1t7wo3w,Would having lorazepam for 9 days in a row make them stop working?,I’m on holiday and I have 9 days left before I have to fly back. I’m planning on having 1mg loraz per day then normal dose I took 3.5mg for flying home. Would this make it stop working for me by the time I need to fly home? I’m worried,anxiety
1t7rrq6,It's always a struggle,"Until I left for college my dad yelled at me everyday for hours on end. He beat my mom and I got punched once in a while, even choked. Mom didn't want to call the cops because we had no money, so she kept him around. Horrible environment. I was lucky to be extremely book smart and got out with a scholarship. I have an amazing career and am good monetarily, but not a single person cares about me. I couldn't connect to people in my teens and 20s because I was scared and awkward, so I made few friends. I was fundamentally just a weirdo and closed off, I dont blame people not wanting to be my friend at the time. I went to therapy, mostly fixed my awkwardness and even got a partner. I learned they didn't really care about me the way I thought they did. I ended up putting way more into the relationship and when I needed them after I had been there for them so many times, they couldn't show up. I broke up with them, moved, then discovered I have a rare condition that can kill me or at least hospitalize me multiple times a year if I'm not careful. It's called hereditary angioedema. The medication isn't covered by my insurance. Best part is the trigger is unknown. I'm just so tired and lonely. I feel like I'm playing life on hard mode and I don't even know why I bother trying. I've been struggling for so long I can't imagine another way of being, but I wish I could stop everything and just turn off.",depression
1t6vrex,I feel empty in my relationship,"I feel numb. My boyfriend (27M) and I have been together for 9 years. He still lives with his parents, which honestly never bothered me much, but this weekend really hurt my feelings. He originally forgot about Mother’s Day even though we had plans for the weekend. It’s also been months since we’ve gone on a real date or I’ve received any kind of romantic effort or affection. Then when plans changed and he said we’d be going to his parents’ house, he kept saying he had to “check if it was okay” for me to come. After 9 years together, that made me feel awful. Like… why would I not automatically be welcome? And it’s now 10 PM the night before I’m supposed to come and I still don’t even know if I’m allowed there. I don’t really have family anymore. Both of my parents died before I turned 21, and all of my grandparents were gone by 22. So hearing “I have to check if it’s okay for you to come” cuts especially deep because I already feel alone in the world. I tried explaining why this hurt me, but instead of apologizing he said he feels like “his existence makes me upset.” I ended up crying because I wasn’t trying to attack him. I just wanted him to understand why I felt hurt and unwanted. At this point I honestly feel like he only wants to see me for sex. He talks about it like it’s something he “needs” because it’s “been too long,” while I’ve been emotionally starved for months. I don’t feel emotionally cared for anymore. I feel like a body, not a partner. Whenever I try to bring up his emotional unavailability or how disconnected I feel, he never seems to understand why I’m hurt. I feel empty in this relationship. He’s supposed to love me and care about my feelings, but nothing ever changes. At one point I told him the way he treated me was giving me suicidal thoughts, and instead of showing concern he later used it against me. He told my friend the only reason he hadn’t broken up with me was because I’d kill myself if he did, which is not what I said. I said the way I was being treated was making me feel that way. I want to be loved. I want to feel loved. I’m tired of fighting and begging someone to be nice to me or just try to understand my feelings. but I’m even more scared of being completely alone.",depression
1t7p7hg,Real close to losing it,"Found out my landlord is selling the house and the possibility of having to move is really high since my brother and I are on a month to month lease and there is a bunch of stuff the landlord needs to fix since we've been there that they've ignored and we haven't kept the place perfectly clean, I know keeping the place clean is my responsibility even with my depression, this is just about to push me over the edge",depression
1t7ra61,How long to fully recover after stopping Zoloft?,"I was on/off Zoloft for about 2 years. I have fully been off it for 5 months now. My anxiety is now gone, but I don’t feel any happy chemicals in my brain. Sex is boring & feels like a chore. For example, before Zoloft, I used to go to tough exercise for 1-1.5 hours. It was a hard workout. I would go home. After about 1 hour post-exercise I would feel amazing. This massive chemical rush in my brain. It was really addicting for me so I exercised a lot. But that went away after starting Zoloft. I still go to the gym, but don’t feel that rush of happy chemicals in my brain anymore. Sex feels the same. I still can have sex, but it doesn’t make me happy like it used to. This honestly sucks.",anxiety
1t7eaiq,I am unable to control my hate towards my friends,"This is a bit weird to explain but I'll try my best. So, basically, I'm someone pretty introverted and closed off, but I like to have friends. I really love the ones I have. The problem is that often, without being able to control it, a friends disgusts me (non specific). Sometimes when I have a friend, I get a weird feeling all of a sudden that hurts me a lot. It's a feeling of needing to get away as soon as possible. It's not progressive and calm, but sudden and strong and impossible to repress. For instance, I might be having fun with someone and all of a sudden I feel it and it's like a VERY VERY strong disgust and hate towards the person. I feel like a prey animal who needs to run away as soon as possible from them... And that's what I do. It's not exactly like they are going to hurt me (I don't feel really threatened) but like I need to get away as soon as possible and i need to leave and me being near them is just wrong. I can't control it and there is no pattern. I don't think it's any kind of prejudice because it's happened with people of all kinds (irl friends, online friends, romantic association, no romantic association at all, latinos, different ethnicities, women, men, people I knew for years, people I talked to once...) Anyone. It's happened sooooo many times. It can happen with anyone at any time and it's been happening since I was 10? Maybe earlier? It's horrible and I'm afraid. I don't want to hurt people but seriously, it's horrible. Sometimes it lasts a week, two, three... Whatever, and sometimes it's forever. I cannot do anything about it. I cannot control it. It overtakes me and suddenly I hate someone who I liked the day earlier. I'm very scared it will happen with people who I currently like. Has this happened to someone else before? Is there anything I can do about it? I'll try to tell my therapist on Friday because that's when I see her but I'd like to see if anyone can relate.",anxiety
1t7lnvq,GERD/anxiety?,"I’m 24F, had a full cardiac work up last year with multiple EKG’s, echocardiogram and blood work along with a 3 day monitor. Everything was cleared. No PVC’s, just sinus tachycardia at times consistent with stress/working out showing up on monitor. I’ve had a few episodes of tachycardia, first 2 times being last June and this past March, both times I was sick. My heart was getting up to 150bpm and I was beyond anxious and had to take metoprolol 25mg both times which seemed to help bring it down. I figured it had to do with being sick/fever. Well last night I had an attack of some sort after going to bed pretty soon after eating a bunch of bullshit honestly 🤣pringles and kettle korn, woke up 30 ish mins later to the classic burning in my chest/throat and fast heart rate about 90-100. Ik that’s not horrible but it was high and it got up to 115 after getting really anxious. I took my beta blocker after about two hours of trying to calm down and I was able to fall asleep for like an hour, but ultimately didn’t end up sleeping last night on and off all day. I’ve had burning pretty consistently though in my chest/upper stomach and throat and my heart rate has been ranging from like 76 to 100. Could this be acid reflux, triggering tachycardia that’s lasting all day I’ve had it before where I have a flare and then the tachycardia subsides but this time has been pretty consistent. Like I said, I don’t have any heart problems. I don’t like this feeling though it’s super uncomfortable and I’m dreading sleeping tonight because I don’t want to feel my heart pounding out of my chest again. Just wondering if anyone else gets this and how much their anxiety contributes to it.",anxiety
1t6x5wn,Confused; post SI attempt,In January I attempted suicide. My friend found me and pulled me out of the car. I was transported to the local ER that I was a nurse at. A colleague went to the local bar and told everyone that I was in the ER and what had happened. When I came back from leave it was awful. There were comments about “I’m a nurse I should know how to SI myself” “I shouldn’t be allowed near patients”. I was treated horribly. It’s now been five months and kinda the same thing. I have lost my best friend because “I’m not empathic enough” to her. Despite me constantly drowning in my own thoughts. I’ve felt other friends distance themselves. I have fully dove into work. Working 60+ hours to just prevent myself for being alone in my thoughts. I finally went out with some coworkers and I was told the next day people were saying how I should be out in that scene. I’m too mentally unstable to be invited. I shouldn’t have been invited. I’m not asking for a poor me or please feel bad for me writing this post. I’m just so confused. Is this normal? I feel like my life is 10x worst after surviving an SI attempt that I didn’t want to survive! I feel like this is the exact opposite of how I should be feeling.,depression
1t7qcm6,After 6 months of Lexopro,Before lexopro my life was spiraling out of control constant hospital visits. I finally worked enough courage to take my lexopro that was prescribed the first month and a half was the worst. After the beginning side effects my life did a complete turn around. No anxiety whatsoever. 2 weeks I don’t know what happened. I’ve been feeling so off. Like that side effects completely started over. Feels like my brain is clinched all the time headaches back to back. Panic attacks are back. I don’t know what to do anymore please help?,anxiety
1t6k3sv,Waking up forcefully because of heart beat racing,The past like 2 weeks I've been waking up cause I suddenly feel my heart racing and it makes me wake up in weird times and no matter what I do I can't go back to sleep also it makes me very dizzy when I wake up and extremely tired hands shaking legs almost paralyzed like I swear I tried going to the bathroom before and my legs barely held me I had to keep leaning on sth Is there any way to stop this it's really annoying,anxiety
1t6r9ty,anxious before trips?,"Do you guys ever get rlly anxious before vacations ? Because I always worry something bad will happen to me, every single time then panic it’s a gut feeling ??? does anyone else experience this",anxiety
1t6ouoh,My parents are keeping me here and I almost resent that,"I'm going to sound a little crazy, but I have to talk about these 2 sides of me like 2 different people because after dealing with this for the last 15 years I don't know who I am. There's ""good me"". She thinks things aren't so bad. She sees a small future and some joy in daily activities, and is good where she's at. Getting lost in stories and video games, there's passion here and there for writing. Then there's ""bad me"". I'm her right now and she had me laying in bed for almost 12 hours last night. I still want to go back to bed and had no interest in eating or doing anything I usually like. I want to cut people off including my one friend right now who is also my love interest. Good me is in the corner giving advice that this will pass and I will ruin things for her once she's back. It's like this nearly every month and it's probably PMDD, but I don't even like myself enough to get help. I'm doing this to myself because I don't want to be me anymore. I'm not even 100% sure I want to die, I just want to be someone else.​ If I disappeared/died though, my parents would be in ruins and that's the biggest factor stopping me. I guess I still love them even though I feel this growing resentment for how I was raised and that I didn't get a stable or healthy family. Thus I don't know how to be stable or healthy, it's a fight and I'm so tired of getting bursts of inspiration and happiness only to feel in every inch of my body that it's not worth it. That's how my life goes too. Something or someone new comes along and it takes a short time before it's gone or changes, leaving back to square one. I can't even depend on anyone else in my life for support. Everyone else has problems in front of them, or I don't want to taint them or change our relationship. I already confessed to my Mom that I have always felt something was wrong with me since I was little and the whole thing was almost a fight. Including telling her that I will never find anyone and it's probably for the best that I don't. It feels true and awful at the same time. If I could do something without scars I would hurt myself physically too just to feel it fully. That's the thing, I want to feel hurt I think. It's too much, but it's my feelings at this time. My Dad won't understand any of my feelings, and I know to keep our interactions surface level. If I have a physical problem he will help, but has no idea what to do for me mentally. Maybe, just maybe I have more than my main friend to talk to, but everytime I open my mouth, something tells me to shut up. It's not worth it and will do nothing except make them worried for nothing (because ""good me"" comes back!) So I pretend. My guy friend and I are just starting out but interested in eachother. He is majorly supportive and also has depression, but I have taken upon myself to be a positive light in his life and comfort instead. That's another thing keeping me here, but it's also a poison. I need him to need me but I know he has longer standing friends and likely someone else he actually wants a relationship with. My own self destruction is making it very hard to not ruin or read into things and I look at myself in horror. It's sad to say but if I keep going like this, it would be better if I wasn't around. I don't know how to want help when my polar opposite will come back in a week or so. Everything will be fine, right? If it's not, my parents are the main reason I'm still here. Good me yearns for freedom from them to live my life. Bad me yearns for the excuse to leave it because the two people who ever chose me first will be gone. I got this one life and I can't just pick a different one. I'm sorry to those who deal with this every day, it's relentless ​",depression
1t7i1wb,Burning sensations at night,"Not sure if this is the right place for this but im looking for some insight on a symptom ive been told by my doctor is from anxiety. During sleeping hours, typically as im either falling asleep or waking up, I will experience a sort of burning/buzzing sensation in my forearms, shins, and head/face. The only way I can describe it is as a low grade electrocution. The moment I move, the sensation fades and will take time to come back. Its not every night and sometimes I will go days or weeks, even months without experiencing it but then I might have it for weeks in a row. Now, I DO have very bad anxiety and stress but ive never heard of this happening from anxiety. I had this happen a decade ago when I had lyme (tested positive several times and had the rash). But looking back, it might have been a symptom of the anxiety I had while going through treatment? Either way, my bloodwork always comes back normal other than elevated cholesterol. Im mildly overweight, fairly active, and brain MRI was normal. I have had a number of TBIs in the military. Recent lyme tests have actually come back negative after 11 years. Should I accept this as anxiety or should I continue to pursue other tests? Thanks for any insight.",anxiety
1t7uuse,I wonder if I ever can handle my loneliness,"For many years I wasn’t able to start a relationship, because of many reasons…. Long time I pushed it away…. But now I also got depression…, and now it hurts so much",depression
1t7d2tl,A cardiologist gave me an antidepressant,"Recently, I went to a cardiologist ok, but I have been with anxiety for 4 years since I was 14 and it is still going. This thing killed and wasted a lot of opportunities to me now. The doctor gave me this he say take this medicine and told me come after 2 months to check ok.after that I went to a pharmacy to get the vitamins and things the doctor wrote down,the problem is that I looked. at the pharmacist there, he was looking at me in a weird way like he is checking or disgusted idk and I am saying what is weird, then I go home and check turned out it is an anti depression .now it's been 3 days and I am hiding this from my family and I did not take it and I don't want to take it because I don't want something to miss with my brain chemistry. The doctor is a cardiologist and an internal medicine doctor. Now,what is the best thing to do now ? Thanks and sorry for my bad English",anxiety
1t6nzgm,Feeling lonely.,My best friend blocked me a week ago and I've been constantly thinking about her every day. I feel so alone because we talked every single day and the past month or 2 I've been making every conversation miserable and it's all my fault. I never met anyone that I've ever clicked with like that and I don't think I ever will again. I want to end my life because I don't want to be alone like I was before her. I can't take it.,depression
1t7dvog,Distractions?,"Anyone have any ideas for a good distraction when you have absolutely no motivation? I usually draw, paint, go for a walk with my dog, go for a run, read, but I can't even bring myself to do any of those. I'm so unbelievably stressed and it's paralyzing.",depression
1t7m9b6,"I’m being bullied by my cousin, he’s following me everywhere","My cousin is older than me by 3 months, we both have the same name since his mother decided to name him the same name that my parents decided first. We’ve always had tension growing up because our parents compare us to each other. We went to the same kindergarten, school and now uni. We used to be best friends until after Covid where he became very distant. During high school people are were more socially attracted to him and he’d have more friends than me. I’ve had the same classmates since elementary. Those classmates were bullies. So I wasn’t really friends with them but somehow they accepted my cousin. And I thought that those bullies bullied me because of my country. I hate my cousin so much. He introduced me to porn since we were 8 and I hate him so much for that because it fucked up a lot of things in the family. We were best friends when we were kids but when my another cousin that rarely visits our city, they both hangout together and ignore me. In September 25 we got accepted into the same university. My heart sank when I received this information because we didn’t tell each other what we’re applying for. Now we’re both studying abroad in Ireland, and it’s medicine. I improved socially since high school but people don’t seem to like me a lot, but for my cousin they make him the center socially. I’m not jealous that he managed to be better friends with them, speaking honestly, I don’t like MOST of them and I don’t talk to them, however I made some good friends with other people but they ignore me when my cousin is there. It’s annoying because my cousin belittles them infront of everyone. Like oh you’re so short I didn’t even notice you or greet a person later after greeting multiple others or laughing at everything they say. I observe a lot and the looks on their faces when he belittles them is funny because they stop and try to prove themselves to him. He did this to multiple people. He is a bully. Problem is when people learnt that were cousins they were okay with it but he doesn’t like that people know that. When we have chats or anything he acts like he doesn’t know me and ignore me. I won’t try to prove myself to him. Anyways, my point is, he’s so disrespectful and I don’t like the fact that he’ll make my life hell during medical school. Why couldn’t you just reject the scholarship when you learnt that I too was accepted. Leave me alone. People now avoid me because they think he’s better. I’m also paranoid that he tells them stuff about me, people bring up stuff that I didn’t tell them. They’ve learnt it from him which I really don’t like. I really need a way to bring up this conversation with him and ask him not to make my life miserable in medical school, it’s already causing me to get depressed again. I’ve had months where I didn’t leave my home at all during high school because depression and I hate how I feel like I’m falling into that again because how he makes people see me.",depression
1t7oodf,"Almost 31, no relationships, no friends, no real interests - I feel like I never started living","I don’t mean I’m just single right now. I mean I’ve never had a girlfriend, never had the normal teenage or early 20s experience, never learned how dating, flirting, intimacy, or being close to someone works. For a long time I told myself it was just bad luck or circumstances. I live in a small village now, and I’m introverted. But from 19 to 28 I studied and lived in a big city, surrounded by people and opportunities, and it still didn’t happen. I didn’t know how to become part of social circles or turn being around people into actual connection. When I was younger, my parents were very protective. I didn’t go to parties, camps, or places where teenagers usually get social experience. To be fair, I didn’t always want to go either, but part of me did. I wanted at least the chance to learn. Later, when I was already an adult and could go places on my own, it felt too late. Everyone already had stories, relationships, exes, experience. I had nothing. I felt ashamed, and the older I got, the worse that shame became. Now I feel like I’m not just lonely. I feel underdeveloped as a person. I work and I have a decent job. I can communicate normally at work. But outside of structured situations, I feel lost. I don’t have real friends, hobbies, interests, stories, or anything to talk about that would make someone want to know me. People say “join communities” or “find hobbies,” but there is nothing inside me that feels alive enough to build on. Nothing catches my interest. I just feel empty. I’m being treated for depression. I’ve been on duloxetine for a long time. It helped reduce the constant intrusive suicidal thoughts and intent I used to have, but I still don’t feel okay. I still think about death. I don’t have a plan to hurt myself right now, but I often wish I could disappear or not exist. What scares me is the thought of living a life that isn’t unbearable enough to end, but is still painful every day. I also have an incurable chronic illness. I live with constant pain, and strength training is contraindicated for my condition. That makes everything feel heavier, because even the usual advice men get - get stronger, build muscle, become more confident in your body - feels partly closed off to me. I’m also balding, not photogenic, and I feel ashamed of how I look. I tried talking to women online about a year ago. More than 90% didn’t respond. Some were scammers or selling photos. A few told me that with my kind of conversations I wouldn’t interest a girl. I wasn’t being creepy, sexual, rude, or weird. I was just simple. But I guess simple is not enough. Normal is not enough. I’ve wondered if maybe I’m autistic. Socializing has been hard since childhood. I wanted connection, but I never really understood how friendship happens, how people become close, or how you go from being around someone to actually mattering to them. Maybe it’s autism. Maybe it’s chronic depression. Maybe it’s social anxiety or avoidant traits. Maybe it’s just years of loneliness and missed development. I don’t know anymore. What I do know is that I don’t remember feeling real joy for the last 5-10 years. Before this acute phase, I wasn’t suicidal, but I was still suffering. The only thing I had back then was hope: I was still young, maybe things could still become normal. Now that hope is gone. I’m not writing this because I expect anyone to fix me or pity me. I just wanted to put it somewhere honestly.",depression
1t7ywa5,"25F, never been kissed, and anxiety is ruining my life","Hi Reddit, I’ve never posted anything like this before, but I really need some advice. I’m 25F and I’ve never been on a date, had a boyfriend, or even been kissed. When I was 13, I was badly bullied in secondary school, which led to me moving to an all-girls school — but I was bullied there too. Then Covid hit during my first year of university, so I had to move back home and complete most of my degree online. After that, I did a PGCE and became a teacher. I taught supply for a year in England (where I’m from), and then moved to a small island in Thailand to work at an international school. I’ve been here for 2 years now. When I was younger, I was actually very extroverted. But after years of bullying and then losing the “normal” university experience because of lockdowns, I’ve become extremely anxious in social situations. Meeting new people makes me go bright red, overthink everything, and struggle to hold conversations. All of this has really affected my dating life. I never had the typical teenage experiences because of the bullying and being at an all-girls school, and I genuinely thought university would be my chance to finally experience all of that. Obviously, things turned out very differently. I love romance books and really crave the closeness and connection that comes with a relationship, but dating apps make me incredibly anxious. I also feel like, at my age, there’s an expectation that dating will quickly become sexual. I’m not waiting for marriage or anything like that, but I’m also not comfortable jumping into sex straight away — especially not on a first date. I actually managed to arrange my first ever date recently through Tinder. But the anxiety was overwhelming. I felt constantly sick, couldn’t sleep, and couldn’t think about anything else. Because I live on a tourist island where a lot of people are just passing through, I asked him where he was planning to stay and offered some accommodation recommendations. After I asked that, he cancelled the date on the same day. Part of me thinks he assumed we’d hook up and that he’d stay at mine. The immediate relief I felt when he cancelled was huge, which probably says a lot about how anxious I was. But afterwards I just felt awful and even more hopeless about dating. It feels like most people my age are far more experienced and expect things I’m not ready for, and that — combined with the anxiety — makes dating feel almost impossible. I know people say there’s no timeline and everyone moves at their own pace, but it’s hard not to feel like I’m falling behind or that I’m somehow destined to end up alone. Has anyone else experienced something similar or started dating later in life? How do you even begin to get past this level of anxiety?",anxiety
1t74pdp,Advice Needed tw: sh,"So I kinda took 4x my recommended quetiapine dose and 6x my melatonin. I was spiraling for weeks now and last night was the most pain, emotionally, that I had. Not even sh helped so I was desperate to sleep before I do something I will regret. But aside from the pulsating pounding headache when I woke up and the extreme thirst, also bleeding lips and tongue ish with my throat feeling like it was on fire, I actually felt calm. Idk how to say this like even up until now I feel at peace. I am rational and surprising no emotional pain. Not even unreasonable customers at work spoiled my mood. Should I tell my doctor about it? Like should I ask him to increase my dose? Im conflicted because its the best I have been for a while now. I lied a year ago to my psych just to lower my meds so my parents would feel at ease with me going away to another country. Im beginning to come into terms with my condition (been in denial for years) that the meds are essential for me to function. I just feel at a lost. Its kind of a bittersweet feeling. Ive resented myself for being sick for years. Idk I just want advice on how to move forward.",depression
1t7w9q8,subconscious anxiety?,"Tonight I had another session of crying about my self sabotage. I was talking to my gf and I said sometimes I feel intense fear, like i'm terrified. Not about anything in particular just the feeling you get as a child when something scary happens and you just want your parent. sometimes I will literally say aloud ""i'm so scared"". I think my anxiety is manifesting as what I feel to be a deep internal conflict. I can know logically the necessity of a certain action and how avoiding that action will lead me nowhere but I will continue to actively avoid it or fight myself to face it and fail miserably. Either way I feel regret. Sometimes I win against the desire not to do things but it is extremely inconsistent. The thing is, if i'm so scared why do I keep creating the conditions for my fear of failure to come true?? I get so frustrated at myself because I can logically know something but my behavior does not follow. I don't know how to make myself feel safe. I feel like this internal battle is a huge distraction and a waste of time. I've wasted so much time and money actively undermining everything I set out to do even though it doesn't feel like i'm doing that in the moment. I do think it's a source of my depression and sometimes I don't feel being on earth is worth it. Not that I want to harm myself but just that i'm mentally exhausted. I try to tell myself it's okay but I know my body doesn't actually feel that way because of my behavior. I accept that but i'm like now what? I feel so behind having to fight myself to just do the basic things everyone else does. When I look at my life, I am very low functioning in general. I do enough to get by and by the grace of the universe I am not out on the street. Life goes on and i'm just sitting here fighting mentally with myself. I didn't think that I had anxiety because the way the questionnaire for it is worded did not really identify with me. I have learned to mentally ignore my anxiety while still acting on it physically but I've never really thought about it until now.",anxiety
1t76pva,Is it worth it asking for SSRI purely to reduce libido?,"After going through years of hell and long-suspecting I was clinically depressed, I was recently formally diagnosed and prescribed medication. A lot of my depression stems from the usual suspects, but the part that nobody knows (I've never told a soul) is that *a lot* of it is from deep-rooted sexual shame. I've long struggled with intense shame, disgust, and hatred over my frequent sexual urges. I've come to quite hate my mind and body for so constantly being preoccupied with sex and romance. Almost all the times I've been close to suicide it's been because I've faced an overwhelming disgust and hatred of myself over sexual fantasy or masturbation I've engaged in. All this in mind, I was very disappointed then when my doctors specifically mentioned how the anti-depressant I'm now prescribed has little to no sexual side effects. Believe me, I've tried to hard, year after year, to amend my relationship with lust. Ultimately though, I can't stop being horny and I can't stop hating myself for it. At this point, I simply want to curb my libido. It'd honestly do so much for my mental health if I could just cease having sexual thoughts, or just have less of them. My current medication is... alright, I guess. Good days and bad days, as it tends to go. So, my question is, should I intentionally ask to change medication to an SSRI, just for the sexual dysfunction it can cause? I'd likely have to obfuscate or lie to my doctor--I doubt that saying I essentially would prefer being chemically castrated would be condoned--but I think it could be really beneficial for me. I yearn so intensely to be less interested in sex and to stop feeding into this shame and disgust that kills me, and I think taking an SSRI could really help me. Anyways, I hope that this makes sense and I welcome any insight or perspective. Thank you kindly and have a good day.",depression
1t6wdhc,Too old for break ups,"I feel completely overwhelmed and hopeless. I’m struggling with the end of my relationship with a 47-year-old partner who was emotionally avoidant. At 40, the weight of this heartbreak feels heavier than ever, and I'm finding it difficult to see a way forward.",depression
1t77yvs,I feel like I keep on losing on pretty much anything in life,Lately I have been noticing how misfortune always finds its way into my life. What could go wrong always goes wrong and what planned always comes undone or unfulfilled. I feel like im continuously drowning when I am not in water. I keep waiting for the time when it might be my turn to finally win something in life. Even if it is just a small win I would take it. I have worked so hard for where I am right now only to have been set back by unpredictable events. 4 years of hardwork just to mean nothing. I wonder if I can handle the pain of failure and if I am strong enough to see what comes after it.,depression
1t78ds5,IST and now anxiety,"I’ll try to keep this short and sweet. Background: Ive never been impacted by anxiety before (I know this is what everyone says at some point until it happens). Over the past 6 months, many personal things all seemingly hit at once. Was dealing with a job loss (still unemployed), sudden loss of my fathers wife (this is now his second wife he’s lost suddenly, first my mom and then now my step mother), he was in a deep depressjon and could barely function, shortly thereafter he broke his hip and needed his kids’ help almost daily (we are nearly two hours away with kids), i was then hacked both personally and financially, my kid broke their first bone, and more. I started getting a racing heart every night before bed to the point i called 911 twice. Heart looked fine. Saw a cardiologist and they diagnosed me with IST (inappropriate sinus tachycardia). Put me on 25mg of metropolol tartrate. For several months it’s worked magnificently. Was back at the gym, able to sleep soundly, etc. Now: A week ago, out of nowhere i started getting daily super fast racing heart rate. And now its happening with minimal activity (taking a walk outside, walking into a dunkin donuts, I couldnt even walk into to my kids’ school for her art show without my heart shooting up to 160bpm’s before i even got to the entrance.) I’m now at a point where I dread going anywhere for fear of my heart rate skyrocketing and me having to sit down 10 seconds later and go back home. Joined this group to ask if anyone has ever been “clean” of anxiety their whole life and then out of nowhere, it just debilitates you. And what you’ve done to help, etc. I have a follow up with my cardio next week and I am not asking for medical advice! I’ve always been a super social and active person and this is completely foreign to me. As a father, I’m so discouraged at the thought of not being able to take my kids anywhere. Appreciate you all! P.S. I failed at keeping this short and sweet lol",anxiety
1t7omkb,I can’t stand to look at my reflection,"Today I had a very decent day, a great day even. I went to a concert with my friend and chose an outfit that I didn’t 100% feel good about ‘cause it was kinda out of my comfort zone. The concert was great, and I felt an amazing dopamine kick afterwards, but all the girls and boys there were so so pretty. It made me kinda insecure. When I got home and looked in the mirror I got so sad, cause I felt so ugly and I honestly hope no one noticed that I looked like that. It ruined my whole night and my whole life. My outfit looked dumb, my face looked weird and my hair looked like a hairdryer had blown up in my face. So everyone there was pretty, except me. It’s just embarrassing, especially ‘cause I put so much effort into trying to look good and ending up still looking ugly. Back in primary and secondary school I always got bullied, probably because I wasn’t really pretty and my face just looked.. off. My hair was like a bird nest even though it was super healthy. Online I also got bullied for my looks, pictures of me would be send in group chats to make fun of me and my irl “friend” (back when I was like 11 or something) told me that if she looked as ugly as me she would’ve already killed herself. I tried to learn makeup and after a few years I got pretty decent at it. But for some reason after I’ve put on my makeup, leave the house, come back and look in the mirror I just look weird and ugly again. I hate my face and I’m just so embarrassed of what I look like. I only like my face in the dark tbh. I hate that I have to live with this face for the rest of my life, that even with makeup I will never be better than “mid”. I don’t think I will ever be able to find someone who will love me because I’m just too ugly. Since age 14 I hate it when people take photo’s of me and when I have to I just start to cry. I don’t know what to do and my face is the biggest reason why I think about killing myself. I’m just so ashamed of what I look like. I wish I could just vanish and erase every trace of me having ever existed.",depression
1t6sl89,Waking up at 3AM Every Night,"Hello all, I was wondering if I could get some advice for waking up at night with anxiety. I’ve had a lot of anxiety around my job recently and it’s started effecting my sleep. Sometimes I don’t even have any racing thoughts but just a strong anxious feeling in my stomach. I used to never wake up at night and now for the past month or so I consistently wake up at 3am or so and then every hour until I have to get up for work even on my days off. I’ve started taking Prozac and am seeing a therapist and she has suggested listening to meditation videos before bed every night and while it helps a bit, it hasn’t exactly solved the issue and I’ve just found myself getting more and more tired throughout the day. I don’t drink any caffeine to make sure my anxiety isn’t affected so I know it’s not that and I also take 200-400 mg of l-theanine in the morning to help me throughout the day. Does anyone have any tips to help me start getting back to sleeping throughout the night? I feel like it would help me a lot. Thanks!",anxiety
1t6o57j,Severe Depression And Anxiety Dealing With Loss,"Lost almost all my YouTube videos from about 12-15 years (3 channels) and 1000s of raw video clips. I got super paranoid randomly about 2 years ago and just deleted almost everything. I grew up as a filmmaker and basically dedicated my life to it and had so many sentimental memories in those videos that helped preserve my childhood and growing up. After deleting them I’ve sunken to the lowest point I can imagine I feel on the verge of a panic attack 24/7 and also am severely depressed / constantly going through the mental pain of thinking about everything I lost. I feel like I lost myself. Those videos became an extension of myself and they were my greatest creative expressions, people who watched my videos knew me so much better because of how much creativity I put into them. This is all I can think about 24/7 and the pain is so deep and feels like it won’t ever get better. Has anyone else had the feeling they completely screwed up their life and mental health for the rest of their life? I truly don’t feel like I’ll ever get better and the therapist just says don’t think about it so much and that doesn’t help. It’s just as much a feeling as it is thoughts. I feel like I invested myself fully into something for so many years and threw all my hard work away. I know I can create more and I’m gonna but it’s just impossible to replace the videos from the past",depression
1t7v162,Tapped out on meds for anxiety,"Has anyone else reached this point? I have GAD, and panic attacks. I'm maxed out on my Buspar 60mg and had to move to benzos as PRN just to get minimal relief. My anxiety has been at max level for a long time. And I am not sure where to go from here and wondering if others have found ways to manage it. Or if anyone can just relate to be living in a constant anxious state even with years of treatment.",anxiety
1t7izb0,Trying to resist reaching out to my best friend who blocked me,I can't stop thinking about her and I know reaching out would only result in her telling me to move on and blocking me again. I know it's invasive but my mind keeps nagging me to do it. I really miss her and I thought she loved me. I feel so alone.,depression
1t6pdjw,Had my last Therapy appointment today,"Haven’t been on this sub lately but wanted to come back to share a milestone I’m pretty proud of. I have been doing better for a while now and after nearly three years my therapist and I decided it was time to take a break. I still get anxiety and I don’t want to give the false pretense that I believe I am “cured” of a normal human sensation but I have done so much work to understand myself better, develop healthy coping strategies and outlets for stress. I haven’t had a panic attack in a long time and I am genuinely enjoying life more. Closing out this last appointment felt like closing the door on an unpleasant but necessary chapter of my life. I have learned so much and just feel really good about how far I’ve come. Just wanted to share to maybe inspire some others who are still in the thick of it. Change is possible friends.",anxiety
1t7er1r,27 and never had bloodwork done before...terrified,"I wanna have bloodwork done eventually just to calm my nerves, but I am terrified it is going to show I have some deadly or serious issue. Or that I am low or high in something. I am geuineinly terrified and it makes me avoid it even more. I am scared something will be wrong with me in the results",anxiety
1t6i9gb,Success??,"So I have struggled with severe anxiety all my life, but after years of being okay and off of medication I developed a bad panic disorder and OCD over 9 months ago. I have been adjusting to all of this and it has not been easy at all. I have felt every bad sensation from panic attacks; air hunger, numbness, trembling, brain zaps, palpitations and chest aches, all of it. I would have up to 3 panic attacks a day at the start of all of this. About 4 weeks ago I hit my lowest point yet. I 24/7 felt like I wasn’t breathing and my chest fluttered all day long making me fully convinced that I was in my final moments. Now the wild thing is… the very next day after that low day marked the start of 3 weeks with literally no anxiety. My mind was peaceful. My body wasn’t attacking me. I started driving and going out with friends and living my life as I used to within those three weeks. No change to my medication. Nothing. It was so odd but so incredibly relieving!! Now… in the past few days my anxiety has definitely been more activated again. It’s a bit upsetting because I was getting used to feeling okay but, oh my, those few weeks have given me such a hope and a boost in my daily life. I just wanted to share because I think this was such an odd thing to experience. My guess is that when I hit that low point, I realized that even with how bad things got, nothing bad happened. And I practiced sitting through the sensations and realizing that my thoughts are just thoughts. It has all made me very hopeful and though I’m upset to be feeling more anxious again, I think I can hold on to the fact that I managed to go three weeks free of this mental turmoil, with no medication change or therapy or anything. Though I’m a huge advocate for those things, I’m just glad I managed to do this!!",anxiety
1t7po2o,Anxiety/burnout help,"19F here. About a week ago, I had just finished up my university finals after a long semester at a brand new college after transferring, and I was getting ready to go home in the morning. I was having trouble sleeping, and around the middle of the night, my thoughts began to race, and I nearly had a panic attack. Just as I was entering a state of relative calm again, I got some of the strangest and most persistent chest pain of my life. I’m used to some isolated chest pain due to chronic musculoskeletal issues on my left side, but this was like a deep squeezing and radiating pain across my entire chest that felt uncannily similar to symptoms of a heart attack. This was unlikely, but given I had also had about 200 mg of caffeine 12 hours prior, and my caffeine consumption sometimes gave me mild chest pain, I was worried it might be related somehow. It went on for about 7 hours by the time I got to the ER that following day. They did bloodwork, EKG, chest xray, and found absolutely nothing. I was instead told just to make sure I monitored my symptoms, and to contact my psychiatrist. Since then, I’ve felt acute exhaustion that makes me just want to sleep (sleeping feels basically like I’m just collapsing into my bed with a sensation of heaviness) and do as little as possible, alongside muscle weakness/shakiness and mild dizziness this past week. Is there anything I can do to help reduce this burnout?",anxiety
1t7lox2,Starting Wellbutrin. Not hopeful.,"I've felt so empty. I have little interests of my own that combat the tempting passive thoughts of death. I saw my doc for a med follow up and was honest, tho not as much as I wanted. She proposed upping my Sertraline again and starting Wellbutrin, which I agreed with. Not that I have a reason to decline anyway. I meant to ask about TMS too, but felt wrong doing it, so I didn't. I want to optimistic. That this new med will hopefully make my brain release just enough chemicals so I can function without feeling like a zombie. But I can't. I've been through ssris several times. I fear the day the options for antidepressants run out and im left in a hopelessness and tired desire to leave everything already. I'm a college sophomore in the upcoming semester. I can't ever think or imagine myself beyond tomorrow, let alone today.",depression
1t6qmxa,vertigo and 24/7 dizziness is ruining my life,"to start i am 20M and this is my first post on reddit after looking everywhere for a solution i decided to talk about what ive been dealing with for at this point maybe a year i cant remember when i really started but maybe last year in august i would get very dizzy to the point where i would have to sleep to make it go away after throwing up, after that i would get horrible episodes of complete spinning and off balance to the point where i couldnt walk or look around or it would make my head feel so heavy almost passing out. bad episodes like that used to happen every 2 weeks and since alot of the time i would be working when it happened so i would need to leave and have someone pick me up cause i cant drive like that. luckily my manager is very understanding and just wants me to feel better. ever since the start of the year i dont get those horrible episodes anymore but its just a 24/7 off balance feeling, ive gone to an ENT 2 times (the same one) they said there was no fluid build up or anything like that which was really heartbreaking cause i was hoping it would be that simple, i did a brain mri and it came back as nothing irregular, ive done blood work ive gone to a chiropractor ive done everything i can think, im very active and am in very good shape and i get 15k steps a day cause of my job, it makes me feel completely hopeless that ill never find out why this is happening to me. its stealing my life away not to mention im 20 and ive never met anyone my age that has to deal with this daily, it makes me depressed sometimes to the point where i consider suicide but i would never do it so dont worry it just makes me feel that sad and hopeless i would give all the money ive ever made and more to get back to normal and i really dont know what to do anymore its taking my life away, i enjoy doing active things and taking care of myself but when youre dizzy 24/7 it really makes it hard to want to do anything. idk what i wanted to get out of this i just wanted to share my experience about how horrible this is and i would not wish this daily struggle to absolutely anyone. if someone else deals with this just know youre not alone and we will find out why this is happening and we will get better i just dont know where to go from here. thank you if you read the whole thing feel free to comment and ask anything or give any tips on what you did to get better thank you.",depression
1t7hbcr,Dental anxiety sucks…,"I’ve been having heart palpitations and sweats for the past two days, all cause I have a routine cleaning at the dentist tomorrow afternoon. I’ve always had anxiety about the dentist, especially as someone who admittedly, struggles with remembering/caring to brush and floss. My last appointment was to get a crown put over a broken tooth so maybe that’s it, maybe I’m just anxious about judgement or pain or something. The dentist was a miserable experience for me as a child, still is at the age of 27… I was almost able to reschedule so I wouldn’t have to think about it for at least a month but it seems I have no choice but to rip off the bandaid and go tomorrow. It’s a 45 minute appointment but it may as well be 2 hours with my anxiety, certainly feels that way at times. I’m down to my last klonopin, and I’m saving it for tomorrow, wish me luck…",anxiety
1t6xy5v,32 F. Been consuming cannabis regularly since I was 26. Increased usage 29-31. Quit 14 days ago.,"I never really smoked everyday, but 2-3 times a week. Listening to Huberman Lab,s episode on cannabis and its effects on the brain, hormones and lungs made me wanna quit. He said 2 x or more is considered chronic usage. My dad was an alcoholic and I feel like I have a. Predisposition to addiction. I’d been thinking of quitting for a really long time but I’d always come back and never stay consistent enough. I feel like it’s started to affect my life. Make me more anxious and overthink everything. Increase my heart rate alarmingly and small tasks started to become hard. Please help me stay motivated. At 14 days, I’m going through terrible insomnia and vivid dreams. I want it to get better. Anyone been on a similar journey? Would love to know what you did to quit.",anxiety
1t7iz0x,please give me advice!!,"i’ve been feeling lightheadedness and brain fuzziness for over a week now, my head hurts more than ever and my pupils seem to be different sizes in low light. i have no other symptoms of stroke or aneurysm and doctors are telling me that it doesn’t sound serious but i am still panicking about it and want to be seen by a doctor which is unlikely to happen . what should i do??",anxiety
1t74pne,My life is cooked,"I haven’t had any motivation for the last 5 months. I used to draw and write when I was feeling sad but I cant bring myself to do anything lately. This sounds stupid but im struggling to understand basic sentences in class, like I can’t follow instructions unless I read it over 10 times. Lowkey failing all my classes, missing homework, all my teachers hate me, and im so lonely. I don’t find any joy in things I used to like anymore. I’ve tried talking to people but I don’t think anyone takes me seriously because im always laughing and making jokes. Im no ones first choice and every night I just have this sense of impending doom like I just get soo depressed to where I’ll cry for like 2 hours straight. I feel so alone sometimes just wanna end everything. I genuinely hate seeing my own face. can someone please reply",depression
1t7haik,The Pit- a reflection,"It's not always obvious how you got here, what causes you to fall into the pit. One day you might just realize that you're here, in the swirling depths. In the darkness. Lost, alone. It can feel like you're being swallowed, like you're being dragged down, sucked under. Those are the bad times. Sometimes you're just numb, sitting there. Those times aren't as bad as the others. The really bad times are when it's so dark you can't imagine that there was a time outside the pit, can't remember a time when there was any light or hope. That's when the voices come. Those voices that prey on you're fears and insecurities. The voices that say you're alone, you're worthless. You can't do it, or anything. No one wants you, or needs you, or loves you. They would be better off without you. Happier. You're trash. That it would be best if you were gone, had never existed. It's so hard to hold on. To WANT to hold on. Sometimes you can, and it seems like things are getting better. Like maybe the pit isn't as deep as you thought. Maybe the sun is coming up and some light is shining down into the pit with you. The monsters go into hiding. The voices are quieter. You find ways to feel better. You connect with people again. Find things you love again. Listen to music again, because you stopped listening to the radio on your way to work. You read again. You try to do the things the therapist said to do. You take care of yourself, drink the water, move, eat better. Download the medatstion apps. You try to remember that there are good things about life. You think you're making friends. You think you're making progress, actually getting better. Digging your way out. And then you slip. You get angry again, or sad, and stay that way for hours. It turns into days. You correct your mindset. Equanimity. Then it happens again, lasts longer. It's harder to shift your mindset. It's so hard to keep fighting the pit, to keep digging your way out. Surrendering is easier. Holding onto hope is so hard. And you're so tired. So tired of trying to be strong, or trying to fight, of trying to fix things. Of trying to be enough. Good enough, strong enough, smart enough. Wondering why people give up on you, don't like you, don't want you. What's the point in changing, of being better, if nothing changes. It'll never be enough. So you just want to stop. And then you wonder, did you ever actually make it out of the pit? Or did you just move to a new part of the pit and it looked different? Is this where you'll spend you're whole life? Will you die here? Are you where you truly belong?",depression
1t6zlmp,I have no hope for the future,"20y male, have no friends, have a girlfriend but it's not going so great (maybe im just terrible?). Been feeling extra pathetic and weak these past few months. I think ahead of my future and only see more misery and loneliness, I only have my mom for some support, but once she's gone I'm not really sure what I'll do. I put up this facade of confidence and charisma, but deep down I'm still the pathetic little boy who's too afraid to stand up for himself. Sorry for the rant, just don't really have anybody to talk to about this.",depression
1t6vqaz,Where's the joy,"I'm a married Syrian man, 31 years old. I was a teacher for a long period of time but then decided to take a different path since I was getting depressive. Took therapy for a while but stopped because my therapist back then had communication with my wife so she was biased, even though she helped me and my married life a lot. The new job that I took was cabin crew about a year ago, and I like it better then teaching obviously, but I don't enjoy the job, the layovers, or the days off. The problem is that I cannot enjoy things. I spend most of my time on my phone watching aimless YouTube videos waiting for the next thing to do. Money has always been an issue for me and I seem to over complicate it. I love my wife, but she's working me out since she quit her job a while ago and she's trying to find a new one, and I'm everything she has because it's hard for her to have friends. Every time I'm home there's this conversation where I don't want to do things with her and she's lonely. I live outside of Syria, and my relationship with my family is not the best. I cannot find a purpose in life other than the fact that I want to be a pilot for the money, and my company offers a program where I can apply to be sponsored after two years of working. I know I need to workout, but I don't have the motivation for it.",depression
1t7o85m,This is a cry for help,I feel so bad. I push people away when there's something meaningful. I was talking to this guy and all was going well. I didn't hear from him in about 4 days so I blocked him. I look back on my iPad and it turns out he had messaged me asking if I ghosted him. We both thought we were ghosting each other. If only I had the communication skills to speak to him before the block. I push people away when there's a connection to avoid getting hurt and it backfires. I texted him on my roommates phone (which didn't show delivered either) and other phones went straight to voicemail so I'm just hoping somewhere that maybe just maybe his phone is off or something. I am also going to try texting his relative and then I give up. I am literally hanging on by a thread here. I hate feeling like I ruined the one thing I loved. Like I sabotaged it. I went to other communities and was just met with sarcasm and blaming. I wish I wasn't like this. I wish I could do better. Somewhere I'm hoping that this guy will see one of the messages and come back if he truly likes me. I try to stay positive but left disappointed. I think that's what life is.,depression
1t7uh0t,I'm just tired of living,"Hello everyone, I'm a 39M and I'm 650lbs. Yeah, you read that right. I'm sitting here laying in bed feeling the effects of my sleep medicine that helps me fight insomnia. I just am reaching out to the world. I have been bed bound for over a year and pretty much immobile. My hygiene is non-existent compared to what it once was. I'm not looking for sympathy, I'm just painting a picture. I just wish I didn't feel the way I do inside. I feel like there is this dark passenger in my heart. It appeared in my early 20s and made its home there. I only see life through that lens. I know what is my fault and what choices made along the way of this life have led to this moment in time. I look at pictures of my youth. Looking into my youthful eyes I can see the light that once was. Now just a dead man in this prison of flesh waiting for his sentence. This feeling I have when I reference this dark passenger comes from inside my chest. I don't know if it's my heart. I don't know if it's my soul. Nevertheless it stays with me daily. It's with me when I wake and with me as I lay. It's the reason I cling to my vices. For some moment of relief. Yet it's also the vices that add more strength and power to this dark passenger. I wish very much so to get rid of or remove this darkness, but I have been unsuccessful in these 20 years. I just would like to not go out like a candle whose wick is quenched by the melting wax. Sorry for the post being a little weird. Also, sorry for the grammar I never graduated or went to highschool. I just wrote from the heart. I just wish I wasn't depressed anymore. I've tried counseling, medication, and other therapies. I just am tired of waking up everyday and wish that when I woke up things would be drastically better. If you're still reading at this point thanks for sticking around.",depression
1t7fsrm,How to get rid of nausea that’s caused by anxiety without medication,Hi everyone. As per my title I’m looking for a way to get rid of nausea that I’m certain is sometimes caused by anxiety. Anytime I have to go anywhere even when it’s somewhere I really want to go I get bad anxiety (not like panic attacks just a horrible feeling in my stomach) and end up feeling nauseous and throwing up. How do I get rid of this without medication. Update that no one asked for: I did in fact end up throwing up unfortunately,anxiety
1t7dmiz,Anyone NOT have side effects from SSRIs?,"Kind of want to try an SSRI because I want to be more outgoing and have less self-doubt, but the only thing holding me back is the sexual dysfunction and having to be careful around alcohol. I LOVE a drink with dinner or taking some shots and going out (I have a pretty high tolerance), and I don't want to lose that or black out really bad/not be able to drink anymore. Also, not being able to orgasm sounds like a nightmare -- and I fear not wanting to initiate sex would really affect my relationship. Long question short -- anyone NOT have these side effects or is it just a trade off for an anxiety free life? (I did consider an atypical anxiolytic like Buproprion since it has minimal sexual S/E but since it increases NE and DA it might make my anxiety worse)",anxiety
1t6n3rr,Exam in 6 hours. Failed this course last year. Feel like everything is riding on tomorrow.,I don't even know why I'm posting here. Maybe just to feel like someone's awake with me right now. I have an exam in 6 hours. I failed this exact course last year and I have to pass it this time. It's not optional. My parents think things are fine ...they don't know I've been on medication for anxiety and insomnia for a while now. They think I'm handling it. I'm not handling it. The part that's messing with me most isn't even the exam. It's this feeling that I've already used up too many chances. That the version of me my parents believe in doesn't really exist. And tomorrow might be the day that becomes impossible to hide. I don't have a question. I'm not looking for study tips. I just needed to say this somewhere that wasn't my bedroom ceiling. Will I be alive after this exam?,depression
1t79pzc,Feel so off,Feel OFF My anxiety/panic is due to anemia/peri. However it's beyond frustrating. I can have a normal day and then have a day like I am having today. I feel like I'm a bit confused or overstimulated. I can't explain it but I feel weird and it almost scares me to try to continue my daily task. I feel so strange that I don't want to be bothered with anyone or anything I almost feel like I've been drugged..,anxiety
1t6q8c5,My gf is in depression and I don’t know what to do anymore,"My girlfriend of 5 years is in a full depression phase for the second time. Her doctor prescribed her time of work and meds. She is now lost in every aspects of her life; family, job, hobbies and even our relationship. I have a huge fear of abandonment and she’s now avoiding. I am then fully triggered, a lot of anxiety and fear all the time. We barely talk and meet. I’m afraid she is going to break up at any time. I love her so much and I want to help her but there is nothing I can do. She said that only respecting the distance helps and she’s grateful for that. Then a day later she doesn’t if she wants to be with me. It is so hard to handle, I’m in a lot of pain. Are there people like me here who have been through something similar? Anyone to talk? I feel so lonely. Everyone tells to stop and breakup. I don’t want to but I don’t know what to do. I want to be with her. Help please",depression
1t7wqaz,I’m sorry duck I didn’t know what to do I can’t cope with it all.,This ain’t for anyone really as no one is interested it’s just for my wife who I’ll leave behind. I’m sorry I fucked up from the bottom of my heart I am sorry. I loved you before I even met you while we was talking I know you remember and felt the same. I remember where we fell in love in the kitchen my mind didn’t have any words and I just stared at you knowing your the one for me. I am sorry I fucked up I know I fucked up on a grand scale my whole life. I’ve always been a fuck up ask my family if they will talk to you that is always been the black sheep. I don’t want to do this and I don’t want to leave you but I don’t know if I can carry on and I’m sorry that I will burden you with this. I really hope the insurance will pay out and you can at least pay the house off and don’t need to worry about that. I am sorry I’m leaving you but I don’t want to be without you and this past 6 weeks has been the hardest in my life. You make it all better but I don’t think it will be okay again I am sorry I messed it all up for nothing. You are my world my beautiful duck you honestly are I have never been happier than when I’m with you. I just can’t cope anymore I’ve fucked it all up kids won’t see me anymore the family washed their hands all I have was you. All I had anyway I know this will break your heart that last little bit but you need to be strong. I know the moment I broke your heart and that hurt me more than anything I am truly sorry. I love you wife more than the world itself as you are my world I am sorry it will be this way. I don’t know when it will be but I’m sorry that I have to leave you it’s the best thing I can do now. I love you wife and wish it could have been different I could have been better for you. I am sorry to burden you with this it’s not your fault you loved me more than anyone.,depression
1t7gosy,Social anxiety & homesickness,"I have social anxiety, like my hands would start sweating and I would mess up even the simplest task existing on earth . I usually avoid gatherings , even family gatherings, not because they are bad or SMTH , they love me but still I'm just not comfortable enough being seen. Anyone else? How do you deal with this? Sometimes , even my parents have to cancel their plans bcz of me , the guilt 🤏🏼",anxiety
1t72crj,Gabapentin alternatives long term ?,I’ve been taking gabapentin for my anxiety and it works wonders I love it for nights out or just in general problem is it has some nasty sides when taken everyday or ever so often long term so I was wondering if antibody knows anything similar to it that can be taken long term and a good amount of times throughout the week without major sides thanks 🙏,anxiety
1t6f0hp,Fear of death every night before sleep,"I’ve had this issue since as long as I can remember. Every night/evening I get struck with this extreme fear of death. I think it begun as soon as I realised I’m going to die, so I had this even as a kid. I just can’t help but imagining the moment of death, I’m terrified of getting old and knowing that my life is coming to an end and stuff like that. And I’m terrified for my older relatives. I’m worried they’re feeling that fear as well. It’s weird because it’s literally just in the evenings before I fall asleep. In the daytime I can face those thoughts with no issue, I mean they’re obviously uncomfortable but not in a way that makes my heart race. It’s also not an issue if I wake up in the middle of the night either? For the past 10 years I’ve been on anti depressants and it has helped. Before I had this issue from early afternoon til bedtime. Now I only have it just before bedtime. For most of my life I’ve slept with the TV on to distract me from those thoughts. The only thing so far that has completely eradicated the issue has been being super anxious about something else (heartbreak has been great haha…) I’ve tried therapy and that has not helped at all. I’m now on a pretty heavy dose of SSRI’s but I’m just sick of it. I don’t want to feel like this every night. Is there anyone out there who can relate and/or has any ways to manage it?",anxiety
1t7ocjz,I feel so stuck,"Cannot relate to people, frozen in bed. constant cycling of memories and past failures. God help me. Unable to even look for a job due to severe depression and i am on probation for DUI. FMl",depression
1t7ls5e,I'm the perfect pretender,"I wish I wasn't so good at pretending. I've spent my life pretending. I've never been formally diagnosed with depression, but then I've never sought help or let it slip I think I need help. This is major for me, the only person I ever talk to is my own conscious in my head. I hate every aspect of myself, I'm struggling. I even self harm. Nobody knows, everyone sees me as strong or good. I'm dependable, loyal and to everyone else I am fine. I'm the friend they can turn to- but I have nobody. I can't trust anyone, not my family, not my friends, not my partner. People lie and people abuse the trust. How can I ever begin to reach out when I've witnessed the cruelty of people? I'm not sure whether I want to be apart of this world. I've selfharmed since aged 15, been groomed and made to do things no child should have from 13. I was addicted to abuse and validation from older men online for years and only now am I seeing how wrong that was. I was a child. I've tried to take my own life, pills & hanging. Nobody noticed any of this. Nobody bothered to notice the child who seemed happy. Now as an adult; I'm working, studying yet money never stretches far. I've not eaten for days, I've sold myself online to get my rent money. I've done everything to keep the illusion that I am okay and that I'm not struggling. I've helped people out with the last of my money and gone without. I'm a fat woman. ""Yeah, how can she be fat she says she has gone without food"" I wish life was that easy. So much of my life would be better if I was thinner. I used to have an eating disorder as a teen, and now I think I've just got the eating disorder that makes you eat too much and then starve. I hate the way I look. I exercise, I walk everywhere. People's eyebrows raise when I say I walk an hour and half to my job but I do. I get nasty looks. I know I hate my body too. My friends and family think I am confident but I see myself in a mirror and I just want to take a knife and cut off the fat. People don't see how cruel others can be just because you're fat. The looks I've gotten for existing. I accept death most nights before I go to sleep. I lay there having a panic attack. The world is ending, the world will end. I'm going to die. Those thoughts flood through my brain and I find myself calming myself down by saying I will finally be happy. Death will free me from all the hatred and fear and worry and loneliness. I don't have many friends. I sit alone, I always have. The ones I do have, I watch and I see how they talk about other mutual friends. I know they do it about me. There's no escape from my mind. My mind plays tricks on me constantly. Tells me nobody likes me and that there's no escape. I will always feel this way, nothing changes. I want to die. I feel like thats my escape but then I think to my animals. They're pure, they know love, they keep me alive. They need care and to be looked after and they do love me without conditions. I don't know why I posted here. I suppose I just wanted somebody to know that I'm not okay to finally tell people what's wrong. I want to die. I am in debt, I have a lot of trauma & I just want love. Every smile of mine is a lie, It's a lie when I say I'm okay- I cry myself to sleep most nights. Is there anything I can do to feel better without reaching out.",depression
1t7i861,A very effective method i found to stop anxiety almost immediately,"I'm not claiming that this works for everyone, but it certainly does very well for me personally. I have this issue of extremely heavy mood swing. At one moment I can feel happy and perfectly content and a few hours later, things just turn bad where I severely worry about illogical scenarios, catastrophizing, etc, just horrendous. I live a good life and there is really no external source for it. I have always wondered why this happen and today I think that I have the answer It seems like part of my brain scanning for primal threat is a bit overactive than usual. It means that when I am hungry, thirsty, socially isolated, under thermal stress (hot days/too cold) or sleep deprived, my brain seems to be firing this panic signal excessively I figured that all I need to do is to have a snack/meal, drink a glass of water, go somewhere where I can see/talk to people and go to an AC room on hot day makes this anxiety vanish almost \*\*instantly\*\*. Taking a nap (only if I was sleep deprived the night before) works really great as well. So yeah, I hope that this can help others. Next time you are on a spiral, your brain might just be misinterpreting signals like low blood sugar to be existential threat. Eat, drink, see/talk to a human, go to a cold/warm room, take a nap if required. Sometimes you brain just freak out more than it needs to",anxiety
1t7hru9,Rush of blood/adrenaline?,"Do you ever get a really out of the blue just rush of like blood up through your neck throat jaw head and it like seizes up your whole neck and jaw and you can’t speak. I don’t know if this is what an adrenaline rush is? Lasted for 5 seconds and then i was left with heart racing a bit shaky and then eventually I calmed down. It came out of nowhere, I was just sitting on the sofa. I think this has happened once or twice before in my life, and made me feel nauseous before and I’m emetophobic so it caused a panic attack.",anxiety
1t6iavp,What are some facts about anxiety that made you feel less anxious?,"People always want a quick fix to anxiety. A button or a pill that will just make it all go away. Frustratingly no such thing exists. But sometimes just understanding what anxiety is can make you feel instantly better! Here’s some facts that made anxiety and panic less scary for me \- **Panic attacks are just adrenaline rushes.** That’s all they are. “Panic attack” sounds scary. An “attack” sounds like something horribly wrong is happening to you. Something that helped me was when I felt it coming on instead of saying to myself “I’m having a panic attack” I said “I’m having a rush of adrenaline”. Which sounds a lot less terrifying! And you’re not lying to yourself by saying that. Because a panic attack is quite literally just an adrenaline rush. \- **Adrenaline doesn’t cause fear** Sort of building on from my previous point. Adrenaline can make you feel a lot of things. Heart palpitations, tight chest, air hunger, dizziness, headaches, shaking, sweating etc etc. But something adrenaline doesn’t cause is that intense fear or feeling of impending doom you feel when you are having an adrenaline rush. That all comes from your current mental state and how you react to the feelings it causes. If a brain scan was taken of someone who was on a rollercoaster and someone who is having a panic attack they would look the same. \- **Panic attacks are harmless** No one has ever died because of a panic attack, nor have they ever had long term physical health issues from them. So no you are not going to die and nothing bad is going to happen to you. \- **Very unlikely to faint during a panic attack** This was a big one for me, the dizzy feeling and feeling like I was going to faint always makes me panic more. When you have a panic attack or a rush of adrenaline, your blood pressure rises. People faint because of low blood pressure. So you are actually very unlikely to faint during a panic attack. \- **If something was wrong with your heart you’d be able to feel it 24/7** (I want to start of by saying that it’s always safest to get checked out just to rule out any heart problems) But if you had something wrong with your heart you’d most likely be able to feel it constantly. \- **People who loose there minds or go “crazy” don’t realise it** One of my biggest triggers was the feeling that I was going to loose my mind, because I can’t quite describe how but sometimes it feels like the slightest breeze could send me into psychosis. And I’ve seen a lot of other people say “I feel like I’m loosing my mind” so I’m guessing this is pretty common. But people who loose their mind usually don’t realise that they are actually loosing their mind. So the very fact that you feel like you are means that you probably aren’t and what you’re feeling is just anxiety.",anxiety
1t7nfuj,cursed with depression and all sort of mental disorders since i was a kid,"i missed out on everything , teenage hood , peak life , making memories . i was depressed since i was a young kid , my eyes were tearing for no reason , had mental disorders , low iq , i never enjoyed anything , my life lacked taste everything was boring no matter what i tried , my mom never understood what was happening to me , i was 8 telling her life was boring , i used to get waves of this ""nostalgia like feeling"" even tho i had nothing to be nostalgic about , depression stole my most precious time , i was just isolated through all my teenage life , this led to nothing happening in my life , i had no friends , i never experienced any sort of teenage love or romance . my life just kept getting worse , and now im 23 more messed up than ever , i cried so much that i can't cry no more , im in pain and i feel like is drifting away while im still in my place , i don't know anyone in this earth , i don't know where im heading , i keep failing in everything i try to do , i have no hopes dreams goals or whatsoever , i just wish i wasn't born",depression
1t7gco3,Painful Muscle Knots - Can Anyone Relate?,"Does anybody get muscle knots from their anxiety? I can get them anywhere. Right now I have a large one in my diaphragm under my ribcage. I've tried everything I can think of to loosen it but nothing works. I've tried exercises, massage, physio, etc. but nothing is helping. It's very painful and is making my anxiety worse. Can anyone relate? Any tips for relieving the pain and/or getting rid of the muscle knots? I'm feeling very frustrated right now.",anxiety
1t6jacu,Brain changed due to anxiety,"So I'm not sure if this is the right place for this but trying to find if anyone has gone through something similar. Back years ago I had a terrible experience when taking a hit from a friends weed vape pen, immediately panic attack and all that. Felt fine the next few days and then started to get this constant anxiety and ended up becoming a whole ordeal from there on to get my life back on track. Fast forward 7-8 months and I got back to ""normal"". Years have past since and I had one other panic attack in between then and now and defintely went though a depressive episode for months after that. Well about 4 months ago I had a terrible panic attack from a life situation and my something in my brain has basically changed as a result. I had terrible constant anxiety for a couple of weeks. The biggest thing though that I noticed, ever since the panic attack is that it has effected my brain chemistry in some way. I know this sounds crazy and I did get some tests done and nothing is wrong neurologically. I don't have any motivation or happiness like I did before. I used to be passionate about sports, gym, movies, other hobbies and none of that is there. I can try to care but there isn't really any emotion behind it. There is also not really any motivation for things such as work, the future, vacation. I don't really have bad feelings though either. The best way to describe it is everything is just dull, and I don't even get anxiety about little things like I normally would. I know this seems crazy but I'm just wondering if anyone else had gone though something like this or similar? I can't find any real answers, I have seen some posts about DPDR but that doesn't line up with what I have other than the emotional numbness. Any insight would be nice.",anxiety
1t700pk,Has anyone been in a similar situation before?,"So the other day I had my final exam at university. Basically, we had to demonstrate some procedures and then we’d officially be done with college. The problem is, my anxiety completely took over and I ended up saying a bunch of stupid things. It’s not like I knew nothing — I actually did know the material, just obviously not well enough, because another girl passed and I didn’t. Does anyone have a similar story? Please comfort me a little.",anxiety
1t6y1o5,Unhappy,"I’m unhappy to deep inside myself it makes my chest hurt. I still smile and show up for everyone else but I feel so unfulfilled and drained. I have religion, education, boyfriend and a family. I try everyday to focus on these good things but when I’m alone with myself my heart hurts and I don’t feel safe. I am physically safe, it’s just the feeling. I need to fix it or this will eat me alive.",anxiety
1t6sbwb,"Social anxiety makes me come across stupid, is there a way to lessen this?","So I work a very social job, and I have pretty severe social anxiety. I'm focusing so hard on not sounding or acting like an absolute idiot that I stress myself out so much that I stutter really badly, drop and trip over things, say weird incomprehensible things and mess up very very basic tasks. The other week, I was told to staple something, but my brain went into overdrive (as always) and started obsessing about stapling the paper correctly. Whenever people ask things of me, I start to stress out about doing it the right way. Either i'll obsess over making it look perfect, or overcomplicate it and ask a million questions. I was so focused on making the fucking staples look nice that I stapled the paper on the wrong side, and I was corrected. Well, of course, I started mentally panicking about doing it wrong and proceeded to do it wrong again. It gets REALLY bad when i'm talking to others. Again, i'll focus on saying the right thing obsessively to the point I say actual gibberish. Direct quote from today: ""I'm going to go clock in- I mean out- not in I don't- yeah."" Talking to people has become such a mental chore that I don't enjoy even simple conversations. I want others to like me, and I want to enjoy talking to others but the cycle of 'Okay I can't fuck this up' to 'Oh god i'm fucking it up' to 'I'm saying nonsense I need to correct this' to 'Last time I tried to talk to people I messed up. I'm going to mess up again' is sucking the joy out of every possible interaction.",anxiety
1t7x836,I plan to kill myself before my graduation,"I am so sick and tired of trying. everyone in my life has left me. but i dont know a way to die that would be painless, nor do i know whats after death so im honestly scared. i already prepared some cleaning supplies for me to drink. and some pills to take. i plan today but im honestly scared, i know its probably the most painless, but i know pain sti comes with it, especially if i survive. i dont feel anything about graduating, i dont feel like i achieved anything. my hand was held the entire time because im slow, mentally ill, and having mental disabilities. everyone is scared of me. i make my mom cry because im so sad all the time o just cantd dlc it anymore",depression
1t6nv70,Happy living a lonely life especially when you don't trust/have confidence in your own abilities,"How are you supposed to be happy living a lonely life when you don't have confidence or faith in yourself especially in this chaotic fast paced socoety and world, so therein moral character aside do not like yourself?",depression
1t7ilid,How to stop feeling numb?,"F21 here. Have always struggled with anxiety and then had a depressive phase, which led me to start zoloft (still taking it now) but man i used to love life. Passionate was the first thing people said about me, quickly followed by funny and creative. I was always out and about, creating things, laughing and hanging out with people. I’ve graduated already and those college years were the best years of my life (think your typical movie experience, I lived it and then some). I was exploding with life! Now here I am. For some context, I’ve had a pretty bad anxiety episode last year that coupled up with huge life changes and resulted in months of constant anxiety attacks and derealization. Got better, and how here we are again. Only this time, nothing as big happened to cause it. To summarize, I finished a month long job and went back to my usual routine of playing videogames all day and night, my mom (support system) was going out of country for work which made me anxious and then she didn’t end up going because she needed emergency surgery. Just the cherry on top, I caught the world’s worst cold from staying at the hospital. During all that, I realized that nothing was making me feel things anymore. All my usual activities, gaming, reading, writing, talking to family and bf, nothing was hitting like It used to. Naturally, that transformed into me trying to figure my entire life out (moving countries, career, etc) in hopes of finding that excitement again. When I realized I in fact couldn’t do that at 3am on a Tuesday, my body just completely freaked out. I was having panic attacks all day again and derealization. Now, I’m still struggling slightly with derealization and the usual anxiety, but I’m able to get through the day. Except I don’t really feel anything at all, and even when I do, my brain goes “are you really feeling that or are you just supposed to?” It has sucked the enjoyment out of everything. I leave the house now only once a week (or not at all). I interact with family during the day because I live with them, but Ive noticed that im pushing away from talking to my boyfriend (ldr and we used to call for like 8 hours of the day just talking and playing games together) and I also haven’t been talking to my friends or seeing them at all. I just don’t feel anything. Games I used to love now I can’t even bring myself to turn the ps5 on. Editing videos, which is not only my career but also a hobby ive had since 2015, now bring me little to no joy. Writing and posting my work, which gives me positive feedback, now can only pull a slight smile from my face at best. I’ve tried new hobbies such as embroidery and pottery but i might as well not be doing anything at all, gives me absolutely no benefit. I’m so scared it’ll be this way forever. I want to be myself again, the version of myself that used to *literally* jump in joy at the smallest things. How can I do it? Can I be myself again? TLDR : How can I feel passionate about life again and be my happy and passionate self?",depression
1t7hnd6,The Monster,"If depression is a pit, anxiety is a monster. A monster that sits with you, inside you, wrapping itself all around you like a chain, a vice, squeezing you. It squezes your chest, your lungs, heart, throat, tighter and tighter. Makes your jaw clench from the pain and fear, muscles tighten. Can't breathe, can't speak, can't let anyone know. It's always there, with its voice that says awful things. ""What if you aren't good enough, they'll stop loving you"" ""if youre not perfect everything will fall apart"" ""they can see right through you, are laughing at you and humoring you to make you shut up and go away"" ""youre not included or invited because they really dont like you"" ""you deserved to be hurt"" and it never. Shuts. Up. It's always there, taunting you. Egging you on. Reminding you that you must be perfect. Must do better, act better, be better. If you don't, you lose everything. You can't let anyone know about the monster, because if you do, you're overreacting, everyone feels pressure. But its more than pressure. It's heavy, tightness, suffocating. It's the racing heart, the shallow breaths that are so normal you dont realize youre breathing incorrectly. It's the thoughts that never stop. Lists and lists and lists, plans that go on an on. Must do this, and this, and that, to make things perfect. Must do this today, so that will work out tomorrow, so that next year this can be done. It's wanting something so badly, and being terrified that it'll never happen, because you know you dont deserve it. It's laying down in pilates and feeling your throat tightening up for no reason. It's nails that are always picked or bitten down so much they bleed, and wanting to be able to stop, but you can't. It's trying to sleep, but your mind won't slow down. Won't stop thinking about all the things. What you said yesterday, what you did 10 years ago, what youre supposed to do now. It's feeling like a bad spouse because you love them so much, and they do so much for you, and you feel like you dont give enough back because you're so tired. And then youre on, youre going and can't stop and they aren't keeping up and it's so frustrating. You have to go go go so fast, youre out running the voices and the thoughts, until youre not. That monster was always there with you, with its voices and chains, trapping you in your own self. Ever tightening its grip on you. You take the meds that are supposed to help, and they do. For a while. But then they dont. The voices are still there. ""You deserved what happened"" ""you must have done something terrible in your last life"" ""these are all the things that you've done that you can never make up for"". The chains get tighter. Again. We're they ever loose, or did you just grow accustomed to your prison. You trust push away thoughts that make the chains worse, but the world keeps getting scarier, and it feels like you are responsible for fixing it, or at least making sure that you will survive. It's all on you. Asking for help makes you weak, and you are weak, but no one can ever know that. So you accept the bandaid for the gaping, hemorrhaging wound in your chest with a smile. You never say anything about the monster, because what if this is normal? What if this is how everyone feels? What if everyone makes lists and lists and lists and their brain never ever stops? Then youre weak and pathetic and you should be able to handle it better. It's so heavy, and you just want someone to see, but if they knew, you'd be a fraud, a failure. And you know you are, but no one else can know. And you know this is all the work of that monster, but you just... can't...stop...",anxiety
1t6xka8,Time. Does it work,"Time will get you. Do your best, it’ll get you. What the eff do I need to do to get back to normal. I hate this bubble I’m in!!!! All I do is graft for other peoples bills.( it is what it is) i would like someone to tell me to sit down, chill out. Don’t go to work. We don’t need the money. ……. Haha fuck me",depression
1t7vn57,How can i hang out with friends without getting anxious?,"so, I have anxiety, and its gotten to the point where just seeing my friends makes me incredibly anxious. I keep thinking “What if im acting weird? What if theyre just friends with me out of pity?”, and so on. Its making it so hanging out with friends for fun, isnt fun. Does anyone have advice?",anxiety
1t6y3qt,Where does your anxiety live?,"Is there a part of your body it hits most/worse when it gets bad? For me, its in my gut. It feels like twisting and knots and wrenching. And then the symptoms from that cause muscle tension, headaches, etc. But I feel like it lives and originates in my stomach.",anxiety
1t6phat,Feeling Incredibly Alone... Again.,"Me and my partner of just over one year split this past week. We both knew it had to happen, but they were the one who finally cut things off just wanting to move on. I don't blame them. We had lived together for a year but had to separate a few weeks ago. We wanted to make it work long distance but my depression quickly came back in full and I fell back to alcohol (but that's a problem for a different sub) since I was alone again. I've had this happen before, after ending a relationship of 10 years. Every day this week I've woken up in bed to an empty, dark apartment and the only thing I can do is go to my computer and try to find work/play games. But sometimes I don't even have the will to do that and I just stay in bed, pretending to sleep, and tossing and turning. Every day is a little harder. I'm also coming off a large alcohol bender and that's making it worse just dealing with physical symptoms (I'm working to get and stay sober). But as those lessen, I feel the true depression coming stronger. I need to stay on track, get outside, focus on myself, and make new friends. Just like I did last time. I just don't know if I can do this again. It feels like there's this giant wall keeping me from wanting to find a better life. Some moments I'm hopeful and I want to make a change, but most of the time it's all doom and gloom in my mind. I'm just going to sleep every night hoping tomorrow will be the day I break the cycle.",depression
1t7uuhh,i'm scared of a death of a loved one,"14M, never experienced a major death yet in my life, my parents are in their 50s , grandparents 75-79 range (all 4 of them) my dog is 4 and has a disease. I'm scared of them getting sick or suffering or them getting cancer or get in a car crash or a heart attack or just about all of the infinite possibilities. I'm a very lonely person and not alot of people like me and them and a few real friends are all i got. I'm also scared of one of my friends suddenly dying by getting hit by a car or kidnapped or something. i care more about all them than myself, infinitely more, id take a bullet for any of them in a heartbeat",anxiety
1t7n74n,That constant feeling that I'm being a failure is killing me,"My life is pretty mid. I look average, my body type is trash, I'm not that smart, I'm not talented, i have no hobbies, i have no friends, i'm not interesting enough to get a partner nor do i really have the energy to keep up with another person's needs not to mention that i barzlu go out to touch grass. Ever since i was a kid things have been the same constant loop of nothingness. I do enjoy my own company better but every midnight i keep getting this really empty feeling inside as if I'm failing at everything. I'm not really a remarkable person and I don't have anything going on in my life. The worst thing is that I feel like a huge fraud feeling depressed when others have it way worse than me. It's really pathetic being the cause of your own misery and yet doing absolutely nothing about it. I've been living in my head for quite a while, trying to escape from such a dull life. The problem is that I don't know how to stop, I've never lived in the real life and now I feel like it's too late to try and do something with my life.",depression
1t7mi54,Letting go is the most effective thing I’ve ever learnt,"And it’s so simple that’s the beautiful part. I’ll skip the sob story but let’s just say I hit rock bottom last year and had no where else to turn to. I came across a video that taught the power of letting go, rather then hearing about the concept it explained it super practically. Every emotion and reaction you have to things, your body holds onto. Anytime you experience somethings you don’t like, you either run, freeze or avoid in the future. In this life there are so many things that can go wrong or experience that this accumulation can have a really messy effect on us which often leads to depression yada yada. So it makes sense that the best option is to respond differently to these things. How to let go: Don’t run, don’t avoid, don’t freeze. Feel this distressing thing, face it head on with bravery, and feel it, teach your body, you are safe, this is not going to kill you ( of course there are exceptions, like running away from actual danger is a good idea…) I’m talking about the day to day things that are hard for you but easy for others, that should be easy. I’m going to give you an example of how to practice it right now. Example : talking to strangers. You don’t have to talk to strangers to start, you can start at home. Sit down, close eyes or not, visualize a stranger, talk to them, imagine the worst case scenario, they call you a weirdo, infront of a group of people whose opinion you value. Imagine them laughing, anything that terrifies you. Sit in this feeling, try to not think so much, feel the emotions of this embarrassment or fear in your body, and invite it in. Don’t be afraid, keep feeling and relax your body into it, take a breath or whatever just RELAX into this feeling. If you can’t visualize well, or want to let go from a different angle. Write down certain emotions on a price of paper / or laptop - which arise from this made up fearful situation. What emotions / things that trigger you? Do you have a big nose like me lol Are you afraid of people laughing at you Are you afraid of stuttering Looking a fool? Looking cringe? Search these emotions, and sit with them, feel them out, teach your body that, you can handle these emotions they aren’t a big deal, everyone suffers from them on different levels they just brush them off better then you. Bring up your shadow, and face it, feel it, relax your body into it, breath into it. Now if you do it again, is the same level of fear in your body there? Or has it decreased a bit? Do this over many days and weeks and it works. It has done for me. Now visualise the best case scenario, you make a group or stranger laugh, they applaud you, you get the girl or boy. Exciting right. Relax into this feeling as well, it’s exciting sure, but too much excitement can easily be turned into anxiety if the pressure is too high. We’re looking for a balance here, a calmness. RELAX INTO EVERY EMOTION NORMALISE IT FOR THE BODY. Detached from everything, connected to everything. Letting go, is a powerful tool to calm your body, stay present and dissipating fear trapped in your nervous system. You can do this anywhere, try it at home, next time your walking somewhere pretend your doing something fearful and relax / let go into the idea. Teach your body it’s no big deal this is life your upbringing has messed with your nerves to the point you’re entangled by them, letting go untangles them. This can be done for any fear, any emotion, addiction attraction etc. Depressed ? Just accept it, feel it, never run away from the emotion, the fear the resistance is what keeps it alive and persisting. Of course the biggest issues of our lives take the most amount of work, there’s a lot of depth to our biggest emotions a lot to let go, a lot of angles we have to face. So experiment with this technique on a small emotional thing that you dislike Last thing : I had a very minor fear of heights, anytime I looked down on heights my belly would drop a bit, and I’d creep over to ledge and look down for a second or 2. I tested this out on this, I faced a high height, felt in body, breathed, relaxed let go, taught my body that I’m safe. And I can look down on heights with ease now it’s crazy. But deeper emotions will take longer as I’ve said. JUST ACCEPT EVERYTHING AS IS DONT FIGHT IT RELAX BODY AND YOUR MIND WILL FOLLOW… Peace n love",depression
1t7ldpi,Help am I going to die from a tooth infection???,I have a terrible tooth ache. I read online this is likely nerve pain and infected. The pain started 2(!) weeks ago but dissapeared after 2 days. Today it returned. I'm too poor to afford a dentist however I will still go next monday. I'm in terrible pain and painkillers only do so much.. But it's been 2 weeks or possibly way earlier that this started. Will I die from a tooth infection?? I read people die from this and I knew of a story of a person who died from an infection after not being able to pay. I have a light fever and I'm scared shitless. Will i die before monday?,anxiety
1t7fpjz,normal teenage behaviour.,"def going to mention SH, ED and suicide. apparently im a normal teenager. my mum told a workman that because i didn't say anything to him (bear in mind he wasn't there for me). i'm autistic and struggle with selective mutism, which is more mutism than not at the moment. i don't speak to strangers i barely will talk to family so no i wanst going to say anything to him, she knows this. however calling it 'typical teenage behaviour' is weird. or maybe i missed a lesson in PHSE when they said that all teenagers struggle to speak. all teenagers push people away. all teenagers hurt themself deliberately. all teenagers don't eat for days on end. all teenagers experience depression to the point they turn apathetic. all teenagers are suicidal/ has attempted. so no. i'm not the typical rebellious, bratty, lazy teen. sorry to disappoint. it just annoyed me so much as it's like it undermines everything.",depression
1t6j5vs,Weird vision but normal eye test?,I keep having weird vision I don’t even know how to explain it’s just not right and I’m really scared I have had an eye test and everything is fine but I don’t understand what’s going on with my vision I’m so scared I’ve got a brain tumour or something 😭,anxiety
1t6w6mb,I can’t even focus,"I work 12 hour shifts and all I have is basically my phone. I just scroll between apps and sometimes watch a show. But I can’t even focus on anything these days because I feel so horrible. I try to take breaks from my phone but always come back to it because I have nothing to do. I can’t even focus on the apps I do open, I just close them and go to another app. Having nothing to do but be on my phone is driving me crazy…",depression
1t6hu5r,MS,Anyone been diagnosed with MS after years of dealing with anxiety and depression? My docs think I have it and are sending me to a neuro eye specialist and neurologist. Of course I can’t get seen till July so this is definitely not helping my panic and anxiety.,anxiety
1t6dpv0,Pots and anxiety,"Hi everyone,i m 17F I wanted to ask if anyone here with anxiety has experienced symptoms similar to POTS. I was recently diagnosed with POTS, and my main symptoms are a big increase in heart rate when I stand up (for example from around 75 bpm lying down to 140 bpm standing), along with dizziness and feeling weak. I’ve also struggled with anxiety for about a year, including panic attacks, and now I’m wondering if that could have contributed to this or made it worse. Has anyone here had a similar experience where anxiety and POTS-like symptoms overlap? Or were you diagnosed with POTS after dealing with anxiety? I’d really appreciate hearing your experiences. Thank you 🤍",anxiety
1t7079d,Im in a Competition,"I have always lived my life competing while never having any foot in any doors. My existence is utterly useless, why do anything when someone is better? I don't necessarily have anything to give I lack skills an identity, and for what? I am also kinda illiterate if your reading this right now. If I try to kill myself I will always live, I want someone to murder me. I feel odd, numb, anxious, paranoid, I have several mental illnesses. I live to stay, bored, alone, and to suffer endlessly. No one will read this i'm sure. I know people would say im going through victim mentality, but my life is utterly worthless, i'm unintelligant, uncreative, slightly, illiterate, I can never catch on anything fast no matter how hard I try I will always be useless.",depression
1t7sleg,Burning pain in chest that spread to the rest of my skin intermittently??,"As the title says, I’ve been dealing with some new chest pain for the past week. I just graduated from college, applying to med school this cycle, but don’t feel all that conscious of being stressed out. But I do have a lot more time on my hands right now until a new job starts up so I’m wondering if my anxiety and subconscious is having a field day. I also will say that I had a pretty bad stomach bug (I think?) a few weeks ago and haven’t been the same in terms of my appetite/strength since then. I’m unsure if I have lingering digestive issues that are triggering this anxiety or vice versa lol. God this is a nightmare. I feel like I can’t do anything and I’ve been spending my days in my room mostly just trying to talk myself through the symptoms and breathe. What a way to end college lol. Any support, similar stories, advice would be helpful. Thanks.",anxiety
1t6xm0v,There is a light…I promise,"Hi friends! I was about to say “I’ve struggled…”but I am going to change it to “I used to struggle” a lot with depression throughout my twenties and childhood. In fact in 5th grade my mom hired a psychologist to secretly observe me and I was placed on fluoxetine at age 12. I was rebellious and didn’t like taking all the pills they tried on me- mostly adhd and depression meds. I refused to acknowledge I had depression. Fast forward to college and I realized “Ope! Yup I have depression yayyy -\_-.. “ thus began a (basically) ten-year-long battle with depression. Tried some meds, failed a lot of em cuz of side effects. Found one that worked wonders but then I became tolerant to it. I tried nothing (no meds or therapy) and failed two courses in junior year. Went through at least 8 failed therapists that I didn’t vibe with. I met one good therapist who had to leave me a year later. I Felt like an absolute disappointment to my family and the few friends I thought I had left when I failed my junior year. I was completely unsure of my career path because I wanted to fulfill the pressure dream of being doctor for my parents and I felt I could do it if my stupid depression got outta the way. Reframed my thoughts in therapy and fixed some toxic environments and mindsets. Prayed to God, a lot. And yknow what I just realized? I have not had a severe episode like I used to in YEARS! In fact the last “episode” I had, I was also dealing with a major heartbreak from a six year relationship! So I wouldn’t even call that depression, I’d just call it “a normal response to having your heart broken” (I was not suicidal thankfully, I just went for multiple days without brushing my teeth and possibly 3 weeks without showering). It would’ve been longer if I decided to fully isolate, but I was seeing a therapist and got myself to my local library and mosque once every couple of days /weeks, so the teeth brushing commenced. What I’m trying to say is 4 years ago was my last depressive episode that was actually bad and it wasn’t even that bad and there were contextual circumstances that made my reaction reasonable. What I’m REALLY trying to say is, I can’t believe I am where I am today! I just graduated from a masters program and have an actual healthy relationship with both my parents. I get angry and jealous of my brother sometimes but I can catch myself and correct myself ON MY OWN! I can recognize my depression triggers and symptoms like nobody’s business and I have SO many fail safes and catch nets to support me before I fall that I have not fallen in a very long time. I mean like maybe 6 or 7 years ago? My little self never thought I’d ever cure this. And maybe my depression might come back one day but honestly I feel confident enough to say that there’s a chance it will never come back. And as someone who rarely had hope in herself, that is a crazy confident statement to say that makes me so happy. I love who I am and what I do and the choices I made, even the ones I’m iffy on. They made me me, and taught me things about myself. Now I spend more time experiencing life rather than feeling guilty about whether or not a choice was “right” or not. So to anyone struggling out there, you WILL get out. It won’t be sudden, it’ll take lots of getting back up, and falling, and then back up when u feel like u definitely cannot. But slowly you’ll spend more days getting up than thinking about how bad you feel for falling. And one day you’ll look around and feel more in control of yourself and you’ll cry at how grateful you are to live life. I promise you. With every fiber of my being, I promise you it gets better. Please hold on. Journal it, find a good therapist, keep trying after a failed attempt. And whatever you do, get, back up. Even if it is to pivot and do something else, at least get back up. Get that therapist number. ILY and I’m rooting for you. Love, The healed Eyore",depression
1t72z7k,Anxiety Tics,I have had a couple nervous tics in my life one i have had my whole life where i kind of blink rapidly. Which gets worse in stress or if I’m drinking. The other its hards to describe i do this thing with my jaw where i kind of suck in my throat. It’s so hard to explain but i find it quite embarrassing. The throat one has come and gone through out my life but i have not had it in a while maybe a few years. I used to come back if someone mentioned it or i thought about it but not had it in a while. My dad is bad for pointing out my eye one which once triggered my jaw one back but apart from that not had it in years. However i had a recently stressful day at work which can happen often but this one was really stressful. If someone is making a mug of me thats kind of what stresses me the most. But for the first time in years its come back really heavily through stress and its not gone away yet. All other times its came back its lasted less than a day or its been mentioned but this is the first time through stress and its lasted days. I just want to get rid of it but its not that easy obviously Just wondered if anyone had similar where one came back after years without it,anxiety
1t6gpk7,nausea? anyone else?,"Hi everyone, I’m wondering if anyone here has dealt with something similar, because I’m really struggling and feel quite lost. I’ve had a fear of vomiting since I was around 11/12, after witnessing someone being sick. After that, I started getting anxious and nauseous in certain situations, especially away from home or at night. Over the years, this became linked with a strange upper chest/under-sternum sick feeling, throat pressure, and lots of “croaking” or trapped gas noises instead of normal burping. I’ve always struggled to burp normally. I was investigated for possible R-CPD/no-burp syndrome and had Botox injections to the cricopharyngeus. One higher-dose injection did let me burp for the first time, but the benefit didn’t last. When I do manage to burp, it can briefly relieve the pressure, which makes me feel like trapped gas is a big part of this. Over the last 10 months, things have become much worse. I now feel nauseous almost constantly. The nausea often feels centred under my sternum/upper chest rather than like classic stomach nausea. I get pressure under the breastbone, throat pressure, gas rising up and sometimes gurgling back down my chest, and burps that feel incomplete or like they might “follow through” into retching or vomiting. That fear makes my heart pound and I can shake with panic. Eating has become really hard. I have early fullness, very little appetite, and I often feel sick after eating. Liquids can feel uncomfortable too, almost like they sit in my chest or throat, and certain textures can make me gag. I’m now anxious about eating, leaving the house, driving, and being somewhere where I might feel sick. Medical background: I have coeliac disease, low iron/ferritin, and recent findings of gastritis, mild duodenitis, oesophagitis and a hiatus hernia. I’ve tried PPIs without much improvement so far. A gastroenterologist recently said he strongly thinks this is psychosomatic/gut-brain related and linked to chronic stress and fear of vomiting, rather than gastroparesis. He did agree to a gastric emptying study because I’m worried about delayed emptying, but he didn’t think that was the main direction. I’m finding it really hard to accept that something this physical could be anxiety/emetophobia/gut-brain related. I’m not saying anxiety is the only cause, because I do have real reflux/upper GI issues, but I’m wondering if my body has learned to treat eating, burping, fullness and throat sensations as danger. It feels like a loop of: nausea/pressure → fear of vomiting → throat tightness/panic → more air/gas/burping → more nausea → more fear. Has anyone here had chronic nausea, chest/throat nausea, trapped burp sensations, gagging with food, or constant fear of being sick that became this physical? Did it improve with CBT/ERP, gut-directed hypnotherapy, medication, breathing therapy, or treating emetophobia properly? I’d really appreciate hearing from anyone who has experienced something similar, especially if you felt convinced it had to be something physical but later found the fear/gut-brain loop was a big part of it.",anxiety
1t6o27e,"Help, i'm drowning : i'm lesbian and my family is hell","I (17 F) am in a situation that’s turning my life upside down. I grew up in a middle-class family in Europe; my father is an Arab immigrant and my mother is European, and I have two younger siblings. My family is complicated. My father is an admirable man and a Muslim; he puts religion above everything else. But he’s also a monster: he exhibits certain physically and psychologically abusive behaviors (he’s an unparalleled manipulator who terrifies me), particularly toward my mother, whom he accuses of every little behavioral slip-up on my part (for example, eating with my left hand) and threatens to divorce. As for my mother, a non-practicing Christian, she seems to have only one desire: to preserve the family unit at all costs, so he must always be right and we should consider him an extraordinary man. Once she even forced me to apologize to him because he was angry with me for no reason, accusing me of being the cause of their divorce and saying she would never forgive me; a little later, she apologized in tears. And I forgave her; I still forgive her because I consider her my pillar of strength here. I hope she’ll always support me and that someday she’ll be able to choose me, even though I know deep down that she’ll never leave him. They have a joint loan for 15 years, and he’s just starting to really make money. In this situation, where being in a relationship with a man would be suicide for me (since we’re not married, “the European way”), I’m attracted to women. I keep my distance from all that (I can’t imagine the energy it would cost me, and I already have enough trouble managing my mental health) and thought I could lie my whole life, pretend not to be interested in anyone, or—according to more romantic fantasies—marry a gay man to put my father’s mind at ease (he’s VERY paranoid—didn’t I tell you?). But in just a few months, I can already feel what a living hell it is; all I want to do at the dinner table when he starts talking trash is scream that I’m gay, that he’s failed, that I’ve been corrupted by the devil! I’d finally get my revenge. But no, I keep quiet, and it’s eating me up inside. How can I laugh, hug him, or even talk to him when I know he’d be capable of killing me if he found out? I don’t even dare imagine my mom’s reaction; I want to believe she’ll protect me, even though I’ve ruined 20 years of her life. So yes, all I can do is leave—that’s what my 8-year-old self used to say, waking up in the morning, going to bed at night. That certainty is more deeply rooted in me than my own name. But here’s the thing: life catches up with us, and I can’t. I’m currently in my penultimate year at a prestigious high school (I’m pretty good at schoolwork), and my academic path is all mapped out in my hometown. I can’t just walk away from everything (and I don’t think I could even if I wanted to) and throw years of sleepless nights in the trash. My only way to achieve enough financial independence and cut all ties with them—preventing them from finding me (my father is a lawyer and has plenty of connections; didn’t I tell you that? Darn). So I have to hold out for at least 3 years, maybe even 6. For now, even though my light is flickering, I strike another match for the 8-year-old girl I made a promise to.",depression
1t7pdby,Feeling so overwhelmed and depressed,"I just don’t know how much more I can handle. I feel like I’m on the verge of a breakdown and no one else gets it or understands. My husband does not understand my anxiety at all even though he tries to be understanding. I cannot stop crying tonight and I’m not even sure why. I am a mom of three and I know life is crazy with kids. Lately I just feel like it’s nonstop BS and I cannot get a break. My kids have been awful and so disrespectful which makes me angry but also feel so guilty like I’m the reason why. I don’t feel like I have any friends, I have lost a lot of friends and am not good at making new ones. It sucks because I live by a lot of people I used to be friends with so again, constant reminders they make me feel guilty like I am the one that ruined the friendships. My one dog died unexpectedly last month and my other dog keeps jumping our fence (I think to try and find the other dog). Tonight my son let him off the cable and he immediately jumped. I didn’t get to him quick enough and he apparently went after someone’s dog but I didn’t see. The dog looked fine but I immediately got defensive and just walked away. Now I feel stupid for how I acted. I just want to be happy again. I don’t want to fee like I’m just surviving each day.",anxiety
1t7dfq5,"After enough years, you stop trying to kill the depression because it feels like you’d be killing a part of yourself too","I think the scariest part about being depressed for 10 years is that eventually it stops feeling like an illness and starts feeling like you. Not something you have, but something you are. A defining feature. My depressive personality nurtured itself quietly for years, becoming 1% stronger every day while I thought I was still in control (""Atomic Habits Negative Edition""). The bed all day becomes solace. Alcohol and smoking stop feeling like bad habits and become tools just to numb yourself enough to get through the day. Overthinking feels productive because your mind stays busy fighting imaginary battles and convincing itself that you’re right, misunderstood, wronged. And whenever life starts getting better, that depressive personality pulls you back in. You want to get healthy? Suddenly comfort matters more than discipline. You know alcohol will ruin tomorrow, but you drink anyway. Not because it’s the real you, but because another version of you has spent years surviving this way. And it’s all fueled by one thing: **guilt**. The baggage of yesterday creates shame. The stress of tomorrow creates fear. Somewhere in between, you start feeling fundamentally worthless. **That’s the cycle nobody explains.** You try to change. For a day or two you gather all your willpower and start moving forward. Then the guilt slowly creeps back in. A heavy, indescribable wave. Your mind shuts down the rational side and pushes you toward comfort, numbness, escape. The escape gives temporary relief, but creates more guilt. The guilt pulls you deeper into depression, so you need escape again. Every cycle feeds the next one until the depression becomes a self sustaining system. And then suddenly hope returns. Life feels fresh again for a moment. You feel ready to change. Only to be sabotaged again. Because the hopeful version of you disappears. The depressive one doesn’t. It waits. Consistently. And every time you return to it, it digs itself deeper inside you. That’s what people don’t understand. Depression isn’t always loud sadness. Sometimes it’s a quiet system built inside you that changes your entire view of life. It keeps you addicted to comfort, numbness, and familiar pain. After enough years, you stop trying to kill the depression because it feels like you’d be killing a part of yourself too. And that’s the part that scares me most. **Can we ever actually get out of this loop?** Because every step toward progress is vulnerable to that guilt. And every next episode pulls me in deeper than the last.",depression
1t70fch,Kill me please!,FUCKING KILL ME FUCKING KILL ME FUCK THIS ENTIRE WORLD FUCKING KILL ME I DON'T CARE WHAT HAPPENS I AM SICK AND TIRED KILL ME KILL ME,depression
1t71mxx,anxiety,i’m honestly not sure if i have anxiety i haven’t went to see someone yet. I always feel worried about what’s going on in my life right now. constantly thinking about how i’m going to get myself out of situations. it’s to the point now where it’s a daily thing of me constantly worrying about everything for most of the day. it’s hard for me to sleep as it is because of worrying. Is this a symptom of anxiety? maybe depression? I’m not sure it’s feels like it,anxiety
1t6ri38,Just venting,"I am male, 26. I used to be a happy guy when I was a kid. Even daily beatings and phychological wars could not stop it. But for over a decade now, I feel I am gonna check-out soon. I tried 3 times. 3 times I failed because I wanted to go peacefully and without pain. I honestly hate myself, hate what ive become. I do not feel joy at all, I am trying to find it when I have better days. It just seems poitless to try now. Most of the time I cant. I do have no-one in my life. I had people, due to my condition they either left or they reach out once couple of weeks but they dont care. I dont even know where I am heading with this. I dont think I am gonna have good ending. Or a long life. I still have things to take care of. So.. I hope you are doing fine my brothers and sisters.",depression
1t6j8uv,Could this be anxiety or IBS?,"How do you deal with diarrhea that only happens when you’re outside? I’m fine at home but whenever I go out, I suddenly feel like I need to go to the bathroom and it makes me anxious to leave the house. I’ve been taking Imodium when I really need to go out, but I don’t want to rely on it. Has anyone experienced this and what helped you?",anxiety
1t6nz56,What is next ?,"30years old male here **(**been trying to fix my stupid mind since 11years ago**)** Tried all SSRI and SNRI meds the old and the new ones. Tried NRDI and TCA and beta blockers. Tried Gaba pregabalin and gabantin. Also THC and CBD. Currently on 375 pregabalin and 100 zoloft and 50 lamictal and 20 propranolol. My labs are normal. Anxiety on the roof, max anhedonia. I feel like im already dead. Any experiences here i would like to hear.",anxiety
1t6uf5z,I feel alone and like I'm not good enough,I've always been really lonely and it makes life feel depressing. I feel like I'm not good enough. People don't understand me. I'm really bad at talking to people and even if I try to put myself out there I know people are not going to talk to me and I'm not going up and talking to anyone. It's hopeless. It's a waste of time to even go out. I feel like I've given up.,depression
1t7u96f,"Med problem, desperate please help","Hi I take Lexapro 10mg, Buspar 2.5mg twice a day, and Ativan 0.5mg every morning. They’ve helped my anxiety and panic attacks a lot, but lately I’ve been struggling with something that’s becoming unbearable. Almost every day, around 6–7 hours after waking up, I suddenly crash. I get extremely tired, mentally foggy, emotionally numb/distant, and disconnected from everything around me. It’s a really weird and scary feeling, and it makes it hard to function or even feel like myself. The strange part is that it usually gets better later at night, and I also feel more normal during the first few hours after waking up. I’m starting to wonder if this could be related to Buspar since the timing seems to line up with my morning dose, but I honestly don’t know. Does this sound like dissociation/depersonalization, brain fog, medication side effects, or something else? I’m genuinely desperate for help at this point because I’m exhausted from feeling like this every single day. I’ve tried sleeping enough, eating properly, staying hydrated, etc., but nothing seems to help.",anxiety
1t6xidb,Am I truly depressed?,"The reason for my depression is my own family. Specifically my grandpa, he's always drinking alcohol with his friends and when guests come over to our house. He's a goddamn mythomaniac, always believing he's right when in reality he's horribly wrong and can't grasp that fact. Sure, there are some times he actually cared for our family, but he just keeps yelling all the time and treating us like shit as if we're not the one preventing that old sack of meat from dying of drinking so much alcohol. I try to socialize with people as much as I can, and yet, I always feel left out and incredibly stupid of myself for not being able to hold a conversation without stuttering awkwardly. My school grades are bad, the members of my family are either assholes or unnecessarily strict, I'm socially awkward, I don't have any friends from my school (but I do have small acquaintances from the wrestling team I train on as a rookie).",depression
1t7o2ro,"Xanax once, MAYBE twice a week. Bad?","Usually get through the week with one for panic attacks, MAYBE a second on Friday if it was a hard week. 1mg prescribed, how habit forming or bad is this (or chance of ""withdrawals""?",anxiety
1t759hn,Did Beta Blockers Help with Sex / Libido?,"I’m curious from those who have been on Beta Blockers, did it help with sex and/or libido at all? I suffer from extreme performance anxiety so Viagra and stuff don’t help. I am wondering if I added beta blockers to calm my nerves if it would help calm me down and not worry about things, allowing me to focus better.",anxiety
1t719ft,Can't see the light.,"Hi, 29M from Kolkata, India. The last couple of months have been really hard, especially goven the social environment where everyone else is getting hitched or having a proper success in their career where it just feels like I am stuck in my life and there's no one to share these feelings. This has effected my work and personal life where it just feels easier to give up rather than delaying the inevitable. I have been joking about suicide and suicidal attempts. Racing my way on the expressways, taking risky turns, coming close to haulers just to feel alive by getting closer to death as possible. I know it's not healthy but I can't find a reason good enough to be alive. Not after everything that's been going on. Thanks for the space.",depression
1t73fnr,Why does my anxiety go up in certain places?,"Hey everyone! I struggle with pretty severe OCD and anxiety surrounding natural disasters, especially earthquakes. Recently, I was at a concert and noticed my anxiety about earthquakes getting significantly worse while waiting in the venue before any music even started. I’ve noticed this happen multiple times at concerts or venues. I’m wondering if there’s some kind of psychological phenomenon or explanation for this? I’ve never experienced any earthquakes before, I am from the PNW so I am worried about “The Big One”. Also, if anyone experiences something similar, do you have any tips for managing it in the moment? I’d really appreciate hearing from others who relate. TL;DR- My anxiety went up during concerts but goes down immediately after exiting the venue. Why?",anxiety
1t6xkm0,Why am I such a failure？,"I bought a new blanket because I burned my old one while smoking in bed. The new blanket has been sitting in my living room for a week now, and I still haven’t opened it.",depression
1t6o5a0,I can not anymore,"Saying everything briefly 24 male gay living in an arab homophobic Country. Was i jail because being gay Exposed, everyone know that i sm HIV POSITIVE and gay. Getting death threats, because now everyone who think he knows me, will think i gave it to them. No social life and got to zero after being exposed. My family is disgusted of me But I‘m studying German, in a hope to get there, because i have a bachelor degree un med But i can not wait Every day passing feels tough, and things just getting harder. Nothing good ever happens to me. I am sad, lonely, depressed 24/7 Went to psychologist. But did not work out I just have my mom The only person that have my back. But, i feel if knew what i was feeling, she would make it end to, for my sake. Can’t travel abroad Won’t get visa My Father despises me, so still no money Nothing anymore makes me happy, and only bad things happen during my day. I am writing this not for someone tell me I’m so sorry for you ,or someone to tell me like a better way to live ,or what to do .because I tried everything I’m able to I’m sure if I lasted , like another eight months, I’d get a visa, but I can’t wait that long I’m just too drained out To out of it To depressed Things that happened to me in jail, were indescribable , there was a point there, that a stray cat live better than me And all of that was because I have Hiv and gay. People tell me why do you still think of that? and I always reply by I’m still here. I’m still in this country. This country has ended me",depression
1t7labw,Anxiety dizziness or sleeping tablet?,"So I’ve been experiencing a really scary on and off Falling/swaying/spinning off balance head sensation. I’ve had bloods tested, blood pressure checked, eyes checked and everything is fine. So I’m wondering if maybe it’s the sleeping tablet I’m on causing the dizziness? I’m on 25mg hydroxyzine and now that I think about it the dizziness started around when I started taking the tablet so I don’t know if it’s a coincidence and it’s just anxiety causing dizziness or if it really is the sleeping tablet. Should I try coming off the tablet and see? Sorry for the long post and sorry for posting so many times in this group everyone is probably sick of me oops.",anxiety
1t6saky,Fear of going on long flight and traveling without my young kids,"My husband and I are flying to Hawaii for his cousins wedding next weekend and we are leaving our two young boys with my parents. We live on the east coast so the time change and long flights (with layovers) would be too much for them. I am extremely anxious, I just need to land on the island and I know I will feel better but the lead up to the trip is crippling me with anxiety, mainly due to fear of my husband and I not coming home to our boys. I know flying is safe but this is a brand new type of anxiety since becoming a parent! Have any other parents traveled this far without their kids with their partner and what helped?!",anxiety
1t7qpi2,I struggle to care although I really want to. I have no motivation or energy to float through life.,"I dont care anymore, simply, i want to care but I cant. Exam season too its tough, adhd preventing me from revising anymore than a day before an exam that i cant even bring myself to give a toss about. Life is hard for no reason and people are difficult . I don’t want to meet new people because I feel that I am more likely to be let down than get anything out of it. I enjoy the company of myself and a few friends, I hate some people I live with and am fed up of not beng able to move freely in my own home, which is somewhat representative of how my mind works, I reside there but have little freedom, comfort and control. I am always being vigilant in case of invading conversation and thought. When does the life I was advertised begin? Or will I never get that? Is the temporary nature of happiness designed not to last as long as the inexplicable sense of guilt, shame, embarrassment and tiredness I feel with every step i take or thought I create? Is there a purpose for me or was I born to go back and forth mentally and physically. Its so tiring being me, a privileged person with, on the surface, little to worry about but the battlefield that is my brain.",depression
1t713ee,Numb and ready,"See last year, I killed myself and was brought back since then I was on a road of redemption so to speak, I went sober I found Christ I’m doing all the steps to be better…. Truth is I’m still tired, everyday I wake up contemplating my own life, everyday I fantasize a better life for my kids with me not in it I’m trying so hard not to relapse and honestly not to just kill myself everyday I’m judged, homeless(couch surfing), I’m fucking tired I don’t want to be here anymore, all I’m doing is projecting my waste of life on everyone around me I’m tired of giving my all to ppl who wouldn’t notice if I disappeared tomorrow, I’m fighting so hard to be somewhere that doesn’t bring me peace I believe in god and accept hell if this my life on earth I took a lot to even open up about this I’m not here looking for sympathy just needed to vent before I made my choice again My mother once quoted “next time we won’t make it in time, next time he won’t fail…”",depression
1t7swxs,Struggling to stay on an SSRI,I have developed severe anxiety and OCD and my doctors are recommending SSRIs to me at this point. I tried Prozac for 1 week had severe panic attacks for hours all day. Stopped. Tried Cymbalta for my pain + anxiety. Horrible reaction had to stop immediately. I just tried Zoloft yesterday and I’m afraid to take it again. The anxiety attacks after taking it are really scaring me. I’m struggling to cope with the nausea even with zofran. Please send tips. I have already tried therapy but I’m having a crisis so I fear I am beyond help without meds,anxiety
1t7v66u,Why do I pull away the moment someone gets emotionally close to me?,"I’ve noticed something about myself and I’m trying to understand it psychologically. I’m completely comfortable talking to people, flirting, connecting emotionally to a certain point, and even being affectionate. But the moment I feel like someone is getting *too close* emotionally...like they’re genuinely entering my inner world or seeing me deeply. I suddenly feel uncomfortable and start distancing myself almost automatically. What’s confusing is that I don’t have any major heartbreaks, toxic relationships, or obvious emotional trauma that I can point to. This pattern has still been happening for years. Why would someone react this way?",anxiety
1t7iot2,Are these people actually my friends?,"So for some details I have reached out to both groups of friends about my mental health before and was left with them not replying to me and only the one girl replied to me trying to help me because she had major depression like myself so it’s always nice to be able to talk to her. But she doesn’t reach out or when made plans she forgot to tell the rest of the group chat which fair but it’s still a pain. Like is it bad to expect my friends to try to be there for me when I’m at my lowest and reach out to them? I don’t expect them to read my mind but I was in terrible pain and none of them really were there for me. And whenever I send topics to them via messages when it’s me sending them I get ignored. Now everyone has been different SINCE I have told them I started apprenticing for tattooing. They message me a lot more and tell me that I can practice on them. No indication of paying me at all, the way they communicated just seemed like they were entitled to my work because we are friends but yet I haven’t been feeling reciprocated with friendship. I feel like I’m constant a burden whenever I text them or they get annoyed and that’s why they don’t reply. I have even told them before just some type of indication for communication as it makes me feel like complete utter shit whenever they never reply but obviously it hasn’t helped at all. I just need advice on how to handle these friendships because I’m so confused on what to do. I have told them I’ll be $80 an hour when I start and haven’t heard anything since. Like if any of my friends had a service I would be paying them FULL for it. I don’t want no discounts or anything because it’s me fully supporting their small business and helping them grow as it’s expensive. At this point I only feel like they keep me around and started doing nice things for me because I’m becoming a tattoo artist and it legit breaks my cold fucking heart. I know I can be a terrible friend and still have work to do on myself. I just rather have those around me who care.",anxiety
1t734cl,Is it selfish to be depressed as the main supporter of your family?,"Everything feels heavy all the time. I wake up with anxiety, guilt, shame, fear and I go to sleep with the exact same feelings. I have no stability, I’m struggling financially and I feel completely stuck in a country where I already felt isolated What scares me most is how hopeless I’ve become. I keep having this urge to just do it, I’m scared because I’ve never had it before, only recently and it’s making me freak out because I don’t know when will these urges take over. My brain keeps telling me there’s no fixing this and no future for me. I know people say I’m young and it gets better but right now I genuinely can’t imagine a version of my life that feels okay again My mom and grandmother are the reason I haven’t done it earlier. They love me and see me as their saviour, I’m trying to fake happiness and strength for them but I really can’t do this anymore. If I want to leave or even live miserably on my own, how do I do it without feeling guilty for leaving them behind without support? I love them but I can’t do this life anymore",depression
1t7f2mr,Escitalopram is making me feel worse than before,"I've been taking 10mg escitalopram for 4 days now. I am taking them at night at the moment. Switching to the morning later, but if my anxiety was bad, now is worse. It's been progressing day by day. Today I was about to call 911 Heart palpitations - weakness - feeling like fainting - nausea - and a sensation of coldness running though my body. That maximum point lasted like 5 minutes, then I start feeling tired and of course, scared on how soon is coming back, It came back almost 3 hours later, it lasted like 3 minutes, I am at work and can't leave. My doctor told this side effects are expected, but didn't told me how much they last?",anxiety
1t7qni6,Anxiety so bad it’s manifested in the physical,"Just seeing if anyone can relate or has dealt with this cuz I’m lm about to lose it. For context I battled extreme muscle/joint/tendon pain and intermittent numbness for 3 years straight. Went from being a former D1 athlete to being bed bound and having to get FMLA at my job (12 hour computer shifts sitting and talking on phones all day so posture isn’t great). Even got diagnosed with thoracic outlet syndrome at one point. Well it wasn’t until I got off adhd meds that my pain started to dramatically subside (around last fall). So I’m like cool, I’ll be better soon. Yet the catch is I feel like I have low key ptsd from the thousand times I tried exercises/light lifting only to wake up to pain. CONSTANT flare ups to where it ruined my social life and I retreated. Today’s rant topic: my neck and throat. I’ll wake up feeling okay some days but as soon as I have the prospect of peopling or going to work it’s like my entire ribcage gets so tight it feels like I’m being wrapped in 100 rubber bands & feel like I can’t get enough aor to say more than 3 words in a row. Voice is so faint and weak sounding. & my neck…fuck. Every part of the front of it gets so tight it’s tender to even poke. Some days I can’t swallow properly and there’s something always clicking on right side when I swallow like have to be very conscious of trying to get a clean gulp. Only way to release some tension is to yawn and even then it feels like back of throat is peeling apart from being glued together. What makes me wanna just give up is how much my speech has changed because of it. I SLUR LIKE A DRUNK and it’s soo embarrassing and has wrecked my confidence. Like can’t pronounce so many words anymore no matter how hard I try. When im hijakced like this nothing seems to calm me down until I drug myself to sleep and that’s a task half the time as I can’t find a comfortable neck position. What gets me is despite being bed ridding for 3 years I never ever had those issues. It’s only started the last 8 months an gotten worse. I’m sure there’s 100 reasons contributing but why I’m so certain it’s anxiety related is because when I feel my most confident best self it all falls away. Still can’t say 6’s well but it’s fluid for the most part & I don’t have the chronic tightness. I’ve got c-ptsd & have been in flight or flight my whole life (survivor mode) but I’ve managed? What gets me is just how QUICKLY knots form in all areas of neck and base of skull and chest. It’s like minutes. That I have to constantly heat and attempt to stretch which seldom does anything. I’m trying to hard to focus on deep breathing but it seldom resets me. I can flare up anytime of the day so just when I think I’m getting better, I clearly am not. Sorry for being all over the place. I just don’t know what to do anymore. I don’t have money for doctors. I’ve seen 7 specialist, counselors, PR chiro, nerve study, nutritionist, MRI. etc and am just feeling really fucking defeated. Never in my life did I think I’d get to a point of not being able to talk as it feels like my poor body is turning on me 😭",anxiety
1t7fhom,Sharing in case it’s helpful to others + Tip for falling asleep faster,"This is probably useful more so for people who’s anxiety is created by their own beliefs, those who need help sleeping and not ruminating at night, or even those who are in a misaligned job or relationship yet feel stuck. Or even those who are simply stressed and find themselves spiraling from their own thoughts they created. This is not medical advice. One of the most impactful things that I have done to decrease my anxiety is to: Step 1: Find the subconscious program that is creating the anxiety in the first place. I do this through a self reflection exercise as well as through looking at all of my results in life and then reverse engineering it. Your thoughts create your emotions Your emotions drive your actions Your actions create different results So if you want different results in your life you first need to start by changing your thoughts. Not your conscious thoughts. The subconscious thoughts. The deeply rooted ones that sting to admit to yourself and are tough to swallow. Example: You may consciously think you need to suffer in order to be successful. But subconsciously you believe your worth equals how much you produce. This is what leads to constant burnout and stress and feeling guilty when relaxing. Others could be you feel that it’s not safe to speak up and express yourself or “this is just who I am.” “I’m just an anxious person” “This is simply who I am.” You are NOT! You are just FEELING anxious but you are NOT an anxious person. You are not your reaction or emotion. Step 2: Rewrite your subconscious belief / programs into something more empowering. “I am a magnetic and creative being who radiates calmness and ease.” “The more I express myself, the freeer I feel and the more impact I create.” “My days are spacious and filled with things and people I love.” “Everything always happens FOR me. I trust my intuition to guide me.” The key is that the words need to both resonate with you and be specific and targeted to your own personal subconscious programs. Generic ones won’t work. They need to be specific to YOU and your own beliefs and resonate. Step 3: Journal Stream of consciousness writing. Getting all of your thoughts out of your head!! Whatever comes to mind. Get it out onto paper. Ideally write 3 pages. It typically starts to get really good by the 2nd page. Step 4: Write your new Empowering Statements - DAILY! Handwrite these new empowering statements every single day!! First thing when you wake up. Before interacting with the world. I love lightning a candle and making it feel more like a ritual and I don’t touch or scroll on my phone until after I’m finished with my journaling routine. This method is called Frequency Training. Frequency being your Identity, Beliefs and Intentions. So you are essentially upgrading your identity and your beliefs through repetition. Each day, getting the reps in just like you would at the gym if you were doing a bicep curl. Consistently is key. The full thing may take 15 mins a day but honestly it buys me back hours if not days of my life!! Rather than spiraling for days or second guessing myself or letting doubt creep in or anxiety creep in, I feel so much more calm and clear!! It sets the day and carries into it! When you have clarity and stability in who you are and what you believe, you are not triggered by others and you are able to easily filter your decisions and start to trust yourself and just automatically think more empowering things about yourself and the world. If makes it easy to say no or let go of anything that is misaligned. Bonus: Night Time Routine I also do a night time journal routine where I write out 3-5 things I’m appreciative for as well as give my subconscious a “homework task” to work on while I’m asleep. As well as set an intention for how I want to wake up in the morning. The theory is that your subconscious is constantly running and typically you are ruminating on something going wrong or in the future and worrying and feeling anxious and then you wake up feeling that way. So instead, give your mind something to work on! “Give me clarity on … what my next step should be in my business” “Show me what may be getting in my way” Then, set an intention for how you want to wake up. “When I wake up, I will feel \_\_\_ to \_\_\_\_” When I wake up, I will feel calm and excited to work on my new passion project and call up a friend! You will find yourself falling asleep faster and waking up feeling way more calm!! Please let me know if you tried any of these and what the results are! I love learning from others and seeing if others have had the same experience as I have!",anxiety
1t7622u,I fear running out of enjoyment,"I’ve realised that recently, I’ve picked up this fear of running out of good entertainment and things I enjoy to do. There’s this great fear that I will be left utterly bored with nothing to move me after I do all the things I want to do. Anyone else ever felt like this?",anxiety
1t7izsl,Its impossible for me to socialize with anyone now.,"I keep getting bullied everyday and i spend my weekends just crying and not leaving my bed. My life only revolves around school because thats the only thing that ever happens in my social life. I tried to fix myeelf, i tried to go outside and hangout with people but i was bullied and hated. I cant do this anymore. I just want to go to a spot somewhere and meet my classmates and aquaintences and just hang out with them and TALK. I wanna die. I want to disapear so that i wont be a bother to anyone ever agian.",depression
1t6th0r,Sad beyond the blues,"So I am a convicted felon and I spent time in prison due to my actions. I have no luck getting a place and am homeless and afraid to tell my probation officer. I am so sick of messing up everything I do. That’s the reason for the conviction, I was trying to commit suicide and others were involved. No one got hurt but the scene was set up for that. Now I live with the ptsd and the knowledge I could have hurt someone. I just want to do it the right way this time.",depression
1t6sunh,First time showing my true mental state,"first time saying this stuff publicly. The memories in my head r killing me, the darkness in my head became a part of me that I can’t let go, I don’t even want to let it go. Who I once was would be afraid of who Ive become. Reality seems to be losing its grasp on me now too, I feel as if I’m drifting away from reality but not as if it’ll ever truly happen. I want it to happen for some reason tho, to not look at how ugly life is, to be able to drift through the void of my mind and not look at reality again. To be one with the pain n thoughts. Ive become curious of what will happen after death, to see what it’s like to be away from life truly. I’ve thought about death actively for many years now however. Either way, Im a shitty person no matter how hard I’ve tried not to be. I did stupid shit to people I loved an could never fix myself, to treat them the way they should’ve been treated. I’m at fault for the ruin that followed, no matter what someone says. Something I’ll never forget is how I turned the Person I loved most into a husk of who they once were. all cuz I couldn’t keep things together and things had to end between us. I already have what I need to find death, I’ve come close to it many times and hesitated before it could be done. No point in not following through with it tho, no one needs me anymore, self harm doesn’t work anymore, n alcohol is the only thing I turn to. there’s way to much more I could say, but my mind has started to numb me and block memories and feelings. If ur wondering im a 17 male",depression
1t7e7er,"Please dont let anxiety slip into depression, this is hell on earth","Iv had extreme anxiety for months.. Mainly physical felt it all day in my stomach, chest, neck constant tension iv tried so much things and meds Iv never had depression before im 41 mainly dealt with anxiety but this latest episode has put me into a spiral so deep I dont know how to escape Basically the anxiety has beat me down so much mentally that I slipped into a severe depression along with intense anxiety so I lost all hope to fight it. Everything hit me depersonalisation etc So now im working to fix the depression so I can get energy to tackle anxiety again Please dont let yourself get this far its the worst hell iv ever experienced",anxiety
1t7ik0z,I already failed 4 attempts,It's a myth that people regret their attempts. I'm 29 and my body literally doesn't function. I live with pain every day. My hair became thin and my skin became dry. Invisible illness that doctors don't even care about. I wasted my entire youth. I was bullied to the point of body dysmorphia and agoraphobia. Then just as I got better... I became physically ill. Now I'm falling back to how I was before. I feel so ugly. I see an old lady in the mirror. I don't want to leave the house in case my pain flares up.,depression
1t6r920,Any medications that have strong effects against physical anxiety?,"I’ve became a bit more conscious about how severe my anxiety has gotten and it’s really impacted my ability to function in public. I can’t walk normal, or stand without shaking or buckling. It’s horrible, and I’m seeing a doctor tomorrow to give another shot at finding a medication that would help me. So far, I’ve taken Zoloft and then switched to Prozac. I only take 10mg for my OCD. I also take magnesium supplements on the daily and it helps a little. My shaking has only worsened in the past 2 months and I’m looking for a medication to help ease it.",anxiety
1t7u556,help,"So i'm going thru a lot at the moment subconsciously I believe. For the past wk I am having panic attacks for no reason out of no where. I am one with extreme health anxiety-specific surrounding certain disease. I have a big life change coming in two weeks. Moving out of state when I have never done so & uprooting my family. And moving somewhere I'm not particularly happy to move to (house wise) but it's a house for at least a year to get us there. I'm leaving behind my 21-year-old son because naturally he has his own life and wants to stay. I'm moving further from my family. Six hours to be precise instead of two like I am now. But it's a better opportunity moneywise for my husband and I. we have two other children 13, and one. So almost every other day for the past wk I've had to take anxiety medication because randomly I am having panic attacks out of nowhere. I assume it's because of all of this and getting closer to the move -2 wks- plus hormones. I'm stuck in the middle of post partum/perimenopause. But then well of course my best friend. Text me today asking if I was ok because he had a dream that I had died in a car wreck. And now it's just very consuming. I needed to go places today and I did not. And now I'm scared to do anything.",anxiety
1t6k0qq,How do you turn around a bad day?,"I’m nearly 6 months pregnant, I haven’t had one of these days in a while but I feel so unmotivated. I have decision paralysis too. It’s my day off from work so I feel like I should be doing all the things I want to do on work days, but I can’t seem to get myself to do anything. I live in a super remote town by the beach, northern CA so it’s cold. I can’t just go treat myself to a pedicure or anything, there’s nothing around. And I don’t want to go to the beach today. I just feel bored and can’t focus on anything. I also take baths daily so please don’t suggest that. Ideas appreciated 💕",anxiety
1t7xkww,"I feel so stupid and unaccomplished, I feel like everyone hates me too.","Idk what I did to be so disliked it, if it is just me that is simply like that, I don’t know what about my personality makes me so unlikeable, but maybe it’s because I’m stupid. I see and constantly hear stories about how everyone my age is doing these big great things meanwhile I’m in bed, rotting, being useless.",depression
1t718ax,"191 days sober from alcohol,but im now depressed and lonely","I'm 21, struggling with depression and alcohol cravings,I admitted myself into a hospital for self har,in February,im doing better but right now I have no friends,im an extreme introvert,I have trouble with talking with people I don't know, I currently am employed but im only getting 15-20 hours a week as a cashier, i know cashiers are supposedto be extrovered but im on auto pilot, struggling to make do and I have no savings for a vehicle, self confidence is at an all-time low motivation dropped significantly since I quit alcohol, im stuck at a dead end job, and have no opportunity to move up in life because the lack of motivation and a car,l moved out with my brother about a year ago and that's when I started my downfall, drinking heavily smoking weed but October 31st i white knuckled sobriety to this day no help from anyone so I don't know ways to heal from alcohol correctly, and was never in an aa group or anything, in general my life could be better, I've been thinking it's kinda shitty and I need change but I don't know what to change,can someone help",depression
1t7xjx4,Lexapro,Hi all! I wanted to make a post in case someone went through what I did… I remeber scouring Reddit for hours on end trying to find some comfort. I suffer from extreme anxiety that made me truly want to not be alive. I felt horrid darkness just come over me and I couldn’t function. At all. I went on Lexapro and after about a month my anxiety was gone. I used hydroxyzine and trazadone to help me through attacks and when I would feel the anxiety creep up. I’m on 20mg. After three years I decided I wanted to ween off. Finally weened off and put myself in the same place I was before Lexapro. I was so scared that this was going to be my life again even though I restarted after only about 2 weeks off. It’s been a few months and I’m back to normal and it only took about a month to feel completely okay again. IT GETS BETTER. I know it feels like nothing will help but I promise you…. Lexapro works.,anxiety
1t78enj,Adrenaline Vs. Anxiety Over a Future Event...help meeee,"Question first, details to follow: I have an event in four weeks that I know will give me an insane anxiety attack as it's a really exciting concert/show in a new environment. My body has no ability to discern between adrenaline/excitement and anxiety, so when I get worked up about something that should be fun and exciting, I end up spiraling into an attack. Anyone have any tips on how to go into an event like this without losing my mind or ruining the night for myself? Info : I have had anxiety my entire life, mostly presenting itself as physical symptoms (heart racing, shortness of breath, tight chest and muscles, stomach issues). Problem is, when my adrenaline spikes, it feels the same so it often triggers an anxiety attack even if I am not inherently anxious to begin with. I feel the physical symptoms and the alarms go off in my head, and now I am spiraling and trying to manage the anxiety. New environments don't help, especially when it's a loud, dark, crowded venue. This evening is really important to me, and I don't want to spend the next four weeks losing my mind over it, nor do I want to spend more time the night of managing my anxiety than actually enjoying myself. Open to any tips or advice on how to manage this, both before and during. How can I cut the association between a positive adrenaline rush and an anxiety attack? How can I manage my anxiety symptoms so I don't feel like I'm dying when I should be having a fun night? **To be clear I am not looking for quick fixes...I know that isn't how this works.** I've been in therapy a long time and have my own set of tools, but am looking to see if helpful strangers have anything that I haven't tried or insight I haven't considered.",anxiety
1t7o36d,Propranolol,"I can’t remember if I took my 10mg I usually take at 5pm. Based on my hr and anxiety, I’m guessing I didn’t, but I’m not 100% sure. Would it hurt to break one in half and take 5mg? This way if I did take it the it’s only an extra half dose. If I did in fact take my dose, it would have been around 4:50 pm. It’s now 7:20pm. Anyone add a dose within a short amount of time?",anxiety
1t7vf51,klonopin & alcohol,"hey guys, been dealing w night anxiety / panic attacks … so ive been on klonopin .5-1 mg nightly for sleep for the past 2 months. ive also started a SSRI and the klonopin has bridged gap. planning to taper off. HOWEVER, i drank all day today at a golf tournament, on and off, and then like 1.5 drinks at a party after. i feel sober and oriented, but i have so much alcohol probably still in my body. not sure what the best course of action here is… because im worried about stopping cold turkey tonight and probably wont sleep / have major side effects, or taking a tiny dose like .25 mg of klonopin so my body is not in complete shock. i just dont want to die lol and im scared",anxiety
1t6tmub,Need Advice/Vent,"I am an introvert, lack confidence and almost 30M. It has always been difficult for me to make friends, I have difficulty starting small talk and conversations. I have one real friend (at least I think so). I have never been with anyone my entire life and it seems like I never will. I have been trying to make friends at my office but to no success. I try to have non work related casual conversations, ask my co workers to grab lunch or coffee together but it hardly works. Whenever my co workers make plans to meet outside (like for happy hour or going somewhere on the weekends together) I never get asked. I can hear them making plans, see their stories on insta and all I can think is why am I never included. Sometimes I will leave my desk for a while and go for a coffee run so I don't have to hear them making plans. There is this one co worker who would talk to me because we sat beside each other but in December of last year our seating arrangement got changed and now we only barely talk. Also due to restructuring a few new people were added in our team and suddenly she is best friends with them. I go to her desk sometimes to have a conversation but she is always busy somehow. I am not rude or abrasive, just shy and unfortunately have nothing to offer to anyone. I don't think my life will ever change, I over think about being lonely and being left out all the time, can barely sleep, can't afford therapy and I just don't know what to do. The only people I talk to (non work related) on a regular basis are my parents who live in a different country. If I die tomorrow no one except my parents and a few family members will care or even notice. I just don't know what I can do to improve my situation. Weekends are the worst since I rarely have any human interactions. I have TV on all the time so I don't feel alone at home. I am not suicidal but genuinely don't know what is the point living such a life. Sometimes when I am on the street I wish that some freak accident will happen and I get a quick pain free death and almost every night I wish that I don't wake up tomorrow. I can't take it anymore and just don't know what to do. I apologize for the long post.",depression
1t79kr9,depression illustration,"i saw a chart here a while ago of different stages of 'feeling bad' / depression where the first image is something like 'feeling so good i could burst' and then it gets gradually worse. I'm not quite sure how else to describe it but perhaps someone in here will know what I'm referring to. If you think you know what i mean please link in the comment, it would be much appreciated.",depression
1t7yccu,holding my breath while sleeping,"around the first hours of this morning, while still asleep, i felt like i wasn’t breathing, and in fact i wasn’t, when i woke up, even tough i was half asleep still, i felt like i was in a hyperventilation state. I don’t think this has ever happened before but i did struggle with anxiety while sleeping but it i’ve never had breathing problems and considering that my anxiety is focusing on the breath lately, what happened could just be a consequence. Do you have any suggestions?",anxiety
1t6vcp1,Has anyone else ever wanted to run away?,"16f here. I still have 1 more year of high school. I have tried everything under the sun to graduate early but I dont think its going to happen. I hate my school, I have no friends. I am one of those people who doesn't like to be stuck in one place for too long I need to see new things and be new places. I cant stay in my tiny town any longer especially with ny mom who makes it difficult when we fight. I want to run away to my aunts on the other side of the state but I cant just go there. I dont have my full driver's license yet and I dont have a car. Plus how would I do my schoolwork? I just want to start fresh",depression
1t7kjrf,Any advice to stop being anxious when someone doesn't reply?,"I have this thing (and decided to make a post since it is currently happening to me and I don't know how to stop it). Simply, if I find some person really cool or like that person and we text for example and then they don't reply anymore or taking long time to reply to my last text (which of course I understand, life gets in the way, even myself I don't reply to texts instantly when I'm busy). But my mind starts going insane about it, I start overthinking, I keep checking and checking my phone, I turn off notifications to forget it, then turn it on, keep checking..then try not to do it, but then I keep thinking and wondering did that person reply to me. It sounds like I have nothing to do with my life, but I manage to be this irritated even while having some tasks to do. And it is really annoying me, it is annoying that my mind can't let it gooo, any advice on what I should do? Stuff like ""distract yourself"" doesn't work for me, I still keep thinking about stuff.",anxiety
1t7ahdo,What helped me break my anxiety loop,"I had a period where I woke up every day with strong anxiety. Tight stomach, fast heartbeat, constant sense of dread. It felt automatic and completely out of my control. Like most people, I tried to get rid of it. I monitored it, analyzed it, fought it, searched for ways to calm it down. And it got worse. Every time I treated it as a problem that needed solving, it became more present, more loud, more urgent. The harder I pushed, the harder it pushed back. **The shift** At some point I stopped trying to remove it. Not as a strategy. Not as a technique to make it go away faster. I genuinely stopped caring whether it left or stayed. I told myself something simple: *""This is here. It feels unpleasant. And that's okay.""* That was it. No plan behind it. No hoping it would work. Just, it can be here. **What acceptance actually means** This is where most people get it wrong, and I got it wrong too at first. Real acceptance is not: * tolerating it so it will pass * sitting with it until you feel better * waiting it out * checking whether it's working If you're doing any of those, you're still fighting it. You've just changed the weapon. Real acceptance means this: *It can stay. I have no agenda for it.* Not ""I'll allow it for now."" Not ""I accept it, so hopefully it goes away."" Just, it can exist here, in the background, while I live my life. Whether it leaves today, tomorrow, or never — that's not the point anymore. The moment you make removal the goal, even quietly, even as a hope, you've restarted the loop. **When it comes back** It will come back. Sometimes strongly. When it does, there's nothing new to do. Just the same thing: *""Okay. It's here. I can live with this.""* Not to make it go away. Not to begin some process. Just an honest acknowledgment that it's present, and that it doesn't stop you from doing anything. Then you continue what you were doing. No restarting. No frustration that it returned. It returning doesn't mean you failed. It just means it came back, the same way a sound can come back, and you don't have to react to every sound. **What happens over time, and why this matters** Here's the part that's hard to explain without sounding like a trick. Over time, many people find that the anxiety loses intensity. It visits less. It stops feeling like an emergency. But, and this is the entire point, that cannot be why you do this. The moment you accept anxiety *in order to* reduce it, you are not accepting it. You are negotiating with it. You are still treating it as a problem that needs to be managed, just with a softer approach. It only works when you mean it completely. When you genuinely reach the place of: *I don't care if this stays forever, I'm living my life regardless,* that's when something shifts. Not because you tricked your nervous system. But because you actually stopped feeding the loop. The reduction, if it comes, is a side effect of something real. It is not the goal. It is never the goal. **The core of it** Anxiety gets its power from your response to it. When you fight it, you confirm it's a threat. When you monitor it, you confirm it's worth watching. When you try to calm it, you confirm it needs calming. When you truly stop, not to get relief, but because you've accepted it can stay, you stop confirming any of that. What happens after that is not in your hands. And that's exactly the point. One last sentence ""Even if it comes back, I do not use this to get rid of it, I use it to remind myself that I can live with it"". This is not meant to remove it but to accept it, byproduct just happens to be removal, but it will only happen if you don't expect that result but you truly accept that you can live with it even if it stays. Hope this helps a lot of people.",anxiety
1t7nvtx,I'm lowk happy in my misery,"I cannot see myself as a lively productive person at all like I legit cringe at js the thought of being like that even though it sounds cool in theory.. And it's not like I'm comfortable being grumpy n sluggish all the time either..I do want to feel physically better (cz chronic stress and depression do infact fuck up ur body) but ngl I don't wanna be a ray of sunshine I can't I cringe soooo bad when I see myself ""tryna live right"" cz who tf am I feeling like fr.. I lowk felt like a masochist typing this lmao pls yall tell me I'm not alone on this one",depression
1t7x5fy,whats wrong wit me bruh,"i got almost everything i rlly need in life i got a mostly good relationship i have almost no stress in my life i have so many friends, but this is the most alone ive ever felt and the most nhilistic ive ever been in my life, everything just feels so pointless, im not even like sad im just numb to emotion and have been for abt 3-4 months now nonstop, ive always been depressed since i was 3 yrs old but nothing ever as bad as it is now this is the worst its been in my entire life, i mean fuck what should i even do to fix it, everyday i just wake up, smoke, then lay in bed dreading the day to start, and i passively wish i would just die at this point",depression
1t7rb0e,"My sister has anxiety, and has anxiety attacks.","So, my sister has anxiety and occasionally has anxiety attacks. I'm honestly not sure how often she has them, but she mentions them when it comes up in conversations. I try to be there for her, but I really am not fully sure what to do or how I can help her. Is there anything I can do in general to help? Sometimes she is worried about something (I have trouble knowing if it's normal worrying or anxiety), and I try to reassure her, but I'm aware that a lot of the time it's rather not enough or doesn't help at all. I would appreciate any advice or anything I should know. Thanks!",anxiety
1t7n4dh,Stressed and depressed?,"I have 2 children. My husband and I have talked about having a 3rd for a period of time now. Right now our life is set up nicely. We both have great jobs, I'm working per diem right now working 3 days a week, lately 4. 2 days during the week my husband has off. The other day, sometimes 2 his dad watches my youngest and he makes sure my daughter gets on the bus. My 2.5 year old is very easy. FIL even stated how he's so independent he doesn't have to do much. In return we let him use my husband's car for work. He works one day a week delivering papers. He has no vehicle so having one was obviously a must. Right now I don't work full days, maybe up to 7 hours. My husband and I have talked about me going full time in the one building instead of the 3 buildings I work in. Overall I'd make 25k more a year. We would be able to afford more and we could start trying for a baby. A few times his dad watched our son for 3 days and that was because we needed a sitter last minute. He told us he absolutely can do no more than 2 days a week because it can be too much. We totally understand and respect his wishes. I do want to add that we are both super grateful for his help and I don't want to sound like we are ungrateful. Here is the issue. I want to go full time in the facility closest to home. It's my absolute favorite place to go. I dont want to end up losing it if they find someone full time. My FIL brought it to my attention that his best friend asked him to homeschool her son for him next year. I asked him, "" me:you know that's a full time job don't you?"" FIL: oh no I can get it done in 2 afternoons. His mom wanted to do it herself, but she asked me to do it. She says she doesn't have the time to get up in the morning to make sure he walks to school. So wants him to do homeschooling instead. Me: my aunt homeschools. She had to quit her job because there are hour requirements​​ you have to fulfill. 1100 hours in a school year. He won't listen to me. His friend that I do know enough about is extremely lazy. She will not get up for her kids. She has now 4 baby Daddy's and her oldest had to raise herself and her brothers, she's only 18 and just turned 18. I tried explaining to him that it will be too much for him. He told me he would do his research and clearly he didn't because he convinced my husband that homeschool can be done in 2 days. Also, take in mind his friends son has severe intellectual issues and major behavioral issues as well. My #1 concern is his dad will have no life and won't be able to handle it. He deserves his time off too. Another concern is of course if I can go full time. I have a strong feeling he will choose her kids over his own grandkids. He's a great grandfather, but I expressed to my husband that he will probably choose his friends kids over blood. And he thinks the same but to him it's understandable because he has been the one who has to get her kids in line because she refuses too and known her longer than his grandkids. He chooses to stick with it I won't be able to go full time and we won't be able to have another child because daycare is way too expensive. I'd be so upset with him if he does choose his friends kids that the weekly dinner nights we go to I will not attend anymore. And I told my husband he shouldn't lend out his car either because me working more allows that cushion if something were to happen to his car we can buy a new one. We just bought my car that's almost brand new . ​I don't want it to be conditional. But we can't just lend out my husband's car if we can't afford something happening to it and if I have to limit my hours. Thankfully, my mom is retiring early in June this year and offered one day a week but can't do anymore because she takes care of my grandfather. I would be devastating too not being able to have one more child. I don't feel like our family is complete yet. I would also hate to see his dad just fall apart. He will not be able to handle both. He would also have to give up his job because he will have no time for anything else. It actually makes me mad that his friend threw that on him. She was there during a bad time and to her he owes his life to him. Idk what to do? ​",depression
1t6r660,Encourage me to start Zoloft,Scared to start. Scared of side effects. What could happen. Etc. but my quality of life is suffering so bad. Really considering 25mg then go to 50. Therapist and Psychiatrist recommended.,anxiety
1t7sc89,Very proud of myself for putting myself out of my comfort zone,"Today I drove at night, on the highway too, picked up and dropped off some friends, drove through the narrowest spaces and parked in the tiniest spots. I also walked 10 minutes at 3am at night (whilst on a call tho) from my car to my house, even though I was stressing about these things the whole day. I have too much adrenaline and I am overthinking things (like what if I left my car doors open) but boy am I proud of myself for doing all this. One of my non-licensed friends did say I drive weird and slow hahahahah but I am so happy still and know I drive safe nonetheless. Just lack of experience and anxiety obviously. I could have driven better definitely, I almost went through a red light that was hidden and I only saw at the last moment, but again I did something that was so scary to me. I cannot sleep right now, and just needed to get this out there! So proud !",anxiety
1t7x9dp,Ganglions lymphatiques ?,"Depuis avant hier j’ai vue que j’avais 2 ganglion juste derrière l’oreille 1cm max, un est douloureux et l’autre non, assez souple si j’appuie dessus mais je ne peux pas bouger sous mes doigts, je suis super inquiète, dernièrement j’ai été extrêmement fatiguée, stressée, triste.. car nous avons perdu notre chat écrasé devant chez nous, j’en fais des cauchemars tous les soir de ce moment .. donc c’est possible que mon système immunitaire a été faible un moment, mais bon dieu que ça me stresse, je m’imagine déjà avec un cancer …",anxiety
1t6vh5p,I'm currently trying creatine and am surprised by its mental effects,"Lately, I’ve been suffering more and more from severe difficulty concentrating, low mood, and irritability. Over the past two days, I’ve been drinking a teaspoon of creatine mixed in 200 ml of water each day, and I’ve immediately noticed an improvement in all my symptoms. Has anyone else had experience with this?",depression
1t7bfdj,"The anxiety of being perceived is killing me, do I start dressing more ""normal""?","Hope this is okay to ask about in this sub, as its regarding anxiety, specifically social anxiety. Some backstory to why i developed severe anxiety (Might be important for context): I’ve been bullied most of my preteen & teen years, middle school was rough. I feel like i’ve always been very kind, not particularly ugly or anything but i guess because of a lot of childhood trauma being emotionally abused and bullied by my mom, completely abandoned by my dad and struggling to settle as my mom would just meet new men with kids which would make my mom ""start over"" with them and make a ""new family"" several times, didnt really help that none of the new dads that entered my life never really showed any interest for me. Most the time i felt pretty ashamed of even being born knowing how much my mom hated my dad, also because she got pregnant very young i guess i always knew i ""ruined"" her life. Mostly felt like i didn’t belong anywhere, not at home or at school. Growing up my anxiety got worse and worse, at 16 i started drinking to cope with it, i developed severe depression and self hatred and i’ve always been very critical of myself, overthinking every move i make and sitting with a lot of shame, feeling like a disappointment. Started discovering my identity as ive always had ""weird"" interests and i started dressing more and more edgy, dyeing my hair and doing heavy eye makeup. Ofc i got judged for this and nobody in my family liked it but i guess that was the only way i felt kinda confident about myself. Then what completely spiraled my self worth was when i turned 19 and i met a guy i thought was the love of my life; he actually listened to me. Up until him i was never really interested in guys, i just thought i was incapable of falling in love. Long story short, travelled the world for this guy, quit my job, dropped out my last year of high school. Huge mistake. Turns out he cheated on me the whole time while treating me ""good"", lying to my face, talking shit behind my back the first 3 months i lived with him. Then he started verbally abusing me, everyday for two years. Turns out he’s the prime example of a covert narcissist, shattered my self worth inside out and now im heavily ruined with ptsd and agoraphobia, lowest self worth and confidence ever. I developed several autoimmune disorders and even went into psychosis. Developed an eating disorder and lost insane amount of weight in a short time. Feeling uglier than ever, more unloved than ever, more anxious than i’ve ever been. Suicidal, depressed, anxious everyday. 22 without high school diploma and only a part time job living at home, feeling my moms and grandparents disappointment everyday and how i’m ruining everything by existing lol. Making barely any money and i’m useless and they’re always complaining about how lazy i am and how i sleep all day. Truth is i dont even sleep, im just isolating from everyone by staying in my room because i get so exhausted of how anxious i am around them. Everything they say offends me, exhausts me, i feel like im always defending myself. Top on that im not ""normal"" enough for them. I live in a small town in a small country and everyone and i mean EVERYONE stares at me for wearing some eye makeup and lashes. I do my makeup very carefully and precicely, But its still too ""much"" and off for them. I’ve tried dressing normally, i wear jeans and shirts to work but its still always odd enough to where i get stared at so badly while people definitely talk about me because of my black & pink long hair. Its not even that bright. Ive loved the way i dress and do my makeup because truth is i feel really ugly without, especially because of how much my ex cheated. But everyone judges me so hard and my familys biggest wish is for me to go blonde again. Im so anxious these days i can barely leave the house unless i have to work, and for the first time ever ive seriously considered just going natural. With everything. Just slowly learning how to do makeup just, natural barely visible makeup i guess. Nothing heavy nothing stand out ish. I don’t want to, but i also want to be perceived as pretty by the people i am around i guess. Could this help my anxiety or make it worse? Does anyone have any tips at all? Other than moving away. Which i will when i have the money i guess, anxiety is kinda in the way of everything",anxiety
1t7pv6d,Weird doom feeling lately,"I've had anxiety for my whole life pretty much (yes, even when I was a kid) and lately I've had a large flare up in health anxiety especially. I work in the medical field so now I tend to worry I have a neurological disorder due to some sensations, twitching etc. However lately I've been having these weird waves of a feeling of impending doom, like I'm about to faint or die or have a seizure. All I have to do is briefly have a thought like that and the sensation happens and usually passes within a few moments of deep breathing. I'm so frustrated with myself because I feel like unless my brain is actively involved with a million other things or worrying about something else, it just creates something new to worry over. I just want to relax and now my brain says nah, feel like you're about to die instead. Has anyone else ever experienced something like that? I'm honestly thinking I need to consider switching or adding medication. I currently take wellbutrin and have been for about 10 yrs and can't really tell if it's making any difference. My anxiety is definitely worse over the last 2 years.",anxiety
1t6xjbx,"Does anyone else feel anxiety is more than just ""uncomfortable""?","Everyone always says, ""you'll be okay, it is just an uncomfortable feeling that will pass"" and I can just never get on board with that. It is among one of the worst feelings I have ever experienced. I would say worse than depression, for me at least. On par with grief. It is truly, truly, beyond awful. I guess maybe there's no more apt way of putting it? But uncomfortable just feels so downplaying..maybe that's just me?",anxiety
1t6uh5v,Is there really a cure?,"I (30F) have been living with depression for 14 years+. I've come close to suicide multiple times. I have tried all meds in the books. None worked. Some made me a zombie and numb. Some came with intense mood swings. Some came with intense side effects like weight gain. None worked. Ever. I have seen doctors from 3 countries. Several of them. I have stuck with the regimen for years. Have followed all rules. Took meds on time. But still, I'm stuck in bed all day. In a darkened corner. I have no friends. I don't reply to messages. I don't eat properly. Just when i am hungry- can be once a day at random times. I don't get out of the house. I absolutely can't drag myself out. I hate the sunlight. My hygiene is abysmal. My room is a dumpster. I only sleep as much as I can. I live temporarily as a foreigner in another country and thus ineligible for govt support. My native countrys mental healthcare is horrible and often violent, disrespecting even normal human rights, thats why i escaped but seems like I'llhave to go back. I am broke, living on borrowed money but even those loved ones lending me are running out of patience. I am unemployed. But even looking for and applying for a job online seems too much. My mind freezes and hangs. I get this brain fog. My usual perception of the world, my cognitive processing, my memory, all are severly affected. Its so bad that i cannot remember the face of a person even after i have talked with him/her for hours. There are so many other stuff that just makes me feel like I'd be better of dead than alive. The doctors each had different approaches. One diagnosed me with MDD, the treatment had no response, instead caused massive weight gain in a short perjod of time. And when I talked about it, I was gaslit into thinking it was all in my head. Another diagnosed it as Bipolar Disorder II (Bipolar depression) and even then the meds did nothing. Most recently, the diagnosis was GAD. Honestly, my condition became worse after that. I tried therapy too. 3 different therapist. Nothing. At this point I'm tired. I just want to finish all this and fade into oblivion. Is there really a medicine out there that can help a broken brain like mine? All i want is something enough to function as a normal adult and have enough money to be independent. Is that too much to ask?",depression
1t783no,"Caff, decaff, nor matcha likes me","I absolutely love an iced latte or matcha in the summer and a hot mocha in winter but lately since my panic attacks and anxiety evolved like a flippin pokemon, i cant drink it at all. Im drinking coke but its just not the same. If i try a latte, it will send me into spiral by evening and ill end up in a full blown struggling to breathe panic. Anyone else with this problem?",anxiety
1t79izn,Existential panic attacks are ruining me,"I hate the idea that at any moment in any sort of way I can die and cease to exist. I don’t want to cease to exist. I HATE that concept. If we all cease to exist then to me everything and every life is pointless and meaningless. People even agree that it’s all meaningless and are perfectly content with it but not me. Everything feels so grand and vast and precious to me. I don’t understand how all of this we’re experiencing is “meaningless.” It makes all the stress and anguish I feel not matter at all. That it doesn’t matter if I live or die anytime. I feel worthless. I can’t stand it. I don’t necessarily believe in a biblical heaven but I was raised to believe it. I’m kinda agnostic now but I try to believe out of fear. I find it weird that people who have people they love in life are completely fine with not seeing them in death. I want to see the people and pets I love again. That’s another thing- I HATE the concept that I’ll never see them again. I’m in a relationship but sometimes I wonder why be in one at all if I can’t love who I love forever. Yeah “this is precious because it’s limited” or some shit but I don’t want to not ever see him again. When we say we’ll love each other forever I just think to myself “well no we actually might not.” And I hear “you won’t know you’re dead so it doesn’t matter”, too and I very frequently panic over that concept. I think about this just about every day. I can’t explain it and idk if it makes sense but that just deeply upsets me. “It will be like before you were born the way you don’t remember what that was like” except by the time I die I will be a fully developed person with self awareness and not an underdeveloped little thing spawning into existing. Every single damn time you talk about this sort of thing you always see that response as if it’ll give you comfort and for most people it somehow does but not me. I’m not trying to debate anything or whatever I’m just kinda tired of feeling this way. I’ve felt like this for years but it’s got worse recently and I can’t talk about this to hardly anyone irl without them shoving “Heaven IS real” down my throat with a “just trust me bro” mindset. It’s making me get fixated and freaked out over my body and organs and health. If I feel a weird sensation in my head I’ll be worried I’m gonna have an aneurysm or something. Sometimes I feel TOO aware of myself and my breathing and heartbeat and it freaks me out that I depend on them to be here. I can’t fall asleep without trying to imagine what it’s like to slip away to see if it’s that bad. When I wake up I ask myself if I even remember falling asleep to see if I could remember what the feeling is like to compare it to being dead but being dead is forever. For someone whose struggled with depression and has wanted to die, I don’t wanna die at all I just want the bad feelings to go away.",anxiety
1t7uk5v,Toke gap year from highschool couse of depression now planing to go back but still feel that old fear,Hey so idk how do u say this it's my first time writing this so I was meant to graduate from highschool in 2027 but in 2025 i dropped out of my highschool at the time course of loneliness I mean I do have friends but they were drifting and also my home family environment was also weren't that better my mom and dad often fight about things at point I used to think why can't they just devorce if it's so bad i grow up seeing abuse and also got bully by an dads boss childrens i remember once the bullies once hang me into the edge of an top balcony and left me I was 7 when that happen and what the fact was my parents were right below and they could hear me but chose to ignore it and even the bully parents pass by and told not to do it just and says leave that filthy kid as I was growing up I used to be more open and cheerful but idk what happened even my relatives my uncle from my mother side notice as well his the only reletive I truly consider a family his always been good to me and he also notice am more quieter and silent then before as I grow old eventually the bully family got transferred and well but one thing that teach me is money and power is something u need in this world and go back to my school many of our teachers who were actually good got transfer and appointed substitute teachers who are to fullfill an quota for job I guess and our home room teacher he was an total dork didn't know how people act and even openly shout and bully other even me infront of others and even about the way I was or I am or money I hated it and things got so bad i lock myself in the room people talk bad about me I still in contact with few of my friends I do say but most of the past I cut contact with them I locked myself in the room and haven't gone out I only have been out only three times in the whole 1.5 year and I hate my dad once am capable I want to cut all ties with him and even I hate what the person represent I lived with my mom in an apartment now am about to go to highschool after this long time am conflicted and tired by things couse my past school was total shit I wish I have left earlier but still got few true friends idk how am I gonna go through this things again of will I be capable to my dream is to become an animetor and in those isolated times I been learning arts and loved them which is a whole new world my only way of truly know world is internet and art what's makes me happy now I plan to improve myself and still I have that old fear i truly want to change its also sometimes it seems like I am a curse or something which lead me to think if there's something good I never be happy to much couse I think if I will be happy too much I will have truly bad things k I been yapping for too long k that's it.,depression
1t6wit0,I have no close friends.,"I have friends but none of them are really close to me. I barely see them since they're so involved in their own lives and I'm not really apart of it. Every time I become close to someone it feels like they're actively ruining me. I blame my mom for a big part of me not really having close friends, and it makes me feel guilty. She used to always go through my phone. Every single night and that made it hard to keep close friends because it felt like she had to know everything. Any friendship I formed without my mom knowing drained me to my core. I couldn't handle the constant venting I received or the constant drama. The people I were close to weren't good for me and I just don't know how to put it into words. I have people I talk to every now and then, but the world feels so distant to me. I feel so lonely and even writing this is making me cry which god it feels so humiliating to cry about not having friends, but what do I even do? I'm not anxious or anything I'm social I love to talk, but it's just so hard to find friends and I want a friend friend. I just want to enjoy my time with someone else. I want to hang out with someone else. I want to share and hear achievements and stories with someone else. I just want a best friend.",depression
1t70lst,Can’t sleep,"Hello everyone it is currently 3:17 am for me and having some really bad anxiety. I’m super tense and each time I fall to sleep my body panics itself awake and my mind begins racing. I’m really scared, I feel like I’m broken.",anxiety
1t7eus0,Idk what I’m doing,In my whole life of 20 years I have done nothing. I barely had or have any friends and honestly I’m slowly losing my shit. I don’t have anyone to talk with and it doesn’t matter much but still it just feels weird and I do have a loving family I know they love me and everything but I’ve always felt everything is pointless. Every shit that I try to do is just meaningless and I’m just confused ig. I’ve had therapy and whatever but it doesn’t change shit. I was in a short relationship 1 year or 1 and a half ig but got cheated and just got worse and ever since then im scared of everything.,depression
1t7674t,Time isn’t real help,"It’s only been like two days of May I swear but it’s been a week. I increasingly csn’t take csre of myself time keeps passing fatser im afraid ill awake in 10 yesrs and be in the dzme spot. I mis my ex , i thjnk idk . I dknt think my mind is real . I wish i wasnt depressed .& im so lonely",depression
1t7rjfz,last chance,"i'm 25, 26 in july. im very pretty and i hear it all the time, im high i.q and i hear it all the time too, nothing of this makes me feel better. so i've been depressed since i was a kid, my mother killed herself when i was 1 and my father... well... he married again and had another kid and i don't fit in his family anyway. i tried suicide 5 times i guess, one of them i died and doctors ""saved"" me, damn. i had really bad relationships, i've been in bad places, overdoses 2 times, i was cheated and rapped on my last relationship and this ended me, i've always been clear about my trust issues and he knew that cause he tried to been close to me for a year or two and i give him a shot, bad idea. i feel its my fault. my best friend moved to another country, i knew him since i was 12 and i feel so alone now, i feel i became another person, like im dead already, i don't like anything i liked before, i try to draw and watch movies and series and all this shit i liked before even i was depressed too, but nothing feels good anymore. i'm trying to stay clean (drugs) but its feels shit too so i will give up cause whats the point? at least when im high i feel better. i hate living, it's not like suicide was a option to end my pain anymore, i really feel my life is over and i lived what i had to live, i don't like to get up of bed, don't like to work or study, i do because there's no other way in this fucking life, its really not my thing, i don't like people, i cant get close to anyone who tries to get close to me im just not interesting in humans. i love animals, i love my cats and my bunny, but they will be fine. when i sleep i have really bad dreams and i wake up feeling like shit, i already take meds for my sick brain since i was 12. i survived child abuse, really bad negligence, etc. i dont think i will feel better someday cause i never did till now so fuck it im the only one living this fucking life i have all the rights to be dead. so i will give my life a last chance till im 27 max and i can prepare a good no way back suicide cause my body its immortal or something.",depression
1t7wa4k,I almost let my teeth fall out due to depression...,"Finally went to a dentist after years of depression and being broke. I apologized for my teeth before they even did anything to them because I knew how horrible and neglected they were. The assistant said that if I had come any later I would've had a permanent condition called 'periodontitis' which can apparently make your teeth fall out. I also have to get two root canals, which is both good and bad news. Good only cause I thought I would need an extraction due to the damage, but I guess they're somewhat salvageable? The dentist said ""If you were 90 years old I would let this slide but you're not even thirty yet."" After they cleaned them my teeth felt so good that I genuinely teared up thanking them. Well that and I just felt so much shame from basically having my teeth exposed after years of neglect. After COVID I actually wore a face mask way longer than everyone else did just to hide my teeth. I didn't even take off my mask in my own home because I didn't want my family to see my teeth. But in trying to hide it I created more shame and fear around it being seen, hence I became even more unwilling to take off the mask. This was all such an incredibly emotional experience and I feel so much regret that I let it get that bad. But I'll make sure to take care of my teeth well now cause I don't wanna go through that or worse again. Just needed someone to talk to about this sorry. I genuinely hate this side of depression in me.",depression
1t6mzgj,Taking new medications and swallowing pills...,"I took a fluconazole tablet 150 mg. So scared of having insane reactions to it like heart palpitations, throwing up, breaking out in hives because I'm secretly allergic, DEATH. but I still took it, and I swallowed it too 😎",anxiety
1t6wfjm,vent to get my words out,"i feel so guilty about not wanting to live, i have decent enough friends around me and my siblings love me but it just feels so hard living day to day. i know they'll miss me which honestly is what saves me when i start thinking about it too much. i just know that living long isnt for me, im not making it past 30 and i can live with that, but its just having my siblings be so young right now makes it easier to not do anything perma. i just feel guilty about thinking like that now because i know i have to be there for them, i don't really feel the same guilt when i think about my friends since im pretty replacable, this was just rambling because i wanted to. 👋",depression
1t71c3t,I think I have anxiety but I'm not sure,"For these couple of months I've been really avoidant of people and social interaction besides talking to my friends. I have some days where I start overthinking about past experiences and my future. But there are days where I barely have those thoughts. I am scared of being judged or made fun of. And everytime someone tries to tell me that people actually don't care, my brain think I'm being gaslighted and I never believed that stuff and still don't. I'm 15 and I wanna know if this is a phase or if I should seek professional help.",anxiety
1t7f1oh,What do I do ?,"Having chronic illness since birth, being too short for a guy, ugly, no talents, severe social anxiety .. there's not a single good thing I've ever experienced in this pitiful life. Now I'm 30 years old still suffering from all that on top of being unemployed, having a family that got blinded by religion and shit they don't understand a thing. Never experienced love, never had any friends, nothing ever changed its so brutal nowadays to wake up and live through every single day.. don't have anybody but myself .. can't feel a thing ..I don't even understand what's the point of living like this ? It's been 30 years goddamn it ... At this point I'd prefer to be abducted and be tortured to death .. at least that would make me feel something before I'm fucking dead.",depression
1t7ij5w,Dizziness?,"To preface, I have SEVERE health anxiety (and probably ocd). Recently I’ve felt dizzy- the world isn’t spinning, but I feel dizzy in my body, like my body is shifting, turning slightly, falling back, etc. It spikes while I’m laying down. As soon as it happens, my anxiety spikes and I get slightly sweaty and nauseous. My body feels unstable, yet I have full balance. I feel dizzy but the room isn’t spinning. Does anyone find that they also struggle with this? I’ve had it mildly for months and it still is mild, but my brain has made it sooooo loud so it has seemed so much more intense the last few days. I can’t stop hyperfixating and checking myself. Any advice or tips?",anxiety
1t6nueq,mental clutter,"so recently more than before, i’ve been having the WORST stress over everything to the point that i’m putting things off and not answering anyone. texting and typing feels like such a hassle, forming plans feels like i’m signing my life away, everything in my life is a mess and i have so many things i need to do that should’ve been done a while ago. it could be because im overloading myself with so many tasks. i feel like i need to see everything in writing form. i got a notebook to write out what i need to do but theres just so much. i feel like i lost most of the ability to have a conversation. idk. i’m on lithium and seroquel. the seroquel is giving me nightmare i think and making me sleep so much. i definitely need to talk to my psychiatrist but i wont be able to for a week. idk if im posting this in the right place but i just needed to tell someone, anyone. if anyone has experienced this and has overcome it, please let me know.",anxiety
1t6t8r1,Help with fatigue,"I’ve been extremely fatigued lately. I had to take a nap after lunch and before dinner today, and I spent the rest of the day in a total slog. I felt like I was on autopilot and everything was heavy and almost surreal. The last week, I’ve had to have a midday nap just to make it to bedtime and have felt so off and sluggish. I’m not really sure what’s causing it or how to fix it, but my anxiety is making me assume the worst. I had a clean EKG in late March, a clean thyroid ultrasound/bloodwork, and clean allergy bloodwork. I take magnesium before bed and irregularly take b complex and d vitamins. Does anyone have any advice? I’m freaked out that something is seriously wrong but am not sure where to start or if I’m overthinking it. How can I help myself out of this fog?",anxiety
1t7cp6i,Feel like a failure and don’t have motivation to keep going (19M),My parents gave up a lot to give me a good education and life as immigrants but during that process they also emotionally and physically abused me during my childhood. I was never the smartest kid but I always tried during highschool and middle school to get the best grades I could and was always at least average or above. We’d always get into fights about school I kept telling them everything would be fine which it did turn out decent I guess but I still feel like I wasted their 19 years because they were probably happier back home. They expected so much more of me. But I can’t get over the full on punches and hard hits I used to receive and my mother even telling me to kill myself before. I feel like a failure and now I can’t even look at them without being ashamed of myself. But at the same time I have so much resentment for them and I don’t know what to do. It’s selfish but I just wanna cease to exist does anyone have advice. I’m too scared to kill myself and it feels so selfish but I truly don’t feel like there’s much to live for anymore.,depression
1t6nin9,First dose,"Taking my first dose of 10mg propranolol after I get done eating. Kinda nervous, but I’ve heard really good things about it helping with peoples anxiety especially the physical symptoms. Some success stories with it would be nice to read🥹😅",anxiety
1t6gugt,Mightier Anxiety Program for Kids?,"Has anyone tried the Mightier program for kids with anxiety? I just came across the website today and I'm tempted to try it. It's a tablet with no Internet access but loaded with games. Kids have to wear a heart rate monitor to play the games and when they start having physical symptoms of frustration, anger, anxiety, etc it goes through calming exercises to help them learn regulation. It sounds awesome. But I'd love to hear feedback before I buy a $50 device and sign up for the service.",anxiety
1t7axmg,Constant high end anxiety how do you cope ?,So for the past 3-4 weeks my anxiety has been out of control . For reference I take 30mg of mirtazapine every evening and propranolol 20mg 2-3 times a day and when I need to I can take 5mg of diazepam … but it’s gotten to the point that I feel like nothing is helping .. I go to bed and I almost feel calm and I fall asleep well .. but I wake up around 2-3 am and my anxiety is already turned up to 10 and I lay there for about 2 hours just feeling it get worse and worse . I then have to try and leave the house with really overwhelming physical symptoms like internal and external shakes .. emotional distress .. a feeling that my heart is just not right even though my Apple Watch tells me it’s actually ok ( I have a history of atrial tribulation ) .. I then get to work and I spend most of my day terrified I’m gonna die. I sweat and shake and endure that weird fizzing feeling in my chest which a large part accepts its anxiety .. but another part tells me it’s my heart and I’m gonna die . I work in a relatively physical job and drive for about an hour each day ….. the only time my body calms down is when I’m led on my bed from about 7pm to when I fall asleep … it’s becoming so overwhelming that I’m worried about my mental stability and the dark thoughts creeping in . How do you guys and girls deal with severe anxiety and does anyone else have similar symptoms? I feel like I’m losing the fight and I don’t know how to cope much longer,anxiety
1t6gi8i,Skin picking,Did anyone else had anxiety and had the tendency to pick their skin? I feel like it was a bad habit that really ruined my skin for no reason.,anxiety
1t70hes,IM GOING TO THE CINEMA !,"Hey! I’m going to the cinema alone today. I’m a big film person, find movies and everything around them super interesting, I’ve even started collecting DVDs and love watching films. This morning, I thought about going to the cinema alone. I’ve often wrestled with the thought, but always ended up not doing it because I thought people would laugh at me or something might happen to me. I then shortlisted a few movies and actually decided on one. Originally, I wanted to watch a different film, but I would have been all alone in this giant cinema hall, and that was just one level too high for me, haha. So, in two hours, I’m watching Project Hail Mary with four other people. (Maybe a little spoiler here, idk?) I did have to google whether the movie has a happy ending or not to calm my nerves, but when I started looking for excuses not to go again, I just did it and booked a ticket and now I’m somehow... excited? I still have these totally silly fears like: what if I can’t get the doors open?! What if someone hurts you?! What if I fall?! but I’m imagining how I might even do this regularly now. I’ve been to that cinema many times and it’s really cozy, huge, and just great to be there and enjoy the atmosphere. And now I’m actually going there to see a movie, ALONE. I don’t know, even though I’m still sitting at home at my PC, I’m already proud of myself. I did something I didn’t dare to do before, and although it’s probably a small step for others, as a diagnosed anxiety patient with social phobia, it’s such a big step for me. Holy moly. I just want to share this with the world right now. Im proud of little old me.",anxiety
1t7ydh5,Here I am again Fellas,I dont know what im doing here. I only know that im my bigggest hater. I drink nearly everyday and I kinda can not change it. To end it all seems like my best option. I only wanted to say goodbye fellas…,depression
1t6y8ep,Does anyone else get anxious about their birthday?!,"I understand it all comes from a good place, but I get so overwhelmed and anxious by all the attention that I get. All the questions asking what do you wanna do how can we celebrate? I really don’t like all eyes on me and sometimes I just wish I could skip the day. And PLEASE don’t sing to me lol",anxiety
1t737oj,I want to take my life,"I don’t know how to say things or why I’ll post this, I know I’ll be embarrassing myself but no one here will know me so I’ll try it. I want to take my life because I don’t feel as if I exist, I don’t remember things or feelings they just pass by me, It doesn’t feel like I’m watching my life from afar or anything but I don’t feel conscious at all, it’s like I really don’t exist like actually don’t, that’s why I feel like I need to take my life but sometimes I feel like I’m mocking people who really go through trauma and mine isn’t valid, I know nothing will help me",depression
1t75iq6,"26 years old, empty shell, suspected AuDHD and a traumatizing family.","​Hi everyone. I’m writing because I feel completely burnt out, like an empty shell with no drive left, and I need to understand if there is a way out for someone starting from a situation like mine. ​I have received verbal diagnostic hypotheses of Level 1 Autism and ADHD (AuDHD), along with obsessive traits and OCD. I live by extremely rigid routines (listening to the same music, my environment must be millimetrically precise) and the slightest change sends me into a tailspin. I am in a state of total apathy and burnout. When the emotional pressure becomes unbearable, I have meltdowns where I vent my anger on objects. I have a history marked by a past suicide attempt, and even today, I deal with recurring suicidal thoughts. ​I live in a toxic environment. My father is absent; my mother has a history of physical violence toward me and now uses me as an emotional punching bag. I feel trapped. I can’t work because I can’t even conceive of the idea of working. I’m not interested in working for money, but I wouldn't be able to do it even for something I like. I feel as if I have no will of my own: I passively adapt to other people, I can never make a decision, and I feel literally ""shut off."" I have no goals because I don't have the energy to want anything. ​I am currently following a path at my local mental health center (CSM), but I feel a constant prejudice. People close to me think I’m just looking for ""excuses."" The truth is that in my mind, there is only a sort of desire to have a disability allowance or some kind of help, even though I know it’s a utopia and perhaps, to the world, it is also wrong and ridiculous. But it’s the only thing that feels like it could give me some peace. ​I want to get an official diagnosis to understand who I am and finally be able to find some serenity. I don’t care about success or a career; I just want the peace I’ve been missing since I was a kid. ​What I am asking you: ​Has anyone obtained support or disability benefits for Autism/ADHD or psychiatric conditions starting from a state of total lack of will and interest in everything? ​How do you handle the weight of being judged by those who don’t see the void and the decisional paralysis you have inside? ​Is it possible to rebuild a life when you feel so empty and your family environment destroys you every single day? ​Thank you to anyone who responds seriously.",depression
1t7fkcz,How would one go about making a friend without anxiety completely destroying your whole life?,"For the past decade I have put everything I have trying to make a friend, trying to learn human interactions, going to groups, using apps, finding opportunities talking to people but I feel like I am not any closer to finding a friend than I was 10 years ago. Now there is some good in it since pretty much everyone I meet is incredible person that I can't wait to get to know (maybe its loneliness, maybe I am just really extroverted or its human nature) but it doesn't change the fact how horrible trying to make a friend is. Whenever I attend a social gathering for example an art group it completely annihilates me inside out the worrying before the meeting ruins the days before it. It makes me shake and not be able to relax and terrible sleep. Then comes the worst part actually attending the gathering. Chest pain, all the muscles unwilling to relax, every cell in your body screaming for you to run for your life like poison is coursing through your body, not being able to think of anything mind completely blank which makes it impossible to practice social skills like what to say, trying to learn body language and make facial expressions, trying to understand their body language, facial expression and trying to deeply concentrate what they are saying. Afterwards when its finally over I come home so exhausted I might not take care of myself like showering or even go days without eating because I am just all out. I am just trying to make my first friend but I feel like its stopping me from doing anything else in my life like trying to fight depression or trying to have a hobby. I have this deep need for some kind of social connection. Should I focus on trying to get rid of that need rather than trying to fulfill it so I could have some kind of life at least or is there a completely different way to go about it fulfilling it? Thank you for taking your time out of your day to read this. I wish all of you a loving friend and anxiety free life \^\^",anxiety
1t7a2mb,i want to kill my self,"I dont know what to do anyways everybody is leaving me out and my family especially my uncle keeps berating me, i just want to get a knife and kill my self",depression
1t6udql,I have realized I am self-absorbed and I need help,"Hello! I (18 F) am wrapping up my freshman year of university. I have recently discovered I had been extremely self-absorbed and consistently unmindful of other people which is straining my relationships with my friends, roommates, etc. It's finals week and last night I had brought a friend up at 1 am without thinking, told the group chat that my friend was coming up really quick for a snack and ended up watching youtube on my laptop with the volume low. My roommate texted the group chat saying that she had a exam tomorrow and I didn't initially see the text until my other roommate (I have 3 other roommates; 2 in the other room) I am close with told me to old me to check my messages and told me face to face she was frustrated with me, like she had been before. I try to be receptive of boundaries and love when people communicate with me directly rather than them not saying anything and have resentment build up towards me. I realize that rooming with people means having these normal set expectations, that this is their space as much as it is theirs. But I seem to not follow these base level expectations, not because I don't care, I do. I genuinely care for my roomates boundaries and comfort. The argument from my roommate and also close friend is that it seems like I don't learn from these experiences and that I am still not mindful of others. I try to explain that i really value direct communication and patience. She says there's something that I don't seem to understand, which is the base level, ""common sense"" expectations of things. She was trying to explain to me that this isn't the first time that I've done something like that, and it's becoming extremely frustrating to people I care about. I have been told by her and my other close friends I need to ""grow up"" that i'm ""in my own world"" or that ""I shouldn't need to tell you all of these common sense things."" ""I shouldn't need to parent you."" Someone even told me that it is due to my privilege growing up coddled as well as me being white, though I am Half Mexican. I take in account what people say and try to be more mindful, but it becomes a pattern where events keep happening without me realizing it. I don't think I am very mindful of things and when I do things, I usually don't think about the consequences or consider everything until im balls deep in it, and even then, I forget. TW: A little background: I have had extreme anxiety throughout my whole life and have chronic OCD which manifested in trichotillomania (hair pulling) growing up. I feel like I always had these core people in my life who I've grown up, my parents (my dad who's a hypnotherapist), my older sister who shared a room with growing up (who was immediately diagnosed with adhd when she moved out for school), my beautiful mother who has her own problems (which- by the way- has been ""accused"" of being a spaz growing up and didn't believe that adhd was a thing adults had), and my core friends in high school who I call my soulmates. During high school, my main priority was school and extracurriculars. But maybe people around me might have excused behavior that I thought was normal, or that was ""just my personality?"" I feel like I've always done crazy and impulsive things and made the excuse of ""I wasn't thinking."" I've gotten in a lot of trouble before in school because of my recklessness, impulsiveness, and big mouth, but my academic success often saved my ass. I struggled a lot with this freshman year, but I have noticed I have the tendency to deny accountability and responsibility. I acknowledge what people are telling me but I say ""I have a lot going on"" and continue to forget to be mindful so things like this keep happening. I understand that this is all a part of me growing up, but why does it seem like I'm the only one not getting it, or having this take such an immense toll on me to the point of forgetting school work and huge obligations and responsibilities? Maybe I just show it more, I don't know. I ruminate on small things and tend to always think about what I could be doing better. I try to reflect and take things at face value and live presently, without thinking about the future or past, but it's so hard. And though I am aware of how my anxiety is seeping into my life, I also notice that I tend to over explain myself, obviously, and in that process it sounds like I am denying responsibility and not really listening to what I could do better. I would consider myself extremely self-aware of my emotions, and (somewhat) aware of my privilege and all the nuances, but then that cause myself more anxiety because I can't stop thinking. I feel like I am trying to find an answer I'll never find. I'm in therapy, and actively trying to better myself, and even when I was stressed and doing all of these things to take care of myself (my dad made it a very clear point of self care) I always avoid ""adult"" things, and I lean on my closest friends for help, sometimes to the point of crossing boundaries, ultimately causing me more stress and anxiety. I feel like I've done all the steps to help myself, and I feel like this is my last resort lol. How do I fix this? How do I explain to people that I'm trying to get better? How can I stop making excuses under the guise of ""its just me""? What do I need to work on?",anxiety
1t7kbj8,I don’t know what to do or how to stop,"Some background of me I’m 16, I’m a boy, I come from a religious family, I have no friends, I attend a small private school and I severely struggle with my mental health and well being, it had only become a serious problem in my life 8 months ago Lately I have been feeling worse mentally, not in a depressed kind of way, but as if am going insane, I do things very spontaneously and I don’t think of consequences and the future, lately i have been living my life in this sort of free minded state where nothing of the real world matters to me, I live in a sort of ‘mania’ state I have also been struggling and feeling very confused and conflicted with a thought of mines, I began to think that every person has no purpose and that we are all on this world with no purpose, thus being alive or dead does not matter, however I believe that because we have no purpose on earth we create delusions to fill that space of emptiness in our existence, I now call all people who believe in life with meaning as ‘sheep’ because they are like blind sheep to a slaughter house, the inevitable nothingness of our existence happens to be the slaughter I believe that this thought of mine was created by me to justify su##cide, but to some extent I see the light in this thought and so I struggle so decide what to think I think that this whole thought of mine is just a conspiracy and that I am going insane or suffering from psychosis I think I am bipolar, and this effects my life a lot, I have no friends and everyone at school are mean and rude to me and people think I am weird for what I do and say, but to me none of this matters because of my conspiracy I don’t want to be like this, being like this will eventually lead to me to su#cide, and I keep telling myself that the sheep in me wants me to believe it’s worth being here I don’t want that, I want to think clearly and normally, I want to be normal to people, I just want to think like a normal person I feel alienated around everyone and this further pushes my conspiracy, I feel invisible and worthless to people and that makes me sick, the only thing keeping me up is my dedication to school and grades but my conspiracy can push this down I can’t get help, the community I come from do not take mental health serious and my family are no different, I will suffer more if I tell anyone even my parents My parents will try to resolve this using religion it that will not work, and than they will give up on me, I want professional help but my family will say no, I have 2 older brothers that are almost doctors , but they will also disagree with professional help I am going insane and I can’t stop it Please give me advice and talk to me Thank you",depression
1t6j75d,Visual symptoms,Does anyone get eye flashes while really stressed? I can’t find a cause I’ve been to eye specialists and I’ve been anxious about health issues since this started,anxiety
1t7hpxp,anxious to the point i dont feel it/if i am?,"The other day I got told that I seemed very anxious. Except I didn't really realize it? There were reasons I would've or could've been anxious and I do have anxiety issues but I was just holding a conversation and what not. I did feel like internally I was a bit fuzzy but that seemed common. Also the day before, I just out of nowhere had silence internally and had no clue what was up with that but then it stopped and if that was anxiety i wasn't recognizing as anxiety it would make sense. Tried meditating earlier and I felt very anxious while doing so. Which wasn't extremely unusual but then after a bit I felt a bit more calm like my brain just wasn't pinging that i was anxious cause I was overly anxious to the point it wasnt telling me if i was? idk if this is a thing, google isn't helping and others are saying on reddit that it makes sense if its mild or you are used to it. Possibly I was just more aware while meditating? I don't think I have physical symptoms usually. except maybe talking really quickly and just messing everything up.",anxiety
1t7p966,Sad and lonely,I was just hoping to see someone say something nice to me. I’ve been alone and sad for so long that I can’t recall what is like to be happy anymore. I’m 47 years old and have been alone since I was 27. It’s getting pretty bad.,depression
1t6zt4n,How do you cope?,"Hi, I am a 22 year old female living on my own. I have struggled with my brain for the past few years and it’s an endless loop I cannot escape, no matter where I’m at in the world who I’m with I can only have short distractions and I always seem to come back to my brain. It never shuts off, I ruminate, obsess with things that are so tiny and unimportant. Ik so many people can relate and I know it’s more common in our generation, so I guess I’m getting on here to ask how do you cope? Is this something I will have to deal with forever? It’s become so hard to have conversations with people sometimes to take care of myself to go outside. Especially considering I love doing things on my own, I love traveling, learning, talking to people but I get so in my own head I can’t do any of it. I started working 2 jobs recently because it was hard to pay rent and such so I am of course thankful to have the opportunity to even be able to get a 2nd job during a time where it’s so hard to find a job where I’m living at. I love my new job, they’re great people who are willing to teach me more, pay me more and teach me new skills. I get in my own way.. during this process I have become so socially awkward I project and want to climb back into a hole, I’ve become so crabby and irritable at my other job and have no interest to do anything. It comes and goes in phases, considering as well both of my jobs are right near the water with one being ocean front. I live the greatest life, I have awesome friends, surrounded by down to earth people with awesome experiences, 2 great jobs that are so flexible to work with me and willing to lessen my hours to make it more doable for me, I love my living situation I have the cutest house with the BEST roommates. What else can I ask for? I have all of this but yet everyday my brain eats me alive, I over analyze myself and every situation all day everyday. It comes and goes in phases but really at this point the only thing that makes me happy is my bed and sleeping, I feel like I have lost my joy for life. I don’t really drink bc I don’t have the time to atm, so I know I’m not hungover idk. I’m sure if I made other lifestyle changes I’d feel better. But I really am trying but it’s hard to try when the world is so overwhelming and scary all of the time. I know my joy for life is in there, I just cannot find the courage to get past my avoidance, and anxiety, and overthinking… it really gets in the way of my everyday life, every day I cannot wait to be alone and not have to socialize with anyone. I feel embarrassed of myself, and disappointed because why am I acting this way? I’ve tried talk therapy a while back but stopped going because she said we weren’t really making progress (I got offended) she suggested EMDR therapy which is expensive so I stopped going. I do have a psychiatrist appointment tomorrow morning to talk idk. I’ve been maybe considering medication, thx for reading if you did all the way through that’s really kind and I appreciate it. Also for slight background, I have a weird upbringing… definitely some emotional and family trauma.. I’m an only child and have 100% supported myself since 18, even earlier tbh. I guess too lately I have been looking around and seeing friends who rely on their parents or look up to them and getting a little sad. I’m an only child as well so I guess I also feel lonely, not lonely but I just feel like I’m doing this whole thing by myself and honestly adulting has been kicking my ass. I wish I could get some help, I have a great support system of people around me but I guess more of an intimate support system? Idk what I want, maybe I’m dwelling on the loss of some of my childhood, I had to grow up fast. And I think it’s starting to affect me more and more as of recently. Anyways thanks for reading my sob story if you did!! Honestly just had to spew it out there . Reddit is THA SHITTTT",depression
1t6gg01,I feel like I’m always preparing to live instead of actually living,"I feel like I’ve spent most of my life mentally “preparing to live” instead of actually living. I’m constantly anticipating, analyzing, controlling, thinking ahead, trying to avoid judgment or rejection. Even socially, I monitor myself all the time: \- what I say, \- how I act, \- how people perceive me, \- whether I’m “too much,” weird, awkward, etc. The strange thing is that people generally like me. And the rare moments where I’m truly spontaneous, people often seem to prefer that version of me. But despite knowing that rationally, I still can’t let go. I realized recently that I don’t really feel safe being fully myself unless I’m with people I deeply trust (my partner, family, close friends) or sometimes under alcohol because the self-monitoring temporarily disappears. A lot of my life feels like waiting for the next moment: \- next weekend, \- next vacation, \- next goal, \- next achievement, \- next “real life” moment. And I’m honestly scared of spending my whole life this way and missing life itself. Has anyone here genuinely changed this pattern? Not just intellectually understanding it, but actually becoming more present, authentic and relaxed over time? What really helped?",anxiety
1t774qb,I started taking Sertraline 50mg 4 weeks ago,Last night I had the worst anxiety attack of my life. I really felt like I could not cope with it. Idk what to do i didn't sleep more than a few hours and I almost threw up multiple times. Should I go to the doctor? Im still not over it this moring and feel so sick and mentally exhausted. Going through waves of anxiety. But is this possibly a medication side affect and will mellow out? What should I do in the meantime because I don't think i can bare the anxiety.,anxiety
1t7trm9,I’m too scared to die,Hey guys I know most of you won’t care because I’m pretty young so I don’t know if this feeling is temporary but I’ve been wanting to die for a few years now and I’m currently 16 I’ve attempted probably around 3 times and right now my depression feels really bad because my partner left me 2 months ago and said really hurtful things I just feel unmotivated and feel my life isn’t going anywhere I’ve also been trying to quit vaping sometimes I don’t understand why I feel the way I do why i just cry almost everyday sometimes it gets to a point where I beg for someone else to take my life or pray for something bad to happen to me but I’m just scared to die because of the pain I’m fine with a light burning pain like when I cut myself or whenever I scrape my knees but I can’t handle intense pain like burning myself with a lighter I’m not sure what to do about my feelings because my two close friends don’t know how to handle suicidal people or depressed people so I don’t wanna bother them but everything in my life is getting super overwhelming now the last two months of my life have been hell and all I do is think about taking my life any suggestions will help any pills I can get to feel better with out being prescribed will help me I just feel so alone and I need something that’s not temporary to keep my happy or distracted from these thoughts because I don’t want my family being sad and if I tell them about my problems they’ll probably feel really bad about themselves and I truly hate hurting people or seeing them upset because of me when I’m not worth much I’m willing to pay for anything to keep me happy so I don’t bother people around me.,depression
1t7d4zh,"Emotional numbing. SSRI, depression, or both?","Hello everyone, I am trying to make sense of my feelings (or lack thereof) and perhaps you can help me or give me some advice. First a little backstory: 12 years ago a had a traumatic experience in my life where I was driving on the Autobahn and was suddenly hit by wave after wave of severe panic attacks for pretty much the whole duration of the trip (\~3 hours). After that episode I became completely unable to drive, couldn't even enter a car, developed a general anxiety disorder (being afraid of the fear, mostly) and was unable to function. That's when my doc (a GP, not a specialist) prescribed me 20 mg of Citalopram daily and after a couple of weeks the anxiety subsided and I was back to living my normal life. I also had five therapy sessions but only for stabilizing me and not for looking deeper into the issue and the real cause of my anxiety. Fast forward to today and I am still on 20 mg Citalopram daily. Don't ask me why, because I don't really know, either. I guess I was never brave enough to let go of that crutch, always found excuses to keep taking and so on. For the last couple of days I am going through a major crisis in my relationship after my wife told me that I have become emotionally distant, dismissive, and lack empathy to the point where she is feeling unwell together with me. Well, what can I say ... It pains me to admit, because I hurt her deeply, but she is right. Over the last two years my life deteriorated to a point where I only get up, work, play videogames, take naps, and go to bed early. I still do the chores around the house, I still work, I still \*function\*, I still see my friends, have a couple of beers and have a good night laughing and joking, but I feel almost no fulfillment. No real joy, no sadness, no ambition, just wasting away my days on what feels like autopilot. Just waiting for the day to be over again. And what's perhaps even worse, I act rejecting and hostile towards anything that could break this routine, like going out with my wife and making some valuable shared experiences, which obviously contributed to my relationship problems. Like, I hate how boring and pointless my life is, but I still don't break out, even if someone offers me an easy opportunity. Today I finally saw a therapist and she suggested that I might have a depression on top of the emotional numbness that is very likely caused by the many years of taking Citalopram. So this brings me to my question: Could this emotional numbness and lack of motivation be a sign of depression even if can do all the other things that life demands of me more or less fine, and I can still find some joy (although not much) in things like gaming? Is this all caused by the SSRI? Is it a combination of both? Did the anti-depressant make me depressed but still keeps me somewhat functional? I know you can't diagnose me from afar, but maybe one of you has had a similar experience? I am just interested in your opinions. Oh, and by the way, I want to finally ditch the Citalopram now with the help of my doctor and I also cried for the first time in, I don't know, ten years, after I was done with the therapy session and thought about some things. It felt good.",depression
1t6ulew,How do I stop focusing on mental health and my problems?,I have clinical depression (along with social anxiety and adhd) and I just have difficulties with ruminating ting about my mental health and problems. How do I stop focusing on problems so much? I try to be solutions oriented but it feels like my problems feel so heavy. How do I take the focus off of my mental health and problems? Thank you for your help!!,depression
1t7h5lm,guilt rant,"for me, the worst part about my depression is the guilt that I feel every single time. I remember my parents or the people that have helped my upbringing, and it makes me terribly upset, and I begin to sob and cry. I feel so awful. Like I could be doing better for them and for myself and that everything that they did for me was for nothing and I’m a big fat bum. Every time I think of my parents, even though they were mean to me growing up, I just wish I could be better. Every time I think of my friends, I feel like I’m a horrible friend. for me, the hardest part about dealing with this is the guilt.",depression
1t7yd97,I don’t know how to get past this,"This will sound small compared to what others are going through. I’ve had five friends pass this year, a parent had a stroke and are slowly recovering and on Tuesday I had to put my dog of 16 years to sleep. I hurt all the time, I keep crying and I’m scared if I let myself really cry I won’t stop. How on earth do I handle this without breaking entirely. What am I supposed to do? I don’t want to be a burden to people and I don’t want to cry so much I never stop.",depression
1t7l650,Im becoming very tired.,"I just don't care anymore. When people respond I just don't say anything or I respond with ""okay"". I dont want to think anymore. Even responding is hard. My body and mind just can't function. Doing anything is a chore. Thinking is a chore. Getting up is a chore. Hobbies are a chore. Im so tired. I hate this.",depression
1t79or9,Is lucid dreaming serious?,i have lucid dreams most of the times and the dreams are not normal now i feel if they're concerning.,depression
1t79s3y,Failing my exams on purpose,"I'm asian and that means that even since I was born, all the importance and pressure was put on exams and marks and ranking first and so on. Everyone made it seem like marks were the beginning and end of everything, that without them, my life is worth nothing. The pressure got so bad that I even tried to kms. I somehow moved on from that but the depression still lives waiting to strike at the right time. I'm in college now, medical college, where marks obviously mean a lot to my parents. I have my exams in 3 days and I haven't picked up a book in months nor do i plan to for these exams. I'm just so done feeling so much pressure that it feels like a matter of life and death over a minor exam. It's an exhausting way to live. To feel like I should just kms if i don't do as good as I'm supposed to. I just want my body to realize that it's ok, that the world is not ending if I go into an exam unprepared. This exam isn't that important and doesn't really have any consequences and I'll make sure my parents don't find out my marks. But i still feel SO guilty for doing this, like I'm ungrateful to my parents or something. But i just can't live like this.",depression
1t6zphw,How do you cope w your brain?,"Hi, I am a 22 year old female living on my own. I have struggled with my brain for the past few years and it’s an endless loop I cannot escape, no matter where I’m at in the world who I’m with I can only have short distractions and I always seem to come back to my brain. It never shuts off, I ruminate, obsess with things that are so tiny and unimportant. Ik so many people can relate and I know it’s more common in our generation, so I guess I’m getting on here to ask how do you cope? Is this something I will have to deal with forever? It’s become so hard to have conversations with people sometimes to take care of myself to go outside. Especially considering I love doing things on my own, I love traveling, learning, talking to people but I get so in my own head I can’t do any of it. I started working 2 jobs recently because it was hard to pay rent and such so I am of course thankful to have the opportunity to even be able to get a 2nd job during a time where it’s so hard to find a job where I’m living at. I love my new job, they’re great people who are willing to teach me more, pay me more and teach me new skills. I get in my own way.. during this process I have become so socially awkward I project and want to climb back into a hole, I’ve become so crabby and irritable at my other job and have no interest to do anything. It comes and goes in phases, considering as well both of my jobs are right near the water with one being ocean front. I live the greatest life, I have awesome friends, surrounded by down to earth people with awesome experiences, 2 great jobs that are so flexible to work with me and willing to lessen my hours to make it more doable for me, I love my living situation I have the cutest house with the BEST roommates. What else can I ask for? I have all of this but yet everyday my brain eats me alive, I over analyze myself and every situation all day everyday. It comes and goes in phases but really at this point the only thing that makes me happy is my bed and sleeping, I feel like I have lost my joy for life. I don’t really drink bc I don’t have the time to atm, so I know I’m not hungover idk. I’m sure if I made other lifestyle changes I’d feel better. But I really am trying but it’s hard to try when the world is so overwhelming and scary all of the time. I know my joy for life is in there, I just cannot find the courage to get past my avoidance, and anxiety, and overthinking… it really gets in the way of my everyday life, every day I cannot wait to be alone and not have to socialize with anyone. I feel embarrassed of myself, and disappointed because why am I acting this way? I’ve tried talk therapy a while back but stopped going because she said we weren’t really making progress (I got offended) she suggested EMDR therapy which is expensive so I stopped going. I do have a psychiatrist appointment tomorrow morning to talk idk. I’ve been maybe considering medication, thx for reading if you did all the way through that’s really kind and I appreciate it. Also for slight background, I have a weird upbringing… definitely some emotional and family trauma.. I’m an only child and have 100% supported myself since 18, even earlier tbh. I guess too lately I have been looking around and seeing friends who rely on their parents or look up to them and getting a little sad. I’m an only child as well so I guess I also feel lonely, not lonely but I just feel like I’m doing this whole thing by myself and honestly adulting has been kicking my ass. I wish I could get some help, I have a great support system of people around me but I guess more of an intimate support system? Idk what I want, maybe I’m dwelling on the loss of some of my childhood, I had to grow up fast. And I think it’s starting to affect me more and more as of recently. Anyways thanks for reading my sob story if you did!! Honestly just had to spew it out there . Reddit is THA SHITTTT",depression
1t7q3rh,Flonase causing Sudden anxiety and Panic,I've been Anxiety and Panic free for 3 months. Recently my Pollen allergies have really flared up so I've taken Claritin and Flonase it seemed to work fine for a week. But all of a sudden my anxiety has been building up to full on Panic and Anxiety attacks. I've been feeling miserable without allergy medicine and now after taking allergy medicine. Does anyone else have a similar experience?,anxiety
1t6n9gz,Filled my prescription but afraid to take it.,Yesterday I filled my first prescription of buspar (and any mental health med in general) and I'm afraid to take it. I actually chose buspar with my doctor specifically because it's a lot milder and has less side effects than SSRIs even though I have OCD and not GAD. Idk. I'm just afraid of side effects so much.,anxiety
1t71s0p,Feel like I misled doctor,"Went to GP last week for shortness of breath (I think it’s psychological). They heard a heart murmur I already knew about and referred me for an echocardiogram. I already had one 2.5 years ago, and my heart was healthy. I also had an ECG yesterday and my heart rate was quite high. They asked if it was usually high, and I said yeah, cos that’s the only time I really pay attention to it. They then referred me to cardiology again (even though I’d already been referred for echo). Then when I got home I realised my resting heart rate isn’t high. So they think I have shortness of breath and a high resting heart rate, when I actually don’t have a high resting heart rate and my shortness of breath is likely psychological. So I feel kinda guilty about unintentionally misleading them",anxiety
1t7fokf,What am I supposed to do?,"I genuinely hate myself and my life. I dont mean ooooh no I hate how my life IS oooh I hate MYSELF. No. I hate WHO I am. I spend 100% of my time thinking about how I talk, what I say, how I say it, does it sound nice or mean or like im interested or u caring, etc... my entire life I focus on not wanting to be annoying, not wanting to be mean, not wanting to seem uninterested or uninteresting. I think back on any conversation I have with anyone and I see things. The words I say how I say them etc...I hate that person. I think of myself and then I speak and I hear it. Not that I hate my voice. But moreso if I was someone else and met me or interacted with me, I genuinely cannot see through their eyes a person worth talking to again. I do not feel ready for almost any of adult life and ive been in adult life for a couple years now. I dont feel ready for anything. like im just not the kind of person who can do these things (driving, working, having a relationship etc...) that you should be able to do. Im not disabled or anything. There are 0 excuses and thats sorta the problem. Im fully self aware. Ik all of my problems are self inflicted. The person that I am is not a person I like. I speak to people or make choices in my life and hate the person saying and doing them. I dont stop myself because its who I am. What am I supposed to do?",depression
1t6hbjt,Anxious About Going to the Gym,"I'm waiting for a friend, we are both starting going to the gym, and I have been anxious for a long time now leading to this time, to the point where right now I have cramps, I'm urinating a lot and I'm about to get a panic attack. How do you usually calm yourselves down in similar situations? PS: I don't have social anxiety, I'm usually extremely good with people and I am social myself, but the idea of going somewhere unfamiliar makes me nauseous.",anxiety
1t7srci,Pulling yourself out of it,Struggling to even find the motivation to write this post. How do you pull yourself out of it when you’re just down in the dumps? I know some things that work for me and normally I do those things and I feel just enough to get me going. But lately nothing brings me joy.,depression
1t7sr56,Im sad cause im not satisfied with my life.,"I feel so sad and lonely. Ive been single for +5 years and i was once married. I have 1 kid who will most likely never have a sibling. Im not very close to my parents nore my siblings. I dont really have close friends. My job is meh. Im not in my best shape although i have male attention once in awhile. I have crippling anxiety. I feel unimportant and useless. Nothing makes me happy. Everything i do i see a negative side of it. Im never satisfied and Although im not poor, im far from rich and far from the life i envision when i was a little innoncent girl. I feel like I failed at life. The only good thing is my son who i love so much its undescribable. I dont know what i would do without him. But everything else is bs. I dont enjoy life. I just wanted to share my heart. To help me maybe see clearer by writting here. Thank you.",depression
1t7kvlp,"please, need advice","Friends, I have read many people’s positive experiences of dealing with generalized anxiety disorder. I will try to briefly write about my own situation. I am writing about my biggest concern. Right now I really need support from other people. In 2019 I had my first panic attack. For two or three years I was more or less functioning, I was going out, enjoying myself, even traveling outside the city. However, each year it was getting more difficult. I was taking medication. In 2023 I had my most severe panic attack, just a few days before my child was born (I don’t know if it was due to the stress of responsibility or what). After that I continued living my life. The attacks and the underlying condition were more noticeable, but I still managed to function. From the beginning of 2025 my condition started to worsen. Derealization became chronic. Obsessions, fears, heaviness—everything came together. Now, over the last six months, I have reached a catastrophic state: agoraphobia, fears, physical pain in organs, severe derealization, and feelings of “going crazy.” Four months ago I started working with a psychotherapist. They tell me I need to work in a CBT direction and not avoid the sensations. However, for the past seven or eight months I have already been doing this. During very severe panic episodes I stayed, I did not run away, I kept functioning and speaking. For the past two or three months I have been working even more consciously, but instead of improvement, the last four months have been the hardest period of my life. Everything is difficult. I still go out into the streets with extreme anxiety, derealization, and feelings of losing my mind, and I try to walk and function. But I feel like nothing has meaning anymore. I cannot see the point of life, and I feel like I cannot live like this anymore. Medication did not help me, and CBT does not seem to be helping either. I feel like everything is developing independently inside me and I cannot control it. I don’t know. Please tell me if I am doing something wrong, for those who have been through this. I am afraid that I might put my life at risk. Please do not share strongly negative experiences. need to hear positive outcomes from people who have gone through similar experiences. Thank you for your attention.",anxiety
1t7ah0z,Can a conditioned fear/ physical symptom be unlearned,"So it started with a stressful event then I vomited, from then on I would gagged at anything especially when worried. I think the main thing here is being more worried about gagging than it happening. The cycle repeats making it more difficult to move on. It’s been seven months and I barely gagged even when stressed but I want to completely removed it. I have never done therapy nor taken any medications. It’s mostly the memories that I’m kinda stuck with. Does anyone know what kind of therapy/therapist that is right for me?",anxiety
1t6delo,Gabapentin for shacking hands,I have been prescribed gabapentin 700mg/die for shacking hands It's the second day I take It. The doctor said It could be working after a month I am afraid of addiction because I read It can cause It on the vademecum. I don't want that. I just want my hands to not shacke while working hospital wards (I'm a nurse student) Maybe my doctor Is wrong about this prescription? I asked for beta blockers but he said we could try the if gabapentin won't work I can't find anyone on the internet that takes this for tremor,anxiety
1t77hry,Is this depression or something else? What can I do to help myself?,"I became ill a couple months ago and am slowly recovering, and it’s left a huge toll on my mental health. I feel constantly lightheaded/unsteady and like the world is surreal. I also am constantly fatigued and have a sense of dread for the mundane parts of my life. I’m also experiencing a lot of brain fog along with anxiety. I want so desperately to feel like me again, but I don’t know what to do to get there. I’ve been walking at least a half hour a day along with stretching and have been making sure to eat well. I also get well over 8 hours of rest each day thanks to the fatigue. Is this depression? It feels like it, but I can’t stop that nagging voice in my head saying it’s something else health related. I have had an EKG, thyroid tests, and allergy tests since being sick, all of which came back good. What can I do to help myself? I feel so hopeless right now, like I’ll never be any better. It’s really debilitating on my day to day life, and I feel like a shell of who I was even three months ago.",depression
1t7xe3t,how to deal with persistent chest pain from anxiety??,"i always end up running back here when i have no one to talk to at the moment lol. i’ve been doing pretty good for a while but the chest pains are back again and it’s so hard to ignore it!! for a week or two i’ll feel completely fine and then all of a sudden i get physical anxiety symptoms that are very noticeable and persistent especially stabbing chest pains and/or chest aches. i always end up thinking the worst like what if tonight’s the night? i know it’s highly unlikely as i’m only 19 and i’ve gotten an ekg, blood work, and a heart monitor all done and everything has turned out fine. it’s always so concerning to me because it just happens all of the sudden and it goes on and off for days or even weeks.",anxiety
1t7g40l,I need to tell someone,"I’m just screaming into the void at this point. I’m laying in bed, sweaty, smelly, no clean clothes, house in disarray, absolutely rock bottom. Can’t get out of it this time. I’m just taking edibles to try to survive. Anyone else?",depression
1t7iu15,Brouillard mental et problème digestif depuis 20 ans,"Bonjours, J’ai 45 ans, je souffre d’un problème digestif depuis 20 ans, je pense, c’est du colon irritable avec diarrhée chronique, j’ai commencé à avoir des problèmes au niveau de la concentration et un brouillard mental, juste après, j’ai commencé à avoir des problèmes digestifs, Après ça, je commençais à avoir d’autres symptômes comme le vomissement au niveau des dents et des fourmissement au niveau de la tête et des fois je le sens même à l’intérieur de mon cerveau lorsque lorsque j ai des troubles de degestion, j’ai vu plusieurs médecins, j’ai pris plein de médicaments dans tes dépresseur de médicaments, collants, irritables, mais rien n’a changé. Je cherche ici des personnes qui ont eu le même problème que moi.",depression
1t6x3z8,Weird head rush/wave,Hello. Today I experienced something odd and idk how to describe it but I’ll do my best. I was sitting down at my desk watching something on my phone and suddenly I felt this pressure in my head or like a buzz and it lasted a few seconds but felt like forever. I felt like I was dizzy maybe or like my brain was turning. It happened again a few minutes ago. Does anyone else have this?,anxiety
1t6zkq8,3.30am anxiety attack,"Hi ive been on 200mg lamotrigine split for 8 weeks, 100mg sertraline for 17weeks. Im still feeling anxious and had an anxiety attack 3.30am , is this normal",anxiety
1t6s0nf,Going to the dentist tomorrow,"i’ve booked my first dentist appointment after yeaarrs, im more than sure i have some cavities and i can see a small build up of tartar on some teeth. i’m so scared, im scared im gonna feel pain or that something might go wrong, can someone who has had experience please reassure me? i dont know what to do. for instance im a teen and ive had issues with my health so my teeth aren’t in the best state, will i get judged?",anxiety
1t776uf,Why im the only Childs to get blamed in everything,So my parents are blaiming me for all things that i don't even do like last week they needed matches and they ran out in winter so they started to yell at me for that and now i have mental health problems and in school there's so much to do that i can't do them. And now im failing.,depression
1t6peg4,Severe Travel Anxiety just before Trip,"Hello everyone! I am very new here but I'm looking for maybe some advice? I am going on a trip with a friend of mine in 3 days. We're going to Japan for 10 days. Since this past Monday my anxiety has been at an all time high. I began taking my lorazepam again to try and curtail the feelings but once it's worn off the loops just keep coming back. I've already voiced to my friend how I'm feeling and he said he would understand but would be bummed if I didn't go as we've been planning this trip for a long time. My main issues now are: ""What if I have a panic attack while I'm there?"" and the other is tied into my contamination OCD. Any thoughts or helpful advice for trying to overcome this? Thanks!",anxiety
1t7tew6,I can't even tie a tie properly,"Going to a friend's engagement party tomorrow, and despite the recent struggles I've been dealing with, the least I can do for him is to go looking nicely dressed and presentable for the occasion. I'm 29, and I've never been able to tie my own ties. I've been trying to learn for the last 30 minutes, and no matter how many walkthroughs or video guides I look up to help me, it's as if my dumb brain is refusing to take in any of the information I'm looking at, and I fail every time. It feels like I'm fighting a 3 way battle between my hands, my eyes, and my mind. I'm not sure if it's because the depression has been rotting my brain, but I just feel so pathetic and stupid that I just want to give up and cry. My late dad never taught me any of this stuff on how to be a man, and I've lacked male role models in my life in general that could help me with this kind of thing. Even so, I know it's my fault for not learning sooner, but it still feels so frustrating regardless.",depression
1t7wmt3,Globus sensation is causing panic attacks,"I've had this for 3 weeks. I have silent reflux, gerd, & anxiety so it could be any of them causing it. It is ruining my life. I'm having constant crying fits because I'm hopeless that it will go away. Doctors can't fucking help me. I can't sleep because it's an 8/10. I just had an insane panic attack because it's been happening all fucking day & I had to call out of work for tomorrow because I know I can't sleep like this. I had a panic attack where my entire face tingles & my eye twitches. I couldn't even control my loud sobbing, like I usually can. I'm genuinely suicidal because of his. I don't see a reason to continue living if this cannot be cured. Please tell me it will go away. Please.",anxiety
1t7ajba,I ruined everything by telling my psychologist that I want to die,"Last week, I had a session with my psychologist, and somehow, we ended up on the topic of depression. She started asking me questions, like if I wanted to kill myself and how often I think about it yada yada, and I initially wanted to lie about it because I knew that she'd have to inform my parents. But for some reason, I didn't, and now they think I'm a crisis situation kinda thing or something idk, and like, yes, everything I said is true, but it's really not that bad and informing my parents will just make everything worse. I'm just like, idk completely lost and panicking the whole time because they're going to tell them next week or the week after, and it's just making me want to end it even more ngl. My home situation is not the best, and I just know how my parents will react, and ugh, I just regret telling her all this. It's also just the fact that I ruined everything for myself and I can't even do anything about it, because some adults think they know my parents better than I do. God, this is so embarrassing to post, but idk I just needed to get this out. English is not my first language, so I'm sorry if this makes no sense",depression
1t7djib,Lexapro and Vyvanse,"I am a 25F and I was diagnosed with GAD about a year ago. I have been trial-and-erroring various anti anxiety meds prescribed from my pysch. First was on Prozac and was so fatigued so she put me on SNRIs and other meds (idk what their class is) such as Cymbalta, Buspar, Wellbutrin, Gabapentin. None of those seemed to be working and finally I’m on 5mg Lexapro. She started me on a low dose because I have pretty bad insomnia and seem to get fatigued easily by SSRIs. I’ve been on it for about a month and haven’t noticed any significant changes in my anxiety. She will probably up my dose next visit. Anyways…I have been also dealing with binge eating most of my adult life. She said that the Lexapro might help with my BED but so far it hasn’t so she recommended that I go see my PCP for a Vyvanse prescription (I’m in NJ and telehealth psychs can’t prescribe Vyvanse?). I don’t have ADHD (that I know of) and I’m kind of scared that the Vyvanse will worsen my anxiety. I am wiling to try it though because the Binge eating is really affecting my body image. Is anyone else on this combo of Lexapro and Vyvanse and how do you feel? Have you also lost weight? The binge eating has made losing weight very hard (I’m 5’1 130lbs and my goal is 110-115). I don’t really think the Lexapro has worsened my binge eating or caused significant weight gain so far so I want to stick with it.",anxiety
1t7g0h1,What actually helps anxiety long-term that isn’t a benzo?,"I’m 34F, diagnosed with anxiety and depression. For years now, I’ve struggled with this constant feeling of tension and being unable to truly relax, no matter what I do. I’ve put a *lot* of work into my mental health over the years. Currently: \- Weekly counseling \- Psychiatrist every couple of months \- Lithium + nortriptyline \- Regular exercise \- No alcohol or recreational drugs Previously: \- 13-week IOP \- DBT \- Ketamine treatment (didn’t help me) \- Probably other things I’m forgetting I also have a limited prescription for alprazolam (Xanax). The problem is… it helps me in a way that nothing else does. I’m trying to stop relying on it because I know it’s not a good long-term solution, and my psychiatrist wants me to build healthier coping mechanisms. But honestly, it’s frustrating because nothing else even comes close. Deep breathing, grounding exercises, “5-4-3-2-1,” hydroxyzine, etc. might help stop me from spiraling into a full panic attack, but they don’t actually make the anxiety *go away*. I still feel tense, hyperaware, stiff, and unable to relax. Alprazolam actually brings my anxiety back down to baseline. I can think clearly again. I feel normal. Earlier this year, I got to a genuinely good place through exercise, sobriety, IOP skills, and consistency. I went through February and March without needing alprazolam at all, and I was really proud of myself. Then I started a hormonal birth control … it completely threw me off and I ended up with anxiety and depression so bad that I went to the ER (long story). Since then, it feels like I’m trying to climb my way back to where I was. The past couple of days, I’ve been anxious for seemingly no reason — physically tense, unable to focus, mentally “stuck.” I tried box breathing, grounding exercises, even Pepcid + Allegra after reading about histamine/anxiety connections. Nothing touched it. I finally took an alprazolam, and it helped *so much*… but now I’m trying not to take another because I only have a few left before my next refill. Sorry this is rambling. I guess my question is: For people who have dealt with chronic anxiety like this, what actually helped you *long-term* besides benzos? Especially things that made a noticeable difference in the moment while you were trying to lower your overall baseline anxiety?",anxiety
1t7pobc,Does anybody else suffer with heat intolerance?,"I don't know what's happened to me, about 2 years ago when my anxiety was the worst it's ever been, I suddenly became really sensitive to heat. The summer was really hard, just a short walk in the sun and I'd be ill for a couple of days having to rehydrate, drinking water and electrolyte drinks and having cold showers. Then in the winter if I had the heater on for too long that would make me ill as well. I've had a really rough few years with life but the last two have been especially hard because I'm not always battling this heat intolerance. Now summers approaching and I'm really overweight and have a lot of stressful things on my plate and the sun's coming out and so I know it's gonna be really hard. Today was actually cold though and I fell asleep with the heater on and woke up an hour or so later and now I'm really ill again, doing the same, drinking liquids and having cold showers. It'll take me a day or two to feel normal again. Has anyone else had this? Is it anxiety related do you think?",anxiety
1t74b6y,I'm... lost.,"I don't know when my life started spiraling. Was it when I dropped out of school because of bullying? Or that time when I opened up to my father only to get told that I'm being overly sensitive? I don't know. I'm 23 now, turning 24 in 8 days. The past years have been... exhausting, more or less. I've tried everything that would make me happy. Tried to go out of my comfort zone. I tried making others happy. Yet, there's this constant voice inside my head... it's messing up my thoughts. I... envy people who have families that care. That asks how you are, that shows that they care, that shows that they love you. Well, mine loves me. I think. But for me, that's not enough. Selfish? Yeah. But shouldn't loving your family be normal? I always show my family and close friends that I care. When they're sad, they open up to me and I listen. I give them advice when they ask, change their mind when they're about to do something stupid, or to brighten up their moods with jokes when I feel like they're down and a joke's all they'll need. I do those things, not because I want to be a good friend. Because of one philosophy that I've heard since I was young: ""Do unto others as you would have them do unto you."" I've grown up with that philosophy in mind, but I've never received the same treatment. Not once my entire life. So, this is it... I'm not writing all this to get pity or compassion. I just want to let it all out. Before I do something stupid. Just 8 more days. I need to endure... Maybe this year will be special. I hope.",depression
1t6u7ul,I was put on Abilify and I'm scared,"My psychiatrist put me on Abilify and I'm so anxious about it. No one in my family is for it. my brother said it would make me into a different sedated person and obviously I don't want that. I also read that I'll gain weight which I really don't want. He prescribed it to me for anxiety, depression, and hallucinations. I'm pretty sure the hallucinations are anxiety based but they don't really bother me anymore and I've had them my whole life. I'm also agoraphobic so it could also be for that? Idk, I've never been on or even considered antipsychotic medication before. I don't have another appointment until next month but I'm too anxious to ask anything. I said I didn't have any questions when in reality I had a lot because my mind went blank. Does anyone have any experience or advice to give me? Everything online is terrifying and my family isn't really settling my fears.",anxiety
1t6u7bu,I took more meds last night and I regret it,"Hi so I was already sh because I failed my exam due to technical issued with the pc so I lost time and didnt get to finish. Then I got broken up with. The pain was too much so my dumbass thought sleep would help me escape. I downed 100mg quetiapine and 60mg melatonin. Knocked me out in 30 minutes and I slept from 9pm to 4:30am. Then 5am-11am. I regret being reckless with my meds because now I have a migraine, my throat and mouth is so dry, my lips and tongue are bleeding. Other than that I feel sedated so no pain lolol. I drank 1L of water at 4:30 am because my throat was burning. Im just ranting. Idk where to say this but I just want it off my chest. Next week Ill tell my gp to adjust my meds, pref up the quetiapine dose because I like the feeling of sedation. (My heads is pounding like genuinely pulsating fuckkk)",depression
1t7ozmr,am i over acting or it's just too much?,"Last night me and my girlfriend we're in a call and she suddenly said that her pet cat is so handsome and i said is it me? and she said ""hindi ikaw tanga"" (not you stupid) and it hurts me, she said i was over acting and it's not that serious but lately I'm having insecurities about how i look, im just looking for assurance last night, assurance for not caring how i look and she blew it off, she sent me a lot of message saying it's my fault for feeling that way and i saw her post in facebook and she said her misandry is going back because of me, she knows that im having depression for almost 2 years because of my family and she didn't know that every time we argue/fight its pushing my suicidal thoughts, i know i did so many wrong things for her but we're not going to reach 3years and 4months if all the things i did was wrong, things ofc i have so many sacrifices too and did so many good things for her. reason why im having insecurities: i shave up my hair last time because my room is on 3rd floor and its so hot in here in Philippines I was getting sweaty all the times and I don't want to have a lot of pimples. judging by how she looks im out of her league i'm like 3/10 and she's like 9.5/10 there's so many boys who's stalking her on socmed and hitting on her irl. (sorry for my bad english, english is not my first language so sorry if i have wrong grammar)",depression
1t6n4yx,I just used Relay UK to call NHS 111 because I have anxiety is it really okay for me to call services like using this if I have anxiety?,"Relay UK app is a free service designed by BT for deaf, hard-of-hearing, or speech-impaired individuals to make phone calls via smartphone, tablet, or computer, connecting them to a live assistant who types or speaks the conversation in real time. I've been struggling to contact the doctors for things because it's so phone based and I get really anxious over the phone. I'm planning on using it to book doctors appointments and do doctors phone appointments but is this really okay like could I get in trouble for it or in trouble with the doctors because they know I'm not deaf and I can speak just fine. I just really struggle to communicate sometimes and get super anxious.",anxiety
1t7ravl,I’m just so tired,"I’m tired. I’m tired of feeling like it’s my fault. I’m tired of feeling like I could’ve done something. I’m tired of feeling tired. I’m tired of feeling sad. I’m tired of not crying until I dont feel anything. I’m tired of not being allowed to feel. I’m tired of nobody believing me. I’m tired of never feeling like enough. I’m tired of hating myself. I’m tired of hating how I look. I’m tired of seeing her. I’m tired of not being able to say anything. I’m tired of being scared. I’m tired cus I can’t sleep. I’m tired of everything. I’m tired of feeling like I don’t matter. I’m tired of having to constantly watch what I say. I’m tired of always having to read people’s thoughts. I’m tired of having to predict people’s emotions. I’m tired of creating fake scenarios in my head just so that I might be ready for something that may or may not even happen. I’m tired of having certain thoughts. but yet it keeps fucking happening. I just need to vent ig. idrk. if you read all that tho, thank you and just know that this random girl on the internet loves you even if she can’t love herself <3",depression
1t7n1fc,"Depressão e vício, um desabafo e pedido de ajuda.","Sofro com isso há anos, tenho 28M e sofro desde os 15 eu acho. Comecei a usar substâncias, tive um namorado e desde aquele término minha vida perdeu o sentido. Não pela perda dele, mas pela intensidade do sofrimento. Continuei nessas por anos, mas hoje eu detesto essa dr\*ga que consumia. Mas acabei estacionando no álcool. Esse é o verdadeiro problema. Eu frequento o AA, e bebia várias vezes por semana e hoje apenas 1x por mês (mas estacionei nisso). Tenho um namorado mais velho, incrível, que me dá suporte e me cuida e me entende. Minha família nem sabe do meu problema. So que eu penso que é a depressão a fonte disso, é um vazio, uma falta de significado que me adoece. Eu durmo 20h por dia pq estou no seguro desemprego. Faço faculdade e estou no fim e é a única coisa que consigo dar conta porque preciso. Minha vida é maravilhosa, não me falta nada. Moro sozinha, tenho tudo. Mas sou infeliz e me sinto culpada.",depression
1t6uitz,My depressed family wants a vacation,"I need help, this may seem silly but im just conflicted. My sister had a suicide attempt, my mom secretly told me she was depressed and considered suicide herself before. And theyre ""bored"". They want me to go with them for just one weekend to see some relatives. I am not a social butterfly, im a simple guy that loves watching tv and video games, to hel wuth touching grass. If we go out i want to do something fun and affordable, not boring and then trying to pressure me into buying a bunch of BS we cant afford which seems to always happen even on boring visiting trips. Idk what to do, its not like they ask me to do this everyday but it feels like im being asked to go to a crappy room where all the activities you want to do cant be done For a weekend after a hard day of work. I feel so weak for being conflicted with this but mannnnn..... the thought of staying home on that weekend, heck every weekend sounds so blissful....",depression
1t6nqkm,Avoiding tasks,"After 2 years on Zoloft, I stopped taking it in January. I was taking the absolute lowest dose so there was no titration down. I was fine for about six weeks but gradually my symptoms began to return. II've restarted my medication And also realized that I probably need a higher dose. I'm still in the loading phase, about to finish my third full week back on the medication. I feel like my anxiety manifests more like ADHD. I start procrastinating on small things and let them basically get to the point where they're not manageable anymore. So missing one little thing makes me want to avoid a larger task. Then that task blows up because I'm not on top of my shit. I also get random chest pain. Is this how it is for other people? Ffs, last week I had to lock myself in my bedroom for three hours to send two emails about a volunteer position that I've been screwing up. I'm just upset with myself. I feel like it's a cop out to blame anxiety but I literally have to talk myself through basic activities. And I KNOW the procrastinating makes the problem!!! It's so infuriating.",anxiety
1t7ermg,"If you have really bad health anxiety, especially heart related, how did you convince your body that there is nothing wrong?","24F here, I had ECG and blood work and everything came back normal, everytime i get new symptoms I just ignore it and move on with my day, but sometimes I can’t help but panic about “what if it’s real this time” because my chest feels so tight, is it time to see a therapist? Please give me your tricks that helped you because I feel like my body is full of cortisol",anxiety
1t70cv7,Anyone else have their problems show up in their dreams?,"I do not dream often but when I do, it’s not a nightmare but it generally incorporates stuff I am anxious or stressed over. It could be work, assignments, people, health stuff, anything that has particular bothered me recently can be involved in my dreams in an unpleasant way. It’s generally not “scary” but it is not good either, it’s weird and uncomfortable if that makes sense. I have had my ears start ringing recently and I had a dream where my ears were ringing. I have recently been watching a lot of fantasy magic stories and in the dream, my solution to fix my ears was to die and be resurrected by magic or to have my ears cut off and then regenerated. Like it was not scary or anything but weird, I combined what is stressing me and causing anxiety with random things and get weird amalgamation dreams. Anyone else have this?",anxiety
1t6vb93,Extreme loneliness,"Anyone else struggle to make or keep friends? I've been struggling for years to make friends or even keep them and I'm really feeling it now. I just got out of a relationship too and honestly she was my only friend so now I just feel so isolated and it makes me feel so alone. I have pretty bad anxiety and agoraphobia too so going out with people is extremely stressful as well. The people I work with too are older folks woth family and kids (I'm 26) so I'm not close to them outside of work. Man I'm just venting at this point but I just feel so stuck and hopeless. When I talk to people too it's so hard, it feels like I have to constantly think for a reply and it makes the conversations feel so forced or awkward. Anyone else feel this way too?",anxiety
1t7xmbt,I eish I was dead instead of my little brother,"I feel like no matter what I do, I always fuck it up. My ex hates me because I broke up with them but my 2 other friends keep wanting us to hang out as a friend group because it would be SAD TO BREAK THE GROUP UP meanwhile one of those friends is taking my ex to the coast for a vacation this weekend. My mother never cared about me, hasn't even tried to contact me since I was 3, I know for a fact that my grandmother who raised me doesn't give a fuck about me, my grandfather that did love me died from Alzheimer's while I was trying to take care of him. I just genuinely don't want to fucking be alive anymore. I have never felt more genuinely that the few people that do care about me do so out of obligation, and that I will never feel truly unconditionally loved again in my life.",depression
1t7071o,Anxiety or stress?,"Anyone else get the following things? Daily nausea (lasts hours) Dpdr (can last hours its scary) Dizziness (lasts hours) Lower abdomen pain uppon waking up (right under belly button) Clenching teeth (it happens the moment i wake up) Been having these for months now. I have seen a doctor before for the dizziness and did tests but found nothing. I have also had a ct scan for my abdomen and again found nothing. The daily nausea makes me think that i'll throw up but i never really do, it just makes me panic. I have emetophobia. I feel the nausea in my throat which is weird, and if anything enters my throat it makes me nauseous. Because of the nausea i have lost 8 pounds in a few months that i now have a 16.4 bmi. I try my best to eat as much as i can but can only take about maybe 1,500 calories tops. I try to ignore my symptoms but the symptoms are too much. If anyone else is dealing through this i would love to hear your story!",anxiety
1t7yqen,If you take magnesium glycinate,"I had a panic attack a year ago and developed some health anxiety. If I feel chest sensations it can make me spiral, I feel like I’m about to have a stroke and so on. I’ve gone to the doctors multiple times and they said I’m fine. I was ready to “lock in” get back in shape so i thought to order supplements. I ordered magnesium glycinate because if your follow doctors, creators, they always talk about magnesium. I thought to get glycinate because I’d take it at night and saw its meant to relax. Who doesn’t want to relax especially when feeling anxious. Anyways, for a whole month I felt so low mood. Out of body, floaty head, feeling depressed way more anxious. I had only dealt with hyper awareness of my body sensations after that panick attack but now it was more mental. Luckily I’ve never experienced depression until this past month. I went to the DR for chest sensations they said it was anxiety and they recommended SSRI’s. I denied. (Another tip: if you’re a side sleeper don’t sleep on your left side. It can cause tightness which then we confuse with heart sensations.) Don’t bed rot, it causes the same. Anyways, I came across a post of someone asking if they’ve felt worse taking this supplement. I then logged into my Amazon to see when I got the magnesium delivered and it was a month ago… As soon as it arrived I was taking consistently every single night. It was the whole month I took magnesium glycinate I was feeling like shit. I researched and found actual studies claiming magnesium has negative side effects. Exactly what I was feeling. Apparently a lot of people get these side effects. I immediately stopped. Tell me why I feel like myself again. This is your reminder that for supplements just how they work for good the can work for bad if you react negatively to them. I also feel like maybe I didn’t react well because I sleep very well, and have a very chill day to day and maybe it’s for people who are more go go go. Just a thought. Anyways, hope I can help someone bc it was truly a dark month for me.",anxiety
1t7ej4z,Numb hands anxiety?,When I Move my hands/arms and legs/feet I can barely/can’t feel them feels like they are detached from my body and especially my hands should I be worried or is it just anxiety I’m so scared I also feel like life isn’t real (also my left side feels slightly more numb than the right),anxiety
1t6zhk6,Feeling hopeless....,"I dont know atp man.... climate change, rise of AI and us being doomed forever. Everywhere, it's just ""AI will end humanity, even making us slaves and killing us. If AI doesnt, climate change will for sure"".. Like, how tf am I supposed to be happy and willing to live when I hear shit like this 😭. Future seems hopeless here, I just want to sleep as it feels much better than to face the harsh reality of life... I am just 16 years hold and I want shit to end as soon as possible for me at least, but a huge part of me wants to live because of family and there being people whom I care for, I want to help others But, I am starting to feel more hopeless with time. Anyone feeling the same? If so, how have you all been coping with it? I dont know, its like I want it to end soon but I dont want to self-harm either.. I dont know how to describe it",depression
1t7i2xu,I hate mental health talks,"The school was having a mental health talk today. This woman comes in and says, “If you think positively, the universe will reward you for it.” Then she gave an example about how was this guy who came into a game show and had a positive attitude and won 300k. And I just felt like crying because it made me feel so shitty for having an anxiety disorder. I can’t help when my anxiety acts up and I get scared about the worst possible outcome. I feel terrible, like my life could be a whole lot better and I could be living in a mansion with 6 Lamborghinis if I didn’t have an anxiety disorder. It just makes me feel so invalidated.",anxiety
1t6tylk,Can I get your attention?,"Hi. Just wanted to share a bit of my story and seek out any similar experiences. I’ve had depression and anxiety since I was 12. I’m turning 26 in a month. I think stuff has gotten better with therapy and meds. I’ve been in and out of therapy since I was 19 and on meds for about 2 years. It’s been hard work. Truly has been. Some days are nice, some are truly tough. I have a lot of dreams that I don’t think will ever come true now that I am aware of the world around me. I want to live- like, truly live, but I’m not there yet. I don’t know if I’ll ever get there. I had a nice day where I didn’t have an opportunity to feel sad or lonely but for some reason, getting news about suicide is triggering and hard. I wonder if I’ve just distracted myself from the traumas and that’s why I haven’t fully healed yet. I feel like I’ve been therapy since forever. And while things like family relationships are pretty much set in stone, I’m wondering - does it get better? Is this the strongest I’ll get? Will I ever feel that pure joy I felt as a kid?",depression
1t7636g,Feeling of deep fear when having hot shower or when wiping face with cold towel,So I get this weird feeling sometimes when I’m taking a hot shower or when I wipe my face in the morning with a very cold towel. I’m gonna try my best to describe it. It’s like a very deep sense of fear or impending doom that’s really uncomfortably and makes life seems worthless for a very short while. It’s a really uncomfortable feeling as if there’s a bad or traumatic memory connected to it but I don’t have anything like that that I can think of. I have been having this since I was really young and it has become less common over time. But it still happens now and then. Almost always in the morning. I discussed it with others and they don’t recognize it. I just wanna know if I’m alone in this and what guesses people have as to what’s causing it.,anxiety
1t7ewqj,The will to live,How do I have this? Instead of dreading the days ahead . Not to suck anyone down or bring up painful memories,depression
1t7e38l,Auveliry Opinion,Hi everyone!! My doctor gave me a sample of auveliry to try and help my anxiety. I get so anxious that I’m venting every single day and hurting my back from stress I don’t know how to relax. I have OCD which causes a lot of my anxiety. Antidepressants never worked for me I had the worst side effects ever but Hydroxyzine works amazingly as needed. However I need something for every day that won’t make me tired. She claimed she hasn’t seen any sexual side effects or dizziness on those she prescribed this to but who has had them and did it go away? I’m so scared to be back on the same side effects I do not want any sexual ones at all and it’s making me so anxious debating taking it or not I can’t even focus at work. Please help,anxiety
1t70omo,Anxiety has forced me into autopilot for majority of my life,"I recently turned 20. I also have (recently diagnosed) CPTSD and (even more recent) OCD. I don’t remember a time in my life after age 12 wherein I haven’t been perpetually anxious. I’m always consumed by either guilt, fear, nausea, or anger. My heart has never not felt heavy for longer than 3 mins. I’m unmedicated, absolutely nowhere I can go that will have the medications my psychiatrist prescribed… I can’t afford the ones that are available. I just let my impulses steer the wheel or avoid anything ever. I’ve been so isolated, passively reckless, and terrified. I do well on the surface, I have extremely good grades, graduated valedictorian, and my family generally thinks I act nicely/proper. I have no friends. I had a circle, but was too scared to really put down my boundaries more than the three times I have with them, and lost them all when I finally stood up for myself. It was too late. I felt too scared to stand up to them and isolated myself. It’s my fault. Now I can’t put myself out there. I feel like I’ve wasted my life. I’m exhausted.",anxiety
1t6dc9c,Terrified of developing schizophrenia or psychosis,"TW: mentions of my ocd stuff Hello again people of Reddit, you can tell I’m not doing well considering this is my third post in regards to my current mental state. About a month ago I (21F) started experiencing a SHIT ton of heightened anxiety. I’ve begun to have 5-6 panic attacks per day and sleep issues, and it’s hard for me to eat and shower. I’ve had horrible ocd and anxiety for years but this feels particularly bad. I am MORTIFIED that I’m developing schizophrenia or some kind of psychosis because I truly don’t feel as though I can deal with another thing. I’ve been severely disassociating, but I haven’t seen or heard anything. I’ve only been tricking myself into these weird like quasi-hallucinations where I know they’re thoughts but post processing in my head makes them feel like voices but they’re?? Not voices?? And I’m just noticing every little thing a bit too much now. I am scared out of my mind, I just want to get back to normal. We think i may be overmethylated from years of methyl-pro daily so I’m stopping that for now, but even then I’m just so scared about what’s going to happen to me because I have dreams and people I love. My fears always surround loss of control. Losing my mind, losing my body functions. My psych says I don’t show any signs as well as an ER doc I saw but what if they’re wrong? I’m around that age you know? Someone help! 💕",anxiety
1t7c6i4,"My parents deserve better than an idiot like me on whom they spent over 600,000 rupees","Got low 12th marks, low SAT/ACT scores, tried AP and A levels and fucked them both up too. I didn’t get to a college of my choice and remained a bum for 5 years out of high school, just finished college and registered for CFA but didn’t prep well enough and will definitely fail this too. I’m an absolute shitty child and I feel horrible coz I know I can never repay my parents and will never be successful enough to justify this high of an investment in me. They’re so kind and amazing, I wish I was better.",depression
1t6yok0,i think im going to kill myself before i turn 22,i am a horrible person ive hurt the person that loved me so much. i can apologize for it as much as i want to but it feels like theyve distanced themselves from me. they still love me and talk to me but i dont want a life without them. i deserve to die but i dont want to hurt them even more. i hope i can successfully kill myself and that they never find out. i deserve to die a painful death. i have nothing left there is no future without them i cannot imagine anything without them,depression
1t7usag,Insert creative Title Here (IDK),"I don’t even know why I’m making this post. I don’t know if it’s because I’m bored or because I’m lonely, but I guess I just wanted to come on Reddit and talk about something. I guess I’m just so numb lately. I’ve been taking my Lexapro forever, 20mg, and I go to work every day at a job I really like. I mean, it’s not perfect—nothing ever is—but I feel like I’m doing everything I’m supposed to be doing. I have a job, I have hobbies, but everything seems like the same day over and over again. Everything feels so monotonous, boring, and mind-numbing. Everything goes so fast and so slow at the same time. I don’t even feel like buying anything because it doesn’t make me happy anymore. I used to be really into Pokémon cards, and now I don’t want to be the loser at the store buying a Pokémon pack because I don’t want other people to think poorly of me. I feel like I’m basically just falling through life. I don’t know what I’m doing. I’m only 20 years old. My husband’s deployed and in the Air Force, and I don’t know where he is, when he’s coming back, or how long he’ll be gone. I’m not exactly lonely, I guess, but I just feel so much of nothing. I don’t understand it. I’m not sad, and I don’t want to kill myself, but I’m not overly happy either. I smoke weed on the weekends sometimes, and I used to drink pretty heavily, though I haven’t been doing that as much lately. But it just doesn’t seem like anything makes me feel like a person anymore.",depression
1t7dyvp,How do I calm down and regain trust?,"So, I have started dating this guy a couple of weeks ago. We have known each other for almost five years, and been very dear and supportive friends ever since. Around the end of the last year we started developing deeper feelings towards each other, and here we are now. Here is the thing - for the last couple of years, every dear friend of mine has left me. They stopped reaching me, the friendship became one sided, and eventually we dropped contact. My most daring people, the ones I could tell all my secrets to, just dumped me with no explanation. I also had two relationships, and they ended in a likely way - the guy stops talking to me, and a couple of days later I get a text ""we need to talk"". That's why I have developed an awful fear of forming deep bonds because whenever this happens and I put my guard down the person LEAVES. Now, my boyfriend is usually not a very talkative person, he is more of a listener and I am the yapper. He has always been like that (I suspect he is autistic) and it has never bothered me before. But now I just can't calm down. Every time he hasn't texted me for a while (he has a busy schedule and rarely text at all) I start getting anxious. I constantly check on my phone and catch myself stalking him, rereading previous messages and analyzing them again and again, wondering if I ever did anything wrong and inappropriate. Sometimes my anxiety takes control and I catch myself behaving awkwardly, which worses the situation for me and I feel really shitty afterwards. I have been very chill around him before, but now that we're more I feel like panicking every time I get comfortable. He knows well about my experiences and has been very understanding about it. He has told me that he won't betray me, long before we started dating. But now I just cannot feel sure. Very unexpected things have happened in the past, and now I feel like god knows what is waiting around the corner to ruin everything. I don't want to lose him, he is my dearest person ever. Some days I feel relatively calm, but most of the time this anxiety is eating me from the inside, to the point where it physically hurts. I need advice - how do I calm myself down and regain my trust? Anxiety is getting in the way of me giving myself to my boyfriend, and I feel like this will get in the way of the relationship.",anxiety
1t766ex,Depression made me chill?,"After I don’t know how many years of being helplessly depressed without any external support and years of actually wanting to exit, I fucked my nervous system. I’m eternally happy. I cannot feel negative emotions. Because I know they will be so overwhelming I will want to exit. And to stay alive I don’t face them. I’ve seen it all. I’m numb. I laugh emptily to my friends. I function in my home with family. Yet I‘m not myself. **I don’t even think anymore. I just live. While my brain subconsciously keeps me trapped as thoughts try to escape but are immediately suppressed. Perhaps until I die.** I will do the same things in the same mental state until the day I die. Because any change to myself is too hard. Yet I try. I try so hard to discipline myself to live, to talk to people, to try to care about things, to pursue my hobbies. To see the good in things I do. But every time I try I go back to square one. My brain says no. Sit down little boy. I think I’ve escaped depression when it probably will keep ahold of me forever. And I’m just helpless. How much pain do I need to give myself until I \*feel\* something? Just anything? How do I know I won’t go back?",depression
1t76e3q,"Anyone else get so much anxiety about the idea of picking up new hobbies, changing things about yourself or just in general doing anything 'unusual for you'?","This has been a thing that has been with me for as far back as I can remember, but only recently have I been able to actually realize it and put it into words. So now I'm curious if it's actually something more common or if I'm the weirdo lol. The feeling is kinda hard to describe, but the best summary would be getting anxiety about starting doing something/changing up things about you that go against the 'normal' image people have about you. And not only for the fear of getting negative comments necessarily - more about getting *any* comments and stuff in general, and generally drawing attention to yourself. As an example, growing up I've always been your stereotypical shy, nerdy (very much a bookworm) and *very* unathletic kid. Also I never had an inclination for any form of art, be it visual, music, dance or whatever. But in recent years I've been trying to explore more of those activities that I (and everyone that knows me) would never consider myself doing. Liek few years ago I got a guitar out of boredom to try and start learning it in my spare time. Again, this goes *completely* against of who I am in the eyes of everyone that has known me for any extended time. So for some weeks I got legit physical anxiety at the idea of anyone finding out and making comments and stuff - even if all of those that I ever got were purely positive but *very* surprised in a lot of cases. Same idea goes about me wanting to pick up running for liek half a year at this point but putting it off constantly, because I didn't want to break the idea of who I am that people around me am. In that sense, everyone that knows me probably considers me a complete couch potato and/or fat slob lol. Hopefully you get the idea at least a bit from those examples lol .I know it is extremely self-sabotaging but I just absolutely can't help it for the life of me. Anyways, does anyone relate to what I'm describing?",anxiety
1t6q60k,Zoloft,Does anyone know if the supplement Quercetin is okay to take with Zoloft? And is serotonin syndrome really rare ? I’m scare to use like zofran with Zoloft,anxiety
1t6k6zt,Surgery on Monday and Im scared to death of anesthesia,"Im having a **Septorhinoplasty** surgery scheduled on Monday (I have deviated septum and don't breathe well, but while I'm under anesthesia I will do closed rhinoplasty too. I also never loved my nose so I was thinking why not) But the thing is that I am petrified of anesthesia and Im eventually thinking to cancel the surgery tomorrow. I never he surgery of any kind😭 I am afraid that I might be allergic (I had a new developed very bad allergic reaction on oysters last year and Im anxious that I'm gonna die or choke even today... ) on some of the medication that they use for anesthesia or Im gonna stop breathing or my heart will stop. I don't know how to fix this fear and anxiety. Im petrified",anxiety
1t7yb7d,How do I overcome my suicidal thoughts?,"I thought I was over it, but every night I keep thinking to just k!ll myself, Idk I feel so useless and I fvckin hate myself. I can't sleep. I want to sleep early huhu but there's always bugging me. I don't want to live this way, I'm really trying to be better but every time that I get to feel better, I'm always going back, I'm trying really hard to fight my thoughts. I've always wanted to die but right now I still don't have the courage to do it, there's still a little hope for me to not give up but there's a half of me that wants to give up, fudge Idk anymore.",depression
1t7pzj5,Sometimes I can’t stand being around my own family,"Just talking or listening to them to them makes me feel like I’m losing brain cells. I don’t even see the point in even opening up about my problems to them, since these idiots clearly don’t know what they’re talking about half the time. They act like apes half the time and it’s obvious that they don’t understand shit about what it’s like to have mental problems. “uUmM, bUt YoU aCt LiKe ThIs SoMeTiMeS aNd YoU sAy ThIs…”. My god, it doesn’t take half of a fucking brain to understand that’s not how autism or how social anxiety works. It always feels like my mind is always working against myself and I hate it, but these idiots are too retarded to understand or comprehend that. And it’s not like the damn psychologist helps either, since they clearly don’t know shit either. I don’t know anymore, I just want to lock myself in my room and starve myself to death. Family is too stupid and professional help is bullshit.",depression
1t7r269,Is there really anything to keep going for?,"I’ve struggled with depression, anxiety, and complex medical trauma. I don’t really see the end of the tunnel anymore, it’s all darkness, no light. Is it really worth it anymore?",depression
1t7hws8,I don’t know what’s wrong with me anymore or how to deal with my BPD right now.,"I feel like I’m faking empathy. People tell me their problems and I *want* to care, but I genuinely can’t make myself feel anything anymore. It’s not even just other people either — I barely care about my own feelings now. I still smile, laugh, joke around, and sometimes I cry if I’m talking about something emotional, but it feels disconnected. Like my body is reacting the way it’s supposed to react, but internally I feel numb. Even when I cry, part of me is just sitting there thinking “I don’t actually feel anything.” I don’t overthink anymore. I just lay in bed feeling empty and disconnected from myself. And honestly, the scariest part is that I can’t tell what emotions are real anymore and what’s just automatic behavior. Has anyone else experienced this?",depression
1t7r0h4,I am no longer depressed but mad about everything,"My mother died from cancer 3 months ago,I'm not sad. I am mad at the whole My mom loved her life and wanted to live but she died. 3 months later and well...being alive is just a fucking punishment. There is no reason or purpose about my existance,must of my goals are already fucked up (I wanted so bad to become a pro wrestler but I already had two patellar dislocations before hitting 20 years!). ""So why you just don't die and stop crying?"" That's the other problem my mom didn't die just so for his stupid son to kill himself. I am no longer depressed,I am mad,because I have the mission to live a stupid life I hate,but at the same time I can't give up. I don't want friends,a stupid girlfriend or whatever the bullshit I used to cry before. My anger and dissapointment are totally valid,because while others have the live of their dreams I have to fight a fucking hell for the rest of my life.",depression
1t767g1,How do I do this,"I need a mental hospital stay and I’m not sure how to get it. I’m 15M in New Zealand and I have no clue if I even can get admitted. I’ve tried with suicide attempts before but none of them worked. I’ve tried to be more honest with my therapist that I’m not in good health. My therapist should have some idea of why I need to be in care, after all I go into sessions and forget everything she asks me and have no idea how to respond which I think is a clear sign that I probably shouldn’t be at school at least. Im sick of being so debilitated because I’m subjected to things like school, I need time away so I can improve because I haven’t improved since my depression started. I have told my therapist therapy isn’t working, I’ve been on NDRIS and SSRIS and nothing has worked, I just want change and I want to have the space to be myself. How do I do this? Right now I’m planning on doing another ‘fake suicide’",depression
1t6wlhb,Killing myself sounds nicer by the day.,"I (25M) have been thinking about committing suicide for the past few months. In January I had a seizure for the first time in years (diagnosed at 12) and this one was worse than any of the other seizure's I've had. I woke up to two broken shoulders, both my left and right. I couldn't move, sleep on my side, take a shower, etc. I couldn't even change my shirt because I just straight up couldn't move my shoulders. They've healed a lot since then, but I have surgery on my right shoulder coming up in June. Once that's healed, after 6 months of PT I'm getting surgery on the left. Then it's another 6 months of PT on that shoulder. I don't know what my range-of-motion will be like, but I'm scared I won't be able to use a computer, write in my journal, or play guitar. It's gonna be a year of physical therapy. A year before I can drive. I won't be independent in the slightest throughout all of this. Not being able to drive has been one of the worst part of all of this. I legally can't because of the seizure and physically it just isn't safe. It's a 45 minute walk to the nearest bus stop. I just feel trapped in this house. I used to drive to a coffee stand every morning, then drive to a nearby lake and walk on the docks while listening to music. All of that is gone. Then in early April, my girlfriend of two years and I broke up. I cried every day for 10 days straight when it happened. I didn't even think I was capable of crying like that. I used to be this ray of sunshine with nothing hard going on in my life. I was the go-to person for all my friends to just yap about their problems. Well, I can't drive to any of them anymore so now it's a rare occasion to spend time with them. I guess it's the shoulder surgeries, break up with my girlfriend, and feeling trapped at home because I can't drive. Those are what's making me really feel like committing. I know some people have it harder, but for me this is all it takes I guess.",depression
1t761ad,Anyone else get intense anxiety DURING sleep?,"For context- I have dealt with varying levels of anxiety, ranging between moderately uncomfortable to debilitating for the last 10 or so years. Through therapy, exercise, meds, advice and general experience however, I’ve managed to keep what I’ll call my conscious or waking state fairly calm - with little to no worrying thoughts. I haven’t had a panic attack in over 6 months which I never thought I’d say. HOWEVER… When I fall asleep, I’m starting to think my sleeping / unconscious mind reverts to some kind of hyper anxious state. I’m not really talking about nightmares, although if I do recall a dream I’m usually in a state of panic. I wake up so anxious, and have to talk my self from the edge of panic, whether it’s in the middle of the night or in the morning, feels mg and tasting those familiar stress chemicals, with face head neck and shoulder pain from stress. What am I supposed to do? I can’t exactly talk myself through it because I’m asleep. Any similar experiences?",anxiety
1t7q5wc,I hate but love myself so much.,"I know who I am capable of being. I fully know that I can be so smart, outgoing, capable, intellectual, knowledgeable, strong, selfless, cute, bubbly, confident, sexy, loving, compassionate, hardworking, funny, etc. But day to day I am living with the version of me that is anxious, insecure, uncomfortable, depressed, frustrated, stressed, unreliable, confused, exhausted, scared, and subdued. I love who I am as a soul and human being, taking my whole life into account. But I f*cking hate who I am as a living person right now.",depression
1t6hn0o,Is there anything else I can get instead of weed for anxiety??,"I (20F) have had anxiety and big spouts of depression my whole life I dont have meds or anything for it and I heard that weed helps people. However everytime ive taken some (edibles specifically) ive felt like death. Ive realised now its probably cause I took too much for a beginner (took like 20mgs) and the first time (35) I think thats greening out? Idk. But it sucks. I cant stand up without getting dizzy I cant play games on my PC cause I get dizzy. I think about anything thats causing me anxiety/stress and its like my head starts buzzing/vibrating its horrid. Why do people get high if it means u cant drive anywhere, youre anxious and the world spins? Is that supposed to be the fun I was promised?? I recently got into an argument with my mum, I went through a break up Im trying to juggle uni work. I want to move out my house but have no money and no job and no time for a job. I just wish to stop thinking. Is weed supposed to give u a calm focused brain or does it make it so u cant do anything other than lie down and look at the sky​. what else can I do to get a focused and quiet brain or am I cooked until I can move out and afford to get diagnosed and get medication? I hope this is an okay reddit thing for this",anxiety
1t70v38,Figuring out life,"Hi guys. I don’t know if this is the right topic to talk about it So I am a 27 years old and unemployed . I used to work as a line cook for 3 years and 2 years in culinary school. To be honest, I don’t like my job that much because it was stressful and lots of screaming, which I’m not good in tolerating. The reason I got this job and this degree because I am not good at anything and culinary was the only major that opened for application at that time( I was an international student). Whatever I do, I always fail and I don’t even have any hobbies. There were so many time I was so depressed because I felt like I could not do anything right or thinking that everything that I do just against me. Professionally speaking, I have worked in culinary industry for a while now but I just felt like I did not learn anything, even tho I graduated with honor at my college. I only like to cook for myself and my family but I just cannot handle much pressure while in big kitchen with lots of people even though everyone said I did good at my job. So I am back at my home country trying to figure out what jobs should I do, and the past 8 months I have been trying to do other jobs but I just couldn’t do it. Most parts are that I think I am not good at doing it, and I also have really bad anxiety. I tried to avoid not doing any kitchen job and apparently I got offers from many restaurants. I swear my knowledge to kitchen was far from good and maybe worst comparing to other self taught chef even tho I have worked for 3 years. I really want to earn money now to take care of my family and saving up for something in the future. What do guys think I should do? I know it’s best to go back to kitchen and trying to earn money as much as possible and ignoring all the insecurities that I have. However, I just want to see how do you guys view it and is there anyway to overcome anxiety ? Thank you",depression
1t6i9nb,anxiety around eating,"I’ve been diagnosed with social anxiety disorder for about a year now and I’ve always been extremely uncomfortable with eating around other people like it’s something that pains me to do. But recently it’s reached a point where even if i’m alone and i’m eating i don’t feel safe. the thoughts that im afraid others would have of me while eating i start having myself, and i feel the way my mouth and cheeks move and the noise and I just lose my appetite i feel disgusting. I was just eating a piece of toast and I felt fine until halfway through where i almost reached tears cause i become so aware of what i was doing. im wondering if anyone else has experienced something like this",anxiety
1t73oc5,I think my relationship triggered the worst anxiety spiral of my life,"My relationship is falling apart and my anxiety has become physically unbearable. I’ve been shaking for over 24 hours, constant heavy chest, lump in throat, nausea, and I can’t stop obsessing over the situation. I even developed an stress-related allergic/swelling reaction and ended up at the doctor. Nothing is calming me down, not even meds, and I also have exams I can’t focus on at all. I genuinely feel trapped in panic and my body feels like it’s shutting down. PS: I have GAD but this is bad bad How do people survive anxiety this intense? Please guide me considering I gotta stay productive. Thank you.",anxiety
1t70hjr,"I dont, do i? I have to earn it..",I dont deserve to feel good. I.. i have to suffer to feel good. Existence is suffering. I have to earn feeling good. Existing isnt a reason to feel good. Im tired of hitting myself but what else am i supposed to do? Im terrible. Im.. i dont deserve trying. Im a waste of oxygen am i not? Who am i? Why do i even bother. Im nothing. My achievements mean nothing. Anyone else can and has done them before. Only my failures stand out. So. Many. Failures. I punish myself for them. I deserve pain. The tears running down my cheeks in a bathroom after the exam are supposed to be there. Were they not there id.. id stop trying. Id be lazy. I would deserve more pain. Im earning feeling ok. I havent yet. Which is why i deserve pain. Is it not? Im not special. Im mediocre. Mediocre deserves to die. I dont wanna die. Im trying my best. Im sorry. I really am.,depression
1t7sls1,I feel alone,"I'm 17M I have nobody to talk to. I've been bullied in school a lot. I have no real friends other than.. like 2 people. I have been diagnosed with clinical depression. My parents hate therapy and refused to let me go back to therapy or any form of counseling. My mother has called me a disappointment multiple times, resents me and only keeps me around the house just so she hopes that i study and become successful, and share my success with her.. or so she can gloat about her son's success to everybody. I have no girlfriend. I've never had one. I've been rejected more times than i can remember. I tried working out. It always falls through everytime i go back to school. I have a life changing exam tomorrow that i'm certain to fail. I have a family member that died recently. I couldn't cry. People have been asking me if i even cared about the person. Even my mom asked me this. I feel like killing myself every day. I just need to have a happy day.",depression
1t7mxtc,Need serious Advice guys,"I’m a 23-year-old male currently living in Dubai. Lately, my life has been feeling really boring and demotivating, and I honestly don’t know how to move forward. I’m an introvert and barely talk to people. I’m socially inactive, don’t know how to drive or swim, and I’m currently unemployed. I’m also out of shape, my skin is getting worse, and I struggle to communicate properly with people. It genuinely feels like I’ve hit rock bottom. At this point, everything seems boring, and nothing really interests me anymore. The only things I genuinely enjoy talking about are topics like dinosaurs, One Piece, Godzilla, and similar stuff. I don’t know what’s wrong with me. People around me often treat me like I’m childish or an idiot, and they say I’m too negative as a person. I just feel helpless sometimes, and I don’t even have friends to talk or discuss things with. 😭😭is there out there people like me even exist i wonder😭😭😭😭😭😭",depression
1t6mqs0,I just lied to my mother to her face about being willing to go back to therapy when i really have zero interest in getting better,"I lied to my mother and told her that I didn’t quit therapy, I just wanted a new therapist. which is a total lie. I don’t have any interest in getting better or changing my bad habits. i just want to die. I said that the therapist wasn’t for me when in reality she was just fine. I just didn’t want to do anything she told me. I said it was a waste of money and that I wasn’t coming back. When I told my mom the therapist had already called her and told her I am not going anymore. My mom was worried so she asked me if I was going to find a new therapist. I said yes. I don’t have any intention of finding a new therapist or taking my pills or doing anything that helps me. it not working. I’d much rather be dead than put in the effort to get better",depression
1t7rsmf,I feel like my low spots are getting really dangerous. NSFW self harm,"I relapsed. I went 5 years without cutting. 2 months ago I broke my streak. Two days ago I gave in and cut myself in different spots and I heavily contemplated taking my gun out cause my parents triggered me.. implying it was my fault I had a difficult time in school when I am suffering with adhd, neglect, abuse and whatever else I have. When socializing I try my best to be a good person, funny, show I’m interesting and what not idk but when I’m alone sometimes I enter a cavern and I just feel so unseen. My friends never have time for me outside of work or the gym. I am completely capable of making friends, getting a gf and having awesome relationships with people. I’m attractive, I’m in good shape but it doesn’t matter. Why am I destined to be this way? I want to go to a bar and socialize with people but I don’t wanna drink and drive. So I drink and or smoke alone. I’m so lonely but it’s not like I don’t have access to people. It’s like staring out a one way mirror. I want to scream until my lungs are shredded or lay in a ditch motionless and silent until I become one with the earth at the same time.",depression
1t7gut6,Nice weather makes me feel so guilty,"Haven’t left my house in a bit. Just crushing exhaustion and I’m terrified of running into someone heading out the door. It was less bad when it was cold. Now I hear birds chirping and people laughing and I feel like I should be out there, but each of my limbs feels about to 100 lbs to move. Just feels like I’m doing life wrong, and then it becomes another thing I can’t connect with people on. They’re hiking or picnicking, and I’m just rotting.",depression
1t6o5o8,Im so tired,"Yh idk im just tired of everything, i feel like im being dramatic or smth bc everytime i tell someone (an adult) my problems they dont care or i can tell they just see me as a spoilt brat which i dont understand because i just told you that i started self harming at 6 years old why are you side eyeing me and sighing and looking irritated Fml",depression
1t7eyjw,Need ur perspective pls!,"Heyy, I really need a quick opinion or different perspective. I will probably delete the post afterwards. I really am into drawing and painting. Especially with pencils. I am currently studying and in my free time I started to draw again. It’s kinda difficult for me bc I struggle with perfection and it has been some time since I found the motivation again. I wanted to try sth I didn’t do ever before: drawing people. I really am bad at it. I started practicing it. Tbh I didn’t know who or how. I just started to use the general technique and while drawing I thought about my brother. So I tried to construct it after someone I know. It kinda happened. I was happy it really started to resemble someone. So it’s not just random, but something one could recognize I didn’t finish, but I talked to my brother like 10 minutes ago and he is furious that I did that. He wants me to destroy it. He says he doesn’t want it. I don’t wanna make this about me, but I told him I didn’t know it was so bad, that I would change it, …. He kinda got more mad. He says I should still just throw it away, but it’s not that easy. If he doesn’t want it I will change the structures to a different one because it’s not easy to start anew. Idk if I am in the wrong, but I really don’t wanna upset him. That’s why I will change it but throwing it completely away will also destroy my progress, so it’s kinda hard for me to just throw it away. I don’t know if that is selfish. I will change it to a different person but he says no u already made it me by using me as the blueprint. I kinda tried to explain that I’m not done and have still the ability to change it. He is very angry and hung up. I’m kinda scared and sad. He was very angry. I did hope he would like it. Didn’t expect him to get so angry and scream. I know I’m probably in the wrong here. The best way would be to throw it away right? It hurts me to just throw it away honestly, but thinking of how angry he was I think it would be wrong of me to keep it or change it, right?",depression
1t6whew,"Im just terrible aren't I, the fact I have no real friends is my fault","ok so basically I have not felt like a person in... over a year really, every time I go to school it is just a reminder I will never be a normal person ever. I have people I know, just not friends, they never really invite me to anything their doing with their other friends I kinda have to force my way into their events, and they actively make their other friends feel included too. Like for example my one friend was doing something for Halloween and talked to me about it, just never invited me, I had to invite myself... Another thing is that they never respond to me, anytime I try to mention a topic to them in conversation they just ignore me before going back to whatever they were talking about like I never even said something. What caused this revelation was basically I was in my PE class, my ""friends"" were playing volleyball with my middle school bully (which I can't really blame them for bullying me since im a weird little freak of a person who everyone would agree deserves it) and there was this dude I knew who was playing jackpot, and everyone was talking about headtops so as a joke I jumped on his shoulders to literally ""headtop"" him since he seems like the type of guy who can laugh at that. But once I hit the ground he just looks at me with a little bit of anger and disgust, worst of all I had a bit of snot come out of my nose making me look like more of a bumbling fool then I do in my ""normal"" state. And I just went to the bleachers and thought about how every time I try to have a genuine interaction with another human being it ended in shame and how that will never change because im broken. But I deserve this, after all im way too eccentric (at least in the past, now im just depressed), I ruin everything since I can't do a damm thing right, I can't actually think of a positive impact i've had on peoples lives, im not funny, my interest are to niche (and not in the tiktok sense) to where nobody can understand what im saying, im a awful artist, Im a loser and nerd down to he core, Im somehow stupid despite being a geek, everytime I speak i just feels like im ruining the vibe, Im too much of a pussy too tell people (mainly my bully) I don't like off since all my friends like them, Im a queer when the most popular people I know are all homophobic too some extent, and Im literally just a joke that's lost it's worth. I tried venting to a friend once about how terrible everything feels and how it feels wrong that im not the butt of every joke and it just made thing more akward between and it's all my fault, like always I should've kept my big mouth shut cause he'd never understand, apparently he's never been depressed before, I did'nt even know that was possible, I truly am just broken wares are'nt I, I can't even control something as simple as what I think because of my OCD either so all I am is just a useless pathetic perverted gay porn art who can't do that right. I would say art has been my one true friend, but thats not true, I failed that friend too since my art is just ass. Part of me does'nt even believe any of this is true and I just gaslit myself into thinking all of it and making up these silly little words, depression, what depression, thats just a figment of your imagination. And that part is probably right. Im sorry for dragging so long it's just I don't know anymore, I have'nt felt anything but apathy or fake manic happiness in a while.",depression
1t79t3t,The never-ending inner battle,"I thought maybe I should finally share my story too. It all started around 2 years ago after a party. One day I suddenly developed intense headaches, dizziness and vertigo. I got terrified. I was convinced something was wrong with my brain. And from there, everything slowly escalated. The headaches lasted around 8 months. During that time I went through endless investigations: \- neurology consults \- brain MRI \- spine MRI \- blood work \- many doctor visits Somewhere during that period I also ended up seeing a psychiatrist and started treatment for a few months. Things calmed down a bit. I almost felt like myself again. But what I didn’t realize was that I had developed severe health anxiety. That became obvious after a major digestive episode around a year ago. That’s when the second snowball started rolling. Severe abdominal pain. Nausea. Then slowly everything turned into physical symptoms everywhere: \- head pressure \- abdominal pain \- body tension \- leg pain \- muscle twitching \- sleepless nights \- night sweats \- waking up suddenly over and over again \- going to the bathroom 6-7 times a day And then came the investigations again: Blood tests. Urine tests. Gastroenterology consults. Cardiology. Thyroid checks. Blood vessel ultrasounds. Eye doctor. ENT. Eventually I ended up having a colonoscopy after my fecal calprotectin came back around 200. The colonoscopy was essentially fine. Nothing major. Mostly everything was normal except high cholesterol. For a while I calmed down again. But anxiety moved to another target: urinary symptoms. After going to urology and doing the tests recommended by the doctor, I decided on my own to repeat my fecal occult blood test and fecal calprotectin. Big mistake maybe. Surprise: Calprotectin came back at 600. I completely broke mentally. It felt like my worst nightmare had finally become reality. Today I went back to gastroenterology. The doctor sent me for: MR enterography upper endoscopy And honestly… my hope is close to zero right now. At this point I don’t even think the preparation for the MRI with laxatives bothers me anymore after already surviving colonoscopy prep. I don’t even care that I’ll probably be sedated again for the endoscopy. What destroys me is the waiting. The feeling that maybe this is finally it. That after 2 years of fear, I will finally hear the answer I was always terrified of. Is this the end? Will I finally find out now? Thank you if you read all of this. And I genuinely wish all of you strength in fighting your fears, your anxiety and your inner battles.",anxiety
1t6rub5,am I doing something wrong when I cross the street?,hey I have a bad anxiety disorder that I am working on getting treated. I'm posting this question in this subreddit because I want to be treated with understanding that I am an anxious person. I've lived in a small town my whole life and just recently moved to a large city. when I cross the street I always wait for the sign to turn to the walking man and then I cross. I keep getting honked at and Idk what I'm doing wrong?,anxiety
1t7pcrg,Im losing it again,"I (21 M) was doing so well. I was feeling.. good. I found out I have a free ride to the university I want, I have a part time job where the majority of my coworkers like me or even get along well with me. I finally got out of a tumultuous era with my parents (who I stay with). I was content with the friends I have, which is few but its better than it could've been. Thats how it always is, I get 2 weeks of happiness when my meds work and then things go to shit. It probably would help if I took my meds more regularly... I had an uneventful day, nothing really bad happened. And yet, I can feel myself slipping. A guy I matched with on a dating app introduced me to some gambling app and I see why its so addictive... and dangerous. Ive deleted it after some poor decisions. But not redownloading it is becoming difficult as well. (God i dont need a gambling problem, thats the last thing I need when im trying to save up for ownership of a car. ). I hinted to my aunt that I I was becoming more irritable and she stated that I might need a vacation. I have a 4 day one with family coming soon. I dont want to go back to that dark place again. This happens over and over and over. I have nothing to be depressed about and yet death is on my mind. Im fucking trapped, forced to live because I cant find any way out. My life is so meaningless and pointless. Everything is! I know that once I die everything will be okay and my parents will move on and so will the rest of my family. Maybe one friend will miss me. Maybe. I want to scream but I don't have anywhere to do so. I cant escape this house unless I have a valid reason ( parents are strict). I cant trust my parents to even care. Last time I told my aunt that things were getting bad, she finally got tired of me. Told me that I was giving up because things were getting hard and because I was a being a quitter. And my therapist... I dont know if I can trust him either. I cant go back to a mental hospital. I wont. An ungrateful piece of shit like myself doesnt deserve to exist, ive realized. Im tired and my patience is so little. Im on the verge of snapping on people and im incapable of crying it out. So many people have it worse. I have no right to talk. So why do I feel this way?",depression
1t7ex4g,Self harming thoughts,"My parents argue alot. My dad is that typical asshole man who yells and verbally abuses my mom. My mom is no less, makes up scenarios in her head and yells and degrades my dad, saying he is weak and scared of his elder brother, saying my dad doesn’t do the earning and we are only surviving bcz of my uncle.THAT IS A FUCKING LIE, my dad works alot, and i see him working hard. But he can’t control his tongue and he thinks that we are his puppets , that what ever he says we have to follow!!! Fuck everyone both my parents are MISOGYNISTIC ASSHOLES. Yes i will verbally abuse now cz i am frustrated as FUCK. They fucking argue all the time And now that i have also started replying back there small ego gets hurt They fucking cannot stop arguing, it annoys me and i get pissed and yell at them and then both of them take there frustration on me by saying what not They let my YOUNGER FUCKING BROTHER GO OUT and they just compare soooo fucking much. Whole my life i did whatever made them happy Pursing a damn fucking degree just for the sake of there happiness and those fucksters they will always choose my brother, expect in cases where they to use me as a fucking labor! They whole day today i helped them moving in and after the whole work is done my mom fat shames me! Saying i won’t move my fat asss HOW DARE SHE! I do i not argue back! How do they allow my brother to have all the fun and make do all the work and then say i am a lazy fucking ass bcz i am tired and sitting at home where as my fucking brother goes out with his friends! I had to collect my damn specs from the store. It was 9:30 and that ass of my father says i am not allowed and exactly at that time my brother was outside with his friends doing what not! He is a fucking mino! I am damn adult!!!!! I so want this pain to go away It feels so heavy. I need some fucking distractions They always treat me as i am a disappointment. FUCK THEM",depression
1t7mo7f,"I think I’m depressed and I’m not motivated to cook or eat, which is making it worse","How do you guys make yourselves eat healthy when you’re depressed? I’m finding I’m so so tired that when I’m home all I want to do is lie down, and I can’t motivate myself to cook. So then I just eat cereal or snacks and not a balanced meal. How do you find the energy to eat healthy when there’s no energy to be had?",depression
1t6qdot,I would rather be a leaf on a tree than a human. But I’m not.,"TW CSA AND EDs This might be long so if you stick around, thanks :) My friends will tell me sometimes that I’m the most functional person they know, people say nice things about me. I don’t believe any of it. I have my dream job, guys buy drinks for me at bars and call me funny, I have friends, I’m fully functional, I workout, I eat healthy, I go to cute coffee shops and take photos of my drink and post it to Instagram to show people how my life is good, I have cute clothes, I lost weight, I have my own apartment decorated in a way that kid me would have dreamed of! But none of it means anything to me, I keep blowing through milestone goals, and I feel nothing. I have a run of the mill traumatic “girl who beat the odds in her 20s” sob story. I was raped and beaten by my dad, neglected by my family, had a binge eating disorder throughout high school and the first half of college that I replaced with anorexia in the second half. Was bullied throughout grade school, cut myself in the school bathroom blah blah whatever. I know that sounds dismissive, it’s objectively a horror show, but when it’s your life that you lived out in real time and have had your entire life to reflect on its kinda… yep, that stuff happened, and it sucked. But all that taught me to never ever let my guard down, never let anyone in, never be vulnerable. And I don’t! I don’t cry in front of people, I lie to my therapist that it’s going okay, I pretend that I’m happy and optimistic all the time. But I feel nothing, I feel awful. All of the time. I have been depressed for as long as I can remember, it’s all consuming. I don’t want to kill myself because that’s how my dad went and the aftermath is so messy. But I just feel a void of happiness and joy inside me always, I want to let people in, I want to be vulnerable, but I can’t. I don’t have any friends I feel like I can reside in. I have one who I know would let me, but the fear of doing that wins out. The rest of them view me as a pillar of strength and success, the couple times I have tried to breach the surface they look at me all confused and I’m consumed with a sense of dread so all consuming I abandon ship before I can even say anything else. For the past eight or so years before I fall asleep I fantasize about someone checking up on me, treating me softly, telling me it’s okay, that they love me and are here for me. Thats so sad, thats so sad to say. I will stand infront of my mirror and talk about my life like it’s a movie and I’m reflecting on how sad the character I play is and how we need to be kinder to people like her. I spend most of my time alone dissociated out of my mind to be able to cope with it and not let the constant pain that haunts the edges of my mind take over. I act like I’m so tough and strong, but I’m not. I’m so sensitive, I’m so weak, I’m so pathetic. One time I went on a date with a guy and we ended up sitting by a lake talking, he seemed really interested in me and kept pushing me to talk about myself more because he could tell I was kinda closed off. We went back to my place and after we hooked up I just spilled everything, how I feel nothing sometimes, how the pain is so bad I cant imagine the next day, about my past, about my self hatred, about everything. It was so weird because he just held me, a guy I barely even knew, and he just looked at me stunned and told me to keep saying more. I ended up telling him everything there was, he was so nice. I felt so safe, like even though I had opened up my chest cavity to the world, and became less of a human and more of an exposed nerve, it would be okay. That was the only time I ever felt like that, I clammed back up after and he left. I haven’t dated since. I was told when I was a kid by the world I would have to fight tooth and nail to survive, now I’m older and the threats are gone but my body developed steel walls to be able to keep everything out, and I became the perfect face of productivity and being okay but I’m dying. But the world is so beautiful and soft. I have moments of reflection where my dissociation lets me step out of my body. When I was being raped at age 5 I felt how soft the leopard print blanket was and held onto that, when I cut myself I noticed how nice the warm light of my lamp was. When I was surrounded at prom because even though I thought my outfit was cute- the other students thought I looked fat and ugly, I remember running outside and looking at the clear night sky and seeing how lovely the big dipper was. I’m currently laying in my bed with the shades and windows open, the trees are green outside, the sky is blue and sunny. My apartment is clean and my blanket is soft, my water is cold. I have a foot injury so I can’t walk much but I’m 6 weeks out so it’s getting better slowly, thats good. I hear an airplane above and I hear the wind in the leaves outside. When I step out of my body and let myself exist in tandem with these things, no longer as a human but as senses to interpret the things around me. Nothing hurts anymore, it feels okay. The leaves die each year, but they came back, the wind still shakes them and I still get to hear it. I’ll never kill myself because of this, I’ll die eventually, but even in moments of nothingness I get to fill the void with the sound of the wind in the trees. The nothingness carved through me like a slow moving ice sheet and left a cavern but for a second, my entire being is filled with beauty. I’m not even sure why I’m typing this… or where I’m going with it haha. I think I just want someone to know, know I’m suffering, know I’m scared, know I’m weaker than I say. I want to be able to be vulnerable , I want to be happy, to be comforted, to be told it’s okay. I just feel so alone, so by myself. Thank you for making it to the end of this if you did, I feel a bit better in this moment having typed all of this out. I hope you love the sound of the wind in the trees, and the fact that we both enjoy something so nice despite the odds brings you joy.",depression
1t7g8ip,19 and losing my will to live,"I know this title may seem a little odd considering my age and Im hypothetically young and many opportunities and experiences supposedly await me. The only issue is I absolutely despise and hate the modern economy and for that reason alone I feel justifies my decision. As a teenager I have always enjoyed creating music and writing, I started out creating songs when I was 15 and posted them on SoundCloud which one even got 15,000 views which was pretty cool and I know I have talent. However it really is my only dream and a life where I cannot be a musician or a music artist or at least not have to endure the modern enslavement. I say music but in reality I just enjoy expressing my emotions and what feels authentic to me and I’ve always found it fascinating that people can do that as a career. However the older I get the more adult responsibilities are making themselves present, every job looks so terrible and I’m not sure which jobs will actually support me as I still live with my parents. I have no scope of which ones will simply give me somewhere to live and food to eat and allow me enough time to still create. My parents are disappointed with me and I feel ashamed still being in their house with no plan decided. It’s just I’ve always had grand visions and the idea that none of these will ever come true is tough, but the other idea of me having to deal with these newfound responsibilities to just survive and exist really torments me. I also enjoy being in physical shape and want to start boxing again and enjoy life if it’s on my terms but the older I get the more I’m supposed to fit in rather I want to or not and honestly I am getting to the point of just calling it quits, I genuinely don’t see a way out and I’m scared I’m going to one day give into my emotions and lash out. Which at least then if I plan it accordingly maybe my death will have some notoriety and meaning. I’ve always had an obsession with being a martyr or a luciferian tale which I started fantasizing at about 14. So I feel like it's just destined to be. Also another thing is millions of others have actually followed through with it which proves that my reasoning is justified. I really just need a way of out of this dead end trap, and at least if I end it now it might leave some sting or meaning as I leave this planet. I just can't don't see a reason for being here much more, my positive emotion for most things are drained, I am not really emotionally attached to my family at all and the only thing keeping me alive is my dreams. So the older I get the more the possibility fades and the more it hurts. I really wish there was a way out but the most I ever get is a couple days then a thought enters that feels to true to escape or rationalize or clear and it makes me realize the state of where I am. I am not cut out for this world and never really have been, so for me to keep pretending and sacrificing my authentic self just seems to be pointless. I'm far better off gambling and hoping that there is something better after.",depression
1t6f1to,Restarting Lexapro and struggling hard. Could really use some help,"Hi, I took 20mg for two years. I stopped last November, and felt good for a few months, but the panic attacks came back and dominated my life. Like all day panic type stuff for the past month and a half. So I started again. Days 1-3 were okay, minimal side effects. I’m now on Day 6 of 5mg and just having the most severe, extreme panic attacks of my life. I don’t remember it being anywhere near this unbearable the first time. I’m struggling to eat. Has anyone experienced this? When did you turn the corner? I realize the full therapeutic effect takes a good while, but I just want the edge off of this panic. I’m supposed to up my dose to 10mg in a few days and I’m horrified. Thank you ❤️",anxiety
1t79daf,The universe is against me,A lot of things have been happening to me this week and it's gotten so bad that I've just been constantly crying. I graduate soon but my life has been so shit that I don't feel happy about it. Been having mixed messages from the woman I love but can't be with and then yesterday I went for a haircut and they fucked up my hair which is now lowering my already low self-esteem and it was the last straw...I just want to die the most gruesome way possible and thrown in a ditch.,depression
1t6v0vy,Y’all ever just feel “off”?,"You can’t pinpoint why, but something feels “off”. You don’t feel at home in your body, it’s like something is lurking under the surface but it doesn’t have a name or a face. You scan your body for every possible reason why but nothing really stands out- just a general feeling of uneasiness. You wait for something to make itself known but it hides somewhere deep within you. Anyone else?",anxiety
1t72dmt,Sleeping problems?,"What do you do when you keep waking up with racing thoughts? Falling asleep isn’t the problem, it’s the staying asleep part. Then the “ope only two more hours, better sleep soon…” game. How do you guys handle that part? This isn’t for me, it’s for my boyfriend. He even takes trazadone and still always wakes up.",anxiety
1t6n5dv,I need help or advice please thank you,I am a 20m i suffer from anxiety ocd autism and adhd I'm always worried but this is something different i had a tiny panic attack then I went to bed at 1 20 i woke up at 11 and I didn't feel real like i was in a dream I couldn't remember I still don't the day before and my mum said i asked for something yesterday but I thought it was a week ago and I don't feel right idk if it's brain damage or something idk I'm panicking,anxiety
1t7vkil,Bad life and not enjoying anything,"My life is literally pretty boring and everyday is the same , I can't seem to make any progress at anything, work is annoying and making my mental health so down, parents controlling everything even tho im 24, no girls in life , no friends irl, I keep feeling bad and angry always im not liking anything at all , ifk what to do with my life , I started gym again and thought maybe ill get better but still the same, I swear I just feel down all the time and got no one to talk or spend time with, I would have went to ride always if I had a motorbike but as I said my father controlling me always and wont let me get one, I hate my car , im not a car guy, done 2 tiny crashes with it and hating it more and more.",depression
1t6gccf,How long does this feeling last?,"I had a bad experience by geeking out on weed after smoking too much and after some time. I was fine the next day but had a really high stress day. I was also traveling on long flights. I started experiencing depersonalization which freaked me out but only lasted 3-4 days. Now for the last couple days I have anxiety spikes while eating or overthinking, but for the most part it’s just tension headaches that get slightly better. I went to see a GP who prescribed me propranolol 40mg to take daily while my nervous system calmed down. I will admit I haven’t taken it yet because he didn’t specify how to taper off of it and the side effects worry me, plus what can it do for tension headaches? It’s been about a week from my experience. I’ve smoked a lot of weed in my life this one just hit me too hard + I’ve been under tons of stress lately. How much longer am I in for this? I know carrying on with life helps it go away, but I just want to hear other experiences. I know it was a combination of the weed and the stress.",anxiety
1t7942z,Anxiety alternatives,So I have bad anxiety here is my issue Have tried all sorts of Meds anxiety/depression meds I am looking to cut down on alcohol +clonazepam use. I know it’s a horrible combination but only thing that helps… I have tried many things. Prozac Paxil Wellbutrin Lexapro List goes on Any natural alternatives. That have helped others. I have tried drinking Kava for relaxation.. doesn’t seem to help. I have tried propanol for anxiety helps a bit but not much.. Would really like something I could sip at night to relax that isn’t wine :),anxiety
1t773nr,My social anxiety makes me think people stare at me because of my body or the way I look.,"I’ve struggled with social anxiety for a while, and one thing I constantly deal with is feeling like people are looking at me whenever I’m out in public. I go to the gym a lot and I’ve built a pretty muscular physique over the years, but instead of feeling confident from it, it almost makes me more self-conscious. I worry that people are staring at me, thinking I’m trying to show off, or judging me in some way, even when I’m literally just existing and wearing normal clothes. The weird thing is I don’t actually *want* attention. I’m pretty introverted and would rather blend in than stand out. But my brain automatically assumes people notice me and are thinking negatively about me, especially in busy places or at work. I know logically most people are probably focused on themselves, but social anxiety makes it hard to believe that in the moment. Does anyone else experience this kind of hyper-awareness about how they look or come across to other people?",anxiety
1t7ih6a,i wanna dies,life is bad and i hate it cuz people hate me but every people in the world all hate me me is done with this shyt and not gonna suffer this anymore,depression
1t6hlve,Does chocolate flavored protein contain caffeine?,"I have generalized anxiety disorder, and it has been about 9 weeks since I quit caffeine after being advised to, and it feels great. By the way, does regular chocolate-flavored protein powder contain caffeine? It's Dymatize chocolate flavored protein.",anxiety
1t74yvs,I give up completely,"I’m not meant to be on this earth I feel. Terrible friend, terrible mom, terrible partner. I’m just a trash human being and I think if I left everyone’s lives around me would be better. I’m a burden on this world and I need to free everyone from this burden that is me. If I’m sick of me I can only imagine what everyone else is feeling. Hopefully I fall asleep and don’t wake up but I doubt that’ll happen sadly. Nobody wants me around they either tolerate me or hate me so whats the point in staying. “If you don’t belong, don’t be long” 🫡 now to find a method that is guaranteed cause I’m not going to have another hospital stay.",depression
1t7kwkw,i’m thinking about killing myself,"TRIGGER WARNING: references to trauma and suicidal thoughts Hi everyone. Sorry for the mess, but I need to get this out and ask for help. I’m 21 and I’m exhausted. I don’t want to die, but the pain of feeling like a burden, knowing I might have to live with my mind forever, and facing more suffering feels unbearable. I sometimes think that if I were gone, the people I love might be better off at first they’d hurt, but maybe later they’d be okay. I was born in Italy to a Moroccan mother and an Egyptian father. When he learned I was a girl, he beat my mother, trying to make her miscarry, saying I’d be worthless because I was female. He pushed her down the stairs while she was pregnant, locked her up, and beat her. She ran away, sometimes sleeping in parks. She loved me deeply and sacrificed so much. Later she sent me to Morocco to live with my grandmother so she could work and give me a better life. At my grandmother’s house I lived with cousins; one of them touched me at night and scared me when I was five he was nineteen. When I told my grandmother, she told me to shut up and not to tell my mother. My mother and I later cut ties with that side of the family. Back in Italy I lived with my mom and a man she’d met. I thought he was my fatherhe was kind at first but later he drank and became violent and abusive. When I started elementary school I was bullied as the only foreign child; one mother even came to the cafeteria to call me dirty and told me to stay away from her daughter. I didn’t tell my mom. The bullying and isolation hurt me deeply. I was gentle, dreamy I loved unicorns and used to believe I was a fairy. I spent recess talking to daisies for hours. When I was 6 or 7, my aunt (my mom’s sister) lived with us. One night, while my mother was in Morocco, the man I thought was my dad came home late and tried to assault my aunt in front of me. He grabbed me, slammed my head against the stairs, pressed his weight on me, and slapped me. I thought I was going to die. My aunt and I eventually locked ourselves in the bathroom. The next morning he begged my aunt for forgiveness and she accepted; she never told my mother. A few days later I saw my aunt with my “dad’s” brother. These people are sick and have ruined my life. When I told my mom later, she called me a liar; my aunt defended me and they fought. My mom stayed with him for years before leaving. The bullying continued for yearsspit in my hair, eggs thrown small cruelties that break a person. My mom remarried and had a baby, my little sister, whom I love with all my heart. Still, I feel like a burden, a reminder of my mother’s pain and past mistakes. Despite the mess, I love reading and movies. I adored the animated film Up it kept me dreaming of a gentle family, of someone who would love me and a home where I could feel safe. Three years ago I met someone far away seven hours difference. He was my first boyfriend and my first kiss. At first he was patient and kind; when we met in person it was wonderful. He promised he would never abandon me. After we returned to our countries, I became tender but fragile, afraid to lose him. Then he changed. He grew impatient and started blaming me for pushing him to the limit. He left me often. Once I tried to kill myself with pills; he called me selfish and I’ve felt guilty since. I just wanted a calm, loving family. When I was seven, my father cut his wrists in front of me to stop my mother from leaving. I went into shock and no one cared about me. My mother has always loved me, but no one ever paid attention to my mental health. Now my boyfriend wants to leave because I tell him when something hurts me. He says I’m dramatic, that I play the victim, that I lie and don’t love him. But I love him deeply and don’t know how to stop making mistakes maybe my past makes me see problems where there aren’t any. I’ve changed and I trust him now, but he wants to leave and I don’t know what to do.",depression
1t74za9,I’m subconsciously treating household chores as a burden and it’s causing me to lash out at my spouse,"When I was a kid I was raised to expect to take care of certain things around the house and anticipate when to do things without being asked. Chores were a necessity for my parents happy with me and I hated it, but it must’ve ingrained this militant work ethic in me because since being married it’s been affecting the way I interact with my spouse on certain things. I adopted stresses because there are things around the house I’m constantly thinking of: when I can get to do the dishes, how much clothes is left in the laundry before we have to run a load, if this is the week the carpet should be vacuumed, etc. My spouse does not have these thought processes, he is much more lax about doing these on a routine and there’s some things we talked about me doing because he doesn’t like to, which ultimately isn’t a problem when that is isolated. However for years I’ve had this issue where I get upset and lash out when things aren’t done or I put the same expectation in my spouse as I do on myself when it comes to things. Just this morning, one of our dogs vomited and he came to me when I was in the kitchen and he asked me what we’re going to do about it. I was busy preparing lunch for work for the both of us, so I told him that we should probably take the carpet cleaner over it at some point, and then I kept preparing the food. He asked if he should do it or if I should and when, and that triggered something in me where I turned around and tiredly asked him to do it. This caused a huge fight because he explained that just saying that “we should do it” isnt a plan and I didn’t state whether he or I should do it, and he was wanting direction if I needed any help. It came out that I treat him as an enemy a lot of the times and it’s not right to expect someone to anticipate needs like that and take initiative when there’s no clear direction on things and I don’t ask for help in anything. I get that this is a huge problem with me, because it’s gotten to the point where I treat chores and housework as a burden and sometimes it’s a tool of leverage. We’ve talked before about drawing lines between who does what in the house, but that doesn’t seem to help because I would still fe the same way. How do I stop antagonizing my spouse when it comes to these things when it’s subconscious and consistent?",anxiety
1t7rc1m,End of the the game,"Slowly I'm beginning to believe that we/I am living in a simulation. It kinda makes sense the more I read about it. If this is the case, then I can honestly say I don't mind ""ending the game"" I have experienced almost everything I wanted to. I am content. Nowadays I am just going thru the motions of life. Not thriving, just surviving.",depression
1t72p58,I think about dying,"I loved studying back in high school, I was top student in few of my classes. My family did not let me work as they wanted me to prioritise studying. I am in university now, doing a double degree full time and work. University is completely different from what I expected. It is so challenging, then I have this work shitty job. After I get the worst grades, I go to my stressful hospitality job. I stoped taking care of myself. I cannot go to the library or outside. I force myself being outside feels worse. I want to die. my father died when I was in grade 10. It has been extremely financially hard on us with multiple loans. We are suppose to be financially stable. I hate my dad. I hate myself. My mother and my elder siblings try so much to help themselves stay afloat. my mum pays everything for me, so on Fridays and weekends she picks shifts at age care. She doesn't like the job there, she gets bullied there. There is so much I hate myself for. I dont know anything anymore. I just want to die.",depression
1t7bzui,"After 30 years of suffering, I want to see a professional, need advices","Hi everyone, I’m 29M, a software engineer, I’m satisfied with my life and with what I’m building, but I’ve been struggling since I was a kid. I don’t really have panic attacks, and my anxiety is not paralyzing. It’s a diffuse anxiety. The story I am about to tel you can seem easy and not a big deal but trust me guys, It's a hard life that I leave. **My brain never really leaves me alone.** From the first seconds after waking up, it starts looking for problems. Even when everything is fine, my mind keeps digging until it finds something to worry about. After a happy event, I often feel like something bad must happen afterward. * If I sleep with someone and contraception was used (both pill and cdmn) , a few days later I may suddenly think: “What if she gets pregnant?” Then I get a spike of anxiety. * If I’m doing well financially as an entrepreneur, I may suddenly think: “What if a client sues me and I lose everything?” Another anxiety spike. * If I see a video about someone being falsely accused and sent to prison, I start thinking: “What if that happened to me?” then another shot of anxx Other examples from my daily life: * I can’t leave my apartment without spending 15 minutes checking whether I really locked the door. * I have put cameras facing my stove so I can check whether I turned the burners off. * If I take an exam, later that night I might suddenly think: “What if I forgot to write my name on the paper?” and then my mind jumps to catastrophic consequences like failing or having to repeat the year. The earliest example I can remember was when I was 4 years old. I threw a candy wrapper on the road and became terrified that the police would come and arrest me. I told my mother, and she went to check the road, but the wrapper had already been blown away by the wind. She told me she had picked it up to reassure me. Even then, I was still scared the police would come for me. Today, I know I need to see a professional. But there are many types of psychologists and therapists, and I’m not sure what kind of practitioner I should target for the best care.",anxiety
1t7e173,How to deal with learned helpelssness,"How to deal with learned helplessness. From 3rd grade till today I feel helpless and inferior to others and now I'm delaing with severe depression. ""For example, I can't use any equipment in the gym, like I don't know how to use it or what to do with it, so I always feel helpless. I don't know how to ask for help. Also when I feel like asking, I feel like there's no one here, everyone is busy talking and there's no one available at the moment, they are busy doing their exercise. I feel like I'm the only person in the gym and there's no one here. I also feel so depressed to ask them, I feel so blank and irritated because firstly I don't even like going to the gym, I feel so demotivated, and on top of that nothing even happens now it has become so habitual because I've become so used to do this that i dint even know how to deal with this.i always feel like ending it all",depression
1t7n2h9,I want to die because of my look,"im so disgusting, i can’t even look at my face anymore. I dont’ feel like i have the right to live, to laugh or even to be happy because of my look and it’s torturing my mind every minute. Every second of my life feels like torture.",depression
1t72x1p,Going through extreme health anxiety as some with ANXIETY,"Hi, 24 female here. I always had anxiety issues by childhood traumas and recently I figured out when I stop thinking about if I’m about to have an anxiety attack or not , and try to distract myself it goes away. But since last 2 years, I just keep finding symptoms on my body for huge diseases. Like random brown freckles to melanoma, breathing issues to lung disorder , back pain to kidney issues and I got most of these checked and I’m perfectly fine. Most recently , I had exams and slept barely 3-4 hours on Monday and Wednesday last week. Then it became a bit harder to sleep enough for the next week. The day before, I ate something simple (rice and tuna + veggies) then a huge bowl of yogurt icecream with a lots of chocolate then went to sleep hungry. Next day morning I had racing heartbreak that I can visibly see at my collarbones, the pulsing . And in my class I felt like I’m having an anxiety attack and my heart to abt to stop . I thought I had an attack. I was taken to ER, did ecg and blood test that came out fine. They suggested to neurobiologist but I said no cuz I didn’t want to spend extra money that I already did. But then next week at same class I start thinking about what happened last time and I started having the anxiety attack again, that I can’t breath. But this time I forced myself to take deep breath, a walk outside class and distract myself then it went away quick. Then the next day I kinda felt my jaw so weak and I can’t even chew. Another anxiety attack over that only to realize it’s almost the peak of my jaw Botox. And everytime I fell sick, one I’m at the hospital door in fine, I think now they can fix me. This health anxiety is getting into me so much that I can’t even live my life normally… now I’m seeing hypothetical lump of my throat and thinking I’ve some tumor. I’m so scared that I’m crying every night that something is going to happen to me. And I live very far away from my family.",anxiety
1t7439f,Death in installments,"I technically shouldn't exist. My name isn't really mine. But my wife still wants me here. I hate crying in front of her. I really do. But she gets mad when I start drinking. I hate feelings. Sometimes I wish someone would break in and shoot me in the leg so I would maybe have a real reason to cry. But sometimes I just wish I won a little bit more in the Oregon Powerball, too. Welcome to America. Die a little inside every day.",depression
1t7p0j2,Weird feeling wondering if anyone here relates or can help!,"(I Am indeed an anxious individual (in therapy it’s ok) and I have adhd) Hello, I’ve been having this issue and wanted to know if anyone else has experienced something similar, or if anyone has any idea what it could be. First of all, you know that feeling of fatigue/weakness you get when you’re laughing really hard and try to make an effort or move, but your body feels weak because you’re laughing so much? Well, that specific sensation is what I feel in my body — but without the actual laughing or physical weakness. It’s almost like only the “mental” part of that sensation. It’s very strange. It almost never happens, but when it does, it feels really weird. I don’t have actual physical weakness, and I don’t have cognitive symptoms, but the sensation is hard to explain. Sometimes when I lie down to sleep or close my eyes to rest, I feel this weird sensation in my forehead and eyelids, like they want to open again because keeping them closed somehow feels like effort in the same way I described before. It’s kind of a restless feeling combined with that “funny/drained” sensation. In general it’s just very weird. It’s not 100% constant all day, but I notice it more when I’m calm or resting. Sometimes when I type on a keyboard I also feel it, and I feel like I need to move my legs quickly or move around to “release” the sensation. Sometimes tensing certain muscles in my body also relieves it a little. Like I said, it’s strange. Physically I seem fine. I’m okay if the answer is “it’s anxiety,” but I’d like to know if anyone has experienced something similar, what helped, or what I could try to avoid it since it feels so random.",anxiety
1t6ur9l,So tired. Not just physically but mentally.,I’m so tired and mentally checked out. I attempted suic 2 weeks ago and posted it on Facebook so my sister made my girlfriend call the cops and I was taken to the hospital and had my stomach pumped and drugs to reverse the effects then was locked up in a mental hospital for 10 days.,depression
1t7is7m,Breakfast & Morning Anxiety,"Those of you with anxiety, what are you guys eating for breakfast? My anxiety is usually settled with eating (heavy carbs, lean meat), but for some reason breakfast has been challenging for me lately. My stomach doesn't seem to like the typical breakfast foods. Maybe I'll start eating lunch for breakfast? For reference, I usually eat eggs, toast, or oatmeal.",anxiety
1t7rkon,i want to hurt myself,"i miss my best friend, my household is really stressing me out and i have no one to vent to. i miss her. why am i such a fuck up. i want to die.",depression
1t7fe2z,"7 days of constant headache, daily headaches for years, jaw clenching/TMJ — feeling very anxious, does this sound familiar to anyone?","Hi everyone, Today is day 7 of having a constant daily headache and it’s making me really anxious. I’m a 26-year-old man, and since I was around 19 I’ve been dealing with frequent headaches. I also used to take paracetamol very often for them (probably 5 times a week on average). Sometimes I could go a week without taking it, but that didn’t happen often. For a long time I’ve had headaches almost every day, but now it has become completely daily. Two days ago I took 4 paracetamol tablets, but the headache still didn’t go away. The pain is mainly in the front of my head. It feels like a constant dull/pressing ache that gets worse when I strain or put pressure on myself. Every step hurts, and it gets slightly better when I completely rest and do nothing. I went to a physiotherapist 2 days ago, and they noticed a lot of tension in my face and jaw muscles. I clench/grind my jaw almost all the time (while exercising, sitting at the computer, joking around with my girlfriend, etc.). My jaw muscles are also painful to touch. Yesterday I went to my doctor, and he told me I need to stop taking paracetamol immediately because it could be causing medication overuse headaches. He said I could take ibuprofen instead if needed, but I’ve also read that frequent ibuprofen use can cause headaches too. The difficult part is that I can only get an MRI of my brain at the end of June, and my EEG isn’t scheduled until October to figure out what kind of headaches these are. That feels so far away. I honestly don’t know what to do anymore. I really want these headaches to stop because they’re driving me crazy. Does anyone have tips or similar experiences? Some additional symptoms/details that might help: * I feel dizzy daily, but I’ve had that since childhood due to hyperventilation/anxiety issues * I sometimes wake up with extremely dry eyes during certain periods * I never feel well-rested or fully refreshed after sleep * I’ve had tinnitus for about 3 years after a noise trauma * The headache is almost always located in the front of my head Does this sound like migraine, tension headaches, TMJ-related headaches, or medication overuse headaches to anyone? I’d really appreciate any advice or experiences.",anxiety
1t7z5ac,If i didn’t have a kid i would kill myself right now,"i’ve struggled in my life, abusive relationships, cheated on, super insecure, one girl messed with me so bad i didn’t know what to do when we broke up we got back together and then oops we had a kid by accident, i found out she did all the shit when we broke up, fucked like 30 dudes, graphic messages with her and her friends, me and her don’t even have sex like that. messages like “he fucked me so hard i bled everywhere, the sex was great” i wish i didn’t have a kid with her, i feel so stuck and i just want to end it all, my life has sucked so much and has so much pain, i thought it would get better but it never did. my son means everything to me, he is so special and i can’t leave him. but i truly just want to end it all right now, i sit here with a gun to my head just to think about how it would feel. i’m truly so lost.",depression
1t6pblf,Panic attack caused a spiral I can’t bounce back from,Prior knowledge to know is that I’ve been diagnosed with anxiety since high school and I feel Iike I’ve had a handle on my anxiety for a long time and it’s been at least 10 years since starting A week ago I had a really bad panic attack where I could not function and went to the ER. I was discharged as everything was physically fine but I’ve just had this anxiety and shakiness in my chest ever since that won’t go away. My arms and body ache so much like I’ve been hit by a bus. The first 3 days after were horrible. I could barely rest without feeling so anxious and almost being scared to relax. I only got sleep if I slept on my stomach. I’ve been on 40mg Prozac for at least 5 years ago and an as needed dose of clonazepam which only started to help after the first few days. On Monday I got my dose raised to 60mg but I still feel that anxiety inside of me. I’ve had to medically take off of work because i barely feel like I can function or concentrate. If I don’t take my clonazepam morning and night I can’t stop myself from crying and being so anxious but when I do I feel so tired and out of it. I hate that I feel like I’m losing myself and I’m scared that I can’t bounce back to my usual self. Now a week later I just saw a psychiatrist who told me it will take a while for even the upped dose of Prozac to show in my body. Im still feeling so shaky and anxiety unless I take the clonazepam but I also don’t want to be reliant on it. I’m just desperate to get back to my normal self and all I want is to go back to work and be ok but it’s so hard to feel that way when every day feels like a struggle to not break down. Just looking for any advice or if someone’s been in the same situation or anything so I can see things will get better.,anxiety
1t6x1eb,Improbable scenarios giving me anxiety,"I’d like to preface that I’m premenopausal and I’m currently experiencing high stress at my job. I’ve been stable and medicated for the last 3 years. I’m starting to lose that stability with improbable situations I’m making up in my head. One of them is my house collapsing. I think of it all the time now. It first started as a weird thought and now it’s playing on loop in my head. I think of it in the shower, I will fall through the floor, even while I’m in bed, the floor will collapse under me and I will tumble to my death. I don’t know if this is more than anxiety. I have been so stable these last few yrs that I no longer do talk therapy. Am I alone on this one?",anxiety
1t7w7md,"First Coffee at a Bar Alone, But It Wasn’t What I Expected","I’ve been fighting debilitating anxiety symptoms for months and months now. At one point it became a complete nightmare. Constant dizziness, brain fog, dissociation, panic, vision problems, feeling disconnected from reality 24/7. Honestly, pure hell. Things have improved compared to the worst months. The symptoms are lower now, not as brutally intense as before, but they’re still there every single day and it’s exhausting. My body feels destroyed. I’m tired all the time. Not normal tired, but that deep physical and mental exhaustion that makes even simple things feel impossible. A few days ago I finally managed to go have a coffee by myself for the first time in like six or seven months. I know that sounds insane to normal people, but for me it was huge. The weird part is that it wasn’t how I imagined it would feel. I thought maybe I’d feel free again, proud, relieved, like “finally, I’m back.” But I was still anxious while sitting there. Still agitated. Still feeling all the sensations in my body. And that’s the most brutal part of recovery from this kind of thing. Your brain immediately goes: “Well, if you can go out for coffee, then you must be fine now.” But then the symptoms come back again, especially in the mornings, and it feels like chaos all over again. It’s such a mindfuck because technically you are improving, but emotionally you still feel trapped inside the storm. I want to give people hope because I know there are others here fighting the same battle and slowly crawling their way out of it. But I’ll be honest, it’s still really hard for me. Keeping morale high every day is difficult when you wake up exhausted and still feel disconnected from yourself. The only thing I keep repeating to myself is that everything ends eventually. People survive worse things. The brain and body can heal. I repeat those thoughts like mantras some days. What’s happening to me still feels completely surreal. But somehow, even through all this insanity, you keep going. With fear, with exhaustion, with confusion, but you keep moving anyway. And maybe the fact that I managed to sit there and drink a cappuccino after months of feeling completely destroyed means that recovery is actually possible, even if I still can’t fully feel it yet.",anxiety
1t7q61u,physical symptoms,it’s really rude of anxiety to manifest with physical symptoms. it’s a MENTAL health condition 😩 this post brought to you by: tense muscles leading to a tension headache.,anxiety
1t7rc5u,Saw something that wasnt there?,"So i was in class, i dissociated, and kind of freaked out after, and i went to go to the bathroom to decompose. I have a habit of hoping/thinking that someone will check on me whenever i am upset. I cried, and then saw a figure of some sort in the corner of my eye, and genuinely thought this was a person trying to check on me and make sure i was okay, and i looked and it was just in my head. I know this probably isnt a big deal, and this probably isnt the perfect sub to post this on, but i just found it kinda weird",anxiety
1t6sqlv,I love my coffee so much but I think I need to admit it’s contributing to my anxiety. Anyone else?,"It’s one of my favorite rituals, I love love preparing it, love the taste, enjoy feeling more awake, but I think I need to admit it contributes to my anxiety and mental spiraling. I hate the taste of decaf but I think I need to adapt. Anyone else feel similar?",anxiety
1t70r59,In The ER.,I couldnt handle it on my own. Despite the meds that have worked over a year. Despite the 2mgs of Ativan I took. Im in the hospital again because I feel like im crazy. I feel like i belong in a mental asylum.,anxiety
1t765rc,thinking lately,"hi does mixing fluoxetine sertraline citalopram and lil bit of xanax (14mg, haven’t took it before so 0 tolerancy) with some alcohol is gonna cause respiratory deoression i mean is that fatal",depression
1t6oby8,What caused you to feel this way.,"For me, all of this started with loneliness. Being a young person and not having any friends for a long time really does fuck you up. It makes it worse when you can’t find any comfort in an abusive home. If I just had one person who actually cared about me, enough that they’d feel genuine grief if I ever were to leave. Would make me feel like I had something to live for. But there just isn’t for me. Not only am I reminded by others my age of how much of a worthless loser I am. My own parents tell me everyday how much they hate me, how much of a problem I am to their life’s. They tell me everyday that they’d wish I’d just die. Not just them, my siblings think Im an embarrassment and try to act as I if don’t exist. It’s not like I have anything that my family could be proud of me for. I do nothing all day and Im practically failing the one thing I should be good at, school. I am set up for failure and everyone in my life knows it. No one cares that I don’t want to live anymore, cause they don’t want me alive too. I know people would only care when I’m gone, for a short amount of time too. It would be nice to see it, but I won’t. It’s probably true that we just don’t exist anymore after we leave. But that’s the sad thing about idealisation, that it doesn’t seem as bad as the life we have to live.",depression
1t6i7yt,Can anxiety cause dizziness?,"Hey guys, lately I have been struggling with some heavy longer term stress - my mum is in the hospital recovering after a brain injury that happened 3 months ago... Due to this I developed anxiety and panic attacks. I was always somewhat anxious, but it never lasted this long and it was never this heavy. What is really new to me and kinda concerning is that I feel dizzy all the time. Like my head actually spins and I feel like I am about to faint... I dont know if anxiety can cause this, or if there is actually like a tumor in my brain or something? 😭 I never experienced this before, so I am pretty scared about this symptom. If it is ""normal"", do you maybe have any tips on how to exist with this? Thank you!",anxiety
1t7e77r,Why are providers so hell bent on give me antidepressants!!,"I swear every health care provider I go to tries to shove antidepressants on me!!! It’s like I’m not sitting right in front of them saying “I’m having anxiety attacks, this medication worked well is the past” and they look me dead in the face and say “ oh well have you tried Zoloft/prozac, etc.” and I understand that people have had positive outcomes with those and ones similar but they treat them like one shoe fit all, it’s so frustrating. Does anyone else have similar experiences?",anxiety
1t7mbf5,My cousin is bullying me and following me everywhere.,"My cousin is older than me by 3 months, we both have the same name since his mother decided to name him the same name that my parents decided first. We’ve always had tension growing up because our parents compare us to each other. We went to the same kindergarten, school and now uni. We used to be best friends until after Covid where he became very distant. During high school people are were more socially attracted to him and he’d have more friends than me. I’ve had the same classmates since elementary. Those classmates were bullies. So I wasn’t really friends with them but somehow they accepted my cousin. And I thought that those bullies bullied me because of my country. I hate my cousin so much. He introduced me to porn since we were 8 and I hate him so much for that because it fucked up a lot of things in the family. We were best friends when we were kids but when my another cousin that rarely visits our city, they both hangout together and ignore me. In September 25 we got accepted into the same university. My heart sank when I received this information because we didn’t tell each other what we’re applying for. Now we’re both studying abroad in Ireland, and it’s medicine. I improved socially since high school but people don’t seem to like me a lot, but for my cousin they make him the center socially. I’m not jealous that he managed to be better friends with them, speaking honestly, I don’t like MOST of them and I don’t talk to them, however I made some good friends with other people but they ignore me when my cousin is there. It’s annoying because my cousin belittles them infront of everyone. Like oh you’re so short I didn’t even notice you or greet a person later after greeting multiple others or laughing at everything they say. I observe a lot and the looks on their faces when he belittles them is funny because they stop and try to prove themselves to him. He did this to multiple people. He is a bully. Problem is when people learnt that were cousins they were okay with it but he doesn’t like that people know that. When we have chats or anything he acts like he doesn’t know me and ignore me. I won’t try to prove myself to him. Anyways, my point is, he’s so disrespectful and I don’t like the fact that he’ll make my life hell during medical school. Why couldn’t you just reject the scholarship when you learnt that I too was accepted. Leave me alone. People now avoid me because they think he’s better. I’m also paranoid that he tells them stuff about me, people bring up stuff that I didn’t tell them. They’ve learnt it from him which I really don’t like. I really need a way to bring up this conversation with him and ask him not to make my life miserable in medical school, it’s already causing me to get depressed again. I’ve had months where I didn’t leave my home at all during high school because depression and I hate how I feel like I’m falling into that again because how he makes people see me.",anxiety
1t7za7o,I’m losing this battle,"I’m 26, and I’ve had depression since around the age of 14, and I’m losing this battle. There were times when I felt better, for a long time even. I went into remission. But unfortunately, I’ve once again discovered that no matter how hard I try, I can’t run from myself. I never had unconditional love. I always had to work hard just to hear a kind word, and I’m tired of it. I’m tired of having to be useful to be loved. I’m tired of working harder than everyone else just to get fired without notice. I’m tired of trying to fix broken relationships with my parents just to hold onto the hope that maybe one day I’ll feel loved by them. I’m tired of begging for basic needs in relationships and then constantly apologizing for it. Honestly, I would give anything to simply have never been born at all. For a long time, I’ve wanted to kms. I’ve fantasized in detail about different ways it could happen, where and when, but I’m too scared of failing and the agony I might experience. But I hope that soon I’ll have the courage for it. I don’t know why I’m typing all of this here. Maybe I just want to be heard.",depression
1t70cf0,I constantly feel empty and I don't know why,"Hey guys, I hope the title didn't portray me as some sort of edgelord. I was just looking for some advice from other's who might be experiencing something similar to me. For the last few years I've had this sort of feeling inside me. Like a sort of empty void that just sits there. I think the first time I really felt it was 11th grade, and it's been like that ever since. To most people I come off as an easy going happy guy, I laugh a lot but even in situations where I feel happy it's like that imaginary void is still there. In the moment I'm really talkative, but whenever I go home or am alone I avoid people. I barely text and I don't go out of my way to see others usually. It's like I sabotage my own relationships and drift away from people who I am connected to. I'm pretty sure I wasn't like that before. Honestly I don't even know what tangibly changed. I have loving parents, a nice brother, and I live a life of discipline (weight training, running, etc). I don't really have any trauma or emotional baggage but it still feels like there's a part of me missing. That void in myself has also kept me from getting into relationships with girls. I don't think dating someone or having a girlfriend would fix what's wrong with me, after all true happiness comes from within. I don't want to burden a partner with that part of myself which is why I've avoided dating for so long. It just feels like I'm not satisfied, and when I lay up at night I can't help but feel miserable. Does anyone know what my problem is? Anyone else going through this?",depression
1t7bpwy,Is not caring about anything really the only solution to depression?,"A friend of mine says he's really tired and depressed now... and the only thing that's helping him right now is not paying attention to anything, and he says that's relaxing him... I told him some advice to find solutions, but he doesn't seem to be really listening... I don't know what to do.....",depression
1t6s0a8,Does anyone split their dose of trazodone to combat fatigue?,"Initially I was on 50 mg trazodone and it was amazing for my sleep and for my anxiety. However, after a month I became a zombie and couldn't function on 50 mg. I then went down to 25 mg for a week as my doctor recommended. I'm still able to sleep with 25 mg, but I barely feel the anti-anxiety effects (if at all). I then tried to take 37.5 mg and found this to help my anxiety. However, I've been on this doze for about 5 days, and I feel like for the past few days I'm treading into almost zombie territory...I would like to take 25 mg tonight, and then take 12.5 mg when I wake up. Has anyone ever tried something like this? And, did it help counteract the extreme fatigue the next day?",anxiety
1t7pe1b,"FYI, doomscrolling is making your anxiety way worse.","Spent a year offline, recently doomscrolled for hours & realized what it did to my brain. After simply reading a title or caption, my first thought became the likely top comment, next the likely rage bait, and then (rarely, when I paused enough) my actual reflective thoughts. Very quickly I didn't even need to *open* the comments to have this emotionally activating thought process. This was NOT on purpose; it was an overhaul of my internal landscape. My internal monologue became more determinative, reactive, etc., basically more in line with every type of cognitive distortion (should statements, all-or-nothing thinking, overgeneralizing, mind reading, etc.) even when I was offline & thinking about other things. I was addicted to observing these emotionally activating dialogues of comebacks, generalizations, and judgements play out. The addiction factor itself is huge: anything that causes addictive feelings worsens anxiety. I know a lot of us end up doomscrolling to escape irl problems, but especially for folks already suffering from anxiety disorders, this makes it way worse.",anxiety
1t78xib,Name of phenomenon where constant feeling of malaise very rarely lifts for a fraction of a second then returns. Experience feels slightly like Deja vu.,"I've never been assessed for depression, but I have a number of ailments where depression is a textbook resulting symptom. I usually describe my state as contstant malaise (feeling vaguely unwell). In my case, emotionally. Anyway, very, very occasionally I feel this feeling lift (maybe once a year) for a fraction of a second. When it happens, it's a really strange feeling. It feels a lot like deja vu, but it's not the feeling I've done something before, but rather it seems like a way that I've felt before. It's also how I would imagine dementia patients feel when reaching a temporary state of lucidity. The feeling fades very quickly and I feel an overwhelming desire to try to hold on to the feeling. I've read deja vu is theorized to actually be an accidental temporary memory aberration where the mind records a thought from your working memory in your long term memory, giving you the strong illusion that you've done that task before. I wonder if, this temporary lifting of my emotional state is some kind of similar mechanism..like, my brain somehow forgets my state. Sometimes it seems to be triggered by sunsets, but that could be my imagination. I'm curious if anyone else experiences this, or knows if it has a clinical name? Thanks!",depression
1t6jupj,Why can't I do the therapy techniques? 🥺,"Well, we went our separate ways with my therapist today, because neither of us saw the use of me attending. I just never did my ""homework"". I'm basically too depressed. I don't feel like doing anything, so I didn't do any of the CBT, relaxation or schema excersises she taught me for my social anxiety. Maybe I have to get better and out of depression before therapy can work? The problem is, I tried about 6 different antidepressants and addons over a year , nothing worked. Were any if you so deep , that you couldn't stick to therapy? What helped if you got out?",anxiety
1t7roii,I wish people could know how I feel so I didn’t have to tell them,"I know it’s a stupid thing but I really struggle with saying some things, especially with how I feel. I wish people knew how I feel without me having to say anything, I’m way too scared. I’ve been struggling with really bad depression and suicidal thoughts for years and it’s not really hard to tell at all imo, I think my family just doesn’t notice because it started when I was young and they just think it’s how I am. I’ve been feeling 10x worse recently and I’m trying to just give out hints or anything to make people notice but it just doesn’t work. I desperately just want one of my friends to ask me what’s wrong or something. I couldn’t even bring it up at all to my family, they’d have to just straight up ask me yes or no for me to reply, and I still probably would be too scared to tell the truth. I’ve never told anyone how I think and it’s just hard. Its also caused me to get really angry very easily, so my parents just think I have an attitude.",depression
1t7wm56,My parents want me dead,I have no one to tell this to but my parents have been the cause of my suffering and pain since a very early age up until now in my mid 20s. Always making sure i know im a burden. Ive thought about suicide for years and soon i will do it. Im finally ready for everything to be over. I have never been loved. Not sure how i made it this long but the day i do it and end everything i just want someone to know it was really my parents that killed me. I just committed the final act.,depression
1t72jc6,How do I get through this,"I'm 38 now and every time i have been through therapy its always the same conclusion that i had trauma as a child and growing up with a narcissistic mother. Not only did she beat the shit out of me she would give me the silent treatment for 2-3 days and at the time i was 7 or 8 years old. Even after saying i was sorry sliding notes under her locked door she kept silent...she was also a heavy drinker at least a bottle of wine a night, she would accuse me sometimes of drinking it i was 8 ffs. Best one was when she convinced a psychologist i had ADHD and they put me on Ritalin and when i was falling asleep in class i got in trouble at home because those pills are supposed to calm down a hyperactive person.. I don't know if that still affects me in the back of my mind Anyway those are a few of the things she did, i left as soon as i turned 18, I've had bad depression for the last 10 years and i want it to get better, it has been getting worse, i am not a suicidal person but these thoughts are now coming into my head and i don't know what to do...",depression
1t7y3hw,Health anxiety,"TW cardiac symptoms and anxiety I started experiencing some new-to-me symptoms over the last few weeks after a very stressful time in my life. I was concerned because although I often have physical anxiety symptoms, these things were new to me. I had chest heaviness, a feeling like there was something pressing against my left side ribcage, and some pressure feelings in my face. I went to the doctor today. They did an EKG. They said that it had some abnormalities but nothing acute. They also said it could potentially be breast tissue. They referred me to cardiology to get a monitor and to do an ultrasound. They said if I had a strong family history of heart issues, they would get me to cardio sooner, if not, I have to wait. (it will be a long time unfortunately- doctors in my area is known for crazy long waits). I have a paternal grandfather who had heart problems as well as an uncle on my mother’s side. I guess I’m just waiting. I am not sleeping because I’m convinced I’m going to die, I feel like I’m thinking so much about things I \*could\* feel that I almost actually feel them. Of course the anxiety just makes the symptoms worse. Does anyone have any tips for receiving abnormal results but still having to wait to do further testing? I don’t know how I’ll get through this period of time. I know abnormalities in EKG’s are common and I’m trying to be logical with myself but it’s impossible to shut that part of my brain off right now.",anxiety
1t7vy5m,Is there a reason depression happens out of nowhere when there's no reason for it to be happening?,It happens when I least expect it and then it just ruins the rest of my day because I can't control it. I would say when I'm feeling lonely that can trigger it but I could seriously just be running errands and suddenly I feel really bad about myself for no reason. Time usually passes but it sucks to experience it.,depression
1t6wcsf,im just so freaking tired.,"i was raised in a single person family. my mum has it rough. she tries so hard to make ends meet but she also cut out the rest of my family. it hurts knowing that my family has to be formal with me cuz we hardly talk anymore. my mum has been abusive since...idk how long. she used to slap me like once or twice a year from like year 1 and in year 5 it happened...really regularly.. its not enough to make me bleed but..she whips me with cords and cables and it..idk. at the start of year 6 (im currently in mid year 7) thats when i realised this isnt normal and uhh some other stuff haappened that led my to be depressed. atp im not sure whether i have depression or dysthymia. but..idk she whips me calls me a monster. wishes that i was never born while ive beeen battling my own war in school life.. it..hurts. it hurts so bad. there are times where i want so so badly to jump of a rooftop but then again why am i even upset? lwk im not upset. ive sorta gained a numbness to all the hurt over the years so it doesnt make me feel that upset. but it still hurts. there are times where im questioning whether this is all just an attention seeking thrill. there r times where i hate myself and my body so badly that i throw up at the sight of a mirror. that i starve myself for a whole day. i-.. i dont even know at this point. i keep trying to keep up. but i just cant. i see everyone passing me by but..im not even bothered enough to get out of bed. my life just seems like a pattern at this point. depression episode, anxiety, fake smiles... theyve become a part of my life to a point where i dont even notice anymore. a part of me wonders why i dont even cut because maybe it would make me feel better and a bigger part of me hates myself for it. i dont even know why i even bothered posting this.. im just so..incredibly tired.",depression
1t7dqnx,Sertraline 2 weeks on 2 weeks off,"I have been on citalopram 10mg for 6 weeks for anxiety which seems to be worse around ovulation and my period, the sexual side effects hit me almost immediately and didn’t go away. I explained this to my doctor and said it was getting me down, she suggested stopping, washing out for 2 days and starting setraline on a pattern of 2 weeks on 2 weeks off. She seemed really positive and confident about the method. Any thoughts or experiences?",anxiety
1t6gw3x,I hyper focus on injuries/ailments making them significantly worse…,I will usually setup a doctors appointment. Once the ailment is not worst case/bad it like instantly changes physically for me because mentally the burden has changed. Does anyone else function like this? My wallet hates it…,anxiety
1t6zpit,I'm quite tired,"well first of all no I won't kill myself or something but the part of being tired is not a joke, I'm 20 years old and the world keeps telling that this is the start of my life or whatever, I have seen too many failures in my life to think that, I gave my mental health and life to study and be the most perfect in every aspect and I know that was a mistake, thanks to this reason and others I tried to kill myself at 8 with my grandma's pill not knowing it was vitamins (stupid of me I know), I move to this country when I was 12 and for other different reason I tried to kill myself again at 14 I didn't do it deep enough and was discovered so I promised to no hurt myself again and I commited to it for a few years, in high school my mental health was trash and when I finally went to therapy I saw how difficult it was for my parents to pay and have time to bring me to the appoitments so I lied and said I don't need anymore (I did need it) for 4 years of my life I gave everyrthing of me for my grades, finally when I was about to graduate I talk to my counselor just to be sure I am in the right path she said yes 3.7 GPA enough for a cum laude, I was calm for the first time of my life since I wasn't doing so well in a AP class that I hated I thought my GPA was affected badly but I was wrong so I believed so, three days to my graduation my GPA is 3.4, I was cosfused but I I have believed my counselor she would have told me if something was wrong. Then I received my diploma, no cum laude, just a normal diploma. I sacrificed my sanity, my life, my friends, and my health for that. Everybody told me it was ok, but I hated it so fucking much, but in the end, I just cried because that's the only thing I could do and accept it. I went to a good college anyway, the University of Cincinnati, one of my options, so even with that end, I was a little happy, still depressed as hell, but happy. I was starting to think of going to therapy. In October 2023, I had a car accident, which made me unable to do anything for a year. The person who hit me was never found. I asked for a loan a few months ago to pay for college, and I was planning on paying it back by joining the JROTC. My accident made me unable to do so, and from the 13,000 loans I asked for, I only received 2,000 back. Since my accident was a hit-and-run in the middle of nowhere, I received almost nothing from it. I had to pay my medical bills, which were a lot, a new car (it's a 2015 car), and a phone, since I didn't have anything to communicate with, since my phone broke in my accident. A year passes, my mom tells me I really should go to therapy since I have been ignoring everybody in my life and barely eating, I did and went back to college, the one closest to my parents. When I went to college everything was difficult. I couldn't understand anything, no matter what; it's like all my knowledge went down the drain. Before I finally started college, some bs happened again, my gallbladder gave up on me, and they had to take it out. I already had stomach problems before that, so it made the situation worse. I went and did my first year, I had a GPA of 1.7, and the only thing that didn't make me give up was the antidepressants. I never felt so dumb in my life, all I had was my brains is the only thing I have always thought was worth from me, and I lost that too, everybody was telling me it's ok, that's life, and sometimes it is difficult, things will get better, months later I get a job in the food industry I was only there for 2 months since I was unlucky enough to be there when they were changing owners and started doing cuts including employs, it was my first job I accepted it because it happens sometimes, in the middle of it I transfered to a new school and my first semester was just as ass as the last I had to pay for my edcuation so I stopped taking all my medication to join JROTC I dont care if it affected me badly because all I had was my brain and I was gonna fight for it, I passed all the test needed now it was the physical i had everything perfect and then failed, and you know why? because some dumb fucking bs from when I was a child started to affect me again, hand tremors, they say I wasn't able to join, even with the documentation it wasn't enough, I cried, everybody keeps telling me it will get better, and it didn't, I apply to every job I see and when I see mcdonals telling me I know I am fuck, finally I got a new one at chipotle, I do everything by the book and they keep telling how good I am just to two months later they fire me, no reason at all I was never told I did something wrong, I was always 20 min earlier for my shift, didn't ask much but asked enough so they knew I was present and I just laughed when I saw that and asked myself why, because thats the only thing I could, so I just put myself in the studies I wasn't able to go back to therapy since I got so depressed that just waking up and going to therapy was exhausting, I missed to many appointment, I did everthing people told me to do ""have you tried going physically yourself?"" yes I did, I still had to apply online ""apply to at least 100 jobs a week, one will answer I promise"" I did every fucking week and nothing. Only good news I have had recently is that my GPA has gone up to 2.6, same week I was fire from an AI job since then that was the only thing that accepted me, I asked why they say quality I just said ok because I couldn't do anything about it, now I was so lucky so hurt right wrist said the doctor, it was excessive usage can't use my hand for a while (yeii). I have a 10,000 loan to pay, my bank account is -95, I have a credit card debt of 5,270 since I had to pay for the car, my phone, the loan, the car insurance, and etc. I have a guinea pig thanks to my mom since she saw how depressed I have been, he helps a lot, but I am tired, I can ask for help because is not like I am the only one in problems, my parents alredy see as they perfect daughter and I can ruin that small thing that I still have, but all the adult keep telling to just keep looking and I fucking do, I really do, I can't complain to others because I know what they will say, but like everytime something goods happens in my life is like God is telling to just kill myself, I am so desperate that I have turned to religion and try to pry, last time I did it was to get a job, next day (today) I got a interview just to realize hours later that it was scam, I wait, I pray, I keep looking, I don't give up, I don't complain, but nothing good ever happens to me, all my bills are coming and I literally have -0 on me, my credit score is 654 not even that is good, I am sorry if I spoke too much but I really can't do this anymore, adding the fact that mecidine I was taking for the pain my hand my insurance just told me the good news that they won't pay it anymore since they don't believe I need it. And I want to add the fact that I am the first genof my direct family living in the U.S. I had to do everything alone, including my studies, looking for colleges, and doing the FAFSA, most adults in my life don't know how the ""work"" situation is for the people in my gen or for me so it ruins me more that all of them just think I am a lazy person who doesn't try at all. Should I just gave up atp? or what would you in my situation, is not like I have anything at this point",depression
1t6ipad,Does anxiety make you trust yourself less?,…causing you to trust and value what other people say a lot more? Or is that a separate issue that I have lol,anxiety
1t6spgl,Is this still anxiety? I'm anxious but it's more like a bad nervous system.,"Hi, I'm too old to be asking this question, first off. Something I've found of late is that I do not feel anxious anymore. There's nothing going on *inside of my body* that says ""this is anxiety"" it's like I just know that it is anxiety, because I've been through plenty of panic attacks and whatnot, done the CBT and worked really hard over the last two decades to get better-- and I have. What I'm left with is this uncontrollable nervous reaction type of anxiety. What I mean by that is that I twitch or grip my partner's hand, wince, grimace, that kind of thing, beyond my control. I don't think I have Tourette's because I'm pretty sure that's just not how Tourette's works at all. I don't have schizophrenia either and it's been almost 15 years since I tried any antipsychotic that could even give me a similar reaction to fear. I've done anxiety meds, I used to take Xanax and it was amazingly helpful because I really, really needed it. Obviously, I miss being super comfortable, but I know I don't need it because my symptoms aren't keeping me from, like, using the bathroom when people are home anymore lmao. I have taken klonopin which is fine and I'm allergic to histamine anxiety medications. But I don't *want* to take more medications, and I don't feel like I could get anything out of seeing yet another therapist and starting over with CBT because I already do all of that stuff. I also struggle with mutism and I'm sick of therapists just talking over me, for me, and/or treating me like I'm their therapist. I'm conscious of how to treat stuff, how to use CBT and I do, but like I said, it's not the same anxiety I used to have, it's just beyond my control at this point. I'm exhausted, I can't sleep right, I take sleeping medications for my nightmare disorder and it doesn't help, I wake up with this nervous shock and get stuck in a fear loop. I'm genuinely not even sure what the hell is going on. I'm considering hypnotherapy or something. Does anyone have any clue what is going on.",anxiety
1t7ds2y,Swapping from Zoloft to Prozac,"I was on 25mg-50mg Zoloft for about 7 months but I felt like it wasn’t helping and just making me more numb to feelings, so my psych just prescribed me 10mg-20mg of Prozac, anything I should be aware of while changing?",anxiety
1t7q1tz,Crawling out of my skin,"Does anyone else get sudden urges to crawl out of their skin or like they want to peal their skin off? I don’t actually want to do this but I legitimately feel like I could jump out of my skin. It’s such a weird feeling. I’m recently coming off meds so maybe that’s it but I don’t like it all and I’m wondering if I’m the only one who experiences this. I have depression, anxiety, and ocd. Idk whats going on because I’ve never felt this feeling this intensely.",depression
1t6ihsk,how can i stop my anxiety,"i am on wellbutrin and have been since october, it has been a big help strangely to like racing thoughts and ruminating. however , life has been very stressful lately the past few months and i guess im just emotionally overwhelmed and im trying to stay afloat but literally i just want peace so much of my anxiety is physical . the racing thoughts thanks to my medicine aren’t totally out of control but i feel so anxious and stressed and i got horrible anxiety poos all of the time it’s so bad and it impacts my appetite and wellbutrin does that anyway so i hardly eat and when i try to eat bc im so anxious i can’t do it …",anxiety
1t7k81r,"4+ Years of Hydroxyzine Use. Cold Turkey. Attempt 3, Day 1.","Little bit of backstory: I was prescribed 25mg Hydroxyzine for insomnia about 3-4 years ago (could even longer ago, I honestly don't remember). For all of those years except for very recently, I have been taking one per night. Its just gotten to a point where it doesn't even make me tired anymore, just makes me feel groggy in the morning. So, I decided to just stop taking it because I saw no use for it earlier this year. First day, woke up and vomited, second day, same thing, third day got so nauseous when I was driving I ended up crashing a car. I was really confused as to why I was feeling so queasy all day, so I looked up the symptoms of Hydroxyzine withdrawal and sure enough.. nausea is a symptom. So I got back on the meds and decided I would just figure it out later. Started to ween myself off a few months later (just taking halves) and it worked okay.. got a lot of headaches though.. did it for a few weeks and decided to stop taking them all together figuring my time taking less would help the overall withdrawals. 4 days of no Hydroxyzine equaled 4 days of migrains. Looked up the withdrawal symptoms again and sure enough...headaches. So I started to get back on them and just figure it out. Im tired and exhausted of trying and failing to get off this drug. I don't need to take it anymore, it doesn't benefit any part of my life. So I'm done, I didn't take my dose last night. I am going cold turkey after about a month of being on them again. Wish I had known the withdrawals of 3-4+ years of Hydroxyzine use, but now I know and I am expecting them. Gonna keep a log (whether on here or not) of my progress. Gonna be done with this drug!! For real this time :)",anxiety
1t7nl5x,why anxiety cause me stomach ache?,"I don't know where else to ask this, but basically, when I get strong nervousness and anxiety (something I don't have diagnosed, but it happens to me sometimes), I feel a pain in my stomach. It's different from any other pain I've ever had, basically because most of the time it's not very painful but it's EXTREMELY draining. To compare it, it's like someone is draining all your vital energy through a 5-centimeter cut. The pain itself doesn't resemble anything—not like a punch to the stomach or pain from eating something bad. But when it's severe, man, it hurts like hell. God knows how I stay on my feet. It's only happened to me 3 times and, damn, it's absolute hell. What exactly is happening?",anxiety
1t7qiq1,Sertraline 25mg to 50mg - wanna quit,So I started on 25mg for about a month and then this last week I upped it to 50mg. My panic attack worsen on week 4 and that’s why I asked to up it. But I feel that this medication isn’t helping. I’m still experiencing very high levels of anxiety and panic. What happens if I quit it cold turkey ? Has anyone quit cold turkey on the low doses? If so what were you symptoms. ? Before starting meds I was just really anxious. Lots of symptoms but nothing compared to what I’ve been feeling these last 3 weeks. I’m thinking I’m dying every couple hours. Yesterday was the worse. Every 10 mins I could feel the rush of cold blood in my body ( I know it’s the adrenaline) gosh it was the most horrible thing ever. So this is why I wanna quit the meds I feel like they worsened it.,anxiety
1t7u7gb,My dad abused my pets in front of me and I can't get it out of my mind.,"I can barely cope with this. Sometimes it can be so traumatic, just to watch a video of a cat being cute or to see a cat out and about and remember what happened. What this man did to our poor kitties. What this man normalized, when I was a small child. This man also joked about his father punting a cat. He is such a disgusting person. I can't own pets now, because the trauma is too much.",depression
1t7kjww,introvert + depression,What is the worst thing that can happen if you are an introvert and have depression? for me i dont think theres one,depression
1t6mfmc,Suddenly tingling hands,"HI! So I'm 25f, I've had anxiety my entire life but for a good few years I didn't feel that anxious because it was overshadowed by depression. My anxiety came back in full force last year around September. What's confusing and somewhat frightening me is that now I have a new symptom: hands that tingle randomly. I never had this before. There's no trigger for when it happens: as I'm writing this, I am calmly sitting in a chair with hands that have been tingling for about 5 minutes. They don't hurt and aren't numb Is it possible for anxiety to develop this symptom suddenly, or do you think it's something else? I am praying it's just anxiety ...",anxiety
1t6wehx,Why am I late to everything. I can’t wake up. I just wish I made different choices.,"There’s is so many answers I’ll never get. And so many questions I never asked. I should have tried harder, but you were right in the end. It felt like you were betraying me. You just knew what was coming. You couldn’t see any potential in me, and I couldn’t understand why. I saw it in me. But I am me. If I do nothing, say nothing, and fail over and over again. Why would anyone see the potential in me that I see in myself. I was so delusional to think you were wrong. I guess I just never noticed that you thought of me as amounting to nothing. But I was wrong, because you told me that’s what you thought. We aren’t going in the same direction. I’ll never forget those words.",depression
1t7s9io,Trying to nap when you have the chance but being unable to fall asleep while getting increasingly more anxious/frustrated is one of the worst feelings in the world,"It seems that most people can nap, even insomniacs but for some reason I just can't. I just lie there and get increasingly more frustrated until I cant take it anymore and get up. This is so painful, scary and anxiety inducing. Getting less than 7 hours of sleep ruins my ENTIRE day and I can't even nap. Caffeine makes things worse.",anxiety
1t78nez,Falling back into depression due to injuries,"I've carelessly managed to damage both my knees, seemingly severely. I'm an active person so this is devastating to me. I don't know if it will improve but just walking for 20 minutes has me in a decent amount of pain now, and walking and working out were the things that were helping me stay out of depression. I'm scared about my future, like getting arthritis because of this. Or surgeries I might need. The worst part is that this is all my fault. I unknowingly did this to myself....",depression
1t6gi4z,Anxiety caused me to clench,"I had a period of really bad anxiety that lasted a few weeks. I am on anxiety medication but those few weeks were consistently severe because of other life events. I started clenching my jaw and tensing my neck a lot during that time. Now, a few weeks have passed and my anxiety has returned to almost its original level but my neck and jaw are still off. My neck is still tight and my jaw is still trying to clench itself when I am not paying attention. I tried muscle relaxants and they did not really work. I also tried stretches and breathing exercises and they help a little, it returns a few minutes later. Any ideas or recommendations? Do I need to go to a physical therapist or tmj dentist to work on this?",anxiety
1t7v12s,For my case. which professional is best to consult first: a psychiatrist or a psychologist?,"For anxiety (GAD), existential frustration, OCD-related negative thoughts, and feelings of emptiness, which professional is best to consult first: a psychiatrist or a psychologist?”",depression
1t7r0o8,Severe depression while parenting teenagers,"Starting about a year ago I got hit with chronic severe depression for the first time in my life and i’m in my 50’s. I have severe depressive episodes more and more lately. I’ll be fine part of the day but then just feel paralyzed and almost catatonic and so sad and hopeless. I’ll tell the kids my stomach hurts and go lie in my bed for hours. If it’s afternoon, I’ll go up to bed and not come back down till morning. I’m trying to get some help. Made an appointment with a physiatrist and then went on the wrong day and can’t get more time off work for a few weeks. (which also set me off) How honest should I be with my teens? (17&19yo) My depression makes them so sad and I worry a lot about enmeshment or like messing them up by making it about me. So I often tell them I’m having stomach problems but I know they know. Tonight I’m in bed since work got off at 5. And they keep texting me things they need help with. And now it’s almost 9 and I just CANNOT! I can’t get up. I can’t deal with them. I can’t stop crying. I don’t know what to tell them.",depression
1t6wmeo,Stomach aches before bed?,"I never met another person with anxiety that also gets random stomach aches before bed, honestly a little weird and always make me thing “it’s too damn late for this to be happening I just want to sleep” and obviously I take my own temperature because I am also a hypochondriac (so fun!) and I’m at my average temp which Is a little elevated at around 98.8-99.0, I’ve always ran warm don’t worry. I know the whole brain gut reaction thing, such a pain lol so obviously it’s connected to me being tired which causes my anxiety to act up which then gives me a stomach ache so clear answer right there but that little voice in my head is always telling me to worry lol. It used to be SOOOOO much worse before I was medicated, sometimes I cant believe I only got medicated at the end of the quarantine phase of covid, I was SUCH a mess I’m talking 3 panic attacks a day and would refuse to leave me room type of mess, Prozac is a LIFE SAVER!!! Funnily enough once I started taking it I found out everyone in my family took it at least once in their life, almost like a famil tree wide medication",anxiety
1t6zvyf,Sleeping the day away,"What do you do so you don't sleep the day away, even if that is possible. I wake up between 8 and 9 on average. Generally I don't feel rested and want to sleep more. I have to get up because I'm currently sleeping on my mom's one bedroom living rooms floor and she needs to start her day. I'm not working so I'm home most days with nothing to do. I try applying for work to the best of my ability but that lasts for about 10 minutes. So what I end up doing is sleeping on the couch through the day and night until it's time to make my bed on the floor. So yah my question is what do you do so you don't end up sleeping your day away? I also get someone who would say if I wasn't sleeping the day away maybe I'd sleep better at night, not always the case. Also I feel I do sleep better in a bed rather than on couch cushion laid out as a bed but I can't afford a place or a bedroom.",depression
1t727mg,ER visit after vaping + caffeine on an empty stomach. Mouth literally felt “stuck shut.” Has anyone experienced this?,"Hey everyone, 21M here. Just looking to see if anyone has gone through this because I'm still pretty shaken up and looking for some peace of mind. Basically, I had a perfect storm today. I got almost no sleep last night, ran on an empty stomach pretty much all day, and drank a sugary Starbucks coffee. Later on, I hit my friend's vape. Almost immediately after my friend left and I was alone, I got hit with the scariest feeling. It wasn't just typical anxiety—it literally felt like my lips were pursed and my mouth was stuck shut. I couldn't catch my breath at all, my breathing got super shallow, and I started fully panicking. It got so bad I went straight to the ER. The doctors checked everything and literally found nothing wrong. My oxygen levels were perfect. They gave me a breathing treatment, a steroid, and I asked for some hydroxyzine to bring my nervous system back down. I'm home now. I finally managed to eat some eggs, and I've officially decided to quit caffeine after this. But I still have this lingering shallow breath feeling, probably from the vape irritation and the muscle tension from the panic attack. Has anyone else ever had a severe panic attack where your mouth/lips physically felt locked up or pursed? How long did that shallow, tight chest feeling take to go away for you? Any advice on how to ride out the rest of this night would be appreciated.",anxiety
1t7jdyc,Distractions and racing thoughts,Trying to work but I have nothing to contribute to this meeting I'm sitting in right now. I'm thinking 1700 things right now. Typing to keep myself busy so I don't look fidgety. I wasn't like this growing up. I'm heading toward 40 and getting more easily distracted as I go. I just want to be calm....settled?,anxiety
1t72do9,conflicting moods,"i've been so out of it lately, rarely being present and stuck in a daydream world. my actions have been more reckless, and all of these components have been great and horrible for my anxiety. it's 2am currently. earlier i woke up thinking it was wednesday, i spent the whole night scrolling away until 6. i'd totally forgot that i agreed to meet up with someone. i've been experiencing headaches for the past 2 weeks it seems, i don't know when they started exactly. i'll feel the ache inbetween random hours of the day, i'm not sure if that's worrying or not. but i don't have the energy to figure out the cause. i'm assuming it ties with my intake of caffeine, my body seems to get more sensitive by the day. i guess i'm writing this to feel more centered, ground myself and prevent my mind from a cycle of worry. earlier i started panicking bad, for a few minutes. i had totally convinced myself something was deeply wrong, and i'd needed to visit the doctors soon in order to prevent it. but my mind went somewhere else, and suddenly the feeling was gone. my heart rate is definetly on the higher end, as if i took a small jog. i guess since i've been distracted all day, moving non-stop i haven't been able to feel connected with my body. i drank 3 caffeinated drinks, i guess i'm more aware of it settling in.",anxiety
1t743oa,should i get a diagnosis? ive been suspecting ive had anxiety for a long time,"tw: for health anxiety incase anyone doesn’t want to read about jt hello! i am an 18M who suspects he has anxiety, or rather has had it for a long time, but unsure if its still a requirement for me to get help or get myself diagnosed to be prescribed meds to calm me down. to be more specific, i suspect i have health anxiety? everytime im on break after a full school year, im usually left alone with my thoughts. since i have no assignments to dwell on, my mind tends to focus more on whats happening to my body. it happens after every school year and i hate it. everytime i think about a life-threatning health issue such as a heart attack, ruptured aneurysm, aortic dissertion, cancer, etc, i immediately get sent to a spiral. a few hours ago i felt this sharp stabbing pain the left side of my chest and immediately started sweating and felt light headed. and even though the people on reddit say its a bad idea to search up symptoms, i did anyway and tried to see if i had a heart attack going on. i got worse and worse thinking i had ift. the pain got worse and was almost about to cry in the middle kf the mall thinking it was my time. i eventually just had to rlly force myself to forget about it since i was in the middle of a hangout. now that the hangouts done though, im focusing AGAIN on the idea im having a heart attack. i have sharp random pain and the left side of my chest feels like its burning. one thing is telling me its heartburn since i had a heavy meal with my friends awhile ago. the other part of me is panicking though and is genuinely about to break down because of this. this happens almost atleast every day of the week and i want to get myself checked so bad, but my dad thinks im overreacting and that it’ll just be a waste of time. i really want to confirm if somethings wrong with me but i cant. my mom however said she’s available to take me to a clinic to have an EKG two days later. however though, im also scared of finding out if theres actually somethign wrong with me. no, i dont know the medical history of my family and thta what makes it worse. i would usually not be as desperate to post something like this on reddit over the past years but its gotten much worse for me now that im older. i want to stop thinking im going to die of something instant and random everyday. im always on edge ans my friends keep worrying about me since they always see me checking my chest and i dont rlly want them to know about jt yet. any advice on how to open up to my parents and how i’ll be able to ask my doctor for any advice would be appreciated. clarifications on my problems will be answered. thank you in advance. :(",anxiety
1t6ru3z,fell asleep,"i was going to attempt yesterday and fell asleep cause im a fucking idiot. today I'm actually doing it. i feel numb. my legs are tingly and my arms feel cold. my dad came to my room and sat with me for a while. he asked me how i was feeling. he asked me if im angry. if im sad. if i feel something at all. he asked me what i did at school today. why is he acting like this when im so decided to go away? I'm not changing my mind. I'm tired. my mom hasn't been talking to me. I don't want to be alive anymore. I feel really selfish doing this, but im not putting them through the pain of having to deal with me every single day of their lives. I wanna make them feel relieved. Im gonna be okay. Im gonna feel better when I'm not here anymore. I hate myself so much.",depression
1t7wyqs,Freaking out because I might not graduate I feel like I’m going to throw up,"I’ve been having documented health problems all year, and that was something I made my teacher aware of from the get-go. My doctors suspect POTS or some other form of chronic illness and I’ve been undergoing a lot of testing to figure out what’s wrong. Im dizzy and drained all the time and as of right now it’s not safe for me to drive myself to school. And while I’ve been an absent from my English class a lot, I still get my work done. A couple weeks ago we were writing a research paper and it consisted of smaller progress assignments rather than a whole research paper at once. For the couple week period that we were working on this, I wasn’t able to be in school because I was really sick. I made it clear to him that I would be there if I could and that it has nothing to do with him or his class and he told me to feel better. I submitted the full research paper on time but now, because I missed the progressive assignments leading up to the research paper (because I was on an excused absence) he’s said I’m not allowed to get credit for them anymore. Without the credit from those assignments I’ll fail his class and won’t be allowed to walk at graduation. When I told him that I’d been absent and that I wasn’t able to work on my paper until I had started to feel better, he started yelling at me, he told me that my attendance was abysmal and that there’s “no way I could’ve been sick that long”, basically just said he didn’t believe me, and that I would’ve been better off doing in home hospital and not even taking his class. In home hospital was never something that I knew existed until today or something that was offered to me and had I been given that as an option, I would have taken that route no questions asked. My counselor said she’d talk to the assistant principal next week because apparently I’m not the only one who’s dealing with this, but I’m freaking out because one, I’ve never failed a class in my life, and two, my entire family is coming out for graduation and I’m so scared I won’t get to walk just because of this. I offered to provide him with doctors notes but he said they didn’t matter because I couldn’t get credit. When he was absent yesterday I asked the student teacher working under him who grades a lot of the work if I could still get credit for the work I did while I was gone and she said that as far as she knew I was still able to. I know a lot of people slack off second semester senior year but I love English and would absolutely be there if I could, all my other teachers were understanding and knew that I would be there if I was able to be and I have no concerns about passing any of my other classes. I’m glad it’s getting taken to admin but this teacher is harsh and I’m worried he won’t budge on this. If he were to give me full credit on one 15 point assignment, I’ll pass and I feel like that’s not a crazy request to make considering I did all of the work, I just didn’t turn it in while I was on excused sick leave. I should add that other than attendance, my record is completely clean and I’ve never been a disruption in class. I’m also just frustrated that me lying was his immediate assumption. I’m not one of those people and I genuinely love his class when I’m there. Sorry for the long rant but I’m pissed off by this. This feels like it’s all my fault and I feel guilty",anxiety
1t7kmnf,The hardest truth for me.,"There are so many things going wrong in my life and I have no one I can be honest with about any of it. I can't talk to anyone about any one thing. I've been shown by each person in my life that if I share something with them, it's public knowledge. The last thing I shared with a long time, close friend, he told his church about it. I found out from my middle school English teacher who goes there that they are praying for me. It was something deeply private. Something I needed to talk about with someone I KNEW I could trust. And now... The entire town knows. It was a scar now ripped open and made worse. With everything going on in the world and in my personal life, why go on?",depression
1t6ulzd,experience with vraylar?,"i have depression, anxiety, and adhd, and i take prozac and vyvanse at the moment. however, my depression has continued to worsen, and i am struggling to even take care of myself. my psychiatrist just prescribed me vraylar in addition to my prozac, in the hope that it will make my treatment-resistant depression at least a little bit better. has any one had experience with vraylar? i’m a bit worried because i have history of an eating disorder, and i read that this medication makes you gain weight. I am in such a bad place right now, and so i want to try the medication. But I am worried that it will cause me to gain weight, which will trigger the other mental struggles that I have with food. And I really don’t want to regress from the progress I have made with my eating disorder. any thoughts or opinions would be appreciated!",depression
1t7iv57,"Off balance, hot, fidgety. :(","Does anyone else get this with anxiety? Sometimes I feel so off balance, like Im gonna fall down. I also get really hot, like full sweats, SO fidgety, feels like I need to escape to a safe place when this happens or run outside. Bright lighting and and being in stores/malls etc are the worst for me. Ive had anxiety for 5 years but this only started maybe 6 months ago, I have no clue how to help it!",anxiety
1t7ozax,"The last thing I found ""peace""","Every other activity I did, whether it be exercise, socializing, being outdoors, writing, being busy with work, or gaming has become useless because I get distracted by negative thoughts about myself and how much of a burden I feel like to those close to me. The one thing I'd at least find some comfort in was sleeping. It's the only time I wouldn't have bad thoughts about myself, even if it was sort of, wasting away. Recently, I've been unable to even do that. I'll be up for like an hour, trying to clear my head and once (or if) I'm finally able to, I'm only able to sleep for about 20-30 minutes before I'm awake again. Then, I'm up like 2-3 hours trying to clear my head again, process repeated until it's time to get up and I'm more tired, more despondent than I was before I tried sleeping. Just tired of things, of overthinking, of feeling useless and like a bother. I don't know what to do, and truthfully, I don't know if I see it having a good ending.",depression
1t7vpvf,I feel like I'm not as resilient as I used to be,"***potential tw:*** *medication use/withdrawals* Howdy - lifelong anxious person here, ha. I've lived with anxiety for most of my life (it used to be health anxiety, then social anxiety, but now it's just *everything* anxiety). A little over a year ago, I decided to stop taking my Effexor because I never felt like it did much of anything for me and I wanted to try a different antidepressant. Despite gradually tapering off over the course of two months with the assistance of a medication manager, it was pure hell, and led to me joining a virtual IOP (intensive outpatient program) to avoid hospitalization. I'm definitely in a better place now than I was back then...but I've noticed when something triggers my anxiety, it's still difficult to return to my baseline, and I often find myself being affected by things for several days. I begin to catastrophize, and it's almost like this big snowball effect where every little thing that *could* go wrong latches onto the original worry until it's this giant mess. I feel like the version of myself that existed years ago could more easily bounce back from setbacks, despite the fact that I was arguably more depressed and anxious back then. Something might bother me for a day, but by the next day I'd move on, and return to my optimistic, bubbly self. I'm well aware of the possible reasons for my recurrent anxiety, that stem from even beyond the antidepressant withdrawals: * In January of 2025, I moved across several states by myself to a place where I didn't know anyone * Starting in late March, I went through that Effexor nightmare largely alone, at least physically - I have online friends who supported me through it all, but I desperately wanted someone to hug me as I cried, maybe offer to take care of my dog one weekend, make me food, etc. - things that virtual friends just can't do * I was deeply unhappy in the apartment I lived in and had to move in the middle of my lease (it's a long story, but it relates to my misophonia) * I moved AGAIN in August of last year to a new home that's given me nothing but grief since moving in - mostly with ongoing plumbing issues - and this neighborhood doesn't make me feel safe * I've had a hard time making friends here (mostly due to working remotely, being a homebody, and my aforementioned mental health issues), and I don't exactly feel at home in this new town * Meanwhile, last year the startup I used to love working for was acquired, with the parent company just being this money-hungry, dishonest organization that I hated, and my position felt very unstable * Once I could mentally handle job hunting, I applied to almost 800 jobs between last September through late April, spending most of my time while not at work searching for jobs or submitting applications, until I finally landed a new job (I start there in just over a week!) * Literally an hour after I got the verbal offer from my new employer, I received an email from the property manager that my lease will not be renewed at the end of July because the owner is selling the house, lmao - I'm happy to be leaving but now I have to go through yet another move in less than a year I feel like I've been living in survival mode for over a year and I don't know how to get out of it. Rationally, I know that I'm safe, and I know that I can overcome almost anything that happens to me. I am VERY privileged to be where I am in life. And I've been through so much change (a lot of it being painful) and uncertainty in the last year and a half; I've learned and grown a lot, but I think it's understandable that I'd feel like I'm surviving and not thriving. And if I'm being honest with myself...yeah, I go to therapy, I'm trying to make sure I drink enough water and eat balanced meals and get out of the house at least once a week, but there's a lot that I'm *not* doing that would probably make me feel a lot better. Between work and video games, I'm at my PC all damn day, I hardly exercise, and I don't really engage in my sense of adventure and creativity (I used to prioritize traveling as much as I could and finding ways to express myself through various art forms). Taking better care of myself, both physically and mentally, would help. But my mind is still so focused on survival and being on the lookout for potential danger that I'm stopping myself from being fully present in the moment. There's a lot that can be contributing to my lack of resilience - things that have happened in the recent past and some things outside of my control - but if I can somehow get my brain to focus on reality, the here and now, and all of the things that I actually have control over...maybe that'll be enough to rebuild my resilience? \------- If you read through all of this, thank you. ❤️ If you didn't and just skipped to the end, listen...I get it. 😂 If you can relate to my story at all, I'd love to read yours. I think hearing from other people going through similar issues is validating and makes us all feel less alone.",anxiety
1t6xqbh,Has anyone else experienced this change in sleep?,"&#x200B; Earlier I used to sleep extremely deeply. People literally had to shake me to wake me up. Even loud noises would not wake me. But now something strange keeps happening. If a person sleeping next to me simply gets up from the bed, I wake up instantly. What surprises me is that sometimes they are not even making any noticeable sound. My eyes are closed, I am asleep, yet somehow my brain immediately senses that they got up. This has happened many times and it genuinely confuses me. Is the brain really able to detect such tiny movements or vibrations during sleep? Or does this happen when sleep becomes lighter because of stress or anxiety? Would love to know if others experience this too.",anxiety
1t7pew4,I no longer know what to do,"I am very new to anxiety. I've never really experienced it before. But about two weeks ago I started having them everyday especially in the morning. I have not had anything major change in my life and it has just sort of come out of nowhere. After having them for eight straight days I was able to have the next 5 days without a attack. But the next day after that my doctor put me on Zoloft, 3 hours later I experienced the worst anxiety attack I've ever had. It was so bad I went to the ER. Which was five days ago. I did not take the Zoloft again. Since then I have had attacks but not as severe as they were before. Does this mean I'm getting past it? Will it stop? The only fear that kept coming to my head was the fear of having brain damage. But I figured if it was damage it would be affecting me all the time not just the morning parts of the day. I wish I could afford the counseling that is recommended but I just can not at the moment. Anyone had any advice? And more importantly assurance that I'll be ok. As I mentioned before I cant think of any shocking events that would have caused this. But if I think about everything going on maybe they added up all together? I lost my job last year in September, I lost my online business in December, what earnings I have today seem to be getting less, and less, you can't turn on the TV or computer without hearing something about the government, I also have multiple past PTSD events in my life, I recently came back to religion, and there's so much to learn. Maybe I am just overall overwhelmed.",anxiety
1t6v2gm,I feel so hurt,"I push people away before they leave me. Love feels foreign to me so I push that away too, sometimes in crazy ways. It seems like no matter what I do I can't be truly happy. My nervous system acts before I do and I truly don't think it will ever get better. I hate messing up every potential connection I have because I'm afraid they will see the real me.",depression
1t70uk0,My fiancé said he might be falling out of love with me.. can the reasoning be him being depressed?,"Hello Reddit fam! I’m kind of looking for some advice. I’m no stranger to depression. I’ve had it my entire life, along with ocd and anxiety. It’s always been pretty bad and just my normal level. I’m curious about my fiancé. I think he is severely depressed. We postponed our wedding and ever since then, he’s been nit picking everything about me. He’s told me he’s been contemplating breaking up. He said he has fears nothing will ever change snd that we’re incompatible all of a sudden. He told me he can’t stop thinking about all the negatives surrounding me. We’ve been in couples counseling for 2 months. It’s been absolute hell. But my feelings are besides the point. Do we think his behavior can be because of depression? I fear he’s self sabotaging. I’m not the only one that has expressed that. Today he told me he might be falling out of love with me. I’ve seen absolutely no emotion from him for months and today he finally broke down. He also told me he’s started to ride his bike without a helmet in hopes of a car hitting him. I know how hopeless one can feel in the thick of it, especially if they’re not used to it. I feel like he’s not falling out of love, but that he just doesn’t feel anything right now that provides happiness. He’s the one saying it feels hopeless. I’m ovbiously gutted over him saying that.. there have been times when he’s drunk and he says he hates himself. I’ve always been worried about that with him. He just finally admitted he might be depressed for the first time ever, once I brought that up. Do we think depression can cause all of this? Or is he depressed but also no longer in love? After that conversation we spent the rest of the day together. So I just don’t see how he can be falling out of love and still want me around and doing things. Also.. how would one suggest caring for him? I get worried about his safety at times, but I’m always worried about everyone I love? I guess that’s my anxiety. But what do I do? I feel so lost on how to approach this and help him and not close him off from expressing those dark thoughts and feelings. I’ve always been so good at supporting friends, or those younger than me, because I’ve been there.. but it’s different with him and I don’t know why.",depression
1t6ieec,Started sertraline and now I’m spiraling about placebo effects,"I'm on day 2 of sertraline and I feel mentally crushed. I just watched a YouTube video from a doctor talking about medications for social anxiety. He explained beta blockers, anxiolytics, and antidepressants. When he talked about antidepressants, he basically said they odon’t work much better than placebo and that many studies came to this conclusion. I honestly feel devastated after hearing that because medication had become my last hope. It already took me a long time to accept taking medication, and for the first time in years I felt hopeful that maybe I could finally get better. After this video it feels like I emotionally fell from a tree. Now I’m spiraling and thinking:what if I’m doomed to live with this anxiety forever ? I already tried therapy before and it didn’t really help. I’m exhausted mentally. I don’t even have the energy to start over with another therapist or another method. I’ve been in survival mode for years. I don’t feel safe anywhere. My nervous system feels constantly on edge and I just want to rest for once And now I’m questioning whether I should even continue sertraline after only 2 days because my hope completely collapsed.Iknow some people will say: “Who cares if placebo plays a role, as long as it helps?” But now that this idea got into my head, I feel like it ruined everything for me because my brain immediately goes: “Well if part of the effect depends on belief/expectation, then now that I know this, it probably won’t work on me anymore.” I’m also the type of person who struggles to believe things without solid proof, so now I’m questioning literally everything: CBT, breathing exercises, medication… my brain keeps saying: “What if people are just convincing themselves it works?” I know I sound extremely anxious and obsessive right now, but I genuinely feel shattered after going down this rabbit hole. Has anyone else experienced this kind of existential spiral after reading about antidepressants/placebo effects online? Did sertraline or another SSRI still end up helping you despite those fears?",anxiety
1t7rtq6,Feeling aimless rn (vent),"Recently took a neuropsychological assesment and got very very low scores (the psychologist told me I scored 79 IQ in total yet she did not write it in the summary) I can't seem to find anything I'm good at, I struggle to learn even basic things (I would like to learn how to make music). I grew up with autism, I was not that good in school but I tried my best. I ended up in a vocational school (I live in France and they suggest you to go there if you don't succeed in classic route) and I dropped out because I did not like it. Social anxiety is making me feel like a subhuman and I need to fake my personality and act cool to protect me from people's wrongdoings... I can't study what I would like to try since I'm a retard. My mother is facing another divorce so we're waiting for yet another temporary accomodation because she doesn't have enough money to buy or rent a house. This is so exhausting. I feel stuck and incapable to amount to anything meaningful. All I do is listening to music, sleeping and not eating enough... Every day. If you ever recognize yourself in this, how do you deal with it and if you managed to get out of this lifestyle, how did you do? That's getting harder everyday and I feel like I should not feel like this since I don't have cancer or any really bad disease neither lost a loved one, I feel ungrateful for that.",depression
1t6zba4,I’ve stopped taking care of myself,"exactly what the title says. i honestly don’t know what to do anymore. i don’t leave my house (i work remote) and i live alone, so there’s no incentive to take care of myself. i only shower, brush my teeth, wash my face, etc when i need to leave my house and go somewhere, which is usually about twice a week. i hate myself for it. i’ve tried saying “oh ill just do work at the library and that’ll force me to get ready” but then i just wont go. i dont do anything unless i have to. and the worst part is that no one in my life knows, because in public, im put-together and always clean and happy. they dont know that my bedroom is filthy, that my hair gets washed once a week, and that im scared my teeth are going to fall out. i just can’t bring myself to do *anything*. how do you guys deal with this aspect of depression? any tips that aren’t “you just have to do it”?",depression
1t6smey,"Bf asked for an open relationship, and now im watching him on a hookup on the “find my” app on my iPhone. Fml","Bf asked for an open relationship, now im watching him on a hookup on the “find my” app on my iPhone. Fml",depression
1t7i1d0,I hate mental health talks,"The school was having a mental health talk today. This woman comes in and says, “If you think positively, the universe will reward you for it.” Then she gave an example about how was this guy who came into a game show and had a positive attitude and won 300k. And I just felt like crying because it made me feel so shitty for having an anxiety disorder. I can’t help when my anxiety acts up and I get scared about the worst possible outcome. I feel terrible, like my life could be a whole lot better and I could be living in a mansion with 6 Lamborghinis if I didn’t have an anxiety disorder. It just makes me feel so invalidated.",depression
1t6eaq3,Constantly anxious,"This has been going on for a few days now. I used to have severe anxiety, it had been going good for a while but its back. When Im just existing I feel anxious about something, I dont know what. For more context, Im stressed about my current career, going through a rough phase with a long term relationship that has me heartbroken, have been battling a few other random issues too. Im not sure if its my anxiety causing gut issues or gut issues causing anxiety but it seems like both are complementing each other very well. I sometimes ease in, forget about my anxiety for example watching a video, then out of nowhere I become conscious of it and anxiety hits me really bad. Breathing, warm showers, white noise, being aware of surroundings, getting things done, nothing has been working. Im exgausted but more than that Im in a lot of pain.",anxiety
1t6jq58,Is there such a thing like not allowing yourself to feel anxious?,"I started to think about this question and would love to hear your opinions and experiences. I'm dealing with episodes of depression, emotional numbness and boredom. And one of the emotions that is missing very much from my life is actually anxiety, maybe more than all the others. That started me thinking if I might maybe not allow myself to feel anxious. If I have created my life so that all sources of potential anxiety or uncertainty are excluded from my life? Am I afraid of being afraid? Has somebody of you ever dealt with a situation like this?",anxiety
1t6j2l5,Productive day after a 9 month slump,"The last nine months have been the toughest of my life. Everything I held dear: my health, relationship, job and independence, all crumbled. I was supposed to get married and promoted but instead faced a devastating breakup and layoff. Both experiences were the worst possible. My mental health deteriorated so badly that I had to move back home with my family. I battled depression, anxiety and a high-pressure work environment for nine months, leading to a complete identity crisis. I am actively seeking therapy but have been stuck in a plateau. It’s been 45 days since all the logistical loops closed. I was so exhausted, I couldn’t do shit. But today something happened. I realised I had the most productive day I’ve had in 9 months. Today I woke up at 8 am, which is later than my usual 11-12 pm wake-up time. I went for a morning stroll, ate a good protein-rich breakfast, took my vitamins and finally updated my LinkedIn profile. I also shortlisted three roles, as I’ve been laid off for 35 days now. In the evening, I went for a walk and did my skincare routine, which I had completely neglected. I even cooked a meal. Until last week, I was so exhausted that I couldn’t even walk. In the past, when I’d go through a tough time or a super productive day, I’d share it with my ex. It feels a little disorienting now that he’s not here, that I don’t have a job or any clarity. However, I’m feeling very proud of what I accomplished today. Despite all these things, I lost my confidence significantly, but today helped me restore that faith in myself.. Honestly, I’m scared I won’t be able to repeat a day like today consistently. It’s a deep fear because “lack of consistency” was one of the reasons my ex left. I know the real problem was an unregulated nervous system for me, but the way it manifested as inconsistency and was given as a reason to leave is just heavy. I didn’t know whom to share it with, that void still hurts. But I’m navigating it somehow. So thought I’ll share it here..",anxiety
1t7pvq1,I’m done with everything,"I have decided that I’m going to take my life tonight. I am done fighting. Everyone tolerates me, nobody loves me or appreciated me for who I am. Nobody really cares if I’m around or not. I don’t really have anyone to turn to. I feel like I’m just a burden in everyone’s life. I feel empty on the inside and there is nothing that I can do that will fill that void. I’m so done. Life is too hard. Everything is expensive and all I do is work to afford the bare minimum. I’m always in survival mode, I’m not really living. I’m just really tired and I’ve had enough. I don’t see a way out of this dark place I’m in and I’d rather be in peace. There is no changing my mind. I know it feels like I’m complaining, but i just thought I’d vent to random ppl since the ppl in my real life don’t give a f about me and what I have to say. See you all on the other side.",depression
1t6v9nb,Nothing works,"17M. Grew up in a hoarder house + some other trauma and shitty parenting moments in early childhood, but they got their act together eventually. Other than that, I have the perfect life. Upper middle class, big home, anything I could ever fucking want. So why am I still like this? We've spent years and so much money on medicine and treatments and therapy but nothing. ever. works. Tried multiple SSRIs? Okay, here's some genetic testing and SNRIs! Those don't work and you're in a psychiatric unit now at 15? Here's an antipsychotic! Didn't work either? Guess we'll just throw you on bupropion + venlafaxine and call it a day! Wow, that only did the bare minimum of stopping your SI and you're still barely living a life? How about TMS? TMS didn't work? Guess it's time for IV ketamine! I had my third dose of IV ketamine today. Other than a nice hour long trip to the depths of the universe, I've gotten nothing out of it so far. No beautiful profound thoughts, no much-needed realizations, no sudden joy for life. Everywhere I look, there's no recovery stories about people like me. People who've failed to find success in the most ""last resort"" treatments out there. Is this it? Do we just... die? Is there nothing left to try for people like us? Did I draw the short straw in the genetic lottery? For the past year and a half, all I've done is lie in bed. I don't even have the motivation for my hobbies anymore. I used to love videogames, art, movies, books, and writing. Now, the thought of even turning on a movie to watch seems like too much effort. I'm in online schooling, and haven't done a single shred of work in exactly a year. In-person school made me want to die even more, as my nervous system was constantly in overdrive. I have occasional moments where I get a burst of energy. I'll start going on walks in the morning. I eat healthier. I keep up with my hygiene. But within three days, it all falls apart. Outside of these moments, I can't get myself to do anything. I'm losing all empathy. I tell my girlfriend I love her multiple times a day but I really just don't care. I only like my cat, but even she's been pissing me off lately. I used to be the smartest kid in class. I remember crying when I got my first C in middle school. Years later, I was staring numbly at my F in multiple classes, and I couldn't bring myself to care. I'm afraid to die. I'm afraid of the eternal nothingness. But it seems a lot better than being a burden to my family. I don't wanna be the guy still living at his parents' house on disability when he's 30. I'm mad. I don't understand any of this. I don't understand what I did to deserve this. My grandpa got drunk and walked in front of a car when my dad was four. For a while, I couldn't fathom how he could do such a thing. I get it now. I get it.",depression
1t7ww8h,I just need a minute to be sad,"Basically what the title says. I’m 25 f. I’m graduating with my bachelors in 14 days as a first gen. And I just need a minute to be sad about my life. I finally got to a place where I was happy. But then November it’s just been back to back hits. My dad is an addicts. And I went no contact with him in October 2023. But then in November he had a stroke that paralyzed him and just changed him completely. I love my dad so much and going no contact was such a hard thing to do. But there was always that hope that I will get my dad back. He was sober for 10 years before relapsing. And after the stroke that hope is gone. I’m never gonna get my dad back, who he used to be. Then in February I had to put my cat down at only 7 years old. This cat was my soulmate, my other half, and I have so many regrets. So as I’m supposed to have one of the happiest moments in my life, I have to celebrate it without two beings I always imagined to be there. And I just need to feel sad. Everyone around me is so excited and happy for me but I’m just not because I want my dad and I want my cat. To mourn never having my dad back. To mourn my best friend dying. To mourn the life I deserve after the shitty hand I was dealt. To mourn the feeling of hope. I just needed to get this off my chest cause I have no one who understands around me",depression
1t6o7d1,"I’m abused and depressed, what do I do","Sorry if this is the wrong place. I’m not asking for like…how to get out of this situation type of thing but on what to do with my feelings. So, I’ve been feeling down as heck for a while to the point where my teachers have sent me websites/the number of the suicide hotline. The problem is I’m not suicidal, I’m just depressed. What should I do as a depressed person that doesn’t want to kill themself? Background(so people don’t give advice that will not be able to be done): I’m a girl, family is Muslim(I’m not tho). Not allowed to get a job, not allowed to leave the house outside of school(had to actually beg sometimes to go to school lol) and some other basics about strict misogynistic families with you being the girl. I don’t have any friends that can help, I’m in contact with a few people older people I met online I can vent to but that usually puts me in a depressive mood where I lose more motivation(that I hardly have)",depression
1t6v3fv,I wanna give up,Im lost. Idk what to do myself anymore got a new bmw thought that would make me feel better after my dog passed away recently but my relationship is not doing good right now. I just dont think im worthy to be with anyone like i want to give up. Not really sure what i do wrong but i do something without the intention of hurting him and end up hurting him emotionally i think im just dumb and ive always struggled building connections with people cuz i am stupid,depression
1t7ofmo,It started again,My existential crisis have started again. And I can't seem to stop thinking. I don't want to think I don't want to think please,depression
1t7forg,Today’s thoughts,"Sometimes i hyper focus on one bad interaction and can’t get it out of my mind it feels like i wont find peace and i feel the world hates me , i feel everyone hates me i want to run away",depression
1t7u26m,I don't have a gut to tell my mom,"This morning my mom told me, like any other days. All I ate was bread and instant ramen. She said I could've died eating only those. I wish I have a gut to tell her 'I wish'. I gave up on myself for a year now. I stop doing skincare, Stop talking to people(Although there is my boyfriend who don't know a thing.), stop caring about when to sleep, what to eat. I still shower and go to work though so my parents won't worry about me or shouting at me. I was a star(singer, actress). But now I'm nothing. I hate who I am. Who I become. I hate everything about myself from the start since I can remember. I wish I have a gut to tell my mom I don't really care about malnourishment. If it can give me the dead I want but don't really brave enough to do it myself then, good. I'm a coward I know. And I hate it too.",depression
1t6kdxi,Is this mental illness or normal embarrassment response of head tremors?,"24M Alright, So I have un-diagnosed Head tremor issues (Some doctors say it's Dystonic Tremor some say Functional Tremor some say It's Somatic symptoms). # A little bit about my tremor. \-So I have very minor body jerks they get bad with I am anxious or center of attention. \-When I sit straight my head is prone to shaking with pressure/pain on back of neck but does not shake when i am calm (even when im calm I move my head slowly to right and left and head shakes so badly in no-no pattern). This gets really bad in social situations or anxious. \-Lips trembling and pressure when smiling (very bad in social or nervous situations). # Issues: First let me tell you I am a confident man. But As told my tremor is not always there but there is always a tendency of tremor in my head (just depends on situation or head position). \- To people that I think have better personality then me (Like good looking, talented, live in better city e.g). I am more prone to shaking meeting those people Since I think what if they notice my tremors and they will think I am anxious or idk something so this makes me more prone to tremors and guess what it happens since I think they are okay neurologically and I have this issue in brain so I am lesser then them when it comes to health part but either way i am confident about my own looks and personality/height etc. \- Also if some how someone noticed my head tremors (Now I know that they know I have this embarrassing issue). I fear meeting/contacting that person again or if i go meet them my heart beat goes really fast and my head tremor comes really bad. \- Also talking to a girl online on Discord that I know likes me I start shaking but This shaking only start for like the start of talking then I get good later once I calm down. (this happens only when I know she likes me and gives me too much attention or i think she has very good personality or is very pretty or idk man). \- Also there was an uncle who used to admire me like my personality is good and stuff I never had any contact with him but I had to buy something from his shop once knowing that he admires me I kinda become the center of attention in my own head. So I went to his shop and oh man oh I was trembling my head full body trembling was very bad it was very noticeable. \- Also I wanna go to a different city for a job since I currently have remote job but I have friends from that city they wanna meet me I always avoid meeting them cuz of this issue (What if they notice my symptoms??). Also that girl never seen me irl so when if she notices my head shaking on Discord video call with friends?? This scares me a lot and same loop starts. **Is this like a normal embarrassment response of head tremors or is it like a mental illness?** (I think I might have a movement disorder that reacts very bad to whatever this is a normal response of embarrassment of mental illness)",anxiety
1t6wsem,Does anyone else experience sudden and strange visual disturbances?,"I'm at work (feeling happy and regulated) and I was looking at my computer screen and then my vision suddenly and briefly went weird and I saw a blue flash, and before I could consciously process any of this a massive rush of adrenaline was released, and then I fully panicked thinking I was about to seizure or pass out (so irrational I know). I tried to regulate myself by going for a walk outside, listening to calming music, distracting myself etc. but really all I want to do is go home (but I know this isn't the answer). It feels like my body and mind is on edge, waiting for the next ""incident"" to happen. Has anyone else experienced similar?",anxiety
1t7p31b,Does anyone have some tips on how to stop a panic attack?,"I've been having some panic/anxiety attacks throughout this year (it's not frequent but it still not really normal ig? Like sometimes I will have 2 panic/anxiety ttacks in a month, then I will be free for a month and some weeks and then I'll have another one) but i really dont know how to control it, ik how to calm down when im getting anxious but there's these specific times where I just can't control it, it just escalates too quickly and then boom, I'm hyperventilating to the point my hands, face and legs feel tingly, my muscles starts to tense up (especially my leg muscles) so bad that it hurts (so I just slump to the floor) and then I think I go out of consciousness for some seconds?? Everything just feels numb and then my eyelids feels heavy and it just looks like i blinked insanely slowly, afterwards it gets better I just feel exhausted, a bit confused and sore :/ Does anyone knows how I can control this? At least make it not hurt this bad, just anything tbh.",anxiety
1t6iecz,Does anyone else feel like anxiety isn’t really about the present moment?,"I’ve noticed something weird about anxiety — most of the time it doesn’t feel like it’s about what’s actually happening right now. It’s more like your mind is reacting to something that might happen or something that already happened but won’t let go. I’m curious: What does your anxiety usually attach itself to? The future, the past, or random situations?",anxiety
1t6obmk,Im confused if this is anxiety (also trigger warning: small mention of death),Whenever death or what happens after it is mentioned I get VERY panicked and scared (to the point where I have to grab someone's arm/hand or call out their name for comfort) for about 30 seconds and then it just goes away death is the only trigger for this and I'm very worried about what is happening and it's kinda ruining my life. So is this some type of anxiety? (Even typing that small paragraph Abt it make me freak out a little 😭),anxiety
1t7npk5,having an eurotrip and still miserable,"i can’t get myself to be happy, i can’t get myself to enjoy anything i get anxious about it all. my friend i’m traveling with is obviously sick of me and so is everyone i have to lie to family pretending i’m having a good time just not to worry them. this was an incredibly irresponsible trip and to top it all of my aunt is in the hospital right now. i don’t deserve any of this",depression
1t7vbob,I feel like my life has stalled,"I feel so numb and empty right now. I just got back from a trans support group where I was hoping I could get some support since I'm unable to access HRT. Instead I didn't feel comfortable sharing because everyone else was well into their medical transition. It was a small group for trans men and I was the only person with a visible chest. Some may have been binding but some also mentioned their top surgery and others discussed how well their HRT was going. I'm happy for them but I also feel so alone. I don't want to go into details but my situation is very unique. I feel like there's no way for anyone to understand me and it would be too much to explain to anyone but a very clsoe friend anyway. I'm already doing all the steps I can take to improve my life plus mental health and eventually access HRT. Unfortunately it also involves a lot of waiting around for paperwork to be approved and there's nothing I can actively do in the mean time. So, my life is just on pause. I wake up, eat, do dishes, scroll on my phone, eat again, go for a walk or do some light exercise, watch YouTube, maybe read a bit, eat again, more dishes, more scrolling, sleep and repeat it all the next day. All while dealing with dysphoria so bad that I mostly dissociate with the occasional angry/sad outburst. Any time I do open up to people in my life the best I get is ""wow I'm so sorry for you. I hope things change soon."" After I just got through explaining how long it's going to take for anything to change. It just feels so invalidating.",depression
1t7cnxw,What is this sensation?,"\*\*\* I THINK THIS NEEDS A TRIGGER WARNING BUT IDK\*\*\* Hello! This my first time posting to this sub in a while. I have a question about something I've been experiencing lately that idk what it is or why it happens. Maybe you all have some insight. In the mornings (not every morning) I wake up feeling physically ok, but it's like my mind isn't ok. I am angry, I am thinking lots of negative and dark thoughts, and I'm scared. I'm also very motivated to do things like clean or study and have a lot of energy. But the whole time, I'm saying awful things to myself. It'll go away if I do really hard exercise. This morning, it only stopped once I started pulling really hard on my hair and bit my hand. Idk what to call these episodes honestly. Is it just anxiety, are these panic attacks (but im not struggling to breathe so they cant be). What do I do?",anxiety
1t7m33g,"A ""blocking"" in my mind",&#x200B; I was curious if anyone has what I'm going to describe. It feels if there is a blocking in your mind that does not allow you to think of something sometimes. For example I can know something that I want to say but If I briefly tell myself I don't know it I can block the thought making it very hard to remember. Also in my personal belief of something I can make it impossible to feel or know something due to this block put up as well. Does this make sense to anyone?,anxiety
1t74s2b,how can you tell its laziness and not depression?,"im getting worried of my boyfriend's well being. we are both only 16, he has anger issues and i am clinically diagnosed with mdd and bipolar. hes the lazy potato type but things dont feel right lately. i dont know if its my own depression making me view things differently, or him losing interest, or him showing symptoms but i havent been able to have a ""genuine"" time with him for the past months. what i mean is, i dont get to see him laugh more often with me. or us having more meaningful convos. its mostly because we are ldr and have strict parents, but when he sends me voice notes or on call, he sounds tired most of the time lately. it can be understandable, we only get to call late at night, and rarely. he has tons of school friends, but can get quite introverted. he doesnt like going out. now its summer break, so hes always in his room alone. i think it can get bad since hes already struggling with porn addiction. if only i had lived closer id want to spend all my time with him. even though im severely depressed myself. fortunately for me, next year he will be attending my school, im a reason why. but that means hes leaving his old school and friends behind. he doesnt sound quite happy talking about next year. pointed out his dorm room looks depressing, and quite anxious if hes gonna fit in. its the last two years before college, where us students dont really get into that close vibe much with each other anymore. im worried hes also depressed or even suicidal. he tells me hes okay all the time. i just want us to talk more... does this sound like the usual teenage boy to you? or is he losing interest in me?",depression
1t7yr40,How does everyone deal with health anxiety?,For me i have very real but also very minor health issues and my first instinct is to tun to a doctor or specialist to fix it mainly because of a comfort thing or perceived comfort/discomfort driven by anxiety. Its hard to ignore sometimes,anxiety
1t6x3wc,The guilt…god help me,"I have not done anything bad. I am kind to literally everyone. I might not perform because i am in bed all day but why all that guilt. I don’t ask for money, or help. But I just can’t stop feeling worthless and guilty. It sounds kind of stupid but it’s so real. Dreading even calling people. Everything goes away momentarily but that guilt, I can feel it lurking all the time.",depression
1t6qddh,I am always alone,"Most days I am okay with being alone, I can keep myself busy but other days it just hurts so bad. I have never had friends since I was a kid and im 34 now. I mistake co workers for friends but they aren't because they will turn on me. I dont even know what im doing wrong. This week is one of those weeks that I feel it and it sucks.",depression
1t7nd9v,Impending doom because of upcoming presentation,"I have been feeling nauseous with panic attacks for weeks. Now I have to present in several days. My slides are incomplete and the material is insufficient. I don’t have time to fix it all. I am going to make a fool out of myself. I shake and my throat closes up when I’m up on stage presenting. I want to deregister and runaway, but I can’t. I feel stupid, and I feel sorry for my classmates. I’m feeling hopeless",anxiety
1t7g38z,Does anyone else feel like they’re mentally “on edge” all the time for no obvious reason?,"I’ve noticed some people describe anxiety less as panic and more like constantly feeling mentally alert or unable to fully relax. Even during normal moments, it’s like part of the brain is still waiting for something stressful to happen. After a while I imagine that probably becomes exhausting. Curious if other people experience anxiety this way too.",anxiety
1t6jxbn,Lingering Social Anxiety,"Not long ago I had it bad enough that I would panic at the thought of a party. I had an unquestioned belief that no one wanted to be around me, and even people that liked me would be driven away. Through therapy (and bupropion) I feel like I got through the worst of it. I got some perspective and distance and it was lovely to think back on a weird look and go “yeah I’m a little weird and it’s ok” or “oh he thought I was hot and that made him feel awkward” (and he said as much on a date not too long after) Anxieties were still there but less sharp, less important. I joined a choir last year and while it’s been good for me, it’s also the first time since school where I’ve had to interact with members of a large group of people who already know each other. I find myself defaulting to unhelpful settings. Presenting an unobjectionable and uninteresting blank that keeps me “safe” from… I don’t know, scrutiny? But also keeps me from creating connections. I don’t want to push in on people’s conversations but I also feel kinda weird saying hi if they don’t know my name but I also don’t want to sit alone pretending not to want to be a part of it, BUT MOST OF ALL…. I don’t want to be back in this emotional place. And so I find myself reflexively running away. But abandoning the awkwardness doesn’t make it any better. Running means I don’t progress. And I guess… you know what? I have made a little progress. I have more connections with people in the choir than I did a month ago, let alone last fall. Maybe I need to just need to watch a situation develop before I run away.",anxiety
1t7q7fx,Has anyone felt anxiety about FOMO when others move on?,"I have anxiety about a lot of things and have worked through a lot of through therapy. One type of anxiety that catches me off guard every time is that I’m missing out when others move on and Im still stuck even though I’m not. It’s so irrational that I can’t figure how to break it down to process. For example, our neighbors are moving. And I have been feeling anxious that they get to move while I’m still stuck where I am. Even though I’m in my dream home and very happy with the home. It’s such a weird feeling. I’m happy for them but feel like I should be doing the same even though I prayed for a long time for our current home. Am I making a mistake by staying? I don’t want to feel this way. I just want to be happy for others when life brings these changes. Has anyone experienced something similar? I would appreciate insight to understand these feelings.",anxiety
1t7ur81,"I want to commit, but I don’t wanna die","I’ve attempted to kms one time, but I was young (11) and stupid and did it with melatonin, I threw up and I was fine, so I don’t know if that quite counts. Anyway, I’m older now and I genuinely believe the only way out is dying, I do still wanna experience life, and I’m upset I won’t get to do some things but mentally I cannot handle to much more, I want to die, I have 1 way I could genuinely just die, and it’s because my someone in my family takes morphine and I could easily OD on it, but the thing is I don’t wanna die. I don’t know how to explain it, I want to commit suicide but I don’t want my parents to just find me dead on my bedroom floor, it’s too disappointing and I’m already a big enough disappointment, but I also don’t wanna live through an attempt, because then I have to talk to people about it. I wanna die but I don’t want to die but if I commit I don’t wanna live or die.",depression
1t7arjy,I JUST WISH I HAD GAMER FRIENDSS,i am so tired of solo queuing valorant PLEASEEEE SAD GIRLSSS THAT GET IT HMUUUU . i will not reply if you’re a man . also im 24 and have a bf :3 edit : im posting here because i am very depressed lmao i just cope with humor and chaos thank U,depression
1t7eo1g,"Passed Stage 1 at an AI startup, completely froze in the technical interview despite knowing the material","After months of rejections, I finally got an interview at a company I genuinely cared about. Cleared the first stage which was just an introductory call, felt good about it, and got invited to the technical round. The moment the interviewer started asking questions, something switched in my brain. My whole body started shaking, I don’t think I have experienced anything like this before, it was my first job interview in my life and I couldn’t process anything. Questions I knew the answers to became completely inaccessible. I didn’t answer a single one correctly. The interviewer was genuinely kind about it. He offered to let me email the answers and then continue the video call afterwards to discuss. But I was so frustrated and disappointed in myself that I couldn’t bring myself to do it. I just sat there and let the opportunity go. Has anyone else experienced this level of panic in a technical interview? How did you get past it? I want to improve but right now I just feel completely defeated.",anxiety
1t7hskw,Pretending is exhausting,"In a world that’s continuously moving fast, in a land where man has no time to rest, we seek solace and understanding, hope and peace of mind. The masks we wear run thin, the cloaks we drape over our shoulders tear, and the threads fall loose beneath the weight of all we never say aloud. We smile to quiet the questions, laugh to soften the ache, yet in the silence of our own company the truth waits patiently at the door. I’m not okay again, and this time it scares me most. Not because the darkness came, but because I thought I had outrun it.",depression
1t6sy0p,I wanna cry but I can’t,"Ever since I’ve been medicated for my depression and anxiety I’ve felt an immense emotional numbness with some emotions, I don’t cry as often and when I do, it’s often through venting, but when I’m alone and want to cry I can’t let it go, crying helps to I relieve some of the depression ironically enough, I wanna feel better",depression
1t7m5xs,Struggling with being alone with my thoughts.,"I am in a constant state of fear, to the point where it almost feels like paranoia. I just feel so vulnerable, like something is going to happen to me. Looking at people scares me, my wife scares me, random objects scare me, random things are triggering a fear response and I don’t know why, logically I know people or objects arent going to hurt me but I still get these fear feelings and almost like a paranoia. Feels like I need to run, or hide or just do something!, Idk what, just something to alleviate the panic. Sometimes I’m on the brink of calling an ambulance to come get me and take me to a psych ward. I think I am going through some type of dpdr flare up. My mind and consciousness feels foggy like I have cotton in my head and can’t mentally see clearly. I’ve struggled with the fear of developing a psychotic disorder for a very long time and these symptoms are really making my ocd about that flare up as well. The thing is, I feel a lot better while I’m working and doing tasks where I really have to focus but as soon as I get alone and time to myself, I start really freaking out and the thoughts and feelings come back. I’ve struggled with mostly untreated anxiety and ocd for years and I think my nervous system has broken, either that or I’m entering psychosis for real this time ): I feel so helpless. My worst fear is losing my mind.",anxiety
1t7g8zy,Im done with life and everything.,Once again my parents called me and told me that my brother was fighting with them. Once again my parents and brother were drunk. Once again they didnt listen to me when I had a panick attack. My life is a mess and im done,depression
1t7uouu,Worst years of my life,Well to start this off i am not suicidal but i do hate everything about me and forgive me for how this is structured im just going to yap about everything ive been thinking about with some stuff removed. Well starting off 2 years ago i started freshman year in a wheelchair with a nurse always by my side before freshman year i had looked fine to other people except the fact that i had a slight limp that i was not aware about until someone asked me about it and i brushed it off. Those days were after my leg surgery which i was trying my hardest to hide but it was hard because i was always tired after walking and i could not run and jump( i remember a day where i was extremely tired and my feet hurt like hell but the teacher told us we could go outside if we were all not busy but even though i was not i pretended like i was just to not have to walk more sry classmates) but anyways i made it through the school year misrably then i had to get heart surgery because i had a small hole in my heart since birth and they fixed it but they made me sleep with a ventilator at night so i started the next school year with another problem not being able to breath that well and i would get tired fast even faster then last year and then in the middle of that year as i was barely managing the doctor said i need my vent 24/7 and i was homeschooled the rest of that year. Then during the summer my doctor made me get a tracheostomy which is basically a hole in your neck which you can put a tube into and breathe so it does not cover this ugly face of mine. Because of the trach and vent i was also (omg ive been yapping for a long time) put in a electric wheelchair and was not allowed to be alone for long periods of time hence i had a nurse for school (im not going to get into detail but alot.of them quit for personal matters not because of me ) and i started my freshman year and it was horrible (also i got fatter because i ate the same as before surgery after surgery and i guess i was using alot of energy beforr because i rapidly gained weight) i had no friends no one would talk to me i was always alone during group projects and stuff unless the teacher put me in a group i stopped going to lunch because i did not want to see people and instead went to the library parked my wheelchair in a corner and read (i read so many books that year also thank you librarian who i will not be saying the name of) anyways i was extremely sad and lonely though i did not ever show it (i dont know why i keep using past tense even though its still like this) and no one really tried to be friends with me and the only highlight of my day was this girl i knew in 7th grade saying hi to me everytime she saw me (i know i know im weird but understand that this was how sad and lonely i was) and i could barely say hi back then that year was over and summer passed and sophmore year started and it is the same as last year except worse and i stopped going to the library (and the girl got a bf and stopped saying hi as often) you know what i just realized i have not had a friend since 5th grade. Anyways the next new highlight of the day was another girl but she does not talk to me often but when she does she does it like im anyone else its kinda weird but i look forward to it (i know ) the last time they talked to me was asking if i want goldfish(random as hell and who carries around a big carton of goldfiah?) I said no because im a nonchala... yeah just throw me off a cliff. Anyways that leads me to now a week before school ends . Im sorry i yapped alot and left out a lot of details but yeah now i have to debate whether to post this or not. Please no hate and stuff,depression
1t7z7lq,"I'm 21 years old, I was assaulted when I was 9 and I still can't deal with it, I don't know what to do.","21M. When I was around 9 years old, my grown-up female relative sexually assaulted me. 3 years later, as a 12 years old boy, I was diagnosed with depression. I became socially distant. I didn't have any friends through middle school and high school, I still don't. My mind always tells me that I'm unlovable and that no one will like me, except for my predatory relative. I want to be understood, seen. I want to feel loved, even if It's only by my family or friends. I told about this to my (online) ex-friend, and he joked, calling me ''weaker than a woman'' for not being able to do anything against her, while I was a kid and she was an adult. I feel worse when I see comments about other men calling male victims ''lucky'', wishing they were in their place, asking if the assaulter was hot, saying that ''men can't be sexually assaulted by women''. This makes me feel pathetic, weak, dramatic. I hate my mind. I hate when people tell me to ''man-up'' and that ''nothing happened'' because my assaulter happened to be a woman. I hate that I have to hide my tears because people around me will think of me as a sensitive, pitful guy. I hate being depressed. I don't know what to do. Antidepressants aren't working anymore, I switched them 5 times over those years. I don't know how to not let my past define me. I don't know how to live properly anymore. I just want to be happy with myself and enjoy life. I'm still young, yet I'm done with everything--my family, the incident, my social life, everything.",depression
1t7w0su,Citalopram?,"So for starters, I've been dealing with severe anxiety for about 3 years now. Never in my life have I had an issue with it. My whole high school career and a little after I've been so spontaneous and social. But 3 years ago that all changed. One day it I had anxiety. Didn't understand what it was and ever since then its progressively gotten worse and worse and worse. I can't walk out to my own mailbox without feeling like I'm going to pass out because of it. I haven't been able to drive my own car. I miss work a lot. Cut to now, I finally got the courage to go to the doctor about 2 months ago. I was originally put on Zoloft. It has done absolutely nothing for me. If anything I feel like I've gotten worse while on it. Now as of today, I went back and told them I needed to switch meds. They put me on Citalopram. I've read nothing but great things about this medication. However, I read the same about Zoloft. Is there anyone who took Zoloft and after it didnt worked got put on Citalopram and had it work? I see a lot of people saying Citalopram changed their life. I want to go back to being normal. I want to go back to going out spontaneously. I would love some feedback on how it worked for anyone who is on it. 10mgs btw. I also (as of today) made my first appointment for therapy and that starts on Monday. It took me too long but I'm finally trying.",anxiety
1t7n1x5,I am stuck.,"I'm not looking for advice, I'm not suicidal nor am particularly depressed, I'm just stuck. Stuck doing the same things with the same people, stuck in the same place, in the same body, with the same mind. My life has slowed to an agonizing halt. It repeats itself every day, again and again until anything I feel or say just loses any meaning, it's not much more than a monotone greyness. I simply cannot find any worth in it, and by extension, in myself, in a certain way I'd say I'm angry at myself for being unable to escape this loop, angry at the world for not recognizing me as good enough to escape, and especially angry at everyone around me who seems to have proven themselves better than me by escaping it, or have accepted this stillness and found a way to enjoy it.",depression
1t7euyr,I’m Super Poison-Paranoid,"I don’t know how to help myself to be honest. I’ve had really bad anxiety starting early this year. I’d never had panic attacks before then, it just suddenly hit me. And every couple of weeks my “symptoms” change. For the last 2 weeks, I’ve been incredibly food paranoid. I haven’t eaten at my college cafeteria because I’m afraid my food will be poisoned. I won’t drink from the fountains or fill my water bottle at them. I’ll only consume sealed food and drinks, and even then I’m STILL paranoid about my food being poisoned or laced with fentanyl. On top of that, my doctor put me on sertraline (Zoloft) a few weeks ago, and I’m paranoid about that too. If I take it, I’m worried about overdosing or being allergic or it being laced. If I don’t take it, I’m paranoid about going into withdrawal. And today my doctor told me to take 2 instead of 1, which I did and now I’m freaking out because I’m paranoid, again, about overdosing or taking too much. I feel dizzy and sick. I just want to be normal again. I want to do things without being afraid of everything I do. I can’t take this anymore. I’m afraid of what I’m becoming. I don’t feel like there’s any point in living if I’m living in fear and paranoia.",anxiety
1t7561u,"Is this depression, combined with dpdr?","This is my last post here cause im losing hope. I don't know what to do, I become no one and nothing and didn't imagine my life to be like this. I have nothing in my brain, work, friends, family, 0. I do things but I don't feel like myself at all. Im scared that my job will suffer. How can I have myself back? I don't know what happened to me but its not good. Im already 35 years old with no thoughts and cannot do anything about. Feels so lost in life. Only good period is when im relaxed or at least im faking that relaxation so on the outside i feel good and light. But when I am home, or trying to create a thought, I just can't. Wtf. I cannot do anything, and don't have a personality. Im just coping what other people do or tell me. I cannot live like that, it's complete hell. Im physically very healthy and in good shape but this terror in my head is not ending.",depression
1t7swir,"I don't see how I ""won""","Within my sphere of influence recently, there has been more commotion about how surviving suicide is a win ..but I dont see how it is. I first had thoughts that I wanted to die around 8-9yrs old. And now at 30 I still have days where I pray for death. Ive had many failed attempts so I i guess I just gave up on active attempts....though I fear I'm reaching a tipping point and might just get impulsive. I dont understand how continuing to live a life that I knew I never wanted to live is winning? I just wanted to be wanted but I'm constantly reminded that Im not really desired and that I'm likely to die alone...why are we celebrating prolonged pain?",depression
1t6ucb3,Question about anxiety,"Sorry for the vague Title, not really sure what would’ve worked. Does anyone experience Social AND separation anxiety at the same time? For me I have bad Social anxiety where when I’m out in social settings, it’s uncomfortable because I don’t know what to say and I don’t want to do the wrong things so I usually find someone I know and just follow them around like a lost puppy. I also experience separation anxiety (not sure if I’m using this term correctly) where I get very anxious from being alone and not around people. It sucks because it’s hard to put myself out there, but if I don’t it really sucks.",anxiety
1t7kh4w,Venlafaxine sucks,Nurse has told me it’ll take a year to come off but cause I’m not working she wants to wait till I get a job then wait a few months then taper off. Unfortunately I got rejected from a job I would have started last Monday so I don’t even know how long till I get another opportunity. The medication is so strong if I miss a dose I get a headache and start feeling a bit off. I guess this is a vent but also a warning because I don’t feel it’s even working. So if you ever get a chance to be prescribed it or anything else just be cautious and get well informed. I’ve been on antidepressants most of my 20s and it just makes sex weird cause it’s so hard to orgasm lol.,depression
1t6o48r,Is it normal to think about suicide?,"Growing up I never thought I would make it to 21. Now at uni, I barely see people and I am mostly the friend who calls. I have the feeling all my friends are just friends with me out of pity and are to polite to tell me that I am annoying. I am convinced that I'm a horrible person and nobody would be able to be around me for a longer time. This is not me fishing for compliments. I just want to illustrate why I think that I'm a waste of resources. My family are wonderfull people. I grew up learning that your family is your support system. They are the reason I'm still alive. But I know that I'm hurting them. I don't give them the love and support they give me. I forget birthdays or bring shitty presents, I ruined my sisters birthday party. They would disappointed if I killed my self, but I don't want them to waste anymore energy on me. I'm thinking about killing myself a lot lately, but that is not unusual, right? Sorry if this post is tangled. It's just hard to write down what I'm thinking.",depression
1t72lgy,Feeling really uneasy and want to run away from everything,I feel stuck and hurt. Idk what to do. I can't even recognize myself anymore. Sometimes I feel confident and hopefull and a lot of times I just wanna end everything,anxiety
1t7nypq,feeling lost and hopeless,"my eyes water the second anyone around me mentions the future, which is everyday because I'm about to finish my major, and I have no fucking idea whats going to happen with my life. I'm so lost. I loterally can't see a future ahead of me. I can't see myself succeeding or being independent or living any sort of fulfilling life. everything scares me. the world is too fucking big for me to understand. I can't see myself having a job, can't see myself getting my own place, can't see myself being loved, can't see myself in any sort of future at all. I want to make time stop because I'm so fucking scared. There is no way I can survive by myself. I feel so useless and stupid and sad. so sad. I feel horrible.",depression
1t6qh25,So numb and empty it’s making me believe I’m losing touch with reality.,"I’ve been in a constant state of derealization for over a month, have been so invalidated and spent zero time socializing. I’ve only been showering like once a week, my mom is constantly putting me down and my Dad is always angry. I could walk up to them right now and say I want to die and they’d just tell me to shut up or laugh at me. My medical coverage got denied for the one treatment making me NOT wanna kill myself. And I just got my job back, only to remember how much I’m disrespected there then immediately go home to be disrespected there. All I do is work, eat, smoke, and sleep. It’s a joke at this point, I can’t tell what’s real or fake anymore and my perception of time is wrong. 5 hours feels like 5 minutes and I keep seeing shadowy figures of people running and stalking everywhere I go. Voices are booming but muffled all at once and my eyesight is getting worse. Ahhhh, I’m losing it I’m losing it I’m losing it. My brain is literally frying like eggs and rice but I kind of don’t care anymore, I’m actually curious to see how bad this path will wind. My Mom has me dragged to a Celtic club playing bingo right now and I’m just gonna get enough booze in me to glide through the next two hours. Life fucking sucks, fingers crossed I win bingo at least.",depression
1t7mnjp,a new depressive phase,second wave since i stopped taking serotonin. i think im better equipped this time. listening to bollywood songs makes me feel better. That’s all I wanted to share. SRK in particular makes everything better. Why be sad when I can transport to magical places. This is probably the adult version of reading fairytales as a kid and daydreaming about becoming a princess.,depression
1t7ye72,I’ve lost my appetite completely,"I’m not hungry. I ate breakfast knowing how the day would be like and it made me nauseous (rice cakes with cottage cheese and jelly I regret it sooo much I still feel 🤢)I also had ice cream, trail mix, and milk with chocolate in it (not chocolate milk.. don’t make me explain it🫩) I really tried to eat but I just feel gross after. I know the foods are shit for me but I ate them for taste only because I’m not hungry at all and even if I was I can’t get out of bed. Honestly even the taste aspect I’m losing interest in, it’s not worth feeling yuck. I could eat healthier foods but I don’t want to. I don’t want to eat anything. I’ve been badly depressed lately. Always have had depression and dealt with it. Even thought it didn’t affect me anymore and I was good. Nope it’s the worst it’s ever been and I’m honestly not sure it will ever get better. I don’t sleep either. I pull all nighters or go to sleep really late and wake up in the afternoon. I feel hopeless.",depression
1t7lo45,I think i made a mistake,"Today, me and my friends went out to a restaurant and a person came to us and asked if we could give a ""review"" of the place on camera. I have social anxiety but I wanted to try out ""exposure therapy"" so I said yes. It was so hard, I was literally shaking but I had in mind that it wasn't a big deal. Fast forward to now, my heart is literally pounding, I don't know why it is. The interview wasn't that big of a deal but it seems as though I can't prove that to myself. I'm feeling so uneasy... I could literally cry",anxiety
1t7cooo,I feel like im faking it,"I have days where I'm fine. Even feel joyful sometimes and dance to some music. The others i go to college annoyed, come back as soon as i can to unwind in peace. When sadness comes, it hits like a mofo. But i feel like im faking it. Im extremely f\*t, and dont even study everyday, but i feel like those are stuff i can change if i just try properly. Instead of being this lazy guy. Maybe i just like the sadness when it comes. It lets me be useless. I've probably been actually depressed during my first year final exams, where i was at my utter low. But now, i feel like the problems can just be fixed if i do well. But i cant. I choose not to. I dont know why. I try to get better. Look up self help, even have timesxwhere i go into a cycle of finding content to help me. I save them to a folder on youtube but never open it. Its not like i cant laugh. When im with my irls and we make some jokes, i laugh. Im genuinely a very silly person, who prioritizes making others laugh over his image. Who gives a heck about image when i can make someones time better. It feels like change; a better life is right in front of me. I can just grab it, but i am choosing not to. I daydream all the time. Always. Every wakinf moment im thinking of stuff in the future. Not always sad either. I imagine myself as a successful music artist and build a whole career mentally. I even give myself ted talks on how in the future ive gotten magically better. Maybe im just rotten. A monster who keeps lying",depression
1t7n1k0,Could I be having rebound anxiety from Ativan?,"Hi, so for background, I had a massive panic attack on Monday with lots of physical symptoms that persisted into Tuesday morning. I took 0.5 mg of Ativan twice that day (with appropriate timing between) and it helped, but for the rest of the week I have been having awful, worsening panic/anxiety symptoms. It feels like my panic attack never ended, and it's going on 4 days now, 3 since I last took the Ativan. My body feels very weak, I feel out of it and exhausted, I've been super nauseous with no appetite and my heart is POUNDING. Like my blood pressure feels so high and it won't ease. (I took my blood pressure twice and it was normal). On top of it all, I just overall feel wrong and like the world is ending, with random adrenaline rushes that feel terrible. So while looking things up, I found quite a few posts on here about how Ativan can cause rebound anxiety with symptoms that are identical to mine. It seems people were experiencing it at any dosage and frequency. As someone who is really sensitive to medication, I wondered if this is what's going on. For more context, I was prescribed Ativan in the ER about a month ago now. I only had it once in the ER before this week. For a good week after I was in the ER, I had very similar symptoms to what I'm having now but they weren't as intense (the world-ending feeling and adrenaline mainly). I thought it was because of a steroid I had just started for another health issue (stopped taking that awhile ago), but now I'm wondering if it was the Ativan I had at the hospital giving me rebound anxiety, and it's worse this time around because I took it twice. I would really appreciate some insight on this, because I'm honestly really scared that these symptoms will never go away. They are VERY uncomfortable. Thanks so much in advance.",anxiety
1t6sc7v,Fear/panic while drifting off to sleep + jerks during daytime naps?,"For the past few days, whenever I take a daytime nap, I experience this intense fear while I’m drifting off to sleep. It’s like I’m aware that I’m falling asleep, but instead of relaxing, I suddenly feel scared or panicked. If I hear a sound, someone talking, or even small noises during that half-asleep state, the fear suddenly spikes really badly and it takes a while for me to calm myself down. Sometimes I even have to mentally “talk myself out of it” during the nap. I also experience sudden body jerks/twitches while falling asleep, almost like being startled awake right when I’m drifting off. The combination of the jerks + fear makes the whole experience really uncomfortable. This mainly happens during daytime naps and not as much at night. Has anyone experienced something similar? Is this hypnic jerks, sleep anxiety, hypnagogic anxiety, or something else?",anxiety
1t6ofee,Lump in throat,"Hey guys, 3 weeks ago I got this lump in throat feeling after eating just some pasta and since then it feels stuck. I was already at the doctor who said there is nothing strange and also no signs of reflux. I have anxiety but not all the time I have problems with that but due to the long time now of this strange feeling my health anxiety seems to get stronger with symptoms of dizziness and derealisation. Any tips what to do against that? I know obviously the more I think about it the worse it gets but still it’s always there. Don’t know if that is from my stomach or nerve system.",anxiety
1t6nono,Need advice (long),"Sorry about any typos i wrote it really fast and english isn’t my first tongue. Hey all, this will be like a rant and it will be long. I will be 21 in 2 weeks and I feel lost. I am a junior in college my gpa is around 2.5 gpa and in last two semesters my gpa scores were above 3.1 so I was hopeful but this semester i failed a class so i will get 2.5 this semester. I have four semesters left and I have decent change to end up 2.9 3.0 ish which is again not great but not outrageous either. I feel like a burden to my parents I never told my gpa or anything because I thought I could improve which i did from 2.2 to 2.6 last year but this semester will be a setback for me. In my college there is a forgiveness program so i can take that failed class again and replace my failing grade which would bump my gpa to 3.1 ish for this semester. I never really worked that much, which yeah i know sounds unbelievable. I was suppose to start a on-campus job this semester which i was pretty excited about but they have been terrible communicating and by the time they reached out to me it was April so they said lets start your employment next fall. Hopefully this time i will start. The thing about me is that I am a dual citizen but was raised in a foreign country. And frankly I learned english on my own and while it is good enough to study in here I almost always behind my peers. When I have job/internship etc interviews I communicate poorly because of anxiety etc and unless they are stupid, every american college student is better than interviews then me. I have a unpaid internship lined up for next fall but it is pretty small non profit but ig it is better than nothing. This summer I will be flying back to home to spend with my family, which i am looking forward to but I don’t want to spend it with nothing but laying down all day. I secured two remote volunteering gigs that i will be doing throughout the summer but well they are just volunteering. I am interested in marketing/pr which is prob only thing i am not terrible at. I was thinking about starting 1-2 side projects and get some free hubspot and google marketing certifications and will do those volunteering projects. I sometimes feel like I am too late to succeed and frankly feel like a failure to my parents. They always supported me and funded my education, thanks to the financial aid it is not that much of a substantial amount for them otherwise the guilt would ruin me. Anyway, I am looking for some advice. I have exactly two years to graduate and I simply don’t want to look back and regret and end up unemployed and staying at my family’s home. When I look forward I can see myself with one shitty internship and 2 small volunteering projects with 2.9 gpa and I just want to change this, but not sure what to do. I think this is the first time i did let these all out I didn’t tell it to anyone and I am now telling it to thousands of strangers lmao. I just texted my family like nothing happened because I don’t want them to think I am struggling and pretty much Inal trying to buy some time, which i have 2 years of it. Anyways sorry this is the end of my rant. Looking for advice",depression
1t6p6p0,Does anyone else prefer sitting at the very back of the bus because it feels safer knowing nobody’s sitting behind you? 😭,"Like my brain gets weirdly uncomfortable not knowing who’s behind me, what they’re doing, what they might have with them, etc. Meanwhile at the back I can see almost everyone and my brain instantly relaxes like: “Okay. Full map awareness achieved.” 💀",anxiety
1t6ssti,Help :(,"I potentially made a big mistake at work and won’t know for three weeks whether it actually becomes an issue or not. I am beyond anxious, crying off and on. How can I get through these next three weeks without being a total mess the whole time?",anxiety
1t7kxl1,"I'm going to Adult Ed. Yesterday, we had an earthquake drill. I left.","I'm taking a foundations math course at an adult education school. It's a small, 100+ year old school building, and there are some real classrooms, but I'm taking a Self - Paced program, where I get to come and go as I please. Everyone is working on different courses and grade levels, so we dont interact. It's a much better learning environment than my home, where people can't help but interrupt. Yesterday, while there, I overheard the teachers talking about an earthquake drill coming up later in the day. Like, alarm goes off, we crawl under the tables, wait for the second alarm, then walk out to the field out back, and wait for an all clear alarm. 10 minutes before the Earthquake drill, a teacher gives an announcement to tell everyone what's going to happen. One girl is halfway to the exit, and they have her sit back down instead of leaving so there aren't students around the school during the drill. (Except for those who are writing tests, they are allowed to stay) I'm frantically packing up my papers before that alarm starts, because I know if I have to crawl under my desk, it's going to take me some time before I can get back out again. It isnt a good idea for me to simulate intense situations, especially without any time for mental preparation. It would probably be different in a real school environment, but I don't know anyone here. So, I left. A teacher did try to get me to sit down as well, and I told them I would be leaving the building, and would come back after the drill. I sat on a bench 2 blocks down the road. This might sound like an overreaction to skip the drill instead of going along with it like everyone else, but it's a win for me. In the past, I would have felt too uncomfortable to put a spotlight on myself by being the only one to leave the room. I would have felt forced to stay, and that inability to leave has been a major factor of my anxiety. I would have complied, and sat, spiraling, unable to concentrate on my coursework, until I felt calm enough to go home. it would have made me anxious to return to class, knowing something like this could happen without warning. Choosing to leave is self care, its knowing my boundaries, and showing myself compassion. I'm in my 40s and just starting to understand that I am allowed to make my own choices, regardless of what the people around me might think, (or what i think theyll think) or whether they'll understand. I'm an adult, and I dont need to explain myself. ​ What a good feeling.",anxiety
1t7nfza,Can anxiety or dpdr feel like paranoia?,"I am in a constant state of fear, to the point where it almost feels like paranoia. I just feel so vulnerable, like something is going to happen to me. Looking at people scares me, my wife scares me, random objects scare me, random things are triggering a fear response and I don’t know why, logically I know people or objects arent going to hurt me but I still get these fear feelings and almost like a paranoia. Feels like I need to run, or hide or just do something!, Idk what, just something to alleviate the panic. Sometimes I’m on the brink of calling an ambulance to come get me and take me to a psych ward. I think I am going through some type of dpdr flare up. My mind and consciousness feels foggy like I have cotton in my head and can’t mentally see clearly. I’ve struggled with the fear of developing a psychotic disorder for a very long time and these symptoms are really making my ocd about that flare up as well. The thing is, I feel a lot better while I’m working and doing tasks where I really have to focus but as soon as I get alone and time to myself, I start really freaking out and the thoughts and feelings come back. I’ve struggled with mostly untreated anxiety and ocd for years and I think my nervous system has broken, either that or I’m entering psychosis for real this time ): I feel so helpless. My worst fear is losing my mind. Can dpdr or anxiety really feel like paranoia? Can anxiety be this severe?",anxiety
1t7ghni,Life is really rough,"Hi. My name is Maya and i am 18 years old. This post is basically a way to express myself and vent since i'm really depressed. It all started from my teacher sexually assaulting me last year, which resulted to me failing the most important exam in my life which would frant me entrance into university(the greek panellinies exam). Not a month passes and my dad has a heart attack and dies while I'm on vacation. My number one supporter, the only one who showed up and comforted me though everything, the kindest, funniest, most caring and selfless person I ever met. And then my whole world started collapsing. I have two younger sisters. The middle one found him dead, now she's smoking heavily and reacting to everything, even skipping school, sneaking out, doing drugs. My grandparents, especially my grandma, are refusing to leave my dad's house(while they have three other houses they could live in) and will not give it to us and my mum so that we can sell it and make it through financially. She also used all the money my dad had and left us with nothing. Now we have ongoing court cases and these people, the people that raised me and were so close to my heart, now have to stand in front of me in court and are spreading lies and rumours about the family i have left. On the other side,my mother is harassing me mentally, calling me a failure, offending my dad's memory(she divorced him and that's when he started drinking and smoking heavily), not supporting me at all and she has zero undestanding of what i'm going through. She has told me multiple times how she wishes she never had me, or any of my sisters, how i am lazy, a failure and worthless. I'm retaking the exam this year and now there are only 20 days left. I've been having serious panic attacks that nobody knows about, crying over my books everyday, missing my dad SO MUCH, and i'm left in my hometown, with zero friends since they all went to college, in this house with my mother constantly harassing me. Also two weeks after my dad's death my boyfriend of three years, who was present when i got the call that my dad died and went thorugh it all with me, dumped me. I'm giving up. I can't find any essence in life without my daddy and family. I'm so alone and so depressed im having suicidal thoughts everyday. And it's not getting better. My dad died last summer. I lost my greatest motivator. I don't know what to do anymore",depression
1t6efpt,"Struggling with anxiety, bullied by our own brain","Is it true that anxiety medication can have harmful long-term effects, or even make anxiety worse over time? Has anyone actually fully recovered from anxiety by using medication? Could you share your story about what you did that helped you recover? It would really help motivate and encourage those of us who are still struggling with anxiety.",anxiety
1t7wula,I dont want to live anymore,I am 24 abput to be 25 in a couple of months and it feels like my life is over. I dont have close friends. and I feel like Ive missed out on pretty much my youth because of my mental illness. It is so hard to make new friends at this age and people day it will only get harder. I lost my freindgroup at college. My mind is hell after a psychotic break. I wish I could kill myself but I cant because my father died and I cant cauas eanymore pain for my mom and brother but all I have everyday is suffering and Im tortured by my mind. I wish I could end it all.,depression
1t7ucg4,Heart Palps?,"Obviously the rhythm and everything is fine, but I keep getting these annoying palpitations. I’ll maybe feel between 1-20 a day. And they’re usually one palp then back to normal. Occasionally a run of 3-4 if I lay down in a certain position but they stop as soon as I change positions. They feel like a jolt or jump in my stomach which spook me. My resting heart rate has also gone from high 50/low 60s to low 50s/high 40s since January but idk if it’s correlated with my cutting diet I had during the time (minimal cut, 8 lbs)? I’ve also had upper chest pain for over 2 years now, but this occurs at random and I can run a 5k perfectly fine but then hit leg day and get the chest pain. Or even just random at my desk it’ll hurt. It’ll go away on its own or I can massage my upper back to calm it. Cardio said he’s pretty confident I’m okay, and ordered an echo. ‘ I’ve also had a nasty problem of manual breathing, and I can’t get my brain to shift off either my heart or breathing. It’s kind of starting to make my brain spiral. I ended up losing muscle in my cut and not fat because I can’t lift to full potential as either I’ll get out of breath from holding or shallow breathing. Or I’ll get a one off palpitation. And some lifts are amazing while others feel horrible. Does anyone get these random palps and chest sensations. Any tips for calming my brain from jumping to heart issues?",anxiety
1t7n40a,I want to die and i have this though since im a child,"I feel like i will never get rid of that feeling. Even when i was happy i wanted to die. I don’t really know if i ever been happy in my life to be honest. I don’t want to kill myself because i don’t want to go to hell but i want someone to kill me, im so tired of this life, my biggest dream is to die.",depression
1t6wz03,Living in fear of hot weather folk,"Every single person in my family, as well as almost every single person whom I know is into hot weather. However this is not just preference, it is personal. This is even worse since I am from San Francisco, USA, a city full of hot weather lovers and snow haters, and I have to be here until I flee the country next year to Europe. What is it that triggers people so much? I never ask others about their weather preference. Nor do I provoke others about saying, 'Hey, what a great sunny day right? Much better than the snowstorms in Europe!'. But that is what others do to me here. I have been in full-blown arguments with family even, being shouted at for being a SOB, which family likes to call me, for being an arsehole because I refuse to like hot weather. Why do people do this ? I have to shut myself in and the only person I can talk to is my girlfriend, who is from Wisconsin and hates hot weather all the time and hates the people here in San Francisco as much as I do.",anxiety
1t7smto,What happened to me,Does anyone else feel like their brain is just being squeezed constantly where you can't think properly or focus properly. I can't even have long conversations anymore because my brain is just so tired. I want to sit down and talk to my therapist or family but it feels like my body is just giving up on me. I have had depression for a long time now and it honestly feels like no matter what I do or try to do to to help it just does nothing. I don't know if it is possible that some people just cannot feel happiness but that's what it is starting to feel like for me. I am just so tired.,depression
1t6ungp,Any advice for dating someone with depression?,"My girlfriend has depression and uses medication for it. Sometimes I struggle because she will have random days where she doesn’t to talk, share thoughts, etc. Basically shutting down for a short period of time to the point where I’m unable to get more than a few words out of her. When this happens, I can’t help but feel insecure that I did something wrong or am not supporting her properly. Is there anything I can do to improve this dynamic?",depression
1t6o0ek,Can anxiety cause you to feel woozy in your head all day and night for months on end,I’ve been struggling for month with this weird head fuzzy feeling like being stoned without smoking! I’ve paid for Brain mri came back clear done blood works all fine had my eyes tested all fine but I just can’t shake it off. I wake up and feel the same and throughout the entire day.,anxiety
1t765f0,I feel like I'm wasting my teenage years,"Ive been depressed for 3 years continuously and has been diagnosed with depression, I stopped seeing my physciatrist cause I'm broke and I think its hopeless for me, I quit self harm but Ive dawned on me that I haven't stopped at all and that has really brought me down my confidence of ever getting better I spend my days sleeping and once I wake up I stay awake for as long as possible so when I eventually do wake up the day is almost over I feel so disconnected to my friends bruhhh I don't know what to do likkeee everyone could be having fun and I'm just silent even though I'm like th ebiggest extrovert I really have difficulty remembering things so I really don't remember anything I do, I'm willing to go out and hangout with my friends but at the end of the day I feel like crap man is there anyway to get out of this feeling???",depression
1t7q1ji,Had a public outburst while with family and I need support,"I finished my second year of college today, and to celebrate my parents were going to take me out to dinner. I was already feeling pretty rough as we got there. My mom noticed how off I was acting and that I was obviously feeling depressed, which led to her starting to silently cry. I saw this and bursted into tears. I left to sit outside on bench, and after a while my dad came out and asked if I just wanted to go home. I said yes and he went back inside. After a few minutes my mom came out and said she was hungry and that they were still going to eat even if I didn’t. I had already stopped crying at this point but her saying this led to me to start crying again. She went back inside even as she noticed I was crying. I impulsively scratched up my forehead, which led to some light bleeding. Luckily this wasn’t noticed by anyone as my bangs were in the way. I apologized for the outburst after everything was done and we were in the car ready to go home. My mom said it wasn’t my fault for feeling emotions and that she was crying earlier because she felt like nothing she did for me ever helped me. For context, she known what my mental health struggles are, and I had opened up to her about some of the worst aspects of it were a few weeks ago. I’m beginning to regret that descision after she said that. I’m not sure what I want out of this post. I guess the reason this is a big deal to me is because my relationship with my parents is normally pretty great, but I feel like they handled this really poorly. I tried to present the situation in an unbiased manner though. I don’t have much of a support system outside of my parents, so I guess I’ll settle for support from strangers. Also sorry if this wasn’t written well. I wrote it pretty quickly and while in a bad mental state.",depression
1t6znds,it's just so hard sometimes,"I'm a 20M, going to be 21 this year, and sometimes i just feel utterly hopeless. I've been severely depressed for basically my entire life at this point, and my situation really isn't helping me. I have no friends that actively want to see me, I have no job atm, still live at home, not even a car to drive myself around. No hobbies outside of a computer, never had a relationship of any kind, very little exercise (been trying to improve that though), terrible diet, no real skills or talent in anything. I'm as bland as white bread and it's such a degrading, worthless feeling. Last year i discovered i'm nearsighted and i live in constant fear that it's getting worse every day and i just don't know it yet. I can't make out small details like subtle blends of color on fucking screens anymore without leaning in. I keep hearing ""Oh, you're still so young."", ""You have time to figure it out."", etc etc, but I feel like I'm racing against a clock and I'm losing. You only live your 20s once, and I'm terrified by the notion that whatever path in life I take right now will give me nothing but regrets later on, and that makes me afraid to do anything at all. I'm envious that I come online every day and see all these talented, amazing people doing what they love and seeming so happy while doing it. ""Why can't that be me?"" I ask myself constantly. I hate seeing all these people who are my age with so much going for them, or who are successful because of XYZ, while I waste away every day and feel like I'm rotting in real time. It just feels like it's so hopeless sometimes, that I'm going to be stuck in this forever, and I keep asking myself ""If it's this bad right now, how much worse is it going to get in a year or two? In five? In ten? Will I even live to see my 30s and 40s?"" And probably the worst part is that I know that I'm the only one who can change this. There's no miracle cure for my eyes, no magic button someone can press to make everything easy for me and make my problems go away, no direction someone can point me in that has all the answers, it's only me who can do those things, and I don't fucking know how or what to do. And even if I did, I can't even guarantee that i would do it because i have no motivation or drive to do anything. I don't even know what the point of this post really is, I guess I just needed to get it off my chest, since nobody in my ""close circle"" actually seems to bother with listening to my frustrations.",depression
1t7gmpx,Having trouble getting through the day.,I’ve been struggling to find the motivation I need to get through the day. There’s nothing to look forward to it seems. Work eat sleep repeat. More and more I just don’t see the point and it’s taking a lot of weed to make me not an unbearable cunt on the daily. Does anyone have anything that was actually helpful when feeling like this? I’m sick of being a miserable pos. Can’t afford therapy right now.,depression
1t7vvhu,How to quiet the demons,"So I (26M) have been depressed for a 6-7 years now. Recently it has started to increase. I have killed many versions of myself, literally smothered then to death. What remains is just a exoskeleton of sorts. Rarely, I feel happy and needed and useful. I have to be alive for my parents, after them (I truly hope they live a filling life), I can Go go, but till then how to keep myself together? Any suggestions? Background on me: I am pretty sure I fall on some degree of the autism spectrum. Grew up mostly alone. I have done ok in the terms of classical academics and am currently a PhD student, working in the sciences. I will pass as a decent NPC in anyone's life, but not of extraordinary importance I think. I am skinny fat with every year bringing new challenges in health. I have never found a GF or anyone truly close. All the where I try to find some meaning in my course of life, say some achievement in career or personal life, I literally can't find jack shit...while my peers are winning in some aspect of life. It's not that I totally feel useless, it's just that I really try and try. I need some suggestions on how to keep going, because I need to.",depression
1t7nq0y,Why don't healthcare professionals attempt to understand or even care abt mental health... or at the very least act like they aren't superior to us struggling peseants,"why is mental health misunderstood and not taken seriously by health care professionals I've been struggling over a year.. ended up at the doctors asking for medication coz clearly cant cope on my own.... after putting her hand on her heart and going awww she says oh well this is just the start and we can begin a series of modules to help change perspectives and maybe cognative behaviour therapy....... not only have i done modules before, i find them & cbt very demeaning... they treat you like its your first day on earth... like you dont understand the concept of apreciating life, spending time with loved ones, keeping busy, changing ur perspective.... yeah, i fkn get it, the issue is i simply dont care coz i try and try and try....i wouldnt be waking up if i wasnt trying... do they understand they cant just tell me to write my thoughts and worries in a journal then close the book so i can forget about them as if they dont exist and as if i dont have to be bombarded with them in the first 3 seconds of waking up the next day? Then tell me to leave and come back in 3 weeks and see where I'm at? I came to you for help and ur sending back to 3 weeks of hell thinking ur little 5 min pep talk has changed my entire life... I struggle to wake up EVERYDAY... why can't they grasp that mental health is constant and doesn't stop no matter what you do.... we don't have an escape... waking up is hard, getting ready is hard, going to work is hard, coming home is hard sleeping is hard.. and the worse part, attempting to have fun is agonising, coz the entire time you are grieving how it used to feel... socialising is painful because I am not there... it's a shell of myself.. so no... a little mental health walk will not help... it may help you.. because you are not fucking mentally ill, when you feel sad or stressed, you can rest or relax.... THAT DOESNT EXIST FOR US after me opening up and explaining best i can she starts talking bout ""for mild to moderate cases like this..' as I stare at the floor reminiscing about how I've wanted to k!ll myself because I'm in so much pain, crying in the corner of my room screaming for someone to make it stop...then I look back at this b!tch who's clearly never experienced anything like this in her life and is ignorant to the fact im indeed not an idiot nor a statistic or as she put it 'most young people feel this way'... at this point it's not even only about me... it's about the fact that anyone with a functioning brain can develop feelings like these (and most do as more young people come to terms with reality) yet solutions or answers are not even attempted to be made..... I tried therapy and told him numerous things have made me feel certain ways where now I just don't see the point and I'm just done... and he just smirked n told me well maybe you can just find the point.... bro there is no point... most people can be happy coz their brains never overthink to the point u start seeing all this bad shit... what happens when ur a person who deeply understands that our very existance in this universe is random, scary and the society we call home is made up... how do u cope being aware of this every waking moment .. how do u have hope when u know hope isn't even real nor is happiness or love or any feelings... we aren't even real, were light and molecules and our ""feelings"" are chemicals..... only thing keeps people going is the feeling of working towards smth... like survival mainly... but as the hyperaware beings we are... it becomes very complex to be truley happy in this situation",depression
1t6zroj,THC helping nightmares & vivid dreams?,"I have pretty severe anxiety, and one of the worst parts of it is that I get extremely vivid nightmares almost every night. Even when they aren’t full nightmares, my dreams are still really intense and distressing. It feels like my anxiety during the day makes the dreams worse, and then the dreams make my anxiety worse when I wake up, so it’s kind of an endless cycle. I’m currently tapering off sertraline because it hasn’t helped much for me, and I’ll be starting Prozac soon. I’m mentioning this because I’m also wondering whether THC/edibles could help with both the nightmares and maybe the anxiety overall. I’ve heard a lot of people say weed reduces dreaming or makes dreams less vivid. The only time I tried it, I took way too much for a first time (50 mg edible), but I remember not dreaming at all that night. I’m wondering if very small doses (like 2.5 mg or less) occasionally could help with vivid dreams/nightmares. Has anyone here had experience with this, especially if anxiety was the main cause of the dreams? Did it help, make things worse, or stop working over time?",anxiety
1t73l7x,Somehow Worse on Meds,"Hi ;w; I've used Seratline (equivalent) for a couple months before switching to Prozac (equivalent) about 4 months ago. Seratline made me more closed off and slightly enhanced my anger issues but didn't do much else. Prozac didn't have any emotional effects alone, it just gave me motion sickness. About three months ago the doctor prescribed Anafranil to take alongside Prozac and I've been taking the two of them ever since. However, since I've started taking them I became more jittery, I sometimes find my hands shaking and my heart is always racing. I feel always on the verge of an attack— not full-blown but constantly on edge. When I first noticed it, I thought it was because I was taking too much coffee at the time— which could've affected partially because I did do that since it helps with migraines and I had too much homework to hand in— but these effects continued even long after I have up coffee and they still persist. It got worse with time, I starting waking up with severe heart palpitations. Even worse because I get tired much more quickly now and end up dozing off or sleeping on my desk but I need to hold a grip over myself to calm down for over half an hour just because of a 10 min nap I took on during break time. I have ADHD and autism but I've also started to struggle even harder at focusing. It seems that my mind is always clouded and my executive dysfunction is a hundred times worse now. I can't seem to get a single task done even when it's urgent. I've been experiencing the effects lesser for the past 2-3 days because of my period (and I forgot to take them today) and I feel much better! I can get stuff done and for the first time in forever I managed to be attentive by solving tests in classes. I don't feel stressed. I don't want to go back to the way it was when I was feeling the side-effects of my meds but I'm taking them both on very low doses (Prozac 20mg, Anafranil 10mg) so I can't go any lower. I have so many stuff to do including studying for entrance exams with a bonus of anxiety constantly making me feel on the verge of a heart attack, I need advice. Edit: I didn't touch upon it in text as much but my biggest problem is that they make me feel tired. When I wake up, I'm having heart palpitations but I also end up falling asleep in most important stuff that I never did beforehand— such as exams. Thank you for your time to read through.",anxiety
1t6yodq,I’m going to fail my exam today,"I have my final exam for uni today and I‘m going to flop. It’s a few hours before the exam and I haven’t finished my cheat sheet, I don’t remember the content, I can’t recognise what the questions are asking, I can’t remember any formulas and I’m so scared right now. I know I wasted time (which is my own fault I know) but I can’t handle waiting for the exam knowing I’m going to fail. I keep writing everything down for the cheat sheet and it’s probably all going to be a waste and I’m running out of space because I’m info dumping, so I’m going to run out of space for the important topics. I feel sick and I don’t want to do this.",anxiety
1t7drjw,I don't know if being not depressed is good or being depressed is good.,"This might be a bit of a weird and inverted post. I'm sorry in advance for my rambling. Disclaimer, I'm not trying to kill myself or anything destructive but I needed to talk to people who understand. I might catch a lot of flak and I'm sorry if I do. I'm genuinely not trying to belittle anyone here. I've been kinda depressed for as long as I can remember, but I've always been resisting it for the longest time. When COVID and the lockdown happened, coupled with working night shift + abusive ex gf, I think that kinda broke me. I was diagnosed with MDD in 2021 and also attempted suicide twice. Survived both, so that's great. From 2021 to 2022, I was on Anti Depressants and Anti Psychotic. Honestly, I don't think it worked for me, because I got night terrors, a feeling of numbness and generally feeling like the things i want to say got stuck in my throat. That last one might be more psychological, rather than pharmalogical. I quit meds in 2022 and just tried to go all natural because the meds honestly made me feel worse and I rather just feel the sadness rather than suppress it and feel foreign in my own head, body and feelings. It took a while but after a year of constant walks, reconstructive relationships.... It kinda worked. I got into a relationship afterwards with someone who was mentally stable and healthy and honestly, I've never been happier and mentally more clear in my life. But I still find myself getting caught in depressive episodes from time to time. For example, hearing my gf say to me ""Depression doesn't feel real to me."", really threw me in a spiral that even I didn't expect to experience. I felt hurt, disgusted, dismissed, unseen within 5 seconds. I thought in the first 2 seconds it was a comment I could accept, 3 seconds later, it turned to what I just described. I even cried, without any way to control it. I'll spare the full details but we managed to talk it out. So we're good now. But that's right there is the thing I want to talk about. I'm good now. But there's a cost to it. When I was depressed, I was constantly writing, recording, listening to music, singing and pretty much everything artistic. It was my way to feel or express, I guess. But that also made functioning daily life EXTREMELY difficult. I don't shower, i don't eat, i don't walk. I don't leave my house. Now, I'm okay. Like legitimately, my last episode was in November, and even then I was noticing the gaps between episodes were getting bigger and bigger. The only thing I've done differently is to put myself on a consistent regiment of Magnesium Glycinate capsules. One in the morning and one before bed. Doing this, I'm able to stave a lot of the negative voices and feelings. But the tradeoff...... I don't write anymore. I don't feel inspired or motivated to do art. I don't make videos, take photos... I just don't want to. And i feel so bad knowing this. I'm writing this because I've been skipping my magnesium routine for 3 days, and I could feel the familiar depressive feelings again. And it makes me want to write, make videos and draw and paint and do everything to express what i feel... But I also don't wanna do it. I don't wanna move, i don't wanna eat. I don't wanna do anything as well. No one told me the price of peace would be losing the person I used to know to get me there. I miss him so much. I want to write and make videos and be inspired. I know i sound crazy right now but i really don't know how else to say it and to who. Because i know the people around me have been blessed enough not to have ever had this problem. Or is it, just me? Trying to ask for attention again? Does anyone else feel like this? I genuinely don't know if I'm grateful for being stable or not, because moments like these make me wonder if its better to have stayed depressed or be better. I mean, honestly, i know logically the answer. Being depressed is familiar but it doesn't help me. None of you who are reading would wish this on their worst enemy, and so wouldn't I wish it for myself. I don't know. I really don't know. One thing no one told me as well is that when you're okay and stable, you really don't remember the depressed parts of you ad much or as visceral. But now I'm here again, yeah... Its familiar but damn. I know it just leads to dead ends if i let it. What do you all have to say? Is this common enough or am i just insane?",depression
1t7dryv,Do I take 0.25mg or 0.5mg of Xanax on my trip next week?,I have a trip next week and got 3.5mg of Xanax to spread out over the trip in the evenings going out. I don’t want to be falling asleep but I don’t want to be anxious/panicked during this trip. I previously was falling asleep at 1mg and I don’t know what the right dose is to take and I don’t want to make a mistake because I have so little of it to “test” with.,anxiety
1t79htp,I'm tired of everything.,"I'm honestly tired of living. Waking up everyday trying to make ends meet.. sand tomorrow is still going to be a struggle if no worse. What's the point of it all, why do I have to suffer I don't want to wakeup anymore, I'm just done, People tell you to persevere but until when? When do i get to rest? I can't even care for my child anymore. I just want to lie down and never wake up. I look at my child and I feel sorry for her, I'm sorry that she has an unstable mother, I'm sorry that she got borrn into poverty, I'm sorry that I might leave her one day. I've tried manifesting for happy days but they never came, right now all I want is to rest. I'm just done and everything is pointless there's no meaning to life. There's no happy ending",depression
1t7f0t7,After eating,Anyone get the feeling of a ball in their chest after eating ? like you have something trapped in your chest,anxiety
1t6qzcy,I hate my life rn,"\*\*This is kinda a vent of everything going on rn.\*\* \*\*Love:\*\* \*\*Hi, I'm 13 (f) and I am in love with my best friend B (trans m). It's not fair. I have asked jokingly before and he said he liked me at the start of the school year. I'm demi so I start having feelings with my friends and the time and I've learned to ignore it but it's way different this time and I feel sick to my stomach writing this. I really want to be able to call him my boyfriend. I'm lesbian and the struggle with romance is real. I never have crushes on people who reciprocate my feelings. I feel crushed.\*\* \*\*SUICIDAL THOUGHTS WARNING\*\* \*\*Thoughts:\*\* \*\*I have really bad thoughts sometimes and I don't sleep anymore. I sleep at most 3 hours a night. I have massive dark circles that go down my cheeks. I get made fun of all the time because of my weight. I am 62kg which I know isn't healthy and I'm trying so hard to lose weight but no matter how much I don't eat it doesn't help.\*\* \*\*I'm sick of my life already and I'm barely even a teenager.\*\* \*\*I self harm sometimes too. Music is my escape so when I'm really overwhelmed and feel like cutting I put on my headphones instead.\*\* \*\*Friend help:\*\* \*\*My same friend B has self harmed for a while and it's overwhelming me so much. I want to help them so bad but I'm so scared of being clingy and losing him because if I lose him I can't save him from his mind.\*\* \*\*Arguments:\*\* \*\*I'm very touchy and dirty-minded. B is too. We had an argument 2 weeks ago. He texted the GC saying he thought I was disgusting and had been sexual assualting me and blocked me.\*\* \*\*I honestly thought it was a 'distance myself and kill myself' text and I panicked so bad and cried all night. I don't cry a lot, I'm very jokey but don't cry ever. I went to school the next morning and was yelled at by my class who had been told. I cried then too. I thought my life was over.\*\* \*\*I'm not naive at all but I honestly feel very much so right now.\*\* \*\*We had since made up but I feel uneasy around him. As if I am walking on egg shells.\*\* \*\*I have changed my entire personality since. I am quieter and less jokey. I just feel like he doesn't appreciate me at all.\*\* \*\*Body:\*\* \*\*I really hate my body. I hate my boobs and everything. Just everything. My stomach is so big and disgusting. I am not even fat, slightly overweight. I am 5kg over my preferred weight. I joke about my weight so much but I secretly wish B would just ask me if I was okay for once.\*\* \*\*My stepmam is going to get me a sports bra to help with the boobs but it still won't be enough.\*\* \*\*Anxiety and feeling sick:\*\* \*\*I have really bad anxiety about throwing up, it's all I think about every day and every second. I feel sick literally 24/7. It started on 3/12/24 and I am so drained.\*\* \*\*How it started; a kid called Jackson threw up on the table next to me and ever since then my body is in constant fight or flight. I have panic attacks every time someone throws up. These last days and make me feel even more sick than I usually do. My dad calls me an attention seeker.\*\* \*\*Seizures??\*\* \*\*I have these random times where my stomach drops and I zone out for a second. As I said I don't sleep much so could that cause seizures?\*\* \*\*I swear, I just had one right now as I'm writing this.\*\*",depression
1t7k0vg,I struggle with feeling alone and Depression,"I have been struggling with Depression since I was younger but every day it seems to get worse. I am 22 now and I live with my sister who has bipolar and her son who might have ADHD and a hyperactive disorder, I struggle with ADHD and Anxiety myself and it is very hard to be around them both. I suffer most when my parents are not home because they are always loud and my nephew is always screaming and fussing and she always yells at him but she never disciplines him. he is a total ipad kid too and he hits me and grabs my butt and touches my crotch when she isn't looking, it makes me feel extremely gross and shameful because I have been sexually abused when I was a younger and harassed when I was a adult. When I tell my parents they say he doesn't know better because he is a kid and it's okay. He also tears up the house and my sister doesn't clean up after herself because of her poor condition. When I try to call my friends and ask if we can hang out they usually don't reply because they are busy but I feel so isolated and alone because they are more of a adult than I could ever feel like because they are out having fun and have a stable job and making money. I hate living here I just don't know what to do.",depression
1t6ikyx,"help, specifc form of anxiety?","i have a weird form of anxiety or anxiousness, though i’ve never been diagnosed with anything. hear me out. i love music. and i love singers. i recently discovered The Weeknd, and he’s become my new hyperfixation. i love music and songs so much that i’ve always had strong desires to be a singer. to be a pop star. to write top charting hits. the issue? i have terrible singing abilities. i’ve tried writing music and it’s horrible. i can’t even play any instruments. but my hyperfixation gets so intense that i start feeling anxious over the fact that i’m not living the life of a pop star, and i constantly compare myself to the singers i hyperfixate on. they win an award? cool, but then i start wishing i could be as big of a singer or performer as them. and it becomes sooo anxiety-inducing. why do i wake up with my heart racing now that it’s tour season? why is my anxiety so bad over dreams of living a life that i realistically know probably won’t happen for me? help me out. hell, i even get anxiety over the singer’s own personal life sometimes. is this anxiety or what? i have been living life trying to be a singer and it is ruining my life. i have dreams to enter a music course eventhough i have no skills or desire to be anything else in the music industry. i only want to be a singer so u can imagine just how bad my anxiety is. The Weeknd is going on tour soon and the dates are killing me. i am nervous at the prospect of seeing him and realising such an artist really exists.",anxiety
1t6og5z,I want to commit but I’m too scared by the idea of surviving,"There are so many nights where I want to do it but I’m held back by the fear that it wont work and I’ll end up paralyzed or some shit and really fuck up my life even more. I guess I’m too much of a pussy to take the risk, but maybe that’s a good thing. Anyways I don’t know why I’m even writing this, just curious if anyone else has felt the same way.",depression
1t76qat,Why do I fear men when the situation isn't even like that ?,"idk what's happening with me lately but i've started fearing men in a way i didn't before like earlier i used to be pretty chill, even argue if needed, but now even small disagreements make me overthink a lot. i keep thinking what if their ego gets hurt and they start abusing me or call me names like ""the R word"" (yk how casually some people say this) or even worse, what if they give r\*pe threats or something, ik that's my overthinking but some men do get so pissed over small things nothing like that has actually happened to me directly, but the possibility itself scares me a lot. today i had a small argument with mess staff. i wasn't even being disrespectful, i just told him to call the person responsible so i could talk to them because clearly it's not him so there's no point in fighting him yk. but he kept arguing again and again so i just ignored him and left. in the moment i actually felt kind of proud of myself for not backing down and people around me were acting like i won gold or something like they were bosting me up so much like woww you're so cool you ragebaited him. but later this fear kicked in again like ""what if his ego got hurt and he does something to me like idk why is this fear so prominent?"" the weird part is i know the environment around me is safe. nothing actually happened. but still that fear is there and it's strong. maybe it's just the feeling of being a girl and knowing how things \*can\* go sometimes.",anxiety
1t6mqbl,I survived and I wish I died,I don’t look forward tomorrow or yesterday or now I wanna be in the nowhere the none place the none time i don’t want better just let me go . I accept my faith to go but not for too long … i am no longer the brilliant person am no longer anything I am the worst I thought I could be at and I am so strong that I got to suffer 5 years and stood up but sometimes falling from the a bump is not the same as falling from the sky i was in a high level and suddenly the door closed i was left alone yet surrounded by people I was in their life but there was no life in me . Surprisingly the world kept going and no one saw that I fell from anywhere no one was able to figure out I was exploding bleeding out so hard yet gathering my blood like a machine everyday . I am injured in a world that even when they see you they turn blind i ask for help in a world where everyone avoids to be surrounded by you when you are weak I know the world . It’s time to let go I am ready to die I can be the first one next in line I just want a peaceful go hopefully in the no world .,depression
1t7ud7y,Paradoxes and anxious loops,"Paradoxes. Contradictory thoughts. ""What if?"" Thoughts. More questions than answers. For every answer i get, two more questions appear. For every step i take forward i take two steps to the sides and two steps falling back. People say to face your anxiety and take the bull by the horns. Some say to do the opposite and focus on other stuff. Both perpetuate the cycle. My brain is screaming at me all the time like there is a literal fire alarm going off. Waves of dread, regrets and hopelesness. All while this is happening i am having thoughts about thoughts. ""Why can't i just get over it?? Oh no now i'm thinking of it again which makes it worse! But i have to think about it to some degree to get better. Where do you draw the line? I cannot control my thoughts. I do not know what i am supposed to do in order to get better. I don't even know what i am aiming for. I do not know how i should feel. How am i to do the things that bring down anxiety such as food, exercise and hobbies when my anxiety is preventing me from doing those things? Constant contradictions and paradoxes. Damned if i do something and damned if i don't",anxiety
1t6ozgi,Sharp pain,"Hello, im honestly just getting anxious rn at the thought of this pain i get almost everyday, i get this electric shock pain in my head for like 2 seconds on different spots and goes away almost immediately and it just worries me so much, i also get that sometimes w my heart. worries me so much i feel like i cant sleep bc i get so anxious i wont wake up or smth. i take concerta so i cant help but keep thinking i might just be leading to a stroke. i know im most probably fine i just need to know if im alone on this, and if i should be more worried? please lmk if youve experienced smth similar",anxiety
1t7hsbs,Rabies Fear triggering Health Anxiety,"Earlier today, while walking past a wooded area, I saw a bat laying in its back in the middle of the road. It looked like it was breathing heavily and wasn’t moving I wasn’t sure what to do but since it was in a position where it’d get run over, I used two sticks to kind of push it off the road and into the grass. I did not touch it. I dropped the sticks but since it looked worse on its stomach, I picked the sticks back up and flipped it back over. I then got on my phone and started googling, immediately seeing the risk of rabies. I never touched it or got close to it. I ended up telling a nearby house about it and called wildlife about it and left. But it didn’t take long for my anxiety to start whispering about how I had now been exposed. I didn’t touch it so I for sure was not bitten or scratched. I did pick the stick back up, I’m not sure which end, but the stick never came near the bat’s mouth and it wasn’t foaming or anything. Since then I’ve called an Urgent Care and two ERs about whether I should come in. The Urgent Care and ER both told me they couldn’t give medical advice and I should go in if I’m concerned. But the second ER just asked me if I touched it. When I said no, they said I was fine. My dad says that I should trust the last ER nurse, that most hospitals won’t turn you away because of liability (or local hospitals have all gotten taken over recently by a giant hospital system). And I do believe him, that I 100% don’t have it, I wasn’t bitten or scratched or came in contact. But I haven’t stopped thinking about it since If it wasn’t so expensive to go to the ER, I would just go in for peace of mind. But also, I’m worried that going in would just flare my anxiety more. That I’d always feel stupid about it. But also, I’m worried that I’m going to be thinking about this for the next year I really have no idea what to do, it feels crazy to go in when I had no physical contact, but I also don’t want to live like this for months and months wondering if I got it (when I KNOW I didn’t) Sorry for the ramble, I would appreciate any advice",anxiety
1t7c1wu,Has anyone ever had these short continued abdomen pains?,Has anyone experienced intense short bursts of abdominal pain that comes and goes in waves but fine in between? 2 and a half weeks ago I had these sharp stabbing and almost rolling feeling abdominal pains in mid to lower stomach that lasted only 2 seconds max af a time and then went but would come in waves like 4-8 times an hour. It didn't feel like an upset tummy or women's pains and wasn't severe to be appendix. Tummy soft and pain free to touch. Anyway lasted about 12 hours and went. Then yesterday two and a half weeks on same thing but only lasted 3 and a bit hours and went when I decided to try a hot water bottle. Absolutely pain free in between the pains and always pooping and farting normally. It's so weird. I have GP end of month and spoke to an GP via video who said do a fit test and physical exam but as pain free now and pooing fine not urgent.,anxiety
1t7u03t,I hate myself for not being beautiful,"I'm 28, transfem. My hips are too narrow, my chest and shoulders too broad. Head, hands, and feet too big. Face too masculine. If I'm lucky, people might see me as trans and not an offensive cross dressing stereotype. My hope of being perceived as a woman is none. I want to be pretty. I want to like the person I see in the mirror. I want to be wanted. I walk around and feel like everyone is staring at me in disgust. Like I'm some grotesque monster pretending to be a woman. I hate my body. I hate myself for not being skinny, not being feminine, not having the right reproductive organs, not looking like a movie star, not sounding like a pop star, not fucking like a porn star. I cry myself to sleep and live in isolation. I sleep most of the day because in my dreams I'm beautiful and happy. I'm sure my therapist is tired of hearing about how much I hate my body, and I'm tired of hearing ""people come in all shapes and sizes."" I'm not enough. And I don't have anyone close enough to confide in. I need a hug. Not the fake hugs you get from family, a real deep hug, the kind where you can feel your muscles untense. Though I'd never ask for one, because I'm repulsive.",depression
1t7fsgz,"29M, feeling completely alone and not sure what to do anymore","I’m 29 years old and I honestly feel like I’ve reached a point where I don’t really have any close friends anymore. I don’t have a friend group, and I don’t really talk to anyone on a regular basis outside of work. I try to keep myself busy — I go to the gym, I try to take care of myself, and I’m basically just trying to keep my life together day by day. Recently I also got emotionally involved in a FWB-type situation, and I think I became more attached than I expected. It made me realize even more how isolated I actually feel. Now I’m just stuck in this feeling of loneliness and I genuinely don’t know what to do about it. I’m trying to function normally, but emotionally it feels like I’m just getting through days without any real connection to anyone. I don’t really know how people rebuild a social life at this age when you don’t already have a close circle anymore. I’m not really looking for pity — just some honest advice or perspective from people who’ve been in a similar situation. How do you start rebuilding your life socially when you feel like you have no one close anymore?",depression
1t6vnhi,thinking of packing up everything in a car and going away forever.,"i got found out again for weed, and it doesn’t help that i’m failing one of my classes in senior year and i can’t change it. i’m 18 now, which according to my parents means they can kick me out to the street and take my car (which they haven’t but they keep threatening to lmao) and i’m just so done with their toxic bs. i’ve tried to explain to them several times that i am not some academic weapon, i can’t maintain all a’s, im stupid depressed and my motivation has been shot from being in a school where everybody is perfect. I can’t breathe in this house and i’m in my room 24/7. im trying to move in with my aunt but she literally just had a baby, and i don’t really want to infringe on them. i just plan to stay until i can hopefully go away to college, about 4 hours away from everybody. but right now i just want to get most of my things, put them in my car, and drive far away where nobody would know where i am. i could live in my car for a bit, it wouldn’t bother me as long as i had internet or data. the car is TECHNICALLY my dads, but if they don’t know where i am, how can they find it ? 🫠 edit: i also go to a therapist/psychiatrist but i am unable to call anybody as of right now because my phone with my sim card is broken. i would’ve totally called them and asked to talk about this being a good idea or not but i don’t really have time for second opinions. i can’t live like this anymore",depression
1t7dm0q,"My anxiety is escalating very quickly, and I don't know what to do.","Basically, this is what's happening: I have generalized anxiety disorder, which I've tried to treat with sertraline, therapy, and going to the gym, but nothing has managed to completely eliminate it only relieve it temporarily. The problem is that over the last few weeks I started developing hypochondria, to the point where I stopped seeing a future for my own life because I kept thinking I was going to die from some disease. Then, two days ago, I started having panic symptoms so intense that I didn’t even want to leave the house. Everything started two days ago when a number kept calling me three times in a row. Even though I never answered, it got stuck in my head. Then yesterday, while leaving work, I saw two random guys sitting on the street staring directly at me for a few seconds while I walked by, and now I can’t stop thinking that people are following me to rob me, kidnap me, or something like that. Even though the rational part of my mind tries to tell me that the chances of this happening are low, I can’t seem to solve this problem, and the anxiety keeps hitting me over and over again.",anxiety
