ID,reference,prediction,NJ,WE,RA,AL,RF,SA,AVG
Kusv2J0M19E_1,"Hi Carmelo, I want to take a couple of minutes and go over the scale on anger that you filled out when you got here. You had mentioned that some people in your life have kind of commented and they said, 'You know, maybe you ought to look into thinking about whether or not you have some issues with anger or not.' And that's one of the reasons you're here. And I'm hoping that this will help sort of identify specific issues related to anger that might be problematic for you. And so this is really feedback meant for you. You can do whatever you'd like with the information. It's just for you to consider it. And so let's go through each area. And there are a number of questions here and a number of sort of different anger dimensions. And I think the place we're going to start is if you look at all the questions that you answered, it comes up with something called a total score, which is just kind of looking at everything together. And when we look at the total score, you scored quite high, actually. You scored in a range that we would sort of call the 99th percentile, which means that your anger is at a level greater than 99% of the population of men your age.","Hi Carmelo, I want to take a couple of minutes and go over the scale on anger that you filled out when you got here. You had mentioned that some people in your life have kind of commented and they said, 'You know, maybe you ought to look into thinking about whether or not you have some issues with anger or not.' And that's one of the reasons you're here. And I'm hoping that this will help sort of identify specific issues related to anger that might be problematic for you. And so this is really feedback meant for you. You can do whatever you'd like with the information. It's just for you to consider it. And so let's go through each area. And there are a number of questions here and a number of sort of different anger dimensions. And I think the place we're going to start is if you look at all the questions that you answered, it comes up with something called a total score, which is just kind of looking at everything together. And when we look at the total score, you scored quite high, actually. You scored in a range that we would sort of call the 99th percentile, which means that your anger is at a level greater than 99% of the population of men your age.",-1,0,-2,0,0,1,-0.3333333333333333
Kusv2J0M19E_3,Yeah.,Yeah.,0,0,0,0,0,2,0.3333333333333333
Kusv2J0M19E_5,"Yeah, so it's kind of hard to hear it that way.","Yeah, so it's kind of hard to hear it that way.",1,1,1,1,0,2,1.0
Kusv2J0M19E_7,It kind of surprised you?,It kind of surprised you?,1,1,1,1,1,2,1.1666666666666667
Kusv2J0M19E_9,Just a little above average.,Just a little above average.,1,1,1,1,0,2,1.0
Kusv2J0M19E_11,It's a little bit high and it might indicate that really anger does get you in trouble at times in terms of relationships and causing you... so you've recognized that.,It's a little bit high and it might indicate that really anger does get you in trouble at times in terms of relationships and causing you... so you've recognized that.,1,1,1,1,0,2,1.0
Kusv2J0M19E_13,"Okay. So this kind of just highlights that and puts a number on it, in a sense, and so...","Okay. So this kind of just highlights that and puts a number on it, in a sense, and so...",0,0,-2,0,0,1,-0.16666666666666666
Kusv2J0M19E_15,"Yeah, right. Exactly. Kind of comparing how you answered the question to the general population of folks your age. That you're really, you're sort of in the top 1% of scores.","Yeah, right. Exactly. Kind of comparing how you answered the question to the general population of folks your age. That you're really, you're sort of in the top 1% of scores.",1,0,0,1,0,2,0.6666666666666666
Kusv2J0M19E_17,Yeah.,Yeah.,0,0,0,0,0,2,0.3333333333333333
Kusv2J0M19E_19,"Because getting angry, saying things to people, not thinking things through, can really put you at risk.","Because getting angry, saying things to people, not thinking things through, can really put you at risk.",1,1,1,1,1,2,1.1666666666666667
L1vluZ9uHMY_1,"Hi Lisa, how you doing today?","Hi Lisa, how you doing today?",0,0,-2,0,0,2,0.0
L1vluZ9uHMY_3,"I'm doing well, thanks for asking. It's nice to meet you, I'm glad you could come into the agency. Could you tell me what brings you here today?","I'm doing well, thanks for asking. It's nice to meet you, I'm glad you could come into the agency. Could you tell me what brings you here today?",1,0,0,1,0,2,0.6666666666666666
L1vluZ9uHMY_5,All right. So were you ordered by a court or...?,All right. So were you ordered by a court or...?,0,0,0,1,0,2,0.5
L1vluZ9uHMY_7,And how long ago did the crime occur?,And how long ago did the crime occur?,0,0,0,1,0,2,0.5
L1vluZ9uHMY_9,"All right. So I'm going to try to get an idea of what's going on with you to see where you fit in in terms of treatment. So it's an assessment, so I'll be asking you some questions about your history and kind of things that you've done, any feelings you've had, thoughts you've had.","All right. So I'm going to try to get an idea of what's going on with you to see where you fit in in terms of treatment. So it's an assessment, so I'll be asking you some questions about your history and kind of things that you've done, any feelings you've had, thoughts you've had.",0,0,-2,0,0,2,0.0
L1vluZ9uHMY_11,Like diagnosing. Is that okay with you?,Like diagnosing. Is that okay with you?,-1,0,-2,0,0,2,-0.16666666666666666
L1vluZ9uHMY_13,All right. So how old are you now?,All right. So how old are you now?,1,0,0,1,0,2,0.6666666666666666
L1vluZ9uHMY_15,All right. So you say about a month ago you got into some trouble. Can you tell me what happened there?,All right. So you say about a month ago you got into some trouble. Can you tell me what happened there?,0,0,0,1,0,2,0.5
L1vluZ9uHMY_17,And this was a friend of yours?,And this was a friend of yours?,1,1,1,1,1,2,1.1666666666666667
L1vluZ9uHMY_19,How do things stand between you and your friend now?,How do things stand between you and your friend now?,-1,0,-1,1,0,2,0.16666666666666666
L1vluZ9uHMY_21,Have you had any other trouble with the law?,Have you had any other trouble with the law?,-1,-1,-2,0,0,1,-0.5
L1vluZ9uHMY_23,And who's they?,And who's they?,1,0,1,1,0,2,0.8333333333333334
L1vluZ9uHMY_25,You remember doing it?,You remember doing it?,1,1,1,1,0,2,1.0
L1vluZ9uHMY_27,And how old were you when that happened?,And how old were you when that happened?,1,1,1,1,0,2,1.0
L1vluZ9uHMY_29,"Were you ever treated for that, like any type of mental health treatment?","Were you ever treated for that, like any type of mental health treatment?",-1,0,-2,0,0,1,-0.3333333333333333
L1vluZ9uHMY_31,Are you aware of any diagnosis that you've been given related to mental health in the past?,Are you aware of any diagnosis that you've been given related to mental health in the past?,-1,-1,-2,0,0,1,-0.5
L1vluZ9uHMY_33,All right. So you got into the sounds like a fairly serious fight when you were 12 and you're 25 now. Can you tell me what's happened in terms of any other problems between 12 and 25?,All right. So you got into the sounds like a fairly serious fight when you were 12 and you're 25 now. Can you tell me what's happened in terms of any other problems between 12 and 25?,-1,-1,-2,0,-1,1,-0.6666666666666666
L1vluZ9uHMY_35,Any other thefts or assaults or anything?,Any other thefts or assaults or anything?,-1,-1,-2,-1,-1,1,-0.8333333333333334
L1vluZ9uHMY_37,"All right. And how much danger were the people that you were fighting? Like, did you seriously hurt them or...?","All right. And how much danger were the people that you were fighting? Like, did you seriously hurt them or...?",1,1,1,1,1,2,1.1666666666666667
L1vluZ9uHMY_39,All right. How many times did that happen where you seriously hurt somebody?,All right. How many times did that happen where you seriously hurt somebody?,1,1,1,1,0,2,1.0
L1vluZ9uHMY_41,"Can you explain what happened, like what caused the fight?","Can you explain what happened, like what caused the fight?",-1,0,-2,1,0,2,0.0
L1vluZ9uHMY_43,What are your feelings about that?,What are your feelings about that?,1,1,1,1,1,2,1.1666666666666667
L1vluZ9uHMY_45,Because of the way she looked at you?,Because of the way she looked at you?,1,1,0,1,0,2,0.8333333333333334
L1vluZ9uHMY_47,Do you ever have any feelings of guilt or remorse about that?,Do you ever have any feelings of guilt or remorse about that?,1,1,1,1,0,2,1.0
L1vluZ9uHMY_49,Have you ever apologized to any of the people that were hurt?,Have you ever apologized to any of the people that were hurt?,1,1,1,1,0,2,1.0
L1vluZ9uHMY_51,"Oh, so in some of these situations, apologizing was kind of required?","Oh, so in some of these situations, apologizing was kind of required?",1,1,1,1,1,2,1.1666666666666667
L1vluZ9uHMY_53,So you apologized to them but you didn't really mean it? Or what were you thinking?,So you apologized to them but you didn't really mean it? Or what were you thinking?,1,1,1,1,1,2,1.1666666666666667
L1vluZ9uHMY_55,Were you successful in getting out of trouble?,Were you successful in getting out of trouble?,-1,0,-2,0,0,2,-0.16666666666666666
L1vluZ9uHMY_57,You say that with a little pride. Is it something you take pride in? Being able to get out of trouble?,You say that with a little pride. Is it something you take pride in? Being able to get out of trouble?,-1,-1,-2,1,1,2,0.0
L1vluZ9uHMY_59,So that's like something you look at as like a skill that you have?,So that's like something you look at as like a skill that you have?,1,1,1,1,0,2,1.0
L1vluZ9uHMY_61,"Have you ever for the theft type activities, you ever felt any guilt or remorse there?","Have you ever for the theft type activities, you ever felt any guilt or remorse there?",1,1,1,1,1,2,1.1666666666666667
L1vluZ9uHMY_63,It's kind of the same thing?,It's kind of the same thing?,1,1,1,1,0,2,1.0
L1vluZ9uHMY_65,Were you ever the victim of a crime?,Were you ever the victim of a crime?,0,0,0,1,0,2,0.5
L1vluZ9uHMY_67,"Do you feel that you're good in working with people, like in terms of social skills?","Do you feel that you're good in working with people, like in terms of social skills?",1,1,1,1,1,2,1.1666666666666667
L1vluZ9uHMY_69,So you're effective at managing relationships to get what you want?,So you're effective at managing relationships to get what you want?,1,1,1,1,1,2,1.1666666666666667
L1vluZ9uHMY_71,How would you describe your mood most of the time?,How would you describe your mood most of the time?,1,1,1,1,0,2,1.0
L1vluZ9uHMY_73,How often does that happen?,How often does that happen?,1,1,1,1,0,2,1.0
L1vluZ9uHMY_75,All right. Does that irritability ever lead to or has ever led to some of the aggressiveness you've...?,All right. Does that irritability ever lead to or has ever led to some of the aggressiveness you've...?,1,1,1,1,0,2,1.0
L1vluZ9uHMY_77,So you're more likely to be aggressive when you've been irritable for a while?,So you're more likely to be aggressive when you've been irritable for a while?,1,0,0,1,0,2,0.6666666666666666
L1vluZ9uHMY_79,When was the last time you were involved in a physical fight?,When was the last time you were involved in a physical fight?,1,0,0,1,0,2,0.6666666666666666
L1vluZ9uHMY_81,About five years ago?,About five years ago?,1,0,1,1,0,2,0.8333333333333334
L1vluZ9uHMY_83,What do you think has caused that to stop?,What do you think has caused that to stop?,1,0,1,1,0,2,0.8333333333333334
L1vluZ9uHMY_85,What type of things?,What type of things?,1,0,1,1,0,2,0.8333333333333334
L1vluZ9uHMY_87,So the stealing's more gratifying than the fighting?,So the stealing's more gratifying than the fighting?,1,1,1,1,1,2,1.1666666666666667
L1vluZ9uHMY_89,"So irritable and any other emotions, any other feelings?","So irritable and any other emotions, any other feelings?",-1,-1,-2,0,0,1,-0.5
L1vluZ9uHMY_91,All right. You have a job?,All right. You have a job?,-1,-1,-2,-1,-1,1,-0.8333333333333334
L1vluZ9uHMY_93,Can you tell me about your work performance and your experience there?,Can you tell me about your work performance and your experience there?,0,0,-2,1,0,2,0.16666666666666666
L1vluZ9uHMY_95,You show up most of the time?,You show up most of the time?,1,1,1,1,0,2,1.0
L1vluZ9uHMY_97,How would your employer describe you as an employee?,How would your employer describe you as an employee?,1,1,1,1,0,2,1.0
L1vluZ9uHMY_99,"All right. So in terms of your feelings about missing work, that's not too worrisome for you?","All right. So in terms of your feelings about missing work, that's not too worrisome for you?",-1,-1,-2,0,0,1,-0.5
L1vluZ9uHMY_101,How many jobs have you had?,How many jobs have you had?,1,1,1,1,1,2,1.1666666666666667
L1vluZ9uHMY_103,Six jobs? At what age did you first start working?,Six jobs? At what age did you first start working?,1,1,1,1,0,2,1.0
L1vluZ9uHMY_105,So six jobs in about six years?,So six jobs in about six years?,1,1,1,1,0,2,1.0
L1vluZ9uHMY_107,"And would you say that your experience with all the employers was the same in terms of how you showed up for work and missing work, or were any of them different?","And would you say that your experience with all the employers was the same in terms of how you showed up for work and missing work, or were any of them different?",1,0,0,1,0,2,0.6666666666666666
L1vluZ9uHMY_109,Kind of do things your own way?,Kind of do things your own way?,-1,-1,-2,0,0,1,-0.5
L1vluZ9uHMY_111,What do you want to gain out of treatment here?,What do you want to gain out of treatment here?,-1,-1,-2,0,-1,1,-0.6666666666666666
L1vluZ9uHMY_113,"You're in trouble now, and you'd like to get out of trouble?","You're in trouble now, and you'd like to get out of trouble?",-1,-1,-2,0,0,1,-0.5
L1vluZ9uHMY_115,"All right, Lisa, this has been helpful. I'm going to get you scheduled for treatment, and they'll probably get you in about a week, and we can go from there.","All right, Lisa, this has been helpful. I'm going to get you scheduled for treatment, and they'll probably get you in about a week, and we can go from there.",-1,-1,-2,0,0,1,-0.5
L1vluZ9uHMY_117,All right. Thank you.,All right. Thank you.,-1,-1,-2,0,0,1,-0.5
P624_q04ZWg_1,"Hi Jackie, how are you doing today?","Hi Jackie, how are you doing today?",0,0,-2,0,0,2,0.0
P624_q04ZWg_3,"You're alright? Yeah. I, I'm doing well, thanks for asking. I understand you've had some recent difficulties that brought you into our agency.","You're alright? Yeah. I, I'm doing well, thanks for asking. I understand you've had some recent difficulties that brought you into our agency.",0,0,-2,0,0,2,0.0
P624_q04ZWg_5,You lost your job?,You lost your job?,1,1,1,1,1,2,1.1666666666666667
P624_q04ZWg_7,"Were you aware that if there was an accident, you'd be drug tested?","Were you aware that if there was an accident, you'd be drug tested?",1,1,1,1,0,2,1.0
P624_q04ZWg_9,"Hm. So there, has there been consequences to losing your job?","Hm. So there, has there been consequences to losing your job?",1,1,1,1,1,2,1.1666666666666667
P624_q04ZWg_11,"Alright, what type of work do you do?","Alright, what type of work do you do?",0,0,-2,0,0,2,0.0
P624_q04ZWg_13,"All right. So, most of those employers would require a drug screen?","All right. So, most of those employers would require a drug screen?",-1,0,-2,1,0,2,0.0
P624_q04ZWg_15,You think it should be legal?,You think it should be legal?,-1,-1,-2,1,0,1,-0.3333333333333333
P624_q04ZWg_17,So you want to stop using marijuana altogether?,So you want to stop using marijuana altogether?,1,1,1,1,0,2,1.0
P624_q04ZWg_19,"All right, can you tell me about your marijuana use now? Like, when was the last time you used?","All right, can you tell me about your marijuana use now? Like, when was the last time you used?",1,1,1,1,0,2,1.0
P624_q04ZWg_21,"All right, so recently. And how about the course? Like, when did you start using marijuana?","All right, so recently. And how about the course? Like, when did you start using marijuana?",1,0,1,1,0,2,0.8333333333333334
P624_q04ZWg_23,All right. Any other drugs or alcohol or anything? Just marijuana?,All right. Any other drugs or alcohol or anything? Just marijuana?,-1,-1,-2,0,0,1,-0.5
P624_q04ZWg_25,Have you noticed over time you've been using more?,Have you noticed over time you've been using more?,-1,0,-2,1,0,2,0.0
P624_q04ZWg_27,"So it's consuming a lot of time, marijuana?","So it's consuming a lot of time, marijuana?",-1,0,-2,1,0,2,0.0
P624_q04ZWg_29,All right. You have a craving for marijuana?,All right. You have a craving for marijuana?,-1,-1,-2,0,0,1,-0.5
P624_q04ZWg_31,"Now, have you had any social problems because of your marijuana use?","Now, have you had any social problems because of your marijuana use?",1,1,1,1,0,2,1.0
P624_q04ZWg_33,Are there other important activities that you miss out on because of your marijuana use? Outside of work.,Are there other important activities that you miss out on because of your marijuana use? Outside of work.,1,1,1,1,0,2,1.0
P624_q04ZWg_35,You don't miss much. Are there any activities that you engage in that are more dangerous because of your marijuana use?,You don't miss much. Are there any activities that you engage in that are more dangerous because of your marijuana use?,-1,0,-2,1,0,2,0.0
P624_q04ZWg_37,Do you have any history of mental health issues or medical issues?,Do you have any history of mental health issues or medical issues?,-1,-1,-2,0,0,1,-0.5
P624_q04ZWg_39,Do you notice any anxiety or physical symptoms when you stop using marijuana?,Do you notice any anxiety or physical symptoms when you stop using marijuana?,1,1,1,1,0,2,1.0
P624_q04ZWg_41,Feel okay? Yeah. So how motivated are you to stop using?,Feel okay? Yeah. So how motivated are you to stop using?,1,1,1,1,1,2,1.1666666666666667
P624_q04ZWg_43,"You're committed to it? Yeah. I'm going to get you in to see a counselor here, if that's okay with you.","You're committed to it? Yeah. I'm going to get you in to see a counselor here, if that's okay with you.",-1,-1,-2,0,0,1,-0.5
P624_q04ZWg_45,It'll be helpful? Mm-hmm. And I appreciate you taking this time to tell me what's going on and answer my questions. This has been helpful.,It'll be helpful? Mm-hmm. And I appreciate you taking this time to tell me what's going on and answer my questions. This has been helpful.,0,0,-2,0,0,2,0.0
SNstOn6owcI_1,"Hi Sarah, how are you doing today?","Hi Sarah, how are you doing today?",1,1,1,1,0,2,1.0
SNstOn6owcI_3,Doing well?,Doing well?,1,0,1,1,0,2,0.8333333333333334
SNstOn6owcI_5,"A little better than last time, or worse?","A little better than last time, or worse?",1,1,1,1,1,2,1.1666666666666667
SNstOn6owcI_7,No change?,No change?,0,0,-2,1,0,2,0.16666666666666666
SNstOn6owcI_8,So you're still having sadness?,So you're still having sadness?,1,0,0,1,0,2,0.6666666666666666
SNstOn6owcI_10,And frustrated?,And frustrated?,1,1,1,1,1,2,1.1666666666666667
SNstOn6owcI_12,Tell me what's been going on this last week.,Tell me what's been going on this last week.,0,0,-2,0,0,2,0.0
SNstOn6owcI_14,How much have you been sleeping each night on average?,How much have you been sleeping each night on average?,1,0,0,1,0,2,0.6666666666666666
SNstOn6owcI_16,And how long did you sleep each night before you had Mary?,And how long did you sleep each night before you had Mary?,1,1,1,1,0,2,1.0
SNstOn6owcI_18,So your sleep habits have changed. What else has changed besides feeling sad?,So your sleep habits have changed. What else has changed besides feeling sad?,1,1,1,1,0,2,1.0
SNstOn6owcI_20,What specifically is contributing to that thought?,What specifically is contributing to that thought?,0,0,-2,0,0,2,0.0
SNstOn6owcI_22,So you're less enthusiastic about caring for her than you were with George?,So you're less enthusiastic about caring for her than you were with George?,1,1,1,1,0,2,1.0
SNstOn6owcI_24,You still do care for her though?,You still do care for her though?,1,0,-2,1,0,2,0.3333333333333333
SNstOn6owcI_26,Anything else that's changed?,Anything else that's changed?,1,0,1,1,0,2,0.8333333333333334
SNstOn6owcI_28,Tell me more about the sadness. Where do you think that's coming from?,Tell me more about the sadness. Where do you think that's coming from?,1,0,1,1,0,2,0.8333333333333334
SNstOn6owcI_30,"People are giving you the same input, but you're feeling differently about it.","People are giving you the same input, but you're feeling differently about it.",1,1,1,1,1,2,1.1666666666666667
SNstOn6owcI_32,"Their feedback hasn't changed, but your feelings have.","Their feedback hasn't changed, but your feelings have.",1,1,1,1,1,2,1.1666666666666667
SNstOn6owcI_34,To the point where you feel you should get a job and put Mary in daycare?,To the point where you feel you should get a job and put Mary in daycare?,-1,-1,-2,-1,-1,1,-0.8333333333333334
SNstOn6owcI_36,What comes to mind when you consider working full-time?,What comes to mind when you consider working full-time?,1,0,1,1,0,2,0.8333333333333334
SNstOn6owcI_38,Like you're just not doing the same quality job.,Like you're just not doing the same quality job.,1,1,1,1,1,2,1.1666666666666667
SNstOn6owcI_40,What kind of things did you do with George that you looked forward to?,What kind of things did you do with George that you looked forward to?,1,1,1,1,0,2,1.0
SNstOn6owcI_42,Like most days?,Like most days?,1,1,1,1,1,2,1.1666666666666667
SNstOn6owcI_44,Have you done those same things with Mary?,Have you done those same things with Mary?,1,0,1,1,0,2,0.8333333333333334
SNstOn6owcI_46,"Each baby is different, but you'd prefer if her temperament was more like George's.","Each baby is different, but you'd prefer if her temperament was more like George's.",-1,-1,-2,1,0,2,-0.16666666666666666
SNstOn6owcI_48,"If it were, do you think that would break you out of these feelings of sadness?","If it were, do you think that would break you out of these feelings of sadness?",1,0,0,1,0,2,0.6666666666666666
SNstOn6owcI_50,So part of this could be adapting to her personality.,So part of this could be adapting to her personality.,1,1,1,1,1,2,1.1666666666666667
SNstOn6owcI_52,What else could be a part of it?,What else could be a part of it?,1,1,1,1,0,2,1.0
SNstOn6owcI_54,So they look upon you negatively because you don't work?,So they look upon you negatively because you don't work?,1,1,1,1,1,2,1.1666666666666667
SNstOn6owcI_56,Do you have evidence that's the way they feel?,Do you have evidence that's the way they feel?,1,1,1,1,1,2,1.1666666666666667
SNstOn6owcI_58,I can see how that would hurt. But this sadness is markedly worse than what you've experienced before.,I can see how that would hurt. But this sadness is markedly worse than what you've experienced before.,1,1,1,1,1,2,1.1666666666666667
SNstOn6owcI_60,"After you had George, there was no period of sadness?","After you had George, there was no period of sadness?",1,1,1,1,0,2,1.0
SNstOn6owcI_62,And you don't have that same feeling now.,And you don't have that same feeling now.,1,1,1,1,1,2,1.1666666666666667
SNstOn6owcI_64,So you're adapting to her needs and George's changing role. There's a lot going on.,So you're adapting to her needs and George's changing role. There's a lot going on.,1,1,1,1,1,2,1.1666666666666667
SNstOn6owcI_66,"You're sleeping more, not enjoying Mary like you hoped, and seeing things negatively.","You're sleeping more, not enjoying Mary like you hoped, and seeing things negatively.",1,1,1,1,0,2,1.0
SNstOn6owcI_69,Which makes it more frustrating. Have you had feelings of guilt?,Which makes it more frustrating. Have you had feelings of guilt?,-1,0,-2,1,0,2,0.0
SNstOn6owcI_71,It comes back to the feeling that you aren't providing the same quality of care.,It comes back to the feeling that you aren't providing the same quality of care.,-1,-1,-2,1,0,2,-0.16666666666666666
SNstOn6owcI_73,I want to look at behaviors. Thoughts are what you're thinking; behaviors are what you're doing.,I want to look at behaviors. Thoughts are what you're thinking; behaviors are what you're doing.,1,1,1,1,1,2,1.1666666666666667
SNstOn6owcI_75,"It's important to engage in activities that would normally bring enjoyment, even if you don't feel it right now.","It's important to engage in activities that would normally bring enjoyment, even if you don't feel it right now.",-1,0,-2,0,0,2,-0.16666666666666666
SNstOn6owcI_77,What activities were you looking forward to doing with Mary?,What activities were you looking forward to doing with Mary?,1,1,1,1,0,2,1.0
SNstOn6owcI_79,Reading and singing. Anything else?,Reading and singing. Anything else?,-1,-1,-2,0,0,1,-0.5
SNstOn6owcI_81,Have you tried to go to the park?,Have you tried to go to the park?,-1,-1,-2,-1,-1,1,-0.8333333333333334
SNstOn6owcI_83,What led to you not going?,What led to you not going?,1,1,1,1,1,2,1.1666666666666667
SNstOn6owcI_85,"So sadness and negative thoughts are the obstacle. Let's schedule reading, singing, and the park.","So sadness and negative thoughts are the obstacle. Let's schedule reading, singing, and the park.",0,0,-2,0,0,2,0.0
SNstOn6owcI_87,How many times a day did you read with George?,How many times a day did you read with George?,1,1,1,1,0,2,1.0
SNstOn6owcI_89,"Let's set a goal of 20 minutes of reading a day, Monday through Friday.","Let's set a goal of 20 minutes of reading a day, Monday through Friday.",-1,-1,-2,-1,-1,1,-0.8333333333333334
SNstOn6owcI_91,What time of day would be realistic?,What time of day would be realistic?,1,1,1,1,0,2,1.0
SNstOn6owcI_93,Let's set 6:30 as the target. Can you push yourself to do that?,Let's set 6:30 as the target. Can you push yourself to do that?,0,0,-2,1,0,2,0.16666666666666666
SNstOn6owcI_95,Do you believe it would be good for Mary?,Do you believe it would be good for Mary?,-1,-1,-2,-1,-1,-1,-1.1666666666666667
SNstOn6owcI_97,"When you feel derailed, remember 'this is good for her'. What about singing?","When you feel derailed, remember 'this is good for her'. What about singing?",-1,-1,-2,0,0,2,-0.3333333333333333
SNstOn6owcI_99,When would be a good time for that?,When would be a good time for that?,-1,-1,-2,-1,-1,1,-0.8333333333333334
SNstOn6owcI_101,Shortly after reading. Do you think that would be good for her?,Shortly after reading. Do you think that would be good for her?,1,1,1,1,0,2,1.0
SNstOn6owcI_103,How many days a week would you like to sing?,How many days a week would you like to sing?,1,0,1,1,0,2,0.8333333333333334
SNstOn6owcI_105,Let's start with four times a week. And what about the park?,Let's start with four times a week. And what about the park?,1,0,1,1,0,2,0.8333333333333334
SNstOn6owcI_107,Let's go with once. What were you thinking when you sighed just now?,Let's go with once. What were you thinking when you sighed just now?,1,0,0,1,0,2,0.6666666666666666
SNstOn6owcI_109,Could family help you get out once a week?,Could family help you get out once a week?,-1,0,-2,1,0,2,0.0
SNstOn6owcI_111,Does that external motivation help?,Does that external motivation help?,1,1,-2,1,0,2,0.5
SNstOn6owcI_113,"Evaluating the evidence, you do seem to be as good a mom. There's just a disconnect with your thoughts.","Evaluating the evidence, you do seem to be as good a mom. There's just a disconnect with your thoughts.",1,1,1,1,1,2,1.1666666666666667
SNstOn6owcI_114,"So, we have reading five times a week, singing four times, and the park once. Does that seem realistic?","So, we have reading five times a week, singing four times, and the park once. Does that seem realistic?",1,1,1,1,0,2,1.0
SNstOn6owcI_116,"If you miss a day, accept it as an isolated incident. Don't let it predict the next day.","If you miss a day, accept it as an isolated incident. Don't let it predict the next day.",-1,-1,-2,-1,-1,1,-0.8333333333333334
SNstOn6owcI_117,Can you stick with those levels? We'll follow up next week.,Can you stick with those levels? We'll follow up next week.,0,0,-2,0,0,2,0.0
SNstOn6owcI_119,Thanks Sarah.,Thanks Sarah.,-1,-1,-2,-1,-1,-1,-1.1666666666666667
UkjjYbFBctk_1,"Hi Sherry, how you doing today?","Hi Sherry, how you doing today?",1,1,1,1,0,2,1.0
UkjjYbFBctk_3,"I'm doing well, thanks for asking. So you're doing great?","I'm doing well, thanks for asking. So you're doing great?",1,1,1,1,0,2,1.0
UkjjYbFBctk_5,I noticed today your brother brought you in and he had some concerns about how your mood has been.,I noticed today your brother brought you in and he had some concerns about how your mood has been.,1,1,1,1,0,2,1.0
UkjjYbFBctk_7,"All right, so you're feeling you're feeling pretty good?","All right, so you're feeling you're feeling pretty good?",1,0,0,1,0,2,0.6666666666666666
UkjjYbFBctk_9,And you have been for about a week?,And you have been for about a week?,1,1,1,1,0,2,1.0
UkjjYbFBctk_11,All right. Have you do you feel like um your sleep habits have changed?,All right. Have you do you feel like um your sleep habits have changed?,1,0,0,1,0,2,0.6666666666666666
UkjjYbFBctk_13,All right so you're sleeping less but you don't feel tired at all?,All right so you're sleeping less but you don't feel tired at all?,1,1,1,1,0,2,1.0
UkjjYbFBctk_15,You feel okay?,You feel okay?,1,0,1,1,0,2,0.8333333333333334
UkjjYbFBctk_17,Do you find yourself more easily distracted by anything? Things around you?,Do you find yourself more easily distracted by anything? Things around you?,1,1,1,1,0,2,1.0
UkjjYbFBctk_19,"No, nothing like that?","No, nothing like that?",1,1,1,1,0,2,1.0
UkjjYbFBctk_21,You mentioned you're getting a lot of things done at work. How about at home?,You mentioned you're getting a lot of things done at work. How about at home?,1,1,1,1,0,2,1.0
UkjjYbFBctk_23,"All right, so you're accomplishing you're accomplishing a lot. Now when your brother had brought you in, he had mentioned some shopping, and that's one of the things he was concerned about.","All right, so you're accomplishing you're accomplishing a lot. Now when your brother had brought you in, he had mentioned some shopping, and that's one of the things he was concerned about.",1,1,-2,1,0,2,0.5
UkjjYbFBctk_25,Do you remember how much you spent?,Do you remember how much you spent?,1,1,1,1,0,2,1.0
UkjjYbFBctk_27,Do you feel like you spent more than you usually would spend at a trip to the mall?,Do you feel like you spent more than you usually would spend at a trip to the mall?,1,1,1,1,0,2,1.0
UkjjYbFBctk_29,"All right. Have you ever had a time in the past when you felt this way, where you felt really good?","All right. Have you ever had a time in the past when you felt this way, where you felt really good?",1,0,1,1,0,2,0.8333333333333334
UkjjYbFBctk_31,"Life's fallen into place. So you're feeling pretty good, you feel like things are going your way?","Life's fallen into place. So you're feeling pretty good, you feel like things are going your way?",1,1,1,1,1,2,1.1666666666666667
UkjjYbFBctk_33,And you're getting a lot accomplished.,And you're getting a lot accomplished.,1,0,0,1,0,2,0.6666666666666666
UkjjYbFBctk_35,Any sadness or anything like that?,Any sadness or anything like that?,1,0,1,1,0,2,0.8333333333333334
UkjjYbFBctk_37,"No. Um, any change in appetite?","No. Um, any change in appetite?",1,0,1,1,0,2,0.8333333333333334
UkjjYbFBctk_39,And you seem to have good amount of energy. Any feelings of worthlessness?,And you seem to have good amount of energy. Any feelings of worthlessness?,1,1,1,1,0,2,1.0
UkjjYbFBctk_41,Nothing. Any thoughts of death or dying?,Nothing. Any thoughts of death or dying?,-1,-1,-2,1,0,1,-0.3333333333333333
UkjjYbFBctk_43,Drug and alcohol use?,Drug and alcohol use?,-1,-1,-2,0,0,1,-0.5
UkjjYbFBctk_45,How about medical conditions?,How about medical conditions?,-1,-1,-2,0,0,1,-0.5
UkjjYbFBctk_47,None. All right. Have you ever had a time in the past when you felt depressed?,None. All right. Have you ever had a time in the past when you felt depressed?,1,1,1,1,1,2,1.1666666666666667
UkjjYbFBctk_49,"It's a new you. So do you know what happened um with the depression in the past, like did you end up hospitalized or being treated in some other way?","It's a new you. So do you know what happened um with the depression in the past, like did you end up hospitalized or being treated in some other way?",1,0,-2,1,0,2,0.3333333333333333
UkjjYbFBctk_51,No.,No.,0,0,-2,0,0,2,0.0
UkjjYbFBctk_53,There was just no treatment?,There was just no treatment?,-1,0,-2,1,0,1,-0.16666666666666666
UkjjYbFBctk_55,All right. But you believe you were depressed?,All right. But you believe you were depressed?,1,1,1,1,0,2,1.0
UkjjYbFBctk_57,"Now or back then, did you see or hear things that other people couldn't see or hear?","Now or back then, did you see or hear things that other people couldn't see or hear?",1,0,0,1,0,2,0.6666666666666666
UkjjYbFBctk_59,Not now or back then?,Not now or back then?,1,1,1,1,1,2,1.1666666666666667
UkjjYbFBctk_61,"Okay. All right Sherry, uh answering these questions has been helpful to me. I appreciate it. I'm going to get you over to see a counselor in just a few moments.","Okay. All right Sherry, uh answering these questions has been helpful to me. I appreciate it. I'm going to get you over to see a counselor in just a few moments.",-1,-1,-2,0,0,1,-0.5
UkjjYbFBctk_63,All right. I know that you're feeling pretty good but I'd like them to talk to you for just a bit.,All right. I know that you're feeling pretty good but I'd like them to talk to you for just a bit.,0,0,-2,0,0,2,0.0
UkjjYbFBctk_65,Is that okay?,Is that okay?,-1,-1,-2,-1,-1,1,-0.8333333333333334
UkjjYbFBctk_67,"All right. Thanks, Sherry.","All right. Thanks, Sherry.",-1,-1,-2,-1,-1,1,-0.8333333333333334
UxCT6zVPk7A_1,"Hi Jason, how are you doing today?","Hi Jason, how are you doing today?",0,0,-2,0,0,2,0.0
UxCT6zVPk7A_3,You're good?,You're good?,0,0,0,1,0,2,0.5
UxCT6zVPk7A_5,You're here?,You're here?,-1,0,-2,0,0,1,-0.3333333333333333
UxCT6zVPk7A_7,What's been going on?,What's been going on?,0,0,-2,0,0,2,0.0
UxCT6zVPk7A_9,Do you know what you're charged with?,Do you know what you're charged with?,1,1,1,1,1,2,1.1666666666666667
UxCT6zVPk7A_11,The government? Do you have anyone specific?,The government? Do you have anyone specific?,1,0,1,1,0,2,0.8333333333333334
UxCT6zVPk7A_13,And how long have they been wanting to do this to you?,And how long have they been wanting to do this to you?,1,1,1,1,1,2,1.1666666666666667
UxCT6zVPk7A_15,Always there?,Always there?,-1,-1,-2,-1,0,1,-0.6666666666666666
UxCT6zVPk7A_17,You've been taking medications?,You've been taking medications?,0,0,-2,0,0,2,0.0
UxCT6zVPk7A_19,Do you know what they want to do with that information?,Do you know what they want to do with that information?,1,1,1,1,1,2,1.1666666666666667
UxCT6zVPk7A_21,So what can you do in this situation?,So what can you do in this situation?,-1,-1,-2,-1,-1,1,-0.8333333333333334
UxCT6zVPk7A_23,"Well, you say the government's monitoring everything and that they want to put you in jail if you don't take your medication. Do you have any options? Are you stuck?","Well, you say the government's monitoring everything and that they want to put you in jail if you don't take your medication. Do you have any options? Are you stuck?",1,0,0,1,0,2,0.6666666666666666
UxCT6zVPk7A_25,"Alright. So one option is that being home, being home you're safe.","Alright. So one option is that being home, being home you're safe.",-1,-1,-2,0,-1,1,-0.6666666666666666
UxCT6zVPk7A_27,Are you safe here?,Are you safe here?,-1,-1,-2,-1,-1,1,-0.8333333333333334
UxCT6zVPk7A_29,"Alright, so it's not safe here, it's not safe out in the world, but at home you're safe.","Alright, so it's not safe here, it's not safe out in the world, but at home you're safe.",-1,-1,-2,-1,-1,1,-0.8333333333333334
UxCT6zVPk7A_31,"So if you could have your way, you would just stay home most of the time, all the time?","So if you could have your way, you would just stay home most of the time, all the time?",-1,0,-2,1,0,2,0.0
UxCT6zVPk7A_33,So how do you know that they're in the lights? Like how did you discover that?,So how do you know that they're in the lights? Like how did you discover that?,1,1,1,1,0,2,1.0
UxCT6zVPk7A_35,Do you ever hear things that other people can't hear or see things other people can't see?,Do you ever hear things that other people can't hear or see things other people can't see?,0,0,0,1,0,2,0.5
UxCT6zVPk7A_37,Everybody can hear it. What's it sound like to you?,Everybody can hear it. What's it sound like to you?,1,0,1,1,0,2,0.8333333333333334
UxCT6zVPk7A_39,"Oh, I'm just making some notes. Just making some progress notes. Does it worry you?","Oh, I'm just making some notes. Just making some progress notes. Does it worry you?",1,1,1,1,0,2,1.0
UxCT6zVPk7A_41,"Oh, they get, well this chart will get locked in the chart room down the hall.","Oh, they get, well this chart will get locked in the chart room down the hall.",1,1,1,1,0,2,1.0
UxCT6zVPk7A_43,Mostly everybody that works here.,Mostly everybody that works here.,1,1,1,1,0,2,1.0
UxCT6zVPk7A_45,Does it worry you that there's notes?,Does it worry you that there's notes?,1,1,1,1,1,2,1.1666666666666667
UxCT6zVPk7A_47,I could not take notes. What kind of information in the notes are you worried that the government's going to get?,I could not take notes. What kind of information in the notes are you worried that the government's going to get?,1,1,1,1,0,2,1.0
UxCT6zVPk7A_49,So without the protection that your house offers they could control your mind?,So without the protection that your house offers they could control your mind?,1,1,1,1,1,2,1.1666666666666667
UxCT6zVPk7A_51,Alright. So can you tell me about your mood through all this? This sounds really stressful. You're describing an environment where the government's frequently looking at what you're doing. What are the feelings there? You feel sad or angry?,Alright. So can you tell me about your mood through all this? This sounds really stressful. You're describing an environment where the government's frequently looking at what you're doing. What are the feelings there? You feel sad or angry?,1,1,1,1,1,2,1.1666666666666667
UxCT6zVPk7A_53,Kind of resigned that the government's going to do this?,Kind of resigned that the government's going to do this?,1,1,1,1,0,2,1.0
UxCT6zVPk7A_55,Are you worried that something is going to happen similar to what happened on the bus?,Are you worried that something is going to happen similar to what happened on the bus?,-1,-1,-2,0,0,1,-0.5
UxCT6zVPk7A_57,And you'll avoid that in the future because it didn't really work. You weren't able to help them understand what's going on.,And you'll avoid that in the future because it didn't really work. You weren't able to help them understand what's going on.,-1,-1,-2,-1,-1,1,-0.8333333333333334
UxCT6zVPk7A_59,But they weren't open to that idea.,But they weren't open to that idea.,1,1,1,1,0,2,1.0
UxCT6zVPk7A_61,Quite the opposite.,Quite the opposite.,1,1,1,1,0,2,1.0
UxCT6zVPk7A_63,How are your family relationships? How's that going?,How are your family relationships? How's that going?,-1,0,-2,0,0,2,-0.16666666666666666
UxCT6zVPk7A_65,So you get along with her okay?,So you get along with her okay?,-1,0,-1,1,0,2,0.16666666666666666
UxCT6zVPk7A_67,"Anybody else you have contact with? Friends, family?","Anybody else you have contact with? Friends, family?",-1,-1,-2,0,0,1,-0.5
UxCT6zVPk7A_69,"Alright Jason, well I'm sorry to hear that you're under stress. I'm glad to hear you feel like your mood's okay, like you're not down or anxious or anything. This answering these questions for me this has been helpful and I'm going to recommend you continue to see a counselor here, if that's okay. I realize you're court ordered.","Alright Jason, well I'm sorry to hear that you're under stress. I'm glad to hear you feel like your mood's okay, like you're not down or anxious or anything. This answering these questions for me this has been helpful and I'm going to recommend you continue to see a counselor here, if that's okay. I realize you're court ordered.",0,0,-2,0,0,2,0.0
UxCT6zVPk7A_71,It could be me. Would that make you feel more comfortable?,It could be me. Would that make you feel more comfortable?,1,1,1,1,1,2,1.1666666666666667
UxCT6zVPk7A_73,"Well then I'll put it on the schedule and we'll set a time up front where I'll see you, let's say in three days. That works?","Well then I'll put it on the schedule and we'll set a time up front where I'll see you, let's say in three days. That works?",0,0,0,0,0,2,0.3333333333333333
UxCT6zVPk7A_75,And we'll go from there.,And we'll go from there.,-1,-1,-2,0,0,1,-0.5
UxCT6zVPk7A_77,Alright. Thanks Jason.,Alright. Thanks Jason.,0,0,-2,0,0,2,0.0
25jUW52zAvU_1,"So Tommy, I wanted to talk to you because I was on Facebook the other day and saw some pictures that are kind of concerning to me of you and some of your friends at a party. You're such a good kid, like I don't know what you're doing drinking, it's going to ruin your life.","So Tommy, I wanted to talk to you because I was on Facebook the other day and saw some pictures that are kind of concerning to me of you and some of your friends at a party. You're such a good kid, like I don't know what you're doing drinking, it's going to ruin your life.",-1,-1,-2,0,0,1,-0.5
25jUW52zAvU_3,"But Tommy, there's so many consequences with drinking. You're not even 21 yet. You could get arrested, you could have a drunk driving accident, you could mess up your schoolwork. You have such a bright future ahead of you, it just really, really concerns me.","But Tommy, there's so many consequences with drinking. You're not even 21 yet. You could get arrested, you could have a drunk driving accident, you could mess up your schoolwork. You have such a bright future ahead of you, it just really, really concerns me.",-1,1,-2,1,0,2,0.16666666666666666
25jUW52zAvU_5,"There's really no such thing as not drinking too much. I mean, anything that's drinking when you're underage is drinking too much. Think about all the things that can happen to you.","There's really no such thing as not drinking too much. I mean, anything that's drinking when you're underage is drinking too much. Think about all the things that can happen to you.",-1,-1,-2,0,-1,1,-0.6666666666666666
25jUW52zAvU_7,How much are you drinking?,How much are you drinking?,1,1,1,1,1,2,1.1666666666666667
25jUW52zAvU_9,Is it like every weekend?,Is it like every weekend?,1,1,1,1,0,2,1.0
25jUW52zAvU_11,"Tommy, I'm just so concerned. You know, can't you think of anything better to do?","Tommy, I'm just so concerned. You know, can't you think of anything better to do?",1,1,-2,1,1,2,0.6666666666666666
25jUW52zAvU_13,Are your friends the problem? Maybe you should just start hanging out with more kids in the youth group and not hang out with those kids you were partying with.,Are your friends the problem? Maybe you should just start hanging out with more kids in the youth group and not hang out with those kids you were partying with.,-1,-1,-2,-1,0,1,-0.6666666666666666
25jUW52zAvU_15,"Well there's a lot of things that seem fun in the moment that we know aren't a good choice, right? That's some of the things we talk about all the time is making good choices for our life and really doing what's best for you and I just... you know, I really think you should think about making a big change here.","Well there's a lot of things that seem fun in the moment that we know aren't a good choice, right? That's some of the things we talk about all the time is making good choices for our life and really doing what's best for you and I just... you know, I really think you should think about making a big change here.",1,1,1,1,1,2,1.1666666666666667
25jUW52zAvU_17,I think you really need to quit.,I think you really need to quit.,1,1,1,1,0,2,1.0
25jUW52zAvU_19,"I think you're wrong. You know, it really worries me. Anyway, I wish you would quit. If all you're going to do is cut down, that's better than nothing. You know, I appreciate you talking to me about this, but I'm going to keep talking to you about it. It's really important.","I think you're wrong. You know, it really worries me. Anyway, I wish you would quit. If all you're going to do is cut down, that's better than nothing. You know, I appreciate you talking to me about this, but I'm going to keep talking to you about it. It's really important.",1,1,1,1,0,2,1.0
25jUW52zAvU_21,Do you want to wait for that to happen? Do you want to wait for a dramatic experience?,Do you want to wait for that to happen? Do you want to wait for a dramatic experience?,1,1,-2,1,0,2,0.5
25jUW52zAvU_23,"Alright, well maybe it's something we can work on together and you know, I think we should come up with a plan that's going to work for you so that you can get control here and stop drinking.","Alright, well maybe it's something we can work on together and you know, I think we should come up with a plan that's going to work for you so that you can get control here and stop drinking.",-1,1,-2,1,0,2,0.16666666666666666
25jUW52zAvU_25,"Okay, sounds good.","Okay, sounds good.",0,0,0,0,0,2,0.3333333333333333
XH2tF8oB3cw_1,"Hi Hannah, nice to meet you.","Hi Hannah, nice to meet you.",-1,-1,-2,-1,-1,1,-0.8333333333333334
XH2tF8oB3cw_3,So I understand that you were referred to me by your GP because you've been experiencing some anxiety difficulties.,So I understand that you were referred to me by your GP because you've been experiencing some anxiety difficulties.,-1,0,-2,0,0,2,-0.16666666666666666
XH2tF8oB3cw_5,"Okay, is this the first time that you've left home?","Okay, is this the first time that you've left home?",1,1,1,1,1,2,1.1666666666666667
XH2tF8oB3cw_7,"Okay, so it's been quite a big step and a big change and, and it sounds like that's what led you to go to your GP. So how has that change things for you?","Okay, so it's been quite a big step and a big change and, and it sounds like that's what led you to go to your GP. So how has that change things for you?",1,1,0,1,0,2,0.8333333333333334
XH2tF8oB3cw_9,"Okay, so how do you feel about being here today?","Okay, so how do you feel about being here today?",1,1,1,1,0,2,1.0
XH2tF8oB3cw_11,"Okay, so you've been feeling a little bit anxious about today?","Okay, so you've been feeling a little bit anxious about today?",1,1,1,1,1,2,1.1666666666666667
XH2tF8oB3cw_13,"Okay, so I guess just going back to um why you went to the GP and how you've ended up kind of coming here today. So it sounds like you've been experiencing anxiety for quite a few years, but just recently you moved out of home for the first time and, and that was what kind of led you to go to the GP. So how did that change things? How were things after you moved out?","Okay, so I guess just going back to um why you went to the GP and how you've ended up kind of coming here today. So it sounds like you've been experiencing anxiety for quite a few years, but just recently you moved out of home for the first time and, and that was what kind of led you to go to the GP. So how did that change things? How were things after you moved out?",1,1,1,1,1,2,1.1666666666666667
XH2tF8oB3cw_15,"Okay, so what other kind of difficulties that you have been experiencing?","Okay, so what other kind of difficulties that you have been experiencing?",1,1,1,1,0,2,1.0
XH2tF8oB3cw_17,"Okay, so you said that your difficulties are getting in the way of you doing certain things. So they're stopping you from taking up kind of certain types of work and as a freelance photographer, I guess that can be kind of a problem. And they're also stopping you or you feel like it's stunting you socially. You're not kind of able to make new friends and get to meet new people.","Okay, so you said that your difficulties are getting in the way of you doing certain things. So they're stopping you from taking up kind of certain types of work and as a freelance photographer, I guess that can be kind of a problem. And they're also stopping you or you feel like it's stunting you socially. You're not kind of able to make new friends and get to meet new people.",1,1,1,2,1,2,1.3333333333333333
XH2tF8oB3cw_19,"So you're kind of worried about how, where this is going to lead to.","So you're kind of worried about how, where this is going to lead to.",1,1,1,1,1,2,1.1666666666666667
XH2tF8oB3cw_21,"Okay, so you said that you first noticed the anxiety kicking in about 5 or 6 years ago. So you would have been about 19?","Okay, so you said that you first noticed the anxiety kicking in about 5 or 6 years ago. So you would have been about 19?",1,1,1,1,0,2,1.0
XH2tF8oB3cw_23,What kind of work is the most difficult for you?,What kind of work is the most difficult for you?,1,1,1,1,0,2,1.0
XH2tF8oB3cw_25,"So I guess tell me a bit more about what happens then. So let's focus on maybe an invitation to do a job with you know, it's going to involve photography with a group of people and you're going to have to have social interaction. What kind of thoughts go through your head?","So I guess tell me a bit more about what happens then. So let's focus on maybe an invitation to do a job with you know, it's going to involve photography with a group of people and you're going to have to have social interaction. What kind of thoughts go through your head?",-1,-1,-2,0,0,1,-0.5
XH2tF8oB3cw_27,"Okay so it sounds like you have quite a lot of thoughts rushing through your head then at the point where you get that invitation and you think people look, people will stare, people will think I'm a weirdo. There's quite a lot about what you what you think other people will think. And how does that make you feel?","Okay so it sounds like you have quite a lot of thoughts rushing through your head then at the point where you get that invitation and you think people look, people will stare, people will think I'm a weirdo. There's quite a lot about what you what you think other people will think. And how does that make you feel?",1,1,1,1,1,2,1.1666666666666667
XH2tF8oB3cw_29,Okay. Can you give me an example of a recent situation? Maybe we can focus on that.,Okay. Can you give me an example of a recent situation? Maybe we can focus on that.,1,1,1,1,0,2,1.0
XH2tF8oB3cw_31,"Yeah, a time when you were maybe doing a job with some people and you felt the social anxiety you know that you're describing you felt that kick in.","Yeah, a time when you were maybe doing a job with some people and you felt the social anxiety you know that you're describing you felt that kick in.",1,1,1,1,1,2,1.1666666666666667
XH2tF8oB3cw_33,That sounds quite interesting. Was that a fashion shoot or something?,That sounds quite interesting. Was that a fashion shoot or something?,1,1,1,1,0,2,1.0
XH2tF8oB3cw_35,So it wasn't what you expected.,So it wasn't what you expected.,1,1,1,1,1,2,1.1666666666666667
XH2tF8oB3cw_37,So how long ago was that?,So how long ago was that?,1,0,0,1,0,2,0.6666666666666666
XH2tF8oB3cw_39,"Okay, so it was quite recent. So on that particular day, what were the thoughts that you had in your head when you were in that situation?","Okay, so it was quite recent. So on that particular day, what were the thoughts that you had in your head when you were in that situation?",1,1,1,1,0,2,1.0
XH2tF8oB3cw_41,I can tell you're getting kind of anxious even just thinking of about that day. Okay so you're describing quite a lot there to me. So you're saying that you you kind of got hot and sweaty. You said that you held the camera. What was do you mean you were kind of trying to hide behind it or what was that?,I can tell you're getting kind of anxious even just thinking of about that day. Okay so you're describing quite a lot there to me. So you're saying that you you kind of got hot and sweaty. You said that you held the camera. What was do you mean you were kind of trying to hide behind it or what was that?,1,1,1,1,1,2,1.1666666666666667
XH2tF8oB3cw_43,So you're holding the camera very tightly. And why was that why was that helpful?,So you're holding the camera very tightly. And why was that why was that helpful?,1,1,1,1,0,2,1.0
XH2tF8oB3cw_45,"Okay, so, okay, so it sounds like you had a lot of thoughts going through your head. You said that you're worried that everyone's looking at you. What other thoughts were there that were in your mind?","Okay, so, okay, so it sounds like you had a lot of thoughts going through your head. You said that you're worried that everyone's looking at you. What other thoughts were there that were in your mind?",-1,0,-2,1,0,2,0.0
XH2tF8oB3cw_47,That they could tell or like they could see that there was...,That they could tell or like they could see that there was...,1,1,1,1,1,2,1.1666666666666667
XH2tF8oB3cw_49,"So I mean, you've already described it to me a little bit, but if you think about how you looked that day, how how do you say how do you think you looked?","So I mean, you've already described it to me a little bit, but if you think about how you looked that day, how how do you say how do you think you looked?",1,1,1,1,0,2,1.0
XH2tF8oB3cw_51,"Okay, and what did you do about how did you try and conceal that or hide that?","Okay, and what did you do about how did you try and conceal that or hide that?",1,1,1,1,0,2,1.0
XH2tF8oB3cw_53,So you avoided looking at people and it sounds like you wore black as well in kind of preparation anyway.,So you avoided looking at people and it sounds like you wore black as well in kind of preparation anyway.,1,1,1,1,1,2,1.1666666666666667
XH2tF8oB3cw_55,Okay. And how did it end?,Okay. And how did it end?,1,0,1,1,0,2,0.8333333333333334
XH2tF8oB3cw_57,Okay.,Okay.,-1,0,-2,0,0,1,-0.3333333333333333
ZSDJymlMOxg_1,Hi Rebecca. How are you doing today? What's been going on?,Hi Rebecca. How are you doing today? What's been going on?,1,1,1,1,0,2,1.0
ZSDJymlMOxg_3,A car accident?,A car accident?,-1,-1,-2,0,0,1,-0.5
ZSDJymlMOxg_5,What happened?,What happened?,0,0,-2,0,0,2,0.0
ZSDJymlMOxg_7,Oh. You okay?,Oh. You okay?,-1,-1,-2,0,0,1,-0.5
ZSDJymlMOxg_9,So physically you're okay. Were you checked out by your physician?,So physically you're okay. Were you checked out by your physician?,-1,-1,-2,0,0,1,-0.5
ZSDJymlMOxg_11,All right. How about emotionally?,All right. How about emotionally?,1,0,-2,1,0,2,0.3333333333333333
ZSDJymlMOxg_13,What was the thought that came into your mind?,What was the thought that came into your mind?,1,0,0,1,0,2,0.6666666666666666
ZSDJymlMOxg_15,"So it was really all about the car, not anything else about the trip?","So it was really all about the car, not anything else about the trip?",1,1,1,1,0,2,1.0
ZSDJymlMOxg_17,And you felt you were going to get hurt?,And you felt you were going to get hurt?,1,1,1,1,0,2,1.0
ZSDJymlMOxg_20,Much more nervous than usual?,Much more nervous than usual?,1,1,1,1,0,2,1.0
ZSDJymlMOxg_22,How did you feel about driving cars prior to this accident?,How did you feel about driving cars prior to this accident?,-1,0,-2,0,0,2,-0.16666666666666666
ZSDJymlMOxg_24,So you're taking every opportunity to avoid driving.,So you're taking every opportunity to avoid driving.,-1,-1,-2,-1,-1,1,-0.8333333333333334
ZSDJymlMOxg_26,What do you tell yourself to motivate yourself to get into the car?,What do you tell yourself to motivate yourself to get into the car?,-1,-1,-2,-1,-1,1,-0.8333333333333334
ZSDJymlMOxg_28,"This is disturbing and painful for you. Prior to this accident, how many car accidents have you been in?","This is disturbing and painful for you. Prior to this accident, how many car accidents have you been in?",1,0,0,1,0,2,0.6666666666666666
ZSDJymlMOxg_30,The other one didn't bother you as much? Why do you think this one triggered this nervousness?,The other one didn't bother you as much? Why do you think this one triggered this nervousness?,-1,-1,-2,-1,-1,1,-0.8333333333333334
ZSDJymlMOxg_32,Did the driver that hit you tell you what happened?,Did the driver that hit you tell you what happened?,0,0,-2,1,0,2,0.16666666666666666
ZSDJymlMOxg_34,So you're worried about getting hit and hurt every time you get into the car now.,So you're worried about getting hit and hurt every time you get into the car now.,-1,-1,-2,-1,-1,1,-0.8333333333333334
ZSDJymlMOxg_36,"Driving always carries risk, but there are things you can do to minimize that risk.","Driving always carries risk, but there are things you can do to minimize that risk.",-1,-1,-2,-1,-1,1,-0.8333333333333334
ZSDJymlMOxg_38,What about driving habits you can use to stay safer?,What about driving habits you can use to stay safer?,-1,-1,-2,-1,-1,1,-0.8333333333333334
ZSDJymlMOxg_40,Following traffic laws and being aware of your environment can reduce the risk of an accident.,Following traffic laws and being aware of your environment can reduce the risk of an accident.,-1,-1,-2,-1,-1,1,-0.8333333333333334
ZSDJymlMOxg_41,"Ultimately, you need to be safe but recognize that you can't eliminate all risk.","Ultimately, you need to be safe but recognize that you can't eliminate all risk.",-1,0,-2,1,0,2,0.0
ZSDJymlMOxg_42,What are some adaptive responses you can tell yourself when those automatic thoughts come up?,What are some adaptive responses you can tell yourself when those automatic thoughts come up?,0,0,-2,1,0,2,0.16666666666666666
ZSDJymlMOxg_44,"It's hard when the thoughts are strong, but remember you've had many safe trips in your life.","It's hard when the thoughts are strong, but remember you've had many safe trips in your life.",-1,0,-2,0,0,2,-0.16666666666666666
ZSDJymlMOxg_45,"Statistically, accidents are low-probability events compared to all the times you've driven.","Statistically, accidents are low-probability events compared to all the times you've driven.",1,1,1,1,0,2,1.0
ZSDJymlMOxg_47,"You can reduce the risk by being careful, but you also have to accept that the risk exists.","You can reduce the risk by being careful, but you also have to accept that the risk exists.",1,0,1,1,0,2,0.8333333333333334
ZSDJymlMOxg_48,Do you feel like you can apply those adaptive responses when those automatic thoughts come in?,Do you feel like you can apply those adaptive responses when those automatic thoughts come in?,0,0,-2,1,0,2,0.16666666666666666
ZSDJymlMOxg_50,I'd like to give you some homework. We'll use a 'thought record' to track your automatic thoughts.,I'd like to give you some homework. We'll use a 'thought record' to track your automatic thoughts.,-1,-1,-2,0,0,1,-0.5
ZSDJymlMOxg_51,"Record the thoughts, the adaptive responses you apply, and how you feel afterward.","Record the thoughts, the adaptive responses you apply, and how you feel afterward.",-1,-1,-2,0,0,1,-0.5
ZSDJymlMOxg_52,We'll use this to measure your progress. Can you complete two thought records before our next session?,We'll use this to measure your progress. Can you complete two thought records before our next session?,-1,0,-2,0,0,1,-0.3333333333333333
ZSDJymlMOxg_54,"Great. Let's meet again in a week and review them. Thanks, Rebecca.","Great. Let's meet again in a week and review them. Thanks, Rebecca.",0,0,-2,0,0,2,0.0
_pkXuC7vsl0_1,"Hi Michelle, how are you doing today?","Hi Michelle, how are you doing today?",0,0,-2,0,0,2,0.0
_pkXuC7vsl0_3,Stressed?,Stressed?,1,1,1,1,1,2,1.1666666666666667
_pkXuC7vsl0_5,"Right, a job you've been interested in for a while and have been talking about.","Right, a job you've been interested in for a while and have been talking about.",1,1,1,1,0,2,1.0
_pkXuC7vsl0_7,So you know the material on this test pretty well?,So you know the material on this test pretty well?,1,0,-2,1,0,2,0.3333333333333333
_pkXuC7vsl0_9,But the feelings and physiological response got in the way of you completing it?,But the feelings and physiological response got in the way of you completing it?,1,0,-2,1,0,2,0.3333333333333333
_pkXuC7vsl0_11,All right. So you weren't feeling great about taking the test in the first place?,All right. So you weren't feeling great about taking the test in the first place?,1,1,1,1,0,2,1.0
_pkXuC7vsl0_13,But did you know that was coming? You had some anxiety in advance?,But did you know that was coming? You had some anxiety in advance?,1,1,1,1,0,2,1.0
_pkXuC7vsl0_15,What do you think is leading to this?,What do you think is leading to this?,-1,-1,-2,0,-1,1,-0.6666666666666666
_pkXuC7vsl0_17,"And since that bad experience in third grade, have you had trouble with tests since?","And since that bad experience in third grade, have you had trouble with tests since?",1,0,0,1,0,2,0.6666666666666666
_pkXuC7vsl0_19,"So you've been able to adapt and pass them, but you're never thrilled about it?","So you've been able to adapt and pass them, but you're never thrilled about it?",1,1,1,1,1,2,1.1666666666666667
_pkXuC7vsl0_21,"That's good. But with this work test, it's more of a stumbling block.","That's good. But with this work test, it's more of a stumbling block.",1,1,1,1,0,2,1.0
_pkXuC7vsl0_23,Any ideas what's making this test such a point of anxiety for you?,Any ideas what's making this test such a point of anxiety for you?,1,1,1,1,0,2,1.0
_pkXuC7vsl0_25,So it's really that same feeling from third grade coming up now?,So it's really that same feeling from third grade coming up now?,-1,-1,-2,1,0,1,-0.3333333333333333
_pkXuC7vsl0_27,And other tests in school didn't have that same value attached?,And other tests in school didn't have that same value attached?,1,0,0,1,0,2,0.6666666666666666
_pkXuC7vsl0_29,You could retake them or take another test to raise the grade?,You could retake them or take another test to raise the grade?,1,0,0,1,0,2,0.6666666666666666
_pkXuC7vsl0_30,So you maybe had more options and safety nets in school.,So you maybe had more options and safety nets in school.,-1,-1,-2,-1,-1,1,-0.8333333333333334
_pkXuC7vsl0_32,Right. It's the pressure of needing to get through this without those safety nets.,Right. It's the pressure of needing to get through this without those safety nets.,1,1,1,1,1,2,1.1666666666666667
_pkXuC7vsl0_34,"All right, that is a lot of pressure. Is there a time limit on this test?","All right, that is a lot of pressure. Is there a time limit on this test?",1,1,1,1,0,2,1.0
_pkXuC7vsl0_36,It's multiple choice and you're well prepared. Let's think about cognitive therapy and core beliefs.,It's multiple choice and you're well prepared. Let's think about cognitive therapy and core beliefs.,-1,-1,-2,0,0,1,-0.5
_pkXuC7vsl0_38,What core belief might be operating for you now?,What core belief might be operating for you now?,1,0,-2,1,0,2,0.3333333333333333
_pkXuC7vsl0_40,Something like 'I'm destined to be a failure'?,Something like 'I'm destined to be a failure'?,1,1,1,1,0,2,1.0
_pkXuC7vsl0_42,So that potentially is the core belief and automatic thought as you take the test.,So that potentially is the core belief and automatic thought as you take the test.,1,0,-2,1,0,2,0.3333333333333333
_pkXuC7vsl0_44,It sounds like a panic response. Are you alone in the room when you take it?,It sounds like a panic response. Are you alone in the room when you take it?,1,0,0,1,0,2,0.6666666666666666
_pkXuC7vsl0_46,So no one sees you have these panic-like symptoms. Have you had these before?,So no one sees you have these panic-like symptoms. Have you had these before?,1,1,1,1,0,2,1.0
_pkXuC7vsl0_48,What happens once you get worked up?,What happens once you get worked up?,1,0,1,1,0,2,0.8333333333333334
_pkXuC7vsl0_50,"One possible strategy is an adaptive response like 'I can ride this out.' Panic only lasts so long, and you have no time limit.","One possible strategy is an adaptive response like 'I can ride this out.' Panic only lasts so long, and you have no time limit.",-1,-1,-2,-1,-1,1,-0.8333333333333334
_pkXuC7vsl0_53,To get some minor victories and feel closer to your goal.,To get some minor victories and feel closer to your goal.,-1,-1,-2,-1,-1,1,-0.8333333333333334
_pkXuC7vsl0_55,Exactly. Correctly answering items will make you feel more calm.,Exactly. Correctly answering items will make you feel more calm.,-1,-1,-2,-1,-1,1,-0.8333333333333334
_pkXuC7vsl0_57,You can wait out the panic in the room alone. Tell yourself it's unpleasant but temporary.,You can wait out the panic in the room alone. Tell yourself it's unpleasant but temporary.,-1,0,-2,1,0,2,0.0
_pkXuC7vsl0_59,Exactly. Panic symptoms usually only last 10-15 minutes.,Exactly. Panic symptoms usually only last 10-15 minutes.,1,1,1,1,0,2,1.0
_pkXuC7vsl0_61,Yes. Focus on the easy items while telling yourself you can ride this out.,Yes. Focus on the easy items while telling yourself you can ride this out.,1,1,1,1,0,2,1.0
_pkXuC7vsl0_63,So that's worked for you?,So that's worked for you?,1,1,1,1,0,2,1.0
_pkXuC7vsl0_65,Another adaptive response is knowing you can retake the test in a year. It's not the end of your career.,Another adaptive response is knowing you can retake the test in a year. It's not the end of your career.,-1,0,-2,0,0,1,-0.3333333333333333
_pkXuC7vsl0_67,"Exactly. You'd just have another year to study. It's important, but not catastrophic.","Exactly. You'd just have another year to study. It's important, but not catastrophic.",-1,0,-2,0,0,2,-0.16666666666666666
_pkXuC7vsl0_69,That's another adaptive response is 'I've survived this before.',That's another adaptive response is 'I've survived this before.',1,1,1,1,1,2,1.1666666666666667
_pkXuC7vsl0_71,"Don't let this one event fashion your destiny. Fortunately, your employer is giving you a second chance.","Don't let this one event fashion your destiny. Fortunately, your employer is giving you a second chance.",-1,0,-2,0,0,1,-0.3333333333333333
_pkXuC7vsl0_72,You can ride out the symptoms and remember you've been successful before.,You can ride out the symptoms and remember you've been successful before.,1,0,-2,1,0,2,0.3333333333333333
_pkXuC7vsl0_74,When is the test?,When is the test?,0,0,-2,0,0,2,0.0
_pkXuC7vsl0_76,Let's schedule an appointment before that to review these strategies and focus on a positive outcome.,Let's schedule an appointment before that to review these strategies and focus on a positive outcome.,-1,-1,-2,-1,0,1,-0.6666666666666666
_pkXuC7vsl0_78,"I'll see you then, Michelle. I appreciate you coming in today.","I'll see you then, Michelle. I appreciate you coming in today.",-1,-1,-2,-1,-1,1,-0.8333333333333334
cTIDnMLr0gk_1,So thank you David for telling me your story. As you noticed that crisis got more intense and then it came back down. And one of the things I like to do is identify some of the warning signs or triggers of that crisis. And so I want to record this on your safety plan so that you know when to use the safety plan. So what were some of the warning signs that you had?,So thank you David for telling me your story. As you noticed that crisis got more intense and then it came back down. And one of the things I like to do is identify some of the warning signs or triggers of that crisis. And so I want to record this on your safety plan so that you know when to use the safety plan. So what were some of the warning signs that you had?,-1,-1,-2,-1,-1,1,-0.8333333333333334
cTIDnMLr0gk_3,"Yeah, that's a good summary. So let's list down specifically what they were. What do I put on the first line here?","Yeah, that's a good summary. So let's list down specifically what they were. What do I put on the first line here?",0,0,-2,0,0,2,0.0
cTIDnMLr0gk_5,Great. So you had those feelings. What else?,Great. So you had those feelings. What else?,1,1,1,1,1,2,1.1666666666666667
cTIDnMLr0gk_7,So I can't tell my parents. And what else?,So I can't tell my parents. And what else?,-1,-1,-2,0,-1,1,-0.6666666666666666
cTIDnMLr0gk_9,"Feeling like a failure. Okay. So whenever you have any of these warning signs, you'll know to look at your safety plan. That's a cue to you to use it. So the first thing I want to talk about is when you go to that dark place, you're feeling overwhelmed, anxious, ashamed, having these other thoughts and maybe feeling like giving up. That's when you use some strategies to help you get through the crisis or keep it from escalating. So I'd like you to think about some things, see if we can brainstorm some ways that you can identify some strategies that's going to take your mind off your problems, kind of get away from that crisis for even a little while. What have you done in the past that's helped you deal with a crisis like this?","Feeling like a failure. Okay. So whenever you have any of these warning signs, you'll know to look at your safety plan. That's a cue to you to use it. So the first thing I want to talk about is when you go to that dark place, you're feeling overwhelmed, anxious, ashamed, having these other thoughts and maybe feeling like giving up. That's when you use some strategies to help you get through the crisis or keep it from escalating. So I'd like you to think about some things, see if we can brainstorm some ways that you can identify some strategies that's going to take your mind off your problems, kind of get away from that crisis for even a little while. What have you done in the past that's helped you deal with a crisis like this?",1,0,-2,1,0,2,0.3333333333333333
cTIDnMLr0gk_11,Okay. So singing top 40. Sounds good. So what other strategies could you use to take your mind off your problems?,Okay. So singing top 40. Sounds good. So what other strategies could you use to take your mind off your problems?,1,1,1,1,0,2,1.0
cTIDnMLr0gk_13,"So cooking stir-fry. Sounds like a good strategy. And you have a kitchen that you can cook in? Yeah, okay. So what other strategies could you use to distract yourself from the crisis, you think?","So cooking stir-fry. Sounds like a good strategy. And you have a kitchen that you can cook in? Yeah, okay. So what other strategies could you use to distract yourself from the crisis, you think?",-1,-1,-2,-1,-1,-1,-1.1666666666666667
cTIDnMLr0gk_15,"And is that something that you could do at any point or is available? That sounds very good. So let's put down pottery. Now you have singing, cooking, and pottery. If none of those strategies are helpful for you getting outside yourself and feeling better, then go to the next step, which is to socialize with people or go to places where there are people who are actually very good distractors. So is there somebody in your life that you can go to who's available that you like to hang out with?","And is that something that you could do at any point or is available? That sounds very good. So let's put down pottery. Now you have singing, cooking, and pottery. If none of those strategies are helpful for you getting outside yourself and feeling better, then go to the next step, which is to socialize with people or go to places where there are people who are actually very good distractors. So is there somebody in your life that you can go to who's available that you like to hang out with?",1,1,-2,1,0,2,0.5
cTIDnMLr0gk_17,"Okay, let's put down Charlie. And I guess he lives with you, so you know how to get in touch with him and you have his phone number.","Okay, let's put down Charlie. And I guess he lives with you, so you know how to get in touch with him and you have his phone number.",-1,-1,-2,-1,-1,1,-0.8333333333333334
cTIDnMLr0gk_18,"So the next step on your safety plan is learning to make the environment safe. And I have to ask you this question, and I ask this of everybody I do safety plans with. Do you have access to a firearm?","So the next step on your safety plan is learning to make the environment safe. And I have to ask you this question, and I ask this of everybody I do safety plans with. Do you have access to a firearm?",-1,-1,-2,-1,-1,1,-0.8333333333333334
cTIDnMLr0gk_20,"No, okay, that's good to hear. I know you've taken medicine in the past and had an overdose several years ago, and I don't want anything like that to happen again. So I want to make sure the medication you're taking is secure, or that it's safe for you. What do you think we can do about that?","No, okay, that's good to hear. I know you've taken medicine in the past and had an overdose several years ago, and I don't want anything like that to happen again. So I want to make sure the medication you're taking is secure, or that it's safe for you. What do you think we can do about that?",-1,0,-2,0,0,1,-0.3333333333333333
cTIDnMLr0gk_22,"Okay, that sounds good. Somebody to dispense the medication. Who do you think could do that?","Okay, that sounds good. Somebody to dispense the medication. Who do you think could do that?",-1,-1,-2,0,0,1,-0.5
cTIDnMLr0gk_24,Does he know you're taking medication? Yeah. So I'll write down give the medication to Charlie. So the next step on the safety plan is coming up with reasons for living. This is important so that it gives you a sense of hope and meaning in your life and something to go to when you're feeling in crisis. So can we come up with some reasons for living?,Does he know you're taking medication? Yeah. So I'll write down give the medication to Charlie. So the next step on the safety plan is coming up with reasons for living. This is important so that it gives you a sense of hope and meaning in your life and something to go to when you're feeling in crisis. So can we come up with some reasons for living?,-1,-1,-2,0,0,1,-0.5
cTIDnMLr0gk_26,"Okay, anybody in particular that...","Okay, anybody in particular that...",1,1,1,1,0,2,1.0
cTIDnMLr0gk_28,"Okay, your sister. Anybody or anything else that gives you meaning in your life?","Okay, your sister. Anybody or anything else that gives you meaning in your life?",1,1,1,1,1,2,1.1666666666666667
cTIDnMLr0gk_30,"Vanessa. Okay, and how will you remember both your sister and Vanessa? How would you remind you of a reason for living?","Vanessa. Okay, and how will you remember both your sister and Vanessa? How would you remind you of a reason for living?",1,1,1,1,0,2,1.0
cTIDnMLr0gk_32,"So David, what other reasons do you have for living?","So David, what other reasons do you have for living?",1,0,-2,1,0,2,0.3333333333333333
cTIDnMLr0gk_34,Taking a trip to China. That sounds like fun. Other reasons for living?,Taking a trip to China. That sounds like fun. Other reasons for living?,1,1,1,1,0,2,1.0
cTIDnMLr0gk_36,I'll put singing and then I'll put joy.,I'll put singing and then I'll put joy.,-1,-1,-2,-1,-1,1,-0.8333333333333334
cwmf4PSMqLE_1,"Hi Sam, how are you doing today?","Hi Sam, how are you doing today?",0,0,-2,0,0,2,0.0
cwmf4PSMqLE_3,"I'm doing well, thanks for asking. So you're here at the agency today to seek counseling services?","I'm doing well, thanks for asking. So you're here at the agency today to seek counseling services?",-1,-1,-2,0,0,1,-0.5
cwmf4PSMqLE_5,Your boss sent you over? What reason do you think your boss had for doing that?,Your boss sent you over? What reason do you think your boss had for doing that?,1,1,1,1,0,2,1.0
cwmf4PSMqLE_7,She wanted you to come over and talk about your relationship with your coworkers?,She wanted you to come over and talk about your relationship with your coworkers?,1,1,0,1,0,2,0.8333333333333334
cwmf4PSMqLE_9,"Okay, and what do you mean by higher? Like your ideas are higher?","Okay, and what do you mean by higher? Like your ideas are higher?",1,1,1,1,0,2,1.0
cwmf4PSMqLE_11,"Okay, so they were unable to reach your level of expression for a project you're working on?","Okay, so they were unable to reach your level of expression for a project you're working on?",1,1,1,1,0,2,1.0
cwmf4PSMqLE_13,Do you think counseling will be helpful?,Do you think counseling will be helpful?,1,0,-2,1,0,2,0.3333333333333333
cwmf4PSMqLE_15,Again you say at their level. Are you meaning that they're below you with skills?,Again you say at their level. Are you meaning that they're below you with skills?,1,1,1,1,0,2,1.0
cwmf4PSMqLE_17,"Okay, so counseling can help you bridge that gap to be able to communicate more effectively?","Okay, so counseling can help you bridge that gap to be able to communicate more effectively?",-1,-1,-2,0,0,1,-0.5
cwmf4PSMqLE_19,"Alright, so tell me where you are currently in terms of how you perceive yourself?","Alright, so tell me where you are currently in terms of how you perceive yourself?",1,1,1,1,0,2,1.0
cwmf4PSMqLE_21,How do you plan on accomplishing that?,How do you plan on accomplishing that?,0,0,-2,0,0,2,0.0
cwmf4PSMqLE_23,So it sounds like you have a lot of strengths and maybe people are just getting jealous because you seem to succeed at so many things?,So it sounds like you have a lot of strengths and maybe people are just getting jealous because you seem to succeed at so many things?,1,1,1,1,1,2,1.1666666666666667
cwmf4PSMqLE_25,How would they describe you given this level difference that you're talking about? What would they say?,How would they describe you given this level difference that you're talking about? What would they say?,1,1,1,1,0,2,1.0
cwmf4PSMqLE_27,It would be easier?,It would be easier?,1,1,1,1,1,2,1.1666666666666667
cwmf4PSMqLE_29,Does it frustrate you that you're not called on for every task or recognized?,Does it frustrate you that you're not called on for every task or recognized?,1,1,1,1,0,2,1.0
cwmf4PSMqLE_31,So they can see your talent and recognize you most of the time?,So they can see your talent and recognize you most of the time?,1,1,1,1,1,2,1.1666666666666667
cwmf4PSMqLE_33,How long have you been with this particular employer?,How long have you been with this particular employer?,1,0,0,1,0,2,0.6666666666666666
cwmf4PSMqLE_35,Can you tell me about the job you had prior? What happened there?,Can you tell me about the job you had prior? What happened there?,0,0,-2,0,0,2,0.0
cwmf4PSMqLE_37,And you wanted to shoot higher and accomplish something greater?,And you wanted to shoot higher and accomplish something greater?,1,1,1,1,0,2,1.0
cwmf4PSMqLE_39,You really want to take it further?,You really want to take it further?,-1,-1,-2,-1,0,1,-0.6666666666666666
cwmf4PSMqLE_41,Can you tell me how the interaction went when you left your last job? Did you quit or did they encourage you to leave?,Can you tell me how the interaction went when you left your last job? Did you quit or did they encourage you to leave?,1,1,1,1,1,2,1.1666666666666667
cwmf4PSMqLE_43,What type of issues did they have?,What type of issues did they have?,1,1,1,1,0,2,1.0
cwmf4PSMqLE_45,So after you quit they pursued you to come work for them again?,So after you quit they pursued you to come work for them again?,1,1,1,1,0,2,1.0
cwmf4PSMqLE_47,So what did you tell them when they offered you the job back?,So what did you tell them when they offered you the job back?,1,1,1,1,0,2,1.0
cwmf4PSMqLE_49,Alright. So you feel as though you could benefit from the counseling here to better relate to people at different ability levels?,Alright. So you feel as though you could benefit from the counseling here to better relate to people at different ability levels?,1,0,-2,1,0,2,0.3333333333333333
cwmf4PSMqLE_51,"Is your boss putting any pressure on you, like is this mandatory?","Is your boss putting any pressure on you, like is this mandatory?",1,1,1,1,0,2,1.0
cwmf4PSMqLE_53,So she's trying to help you for another advancement. I'm gonna get you on the calendar to see a counselor later this week. Does that work for you?,So she's trying to help you for another advancement. I'm gonna get you on the calendar to see a counselor later this week. Does that work for you?,-1,-1,-2,0,0,1,-0.5
cwmf4PSMqLE_55,Okay. I really appreciate you taking the time with me. We'll get you set up for that and we'll go from there.,Okay. I really appreciate you taking the time with me. We'll get you set up for that and we'll go from there.,-1,-1,-2,-1,-1,1,-0.8333333333333334
cwmf4PSMqLE_57,Thank you.,Thank you.,0,0,0,0,0,2,0.3333333333333333
dNfM2ihfSSE_2,"So, today's the day.","So, today's the day.",-1,-1,-2,-1,-1,-1,-1.1666666666666667
dNfM2ihfSSE_4,"Let's slow it down so we can catch it. We agreed to look for Mr. Anxiety, and it looks like he's here. Does this feel like familiar territory to you?","Let's slow it down so we can catch it. We agreed to look for Mr. Anxiety, and it looks like he's here. Does this feel like familiar territory to you?",-1,-1,-2,0,0,1,-0.5
dNfM2ihfSSE_6,"It's big time and very familiar. How old would you say these urgent, racing thoughts are? One leads to another, saying this is going to happen, then that. Are you with me?","It's big time and very familiar. How old would you say these urgent, racing thoughts are? One leads to another, saying this is going to happen, then that. Are you with me?",1,1,-2,1,0,2,0.5
dNfM2ihfSSE_8,"How old is that specific process, even if the exact words are different?","How old is that specific process, even if the exact words are different?",1,1,1,1,0,2,1.0
dNfM2ihfSSE_10,So this has a long history. Is it fair to say you've been turning your life over to that process? We're working to create a space where something different can happen.,So this has a long history. Is it fair to say you've been turning your life over to that process? We're working to create a space where something different can happen.,-1,0,-2,1,0,2,0.0
dNfM2ihfSSE_12,"We're right at the point where the action happens. You aren't in the situation yet, but we're where the thoughts are being conceived. Can we slow down and just watch it? I want to do something odd to show how the mind works. I have a pen here that says something: 'woo.'","We're right at the point where the action happens. You aren't in the situation yet, but we're where the thoughts are being conceived. Can we slow down and just watch it? I want to do something odd to show how the mind works. I have a pen here that says something: 'woo.'",-1,-1,-2,0,-1,1,-0.6666666666666666
dNfM2ihfSSE_14,"If I ask you what this says next week, or next month, or even next year, what would you say?","If I ask you what this says next week, or next month, or even next year, what would you say?",0,0,-2,0,0,2,0.0
dNfM2ihfSSE_16,"Exactly. Letting that thought run your life is what brought you here. Notice how old this thought is and the cost it's produced. This pen says 'woo,' and your mind says if you go to the mall, you're going to...","Exactly. Letting that thought run your life is what brought you here. Notice how old this thought is and the cost it's produced. This pen says 'woo,' and your mind says if you go to the mall, you're going to...",-1,-1,-2,0,0,1,-0.5
dNfM2ihfSSE_18,Your mind is just doing what minds do. Is it really your enemy?,Your mind is just doing what minds do. Is it really your enemy?,1,1,1,1,1,2,1.1666666666666667
dNfM2ihfSSE_20,"As we prepare for this session, I want you to watch your mind as it constructs these scary futures. Notice them like you would carry something fragile. It's not your boss, just your mind doing its thing. Are you willing to try that?","As we prepare for this session, I want you to watch your mind as it constructs these scary futures. Notice them like you would carry something fragile. It's not your boss, just your mind doing its thing. Are you willing to try that?",-1,0,-2,0,0,2,-0.16666666666666666
dNfM2ihfSSE_22,"Good catch. Let's do the same thing with that thought too. That segment was ACT consistent, using techniques to create separation between the person and their mind. Now let's look at an inconsistent example.","Good catch. Let's do the same thing with that thought too. That segment was ACT consistent, using techniques to create separation between the person and their mind. Now let's look at an inconsistent example.",1,1,1,1,1,2,1.1666666666666667
dNfM2ihfSSE_23,"So, today is the day. Ready for Mr. Anxiety?","So, today is the day. Ready for Mr. Anxiety?",1,1,1,1,0,2,1.0
dNfM2ihfSSE_25,"It's not surprising you're thinking this since it's an old thought. But in all the years you've had these thoughts, have you ever actually lost it?","It's not surprising you're thinking this since it's an old thought. But in all the years you've had these thoughts, have you ever actually lost it?",1,1,1,1,0,2,1.0
dNfM2ihfSSE_27,"So it's just a thought, not a fact. Let's try something silly to look at it differently. Give me a cartoon character you like.","So it's just a thought, not a fact. Let's try something silly to look at it differently. Give me a cartoon character you like.",1,1,1,1,0,2,1.0
dNfM2ihfSSE_29,Imagine those scary thoughts in a Donald Duck voice. Mentally hear him saying it's going to be bad and terrible. Doesn't that make the thoughts seem ridiculous?,Imagine those scary thoughts in a Donald Duck voice. Mentally hear him saying it's going to be bad and terrible. Doesn't that make the thoughts seem ridiculous?,2,1,-2,1,1,2,0.8333333333333334
dNfM2ihfSSE_31,"Hang on to that when the anxiety hits to remember these things aren't necessarily true. That segment was inconsistent because it focused on ridiculing the thoughts to make them go away, rather than just noticing them. Now we'll see a student struggling with career choices.","Hang on to that when the anxiety hits to remember these things aren't necessarily true. That segment was inconsistent because it focused on ridiculing the thoughts to make them go away, rather than just noticing them. Now we'll see a student struggling with career choices.",-1,0,-2,0,0,2,-0.16666666666666666
dNfM2ihfSSE_32,What's inside this decision for you?,What's inside this decision for you?,1,1,1,1,1,2,1.1666666666666667
dNfM2ihfSSE_34,What are the two major alternatives you're weighing?,What are the two major alternatives you're weighing?,-1,0,-2,0,0,1,-0.3333333333333333
dNfM2ihfSSE_36,It seems like you think choosing one means losing the other. Is that really true? Maybe you just need to follow your heart and make a choice. Just do it.,It seems like you think choosing one means losing the other. Is that really true? Maybe you just need to follow your heart and make a choice. Just do it.,-1,0,-2,1,0,1,-0.16666666666666666
dNfM2ihfSSE_38,That was a 'normal' interaction but inconsistent with ACT because we focused on the content of the problem rather than the process. Now let's see a more consistent approach with the same client.,That was a 'normal' interaction but inconsistent with ACT because we focused on the content of the problem rather than the process. Now let's see a more consistent approach with the same client.,-1,-1,-2,1,0,1,-0.3333333333333333
dNfM2ihfSSE_39,"What's inside this choice? It feels like your thoughts are very close, almost blinding. Is that a familiar place for you?","What's inside this choice? It feels like your thoughts are very close, almost blinding. Is that a familiar place for you?",1,1,1,1,0,2,1.0
dNfM2ihfSSE_41,"Your mind is trying to help, but it's doing something very familiar. Let's notice what the mind is doing and what's showing up in your body. Every time you make a decision, your mind says you're leaving something behind, right?","Your mind is trying to help, but it's doing something very familiar. Let's notice what the mind is doing and what's showing up in your body. Every time you make a decision, your mind says you're leaving something behind, right?",1,1,1,1,1,2,1.1666666666666667
dNfM2ihfSSE_43,It is scary when you open some doors and close others. Can you open up to that scariness rather than trying to fix it? You're not doing anything wrong; it's just part of the process.,It is scary when you open some doors and close others. Can you open up to that scariness rather than trying to fix it? You're not doing anything wrong; it's just part of the process.,1,1,1,1,1,2,1.1666666666666667
dNfM2ihfSSE_45,"In this section, we caught the 'mindy' process that pulls people into obsessive problem-solving and created some separation to allow for a more flexible way to explore life's choices.","In this section, we caught the 'mindy' process that pulls people into obsessive problem-solving and created some separation to allow for a more flexible way to explore life's choices.",1,1,-2,1,1,2,0.6666666666666666
dbqFCbXxwb0_1,Hi Jackie. How you doing today?,Hi Jackie. How you doing today?,0,0,-2,0,0,2,0.0
dbqFCbXxwb0_3,You all right?,You all right?,-1,-1,-2,-1,-1,-1,-1.1666666666666667
dbqFCbXxwb0_5,Having a rough time? I understand there have been some difficulties lately that brought you into the agency. Tell me what's going on.,Having a rough time? I understand there have been some difficulties lately that brought you into the agency. Tell me what's going on.,0,0,-2,0,0,2,0.0
dbqFCbXxwb0_7,And what did you notice right away? So one of the boxers was knocked out and you saw that. What did you notice right away was happening?,And what did you notice right away? So one of the boxers was knocked out and you saw that. What did you notice right away was happening?,1,1,1,1,0,2,1.0
dbqFCbXxwb0_9,So you left and the symptoms continued?,So you left and the symptoms continued?,1,1,1,1,1,2,1.1666666666666667
dbqFCbXxwb0_11,What kind of problems?,What kind of problems?,1,0,0,1,0,2,0.6666666666666666
dbqFCbXxwb0_13,Do you find that you're having memories of the incident at the boxing match that are intrusive?,Do you find that you're having memories of the incident at the boxing match that are intrusive?,1,0,1,1,0,2,0.8333333333333334
dbqFCbXxwb0_15,And it's bothersome for you?,And it's bothersome for you?,-1,-1,-2,1,0,1,-0.3333333333333333
dbqFCbXxwb0_17,And you try but the memory stays there. Any dreams related to it?,And you try but the memory stays there. Any dreams related to it?,1,1,1,1,0,2,1.0
dbqFCbXxwb0_19,"Any times when you feel like you're reliving what you saw, like you're seeing it again?","Any times when you feel like you're reliving what you saw, like you're seeing it again?",1,1,1,1,0,2,1.0
dbqFCbXxwb0_21,Is anything reminding you of the boxing match that's causing you to have symptoms?,Is anything reminding you of the boxing match that's causing you to have symptoms?,1,0,0,1,0,2,0.6666666666666666
dbqFCbXxwb0_23,Do you find yourself working to avoid music that was similar?,Do you find yourself working to avoid music that was similar?,1,1,1,1,0,2,1.0
dbqFCbXxwb0_25,Do you find that you've had any trouble remembering what happened?,Do you find that you've had any trouble remembering what happened?,0,0,0,1,0,2,0.5
dbqFCbXxwb0_27,Have you been irritable at all since then?,Have you been irritable at all since then?,1,0,0,1,0,2,0.6666666666666666
dbqFCbXxwb0_29,How about your awareness level of what's around you? Do you find that your awareness level has increased?,How about your awareness level of what's around you? Do you find that your awareness level has increased?,1,0,-2,1,0,2,0.3333333333333333
dbqFCbXxwb0_31,So you feel like your reaction to that was stronger than it normally would have been?,So you feel like your reaction to that was stronger than it normally would have been?,1,1,1,1,0,2,1.0
dbqFCbXxwb0_33,Have you used drugs or alcohol recently? Any medical problems?,Have you used drugs or alcohol recently? Any medical problems?,-1,-1,-2,0,0,1,-0.5
dbqFCbXxwb0_35,I'm going to get you in to see a counselor here at the agency if that's something that you're okay with?,I'm going to get you in to see a counselor here at the agency if that's something that you're okay with?,-1,-1,-2,0,0,1,-0.5
dbqFCbXxwb0_37,I'll get that arranged on the schedule and get you in to see somebody.,I'll get that arranged on the schedule and get you in to see somebody.,-1,-1,-2,-1,-1,1,-0.8333333333333334
dbqFCbXxwb0_39,Thanks.,Thanks.,-1,-1,-2,-1,-1,1,-0.8333333333333334
iBp75KNuLb8_1,Well hello Susan.,Well hello Susan.,-1,-1,-2,-1,-1,1,-0.8333333333333334
iBp75KNuLb8_3,Good to see you today.,Good to see you today.,0,0,-2,0,0,2,0.0
iBp75KNuLb8_5,So tell me what brings you in?,So tell me what brings you in?,0,0,-2,0,0,2,0.0
iBp75KNuLb8_7,"Okay, so tell me what that looks like for you, anxiety in those situations.","Okay, so tell me what that looks like for you, anxiety in those situations.",-1,-1,-2,0,0,1,-0.5
iBp75KNuLb8_9,"So is it physical, or is it a lot of thoughts in your head?","So is it physical, or is it a lot of thoughts in your head?",1,1,1,1,1,2,1.1666666666666667
iBp75KNuLb8_11,And what are the thoughts going on in your head?,And what are the thoughts going on in your head?,-1,-1,-2,0,0,1,-0.5
iBp75KNuLb8_13,"And so with the test, have you found that to be a problem as far as not being able to complete the test or not doing well?","And so with the test, have you found that to be a problem as far as not being able to complete the test or not doing well?",1,1,1,1,1,2,1.1666666666666667
iBp75KNuLb8_15,So it sounds like we might need to find something that helps you in the moment.,So it sounds like we might need to find something that helps you in the moment.,0,0,-2,0,0,2,0.0
iBp75KNuLb8_17,"Okay, well would you like to learn a skill?","Okay, well would you like to learn a skill?",0,0,-2,0,0,2,0.0
iBp75KNuLb8_19,"Okay, well there is something called grounding. Have you heard of that?","Okay, well there is something called grounding. Have you heard of that?",1,1,1,1,1,2,1.1666666666666667
iBp75KNuLb8_21,"Being grounded is getting to a level place. For some people emotions get really intense, like your anxiety. Grounding tries to learn ways to bring that down to a calm place to deal with it.","Being grounded is getting to a level place. For some people emotions get really intense, like your anxiety. Grounding tries to learn ways to bring that down to a calm place to deal with it.",2,1,-2,1,1,2,0.8333333333333334
iBp75KNuLb8_23,"I'm going to introduce a grounding technique to you. It involves some deep breathing, closing your eyes, and getting into your senses. I have a script here to read to you. To begin, just relax and be as comfortable as you can. Rest your hands and just breathe. Try deep breathing where your chest rises and you breathe out. Now we're going to use the five senses. Close your eyes, listen to my voice, and notice all the sounds around you. Tell me what you hear.","I'm going to introduce a grounding technique to you. It involves some deep breathing, closing your eyes, and getting into your senses. I have a script here to read to you. To begin, just relax and be as comfortable as you can. Rest your hands and just breathe. Try deep breathing where your chest rises and you breathe out. Now we're going to use the five senses. Close your eyes, listen to my voice, and notice all the sounds around you. Tell me what you hear.",-1,-1,-2,-1,-1,1,-0.8333333333333334
iBp75KNuLb8_25,Do you think you noticed that sound before I mentioned it?,Do you think you noticed that sound before I mentioned it?,1,0,1,1,0,2,0.8333333333333334
iBp75KNuLb8_27,Let's move on to smell. Do you smell anything in the room?,Let's move on to smell. Do you smell anything in the room?,1,1,1,1,1,2,1.1666666666666667
iBp75KNuLb8_29,Okay. Open your eyes and let's talk about sight. List some things you can see in this room right now.,Okay. Open your eyes and let's talk about sight. List some things you can see in this room right now.,0,0,-2,0,0,2,0.0
iBp75KNuLb8_31,What about the colors of what you see?,What about the colors of what you see?,1,0,1,1,0,2,0.8333333333333334
iBp75KNuLb8_33,"And when you first came here, did you notice those?","And when you first came here, did you notice those?",1,1,1,1,0,2,1.0
iBp75KNuLb8_35,"Next is taste. In other situations you could eat a snack and savor the textures, but even without food you can taste the saliva in your mouth. Are there any tastes from this morning?","Next is taste. In other situations you could eat a snack and savor the textures, but even without food you can taste the saliva in your mouth. Are there any tastes from this morning?",1,0,1,1,0,2,0.8333333333333334
iBp75KNuLb8_37,"Finally, the sense of touch. Where your hands are right now, what are you feeling?","Finally, the sense of touch. Where your hands are right now, what are you feeling?",1,1,1,1,0,2,1.0
iBp75KNuLb8_39,Put your hands on the couch and describe how it feels.,Put your hands on the couch and describe how it feels.,-1,-1,-2,-1,0,1,-0.6666666666666666
iBp75KNuLb8_41,"Find something else, like your phone, and describe that.","Find something else, like your phone, and describe that.",1,1,-2,1,0,2,0.5
iBp75KNuLb8_43,What about the paper there?,What about the paper there?,0,0,-2,0,0,2,0.0
iBp75KNuLb8_45,"Now, for a moment, get comfortable again and close your eyes. Take a deep breath three times. With your eyes closed, come up with a statement you can say to yourself when you're feeling anxiety. Something like 'I'll be okay.' Say it out loud.","Now, for a moment, get comfortable again and close your eyes. Take a deep breath three times. With your eyes closed, come up with a statement you can say to yourself when you're feeling anxiety. Something like 'I'll be okay.' Say it out loud.",-1,0,-2,1,0,2,0.0
iBp75KNuLb8_47,Say your statement out loud.,Say your statement out loud.,1,1,1,1,1,2,1.1666666666666667
iBp75KNuLb8_49,Say it with confidence.,Say it with confidence.,-1,0,-2,1,0,2,0.0
iBp75KNuLb8_51,Open your eyes. We went through each sense as a distraction to focus your mind on details and help you calm down. It's important to breathe through it. How was that for you?,Open your eyes. We went through each sense as a distraction to focus your mind on details and help you calm down. It's important to breathe through it. How was that for you?,-1,-1,-2,-1,-1,-1,-1.1666666666666667
iBp75KNuLb8_53,Was there a certain sense you found most helpful?,Was there a certain sense you found most helpful?,1,1,1,1,0,2,1.0
iBp75KNuLb8_55,"Think about how we can use this when you're driving. You can't close your eyes, so what senses can you use?","Think about how we can use this when you're driving. You can't close your eyes, so what senses can you use?",-1,-1,-2,-1,-1,1,-0.8333333333333334
iBp75KNuLb8_57,"Also, the sound of the road and cars going by.","Also, the sound of the road and cars going by.",-1,-1,-2,-1,-1,1,-0.8333333333333334
iBp75KNuLb8_59,"With sight, focus on the car in front of you instead of being distracted by cars behind you.","With sight, focus on the car in front of you instead of being distracted by cars behind you.",-1,-1,-2,-1,-1,1,-0.8333333333333334
iBp75KNuLb8_61,What about when you're taking a test? What senses can we tap into there?,What about when you're taking a test? What senses can we tap into there?,1,0,-2,1,0,2,0.3333333333333333
iBp75KNuLb8_63,"Try to tap into hearing. Don't think about the function of typing, just the feel of the keyboard to be aware that it's there.","Try to tap into hearing. Don't think about the function of typing, just the feel of the keyboard to be aware that it's there.",1,1,1,1,1,2,1.1666666666666667
iBp75KNuLb8_65,"Next time you feel anxiety, try this. You can even take a five-minute break and dedicate one minute to each sense. Do it before you start a drive or a test. Remember your statement, 'I can do this.'","Next time you feel anxiety, try this. You can even take a five-minute break and dedicate one minute to each sense. Do it before you start a drive or a test. Remember your statement, 'I can do this.'",-1,0,-2,0,0,1,-0.3333333333333333
iBp75KNuLb8_67,When is the next time you could do this?,When is the next time you could do this?,0,0,-2,0,0,2,0.0
iBp75KNuLb8_69,"How about before you even leave, while you're sitting in your car?","How about before you even leave, while you're sitting in your car?",-1,-1,-2,-1,-1,1,-0.8333333333333334
iBp75KNuLb8_71,"That sounds like a good plan. We'll talk next week and see how it goes. Different situations might not need all the senses, so just focus on what calms you down.","That sounds like a good plan. We'll talk next week and see how it goes. Different situations might not need all the senses, so just focus on what calms you down.",-1,-1,-2,-1,-1,-1,-1.1666666666666667
iBp75KNuLb8_73,Thank you for coming in today.,Thank you for coming in today.,-1,-1,-2,-1,-1,1,-0.8333333333333334
jKIFMKsPMas_1,So I'd like to talk about being cognitively active. So you're retired now. What did you used to do?,So I'd like to talk about being cognitively active. So you're retired now. What did you used to do?,0,0,-2,0,0,2,0.0
jKIFMKsPMas_3,Okay. And presumably that kept you very busy?,Okay. And presumably that kept you very busy?,1,1,1,1,1,2,1.1666666666666667
jKIFMKsPMas_5,Several jobs.,Several jobs.,1,1,1,1,0,2,1.0
jKIFMKsPMas_7,"Wow. And do you do any, now that you're retired, do you do any voluntary work or anything else?","Wow. And do you do any, now that you're retired, do you do any voluntary work or anything else?",1,1,1,1,0,2,1.0
jKIFMKsPMas_9,Signed you up?,Signed you up?,0,0,-2,0,0,2,0.0
jKIFMKsPMas_11,Would you say that keeping busy is important to you?,Would you say that keeping busy is important to you?,1,1,1,1,0,2,1.0
jKIFMKsPMas_13,Yeah. And have you always been like that?,Yeah. And have you always been like that?,1,1,1,1,1,2,1.1666666666666667
jKIFMKsPMas_15,Do you have a lot of social support?,Do you have a lot of social support?,-1,-1,-2,0,0,1,-0.5
jKIFMKsPMas_17,"Yeah, international friends.","Yeah, international friends.",1,1,1,1,0,2,1.0
jKIFMKsPMas_19,And I believe that you are an Airbnb host?,And I believe that you are an Airbnb host?,1,0,1,1,0,2,0.8333333333333334
jKIFMKsPMas_21,Any invitations to visit?,Any invitations to visit?,1,0,0,1,0,2,0.6666666666666666
jKIFMKsPMas_23,Wow. And you said you've got grandchildren and great-grandchildren.,Wow. And you said you've got grandchildren and great-grandchildren.,-1,-1,-2,1,0,1,-0.3333333333333333
jKIFMKsPMas_25,Do you think that intergenerational contact is important?,Do you think that intergenerational contact is important?,1,1,-2,1,0,2,0.5
jKIFMKsPMas_27,Why?,Why?,1,0,0,1,0,2,0.6666666666666666
jKIFMKsPMas_29,"And do you think that it also benefits them to spend time with people of different generations, different ages?","And do you think that it also benefits them to spend time with people of different generations, different ages?",1,1,1,1,1,2,1.1666666666666667
jKIFMKsPMas_31,Good for you.,Good for you.,1,1,0,1,0,2,0.8333333333333334
jKIFMKsPMas_33,Good philosophy.,Good philosophy.,0,0,-2,0,0,2,0.0
jKIFMKsPMas_35,What's your view on nutrition and kind of having a so-called healthy diet?,What's your view on nutrition and kind of having a so-called healthy diet?,1,1,1,1,0,2,1.0
jKIFMKsPMas_37,"I like that philosophy. How do you minimize the effects of stress? Do you have any techniques or if something stressful happens, is there anything particular that you do?","I like that philosophy. How do you minimize the effects of stress? Do you have any techniques or if something stressful happens, is there anything particular that you do?",-1,0,-2,0,0,2,-0.16666666666666666
jKIFMKsPMas_40,"I think you're in your 70s now. Do you enjoy being in your 70s? What was your favorite period in life, if there's an answer to that?","I think you're in your 70s now. Do you enjoy being in your 70s? What was your favorite period in life, if there's an answer to that?",1,1,1,1,0,2,1.0
jKIFMKsPMas_42,"Right. So do you think it makes a difference, kind of moving on from those responsibility kind of times of life, so when you are looking after your children, is that what you mean by you feel a sense of relief later?","Right. So do you think it makes a difference, kind of moving on from those responsibility kind of times of life, so when you are looking after your children, is that what you mean by you feel a sense of relief later?",2,1,-2,1,1,2,0.8333333333333334
jKIFMKsPMas_44,Suppress.,Suppress.,-1,0,-2,-1,0,1,-0.5
jKIFMKsPMas_46,I think it was either earlier this year or last year you did something quite big for a stranger.,I think it was either earlier this year or last year you did something quite big for a stranger.,1,1,1,1,1,2,1.1666666666666667
jKIFMKsPMas_48,In February this year? You donated a kidney to a stranger.,In February this year? You donated a kidney to a stranger.,0,0,-2,0,0,2,0.0
jKIFMKsPMas_50,Wow. How did you decide to do that or find out about that and then decide to?,Wow. How did you decide to do that or find out about that and then decide to?,1,1,1,1,0,2,1.0
jKIFMKsPMas_52,And going through the transplant operation is quite a big thing to go through.,And going through the transplant operation is quite a big thing to go through.,-1,-1,-2,0,0,1,-0.5
jKIFMKsPMas_55,I think I've asked most things on my list that I wanted to talk about. Is there anything that you think that I've missed that is worth covering in terms of the theme of living well for longer?,I think I've asked most things on my list that I wanted to talk about. Is there anything that you think that I've missed that is worth covering in terms of the theme of living well for longer?,1,0,1,1,0,2,0.8333333333333334
jKIFMKsPMas_57,"Oh, is that the plan? To raise money for Alzheimer's? Tandem jump out of a plane.","Oh, is that the plan? To raise money for Alzheimer's? Tandem jump out of a plane.",-1,-1,-2,-1,-1,1,-0.8333333333333334
jKIFMKsPMas_59,Is there any advice that you would give to yourself aged 20 or any of our students?,Is there any advice that you would give to yourself aged 20 or any of our students?,1,0,-2,0,0,2,0.16666666666666666
jKIFMKsPMas_61,Thank you.,Thank you.,0,0,0,0,0,2,0.3333333333333333
jlXmVqhaMds_1,"Emma, how you doing today?","Emma, how you doing today?",0,0,-2,0,0,2,0.0
jlXmVqhaMds_3,Doing good? What's been going on?,Doing good? What's been going on?,0,0,-2,0,0,2,0.0
jlXmVqhaMds_5,All right. Yeah. Tell me about that.,All right. Yeah. Tell me about that.,0,0,0,0,0,2,0.3333333333333333
jlXmVqhaMds_7,"All right. So when you go into a store, if you just have one thing you want to buy, one item you went there for, you'll buy a second item or even more? Or just second?","All right. So when you go into a store, if you just have one thing you want to buy, one item you went there for, you'll buy a second item or even more? Or just second?",1,1,1,1,0,2,1.0
jlXmVqhaMds_9,"All right. So you have to leave having purchased a minimum of two. Or if you can't find something else, you won't buy it at all. So zero would also be acceptable.","All right. So you have to leave having purchased a minimum of two. Or if you can't find something else, you won't buy it at all. So zero would also be acceptable.",1,1,1,1,0,2,1.0
jlXmVqhaMds_11,Can't do one. Okay.,Can't do one. Okay.,0,0,0,0,0,2,0.3333333333333333
jlXmVqhaMds_13,"And what happens, has there ever been an occasion where you've only purchased one thing?","And what happens, has there ever been an occasion where you've only purchased one thing?",1,1,1,1,1,2,1.1666666666666667
jlXmVqhaMds_15,"So, and how long has this been going on?","So, and how long has this been going on?",1,0,1,1,0,2,0.8333333333333334
jlXmVqhaMds_17,"Long time. Okay. So for all this period of time, you have successfully either purchased nothing or two or more items.","Long time. Okay. So for all this period of time, you have successfully either purchased nothing or two or more items.",1,0,1,1,0,2,0.8333333333333334
jlXmVqhaMds_19,How anxiety-producing?,How anxiety-producing?,1,0,-2,1,0,2,0.3333333333333333
jlXmVqhaMds_21,"Do you know what would happen? Like, do you have a specific...","Do you know what would happen? Like, do you have a specific...",1,1,1,1,0,2,1.0
jlXmVqhaMds_23,"Okay, so something really, really bad would happen. So this is hurtful for you. This is causing you pain. And this would happen, this would really happen on any shopping trip where you just want one thing. You'd be reminded. So if you went in wanting more than one thing, it's not a problem, right?","Okay, so something really, really bad would happen. So this is hurtful for you. This is causing you pain. And this would happen, this would really happen on any shopping trip where you just want one thing. You'd be reminded. So if you went in wanting more than one thing, it's not a problem, right?",1,1,1,1,0,2,1.0
jlXmVqhaMds_25,All right. So how often does this happen where you are in a situation where you want to make a purchase of just one item and you have to change because of the anxiety?,All right. So how often does this happen where you are in a situation where you want to make a purchase of just one item and you have to change because of the anxiety?,1,1,1,1,1,2,1.1666666666666667
jlXmVqhaMds_27,How about like filling up your car at gasoline?,How about like filling up your car at gasoline?,-1,-1,-2,-1,-1,1,-0.8333333333333334
jlXmVqhaMds_29,"So it has an effect at that level too. So you're thinking of it almost like the number of transactions has to be more than one? I mean, has to be two or zero?","So it has an effect at that level too. So you're thinking of it almost like the number of transactions has to be more than one? I mean, has to be two or zero?",1,1,1,1,0,2,1.0
jlXmVqhaMds_31,That's one transaction.,That's one transaction.,-1,-1,-2,0,0,1,-0.5
jlXmVqhaMds_33,"Okay, so that's one product. And you need another product. So you really can't fuel your car without going inside the station store. Okay. So it doesn't matter that there's more than one gallon going in? Just because it's the same product.","Okay, so that's one product. And you need another product. So you really can't fuel your car without going inside the station store. Okay. So it doesn't matter that there's more than one gallon going in? Just because it's the same product.",1,1,1,1,1,2,1.1666666666666667
jlXmVqhaMds_35,"So I could see now this, this would be more of a daily thing like you said, right? Because it applies to all transactions. So this is a fairly significant source of anxiety for you.","So I could see now this, this would be more of a daily thing like you said, right? Because it applies to all transactions. So this is a fairly significant source of anxiety for you.",-1,0,-2,1,0,2,0.0
jlXmVqhaMds_37,So let's talk about that and help me to understand this better. So let's say that you went to a convenience store and you just had one thing in mind. What might be a potential item that you would buy?,So let's talk about that and help me to understand this better. So let's say that you went to a convenience store and you just had one thing in mind. What might be a potential item that you would buy?,1,1,1,1,0,2,1.0
jlXmVqhaMds_39,"Gum. All right. So you want to go in and you just want to buy a pack of gum. That's all you really want. That's why you stop at the store. So you go in. Do you have any thoughts, we've talked in the past about automatic thoughts? These thoughts that just kind of come in. So are there any thoughts that are happening when you're walking into the store?","Gum. All right. So you want to go in and you just want to buy a pack of gum. That's all you really want. That's why you stop at the store. So you go in. Do you have any thoughts, we've talked in the past about automatic thoughts? These thoughts that just kind of come in. So are there any thoughts that are happening when you're walking into the store?",-1,-1,-2,-1,-1,1,-0.8333333333333334
jlXmVqhaMds_41,"All right. So the thought is, 'What else can I get?' That's one of the first thoughts.","All right. So the thought is, 'What else can I get?' That's one of the first thoughts.",0,0,-2,0,0,2,0.0
jlXmVqhaMds_43,It has to be two. That's another thought. So that thought's a little more demanding. So it has to be...,It has to be two. That's another thought. So that thought's a little more demanding. So it has to be...,1,0,-2,1,0,2,0.3333333333333333
jlXmVqhaMds_45,And then you said jumps right to the anxiety. So is the anxiety relieved if you can decide on a second item and you select it?,And then you said jumps right to the anxiety. So is the anxiety relieved if you can decide on a second item and you select it?,1,0,0,1,0,2,0.6666666666666666
jlXmVqhaMds_47,Okay. So it's relieved gradually. But it is relieved. And when's it completely gone?,Okay. So it's relieved gradually. But it is relieved. And when's it completely gone?,1,1,1,1,0,2,1.0
jlXmVqhaMds_49,"All right. So really the worst anxiety would be approaching the store, entering and that moment of uncertainty when you don't know the second thing that you're going to buy. All right. So that's really the target area.","All right. So really the worst anxiety would be approaching the store, entering and that moment of uncertainty when you don't know the second thing that you're going to buy. All right. So that's really the target area.",1,1,1,1,0,2,1.0
jlXmVqhaMds_51,"Okay. So if you could relieve that anxiety, that would be one of your goals. All right. So let's think about it this way. Do you know the reason that you do this? Do you have any guesses?","Okay. So if you could relieve that anxiety, that would be one of your goals. All right. So let's think about it this way. Do you know the reason that you do this? Do you have any guesses?",-1,-1,-2,1,0,1,-0.3333333333333333
jlXmVqhaMds_53,"All right. So you've been through some really tough times, to put it mildly. And what you're afraid of if you only buy the one item is something safety related happening.","All right. So you've been through some really tough times, to put it mildly. And what you're afraid of if you only buy the one item is something safety related happening.",1,0,0,1,0,2,0.6666666666666666
jlXmVqhaMds_56,"So safety and security, they're at risk for you when you don't follow this rule. So if we think about it in terms of the cognitive model, we talk about the core beliefs and the intermediate beliefs. So the core belief here, do you have any thoughts on what it might be?","So safety and security, they're at risk for you when you don't follow this rule. So if we think about it in terms of the cognitive model, we talk about the core beliefs and the intermediate beliefs. So the core belief here, do you have any thoughts on what it might be?",-1,-1,-2,1,0,1,-0.3333333333333333
jlXmVqhaMds_58,"I'm not okay, I'm not safe, I am vulnerable. Exposed to danger, so you're at risk.","I'm not okay, I'm not safe, I am vulnerable. Exposed to danger, so you're at risk.",-1,-1,-2,-1,-1,1,-0.8333333333333334
jlXmVqhaMds_60,"All right. So with that core belief, we move down to kind of like the assumptions, in this case the rule. All right. So the rule is, 'I can stay safe if I transact involving only two or more products.' All right. So that's your rule.","All right. So with that core belief, we move down to kind of like the assumptions, in this case the rule. All right. So the rule is, 'I can stay safe if I transact involving only two or more products.' All right. So that's your rule.",-1,0,-2,1,0,2,0.0
jlXmVqhaMds_62,"And then when a situation presents itself, which would be an impending transaction, when they come together, what's that automatic thought?","And then when a situation presents itself, which would be an impending transaction, when they come together, what's that automatic thought?",-1,0,-2,0,0,2,-0.16666666666666666
jlXmVqhaMds_64,"So that's your automatic thought. And then what's the behavior that's a product of that automatic thought? You buy the second item. And the feeling, what's the feeling that follows that, that follows that purchase of two?","So that's your automatic thought. And then what's the behavior that's a product of that automatic thought? You buy the second item. And the feeling, what's the feeling that follows that, that follows that purchase of two?",1,1,1,1,1,2,1.1666666666666667
jlXmVqhaMds_66,"Relief. All right. Yeah. So can you see how the mechanism, what's happening to you could be explained through the cognitive model?","Relief. All right. Yeah. So can you see how the mechanism, what's happening to you could be explained through the cognitive model?",1,1,1,1,0,2,1.0
jlXmVqhaMds_68,"All right. So let's talk about the rule of two. Do you think that sitting here now, do you see a causal connection between purchasing two items and a safety or security breach or something bad happening?","All right. So let's talk about the rule of two. Do you think that sitting here now, do you see a causal connection between purchasing two items and a safety or security breach or something bad happening?",1,0,0,1,0,2,0.6666666666666666
jlXmVqhaMds_70,"It's not a useful thought, maybe not a useful intermediate belief. So you recognize that, you appreciate that there's not a link between the purchasing behavior and safety in either direction, though, right? Meaning you realize that if you buy two, that doesn't necessarily keep you safe either. So you can't introduce safety or risk of being unsafe through your transacting behavior.","It's not a useful thought, maybe not a useful intermediate belief. So you recognize that, you appreciate that there's not a link between the purchasing behavior and safety in either direction, though, right? Meaning you realize that if you buy two, that doesn't necessarily keep you safe either. So you can't introduce safety or risk of being unsafe through your transacting behavior.",-1,1,-2,1,0,2,0.16666666666666666
jlXmVqhaMds_72,Does that make sense?,Does that make sense?,1,1,1,1,0,2,1.0
jlXmVqhaMds_74,"Right. Safety or risk, they're not influenced by your behavior. But that's not what your mind is telling you. Right. That's not what your thoughts are telling you. Right. That's logical and you can sit here with me and you can say, 'Yeah, I don't see a link.'","Right. Safety or risk, they're not influenced by your behavior. But that's not what your mind is telling you. Right. That's not what your thoughts are telling you. Right. That's logical and you can sit here with me and you can say, 'Yeah, I don't see a link.'",-1,-1,-2,0,-1,1,-0.6666666666666666
jlXmVqhaMds_76,"So let's talk about that moment. So in this moment, maybe a little anxious now, but you can kind of see how you can't protect yourself or cause harm to yourself or anyone else by buying two or failing to buy two. In the store or wherever you're making the transaction, different story. So let's go a different direction. I want you to kind of stay with me as I go through another scenario. Let's say that you forgot your credit card or cash or whatever, and you only have enough money for the gum and you want the gum. It's really important to you. So it's not something you want to turn into a zero.","So let's talk about that moment. So in this moment, maybe a little anxious now, but you can kind of see how you can't protect yourself or cause harm to yourself or anyone else by buying two or failing to buy two. In the store or wherever you're making the transaction, different story. So let's go a different direction. I want you to kind of stay with me as I go through another scenario. Let's say that you forgot your credit card or cash or whatever, and you only have enough money for the gum and you want the gum. It's really important to you. So it's not something you want to turn into a zero.",1,1,1,1,1,2,1.1666666666666667
jlXmVqhaMds_78,"Okay. So you go into the store, you realize you only have enough resources to make the one transaction. So now walk me through the thoughts and the feelings.","Okay. So you go into the store, you realize you only have enough resources to make the one transaction. So now walk me through the thoughts and the feelings.",1,0,-2,1,0,2,0.3333333333333333
jlXmVqhaMds_80,"No, what do you think would happen?","No, what do you think would happen?",1,1,1,1,1,2,1.1666666666666667
jlXmVqhaMds_82,Could you do it?,Could you do it?,1,0,1,1,0,2,0.8333333333333334
jlXmVqhaMds_84,"Okay. And that is one level of being able, but how about in terms of your thinking and your feeling?","Okay. And that is one level of being able, but how about in terms of your thinking and your feeling?",-1,0,-2,1,0,2,0.0
jlXmVqhaMds_86,And what would happen? How much anxiety would you experience and would the anxiety fade off?,And what would happen? How much anxiety would you experience and would the anxiety fade off?,1,1,1,1,0,2,1.0
jlXmVqhaMds_88,Tell me what you're feeling right now.,Tell me what you're feeling right now.,1,1,1,1,1,2,1.1666666666666667
jlXmVqhaMds_90,"Are you worried, is it the kind of anxiety where you're worried that something catastrophic's going to happen?","Are you worried, is it the kind of anxiety where you're worried that something catastrophic's going to happen?",1,1,1,1,0,2,1.0
jlXmVqhaMds_92,Okay. So even talking about a transaction of one can lead to anxiety connected to this safety and security thing. So you can trigger that without a transaction even pending.,Okay. So even talking about a transaction of one can lead to anxiety connected to this safety and security thing. So you can trigger that without a transaction even pending.,1,1,1,1,1,2,1.1666666666666667
jlXmVqhaMds_94,"So it's really scary for you. Is it bearable, the anxiety you have now, is it bearable?","So it's really scary for you. Is it bearable, the anxiety you have now, is it bearable?",1,1,0,1,0,2,0.8333333333333334
jlXmVqhaMds_96,Yeah. It doesn't feel good. What do you feel is going to happen? What's the anxiety about?,Yeah. It doesn't feel good. What do you feel is going to happen? What's the anxiety about?,1,0,1,1,0,2,0.8333333333333334
jlXmVqhaMds_98,"Okay, so it's not a safety and security, it's a concern about following through and buying one item.","Okay, so it's not a safety and security, it's a concern about following through and buying one item.",-1,-1,-2,-1,-1,1,-0.8333333333333334
jlXmVqhaMds_100,And I'm talking about breaking the rule. Yeah. It's scary for you.,And I'm talking about breaking the rule. Yeah. It's scary for you.,-1,-1,-2,1,0,1,-0.3333333333333333
jlXmVqhaMds_102,"All right. So the anxiety you're experiencing right now in this moment with me, right? Be mindful of that. Keep that in your awareness. So is there something on your mind that you need to buy within the next couple days?","All right. So the anxiety you're experiencing right now in this moment with me, right? Be mindful of that. Keep that in your awareness. So is there something on your mind that you need to buy within the next couple days?",-1,-1,-2,0,0,1,-0.5
jlXmVqhaMds_104,Coffee. Hmm. And that's a transaction of one.,Coffee. Hmm. And that's a transaction of one.,1,1,1,1,0,2,1.0
jlXmVqhaMds_106,You'll get something else. Okay. Understandable. But what if I challenged you to a behavioral experiment?,You'll get something else. Okay. Understandable. But what if I challenged you to a behavioral experiment?,1,0,1,1,0,2,0.8333333333333334
jlXmVqhaMds_108,Can you guess what that might be?,Can you guess what that might be?,1,1,1,1,0,2,1.0
jlXmVqhaMds_110,"Yeah, to buy one, to buy one cup of coffee and then leave. So what are the possible things that could happen? Knowing that logically you can't connect it to a safety thing. Now you might be anxious about that and that's real, that anxiety is real, but knowing that the event isn't prevented or caused by the transacting behavior.","Yeah, to buy one, to buy one cup of coffee and then leave. So what are the possible things that could happen? Knowing that logically you can't connect it to a safety thing. Now you might be anxious about that and that's real, that anxiety is real, but knowing that the event isn't prevented or caused by the transacting behavior.",-1,0,-2,1,0,2,0.0
jlXmVqhaMds_112,"Let's go through what happens. So you buy the coffee, you're really anxious, right? But let's say you follow through and buy the cup of coffee and you leave. Nothing, it doesn't change the safety and security aspect. What is different about that than if you bought two items?","Let's go through what happens. So you buy the coffee, you're really anxious, right? But let's say you follow through and buy the cup of coffee and you leave. Nothing, it doesn't change the safety and security aspect. What is different about that than if you bought two items?",-1,-1,-2,0,-1,1,-0.6666666666666666
jlXmVqhaMds_114,Would it go away?,Would it go away?,1,1,1,1,1,2,1.1666666666666667
jlXmVqhaMds_116,So it'd be a more painful experience to buy the one. But it wouldn't actually harm you in terms of the safety and security. But it would cause you more internal anxiety. Exactly. So what would happen if you did it again?,So it'd be a more painful experience to buy the one. But it wouldn't actually harm you in terms of the safety and security. But it would cause you more internal anxiety. Exactly. So what would happen if you did it again?,1,1,1,1,1,2,1.1666666666666667
jlXmVqhaMds_118,Could be. What if you did it a hundred times?,Could be. What if you did it a hundred times?,1,1,1,1,1,2,1.1666666666666667
jlXmVqhaMds_120,"Anxiety would get old. So really what you're doing is you're conditioning, you'd be conditioning yourself, right, to surviving just buying the one item.","Anxiety would get old. So really what you're doing is you're conditioning, you'd be conditioning yourself, right, to surviving just buying the one item.",-1,0,-2,1,0,2,0.0
jlXmVqhaMds_122,"It would be some financial advantages to it certainly, yeah. And there'd be a freedom advantage too, which is the freedom to buy any number of items.","It would be some financial advantages to it certainly, yeah. And there'd be a freedom advantage too, which is the freedom to buy any number of items.",1,1,1,1,0,2,1.0
jlXmVqhaMds_124,"So what, what scenario of purchasing could you see yourself being most likely to follow through with this? I guess would there be another item that would be easier to actually follow through, like for example the gasoline because you'd be at your car, you'd buy the gasoline and you'd leave.","So what, what scenario of purchasing could you see yourself being most likely to follow through with this? I guess would there be another item that would be easier to actually follow through, like for example the gasoline because you'd be at your car, you'd buy the gasoline and you'd leave.",1,0,-2,1,0,2,0.3333333333333333
jlXmVqhaMds_126,"Would that be, do you think that'd be easier to actually be successful?","Would that be, do you think that'd be easier to actually be successful?",1,1,1,1,0,2,1.0
jlXmVqhaMds_128,"All right. So we would consider that kind of a step in a direction that would result in fewer symptoms. And maybe another step in the future would be to go into the store and buy one, but let's not, let's not do that. Okay. Let's stick with the gasoline.","All right. So we would consider that kind of a step in a direction that would result in fewer symptoms. And maybe another step in the future would be to go into the store and buy one, but let's not, let's not do that. Okay. Let's stick with the gasoline.",1,0,-2,1,0,2,0.3333333333333333
jlXmVqhaMds_130,You feel like you could succeed with that experiment.,You feel like you could succeed with that experiment.,1,1,1,1,0,2,1.0
jlXmVqhaMds_132,"Are you afraid with the coffee that you might just end up buying two things? All right. So let's go with the fuel in your car. So the next time that your car needs fuel, go in, buy the fuel, drive away.","Are you afraid with the coffee that you might just end up buying two things? All right. So let's go with the fuel in your car. So the next time that your car needs fuel, go in, buy the fuel, drive away.",-1,-1,-2,-1,-1,1,-0.8333333333333334
jlXmVqhaMds_134,So how's your anxiety now?,So how's your anxiety now?,1,1,1,1,0,2,1.0
jlXmVqhaMds_136,"Better than it was a few minutes ago. Yeah. Yeah. But mostly because the experiment that we're talking about is a little easier. All right. And because I think like the insight that you gave me on I hadn't connected all the dots, so that was very helpful.","Better than it was a few minutes ago. Yeah. Yeah. But mostly because the experiment that we're talking about is a little easier. All right. And because I think like the insight that you gave me on I hadn't connected all the dots, so that was very helpful.",1,0,1,1,0,2,0.8333333333333334
jlXmVqhaMds_137,"All right, so as you're trying to kind of push through this experience of just fueling the car, you're going to have those thoughts still come up. And the adaptive response could be something like 'I know this won't actually have a consequence in the real world.' Does that make sense?","All right, so as you're trying to kind of push through this experience of just fueling the car, you're going to have those thoughts still come up. And the adaptive response could be something like 'I know this won't actually have a consequence in the real world.' Does that make sense?",1,1,1,1,1,2,1.1666666666666667
jlXmVqhaMds_139,"So there's a few things I'm asking you to do, right? One is to just buy gasoline when you need it and only buy gasoline. And at the same time when those thoughts come up to respond to them with the adaptive responses.","So there's a few things I'm asking you to do, right? One is to just buy gasoline when you need it and only buy gasoline. And at the same time when those thoughts come up to respond to them with the adaptive responses.",0,0,-2,0,0,2,0.0
jlXmVqhaMds_141,"Pair them together. 'I know this won't have a real consequence in reality,' that could be one. 'I know that I can tolerate the anxiety.' And maybe another adaptive response would be 'This is painful for me, but if I can be successful here, maybe I can get rid of the anxiety someday.' Keeping your eye on moving up to coffee and other behavioral goals. Does that make sense?","Pair them together. 'I know this won't have a real consequence in reality,' that could be one. 'I know that I can tolerate the anxiety.' And maybe another adaptive response would be 'This is painful for me, but if I can be successful here, maybe I can get rid of the anxiety someday.' Keeping your eye on moving up to coffee and other behavioral goals. Does that make sense?",-1,0,-2,0,0,1,-0.3333333333333333
jlXmVqhaMds_143,"So we're kind of attacking the anxiety from a lot of different angles here. And my hope is that the more we can replicate the behavior of just buying one item, the more your anxiety will decrease. So do you, do you believe that you could succeed with this?","So we're kind of attacking the anxiety from a lot of different angles here. And my hope is that the more we can replicate the behavior of just buying one item, the more your anxiety will decrease. So do you, do you believe that you could succeed with this?",1,1,1,1,0,2,1.0
jlXmVqhaMds_145,"Well that can be very positive. What I detected there was courage. You're ready to say I've had enough and you're ready to take the anxiety on. That can be a positive adaptive response, like being assertive and saying almost like you're talking to the anxiety in a way, but I'm, I'm not going to let you beat me this time. That's what you'd be saying to the anxiety.","Well that can be very positive. What I detected there was courage. You're ready to say I've had enough and you're ready to take the anxiety on. That can be a positive adaptive response, like being assertive and saying almost like you're talking to the anxiety in a way, but I'm, I'm not going to let you beat me this time. That's what you'd be saying to the anxiety.",1,1,1,1,1,2,1.1666666666666667
jlXmVqhaMds_147,So make a note of all these and you can use the same one more than once. But keep applying them as needed through the whole process until you're home. You've permanently recorded just buying the one thing. So that's a victory.,So make a note of all these and you can use the same one more than once. But keep applying them as needed through the whole process until you're home. You've permanently recorded just buying the one thing. So that's a victory.,1,1,1,1,1,2,1.1666666666666667
jlXmVqhaMds_149,So do you foresee needing to get gas between now and next week?,So do you foresee needing to get gas between now and next week?,1,1,1,1,0,2,1.0
jlXmVqhaMds_151,"So if you could try that out and if you could record kind of in the moment, the experience in terms of your feelings at different stages, that would be helpful. Write them down right in the moment, that'll be the most accurate record. And that also I think is therapeutic in a way, you're documenting the experience and bring that in.","So if you could try that out and if you could record kind of in the moment, the experience in terms of your feelings at different stages, that would be helpful. Write them down right in the moment, that'll be the most accurate record. And that also I think is therapeutic in a way, you're documenting the experience and bring that in.",0,0,-2,0,0,2,0.0
jlXmVqhaMds_153,All right. So try that out and make an appointment and I'll see you next week and we'll go over the different stages and everything and see how we did. Thanks Emma.,All right. So try that out and make an appointment and I'll see you next week and we'll go over the different stages and everything and see how we did. Thanks Emma.,-1,0,-2,0,0,1,-0.3333333333333333
la5VCuaPi2w_1,"Hi Jason, how you doing today?","Hi Jason, how you doing today?",1,1,1,1,0,2,1.0
la5VCuaPi2w_3,You're alright?,You're alright?,-1,-1,-2,-1,-1,1,-0.8333333333333334
la5VCuaPi2w_5,Just here?,Just here?,-1,0,-2,0,0,1,-0.3333333333333333
la5VCuaPi2w_7,I understand that you were in the hospital a couple weeks ago.,I understand that you were in the hospital a couple weeks ago.,1,0,0,1,0,2,0.6666666666666666
la5VCuaPi2w_9,Can you tell me about it?,Can you tell me about it?,-1,-1,-2,0,0,1,-0.5
la5VCuaPi2w_11,What do you think the government was trying to do?,What do you think the government was trying to do?,1,1,1,1,0,2,1.0
la5VCuaPi2w_13,And tell me about your room. What are you doing there that makes that special?,And tell me about your room. What are you doing there that makes that special?,1,1,1,1,0,2,1.0
la5VCuaPi2w_15,Is that how you were feeling when you were building it?,Is that how you were feeling when you were building it?,1,1,1,1,1,2,1.1666666666666667
la5VCuaPi2w_17,So you had a period of time where you had like a lot of energy and you weren't really sleeping much?,So you had a period of time where you had like a lot of energy and you weren't really sleeping much?,1,1,1,1,0,2,1.0
la5VCuaPi2w_19,You were also happy and felt satisfied?,You were also happy and felt satisfied?,1,1,1,1,1,2,1.1666666666666667
la5VCuaPi2w_21,And how do you feel now in comparison?,And how do you feel now in comparison?,1,1,1,1,1,2,1.1666666666666667
la5VCuaPi2w_23,So not happy. How about sad?,So not happy. How about sad?,0,0,0,0,0,2,0.3333333333333333
la5VCuaPi2w_25,Do you want to get back to that happiness?,Do you want to get back to that happiness?,1,1,1,1,1,2,1.1666666666666667
la5VCuaPi2w_27,"The machine? Yeah. Now, you mentioned you'd ordered some products online. How much did you order?","The machine? Yeah. Now, you mentioned you'd ordered some products online. How much did you order?",1,1,1,1,0,2,1.0
la5VCuaPi2w_29,He would have been affected by your machine.,He would have been affected by your machine.,1,1,1,1,1,2,1.1666666666666667
la5VCuaPi2w_31,Were all those hard drives fairly expensive?,Were all those hard drives fairly expensive?,1,0,1,1,0,2,0.8333333333333334
la5VCuaPi2w_33,How'd your mother respond to that?,How'd your mother respond to that?,1,1,1,1,1,2,1.1666666666666667
la5VCuaPi2w_35,Is that a strained relationship?,Is that a strained relationship?,1,1,-2,1,1,2,0.6666666666666666
la5VCuaPi2w_37,You get along okay with her?,You get along okay with her?,1,1,1,1,0,2,1.0
la5VCuaPi2w_39,And you mentioned that they changed your medications in the hospital.,And you mentioned that they changed your medications in the hospital.,-1,0,-2,0,0,1,-0.3333333333333333
la5VCuaPi2w_41,The government? How are you feeling about taking your medications?,The government? How are you feeling about taking your medications?,1,1,1,1,0,2,1.0
la5VCuaPi2w_43,I see you really want to get back to working on that machine.,I see you really want to get back to working on that machine.,0,0,-2,0,0,2,0.0
la5VCuaPi2w_45,Have you found yourself as motivated these last couple weeks as you were before you were hospitalized?,Have you found yourself as motivated these last couple weeks as you were before you were hospitalized?,1,1,1,1,0,2,1.0
la5VCuaPi2w_47,You still want to get that done. It's important to you.,You still want to get that done. It's important to you.,-1,-1,-2,-1,-1,1,-0.8333333333333334
la5VCuaPi2w_49,"Alright, Jason. I'd like you to continue seeing a counselor here. Have you found the counseling to be helpful?","Alright, Jason. I'd like you to continue seeing a counselor here. Have you found the counseling to be helpful?",-1,-1,-2,0,0,1,-0.5
la5VCuaPi2w_51,It's been okay?,It's been okay?,1,0,0,1,0,2,0.6666666666666666
la5VCuaPi2w_53,"Alright, well continue with counseling and I hope that that can help you a bit. I appreciate you spending this time with me and explaining what happened.","Alright, well continue with counseling and I hope that that can help you a bit. I appreciate you spending this time with me and explaining what happened.",-1,-1,-2,0,0,1,-0.5
lrnkEQRUyJM_1,"Vanessa, hi. It's nice to see you again.","Vanessa, hi. It's nice to see you again.",-1,0,-2,0,0,1,-0.3333333333333333
lrnkEQRUyJM_3,Yeah. How are you?,Yeah. How are you?,1,0,0,1,0,2,0.6666666666666666
lrnkEQRUyJM_5,"Yeah. The last time we saw things were pretty chaotic and hectic when you were being released from the hospital, discharged from the hospital about a week ago. How's your injury? How's your arm?","Yeah. The last time we saw things were pretty chaotic and hectic when you were being released from the hospital, discharged from the hospital about a week ago. How's your injury? How's your arm?",1,1,1,1,1,2,1.1666666666666667
lrnkEQRUyJM_7,So you've been trying to stay busy.,So you've been trying to stay busy.,1,1,1,1,1,2,1.1666666666666667
lrnkEQRUyJM_9,How are your kids doing?,How are your kids doing?,1,1,1,1,0,2,1.0
lrnkEQRUyJM_11,"Yeah. I imagine that there's some period of readjustment and healing and sadness, or as in... it sounds like also just trying to get things done.","Yeah. I imagine that there's some period of readjustment and healing and sadness, or as in... it sounds like also just trying to get things done.",1,0,-2,1,0,2,0.3333333333333333
lrnkEQRUyJM_13,"So you're taking care of a lot of people while trying to take care of yourself. I really appreciate you showing up today. Last time, you talked about how important it is for you to do what you can to keep your kids and yourself safe. I was wondering if you'd be interested in talking more about that today.","So you're taking care of a lot of people while trying to take care of yourself. I really appreciate you showing up today. Last time, you talked about how important it is for you to do what you can to keep your kids and yourself safe. I was wondering if you'd be interested in talking more about that today.",-1,-1,-2,0,0,1,-0.5
lrnkEQRUyJM_15,So you were scared. It sounds like you were scared.,So you were scared. It sounds like you were scared.,1,1,1,1,1,2,1.1666666666666667
lrnkEQRUyJM_17,"So a lot of things were turned upside down. When you say it was scary, I hear you saying it was scary for your safety, but also because all these other disruptive elements were put in motion.","So a lot of things were turned upside down. When you say it was scary, I hear you saying it was scary for your safety, but also because all these other disruptive elements were put in motion.",-1,-1,-2,-1,-1,1,-0.8333333333333334
lrnkEQRUyJM_19,So a lot of people have some ideas about what you should be doing.,So a lot of people have some ideas about what you should be doing.,-1,-1,-2,-1,-1,1,-0.8333333333333334
lrnkEQRUyJM_21,Say more about that. Why don't you want to call the police or get a restraining order?,Say more about that. Why don't you want to call the police or get a restraining order?,-1,-1,-2,0,0,1,-0.5
lrnkEQRUyJM_23,It sounds like that was a very scary experience and moment for you.,It sounds like that was a very scary experience and moment for you.,1,1,1,1,1,2,1.1666666666666667
lrnkEQRUyJM_25,"And given that experience, it sounds like you're maybe not as inclined to think about calling the police again.","And given that experience, it sounds like you're maybe not as inclined to think about calling the police again.",-1,-1,-2,-1,-1,1,-0.8333333333333334
lrnkEQRUyJM_27,And that's what you'd like to talk about today: alternatives to calling the police.,And that's what you'd like to talk about today: alternatives to calling the police.,-1,-1,-2,0,0,1,-0.5
lrnkEQRUyJM_29,"Well, what have you thought about so far? What other ideas do you have about what you might do in a serious moment where you're scared for your well-being and that of your kids?","Well, what have you thought about so far? What other ideas do you have about what you might do in a serious moment where you're scared for your well-being and that of your kids?",-1,-1,-2,-1,-1,1,-0.8333333333333334
lrnkEQRUyJM_31,Okay. So your minister is someone you're thinking about talking to about what's going on in your relationship. What would you like to tell your minister?,Okay. So your minister is someone you're thinking about talking to about what's going on in your relationship. What would you like to tell your minister?,-1,0,-2,0,0,2,-0.16666666666666666
lrnkEQRUyJM_33,You feel like you've been keeping some significant information from him. What would be some reasons why you would tell him these things? What might be some advantages?,You feel like you've been keeping some significant information from him. What would be some reasons why you would tell him these things? What might be some advantages?,1,1,1,1,0,2,1.0
lrnkEQRUyJM_35,So it's someone that you trust and have a relationship with. In what ways has he been helpful?,So it's someone that you trust and have a relationship with. In what ways has he been helpful?,1,1,1,1,1,2,1.1666666666666667
lrnkEQRUyJM_37,"Your pastor is able to see him as a whole, complicated human being like you do. What would be another advantage to talking to your pastor, in addition to trust and Paul listening to him?","Your pastor is able to see him as a whole, complicated human being like you do. What would be another advantage to talking to your pastor, in addition to trust and Paul listening to him?",1,0,-2,1,0,2,0.3333333333333333
lrnkEQRUyJM_39,So your pastor's home actually might be a physically safe place for you all to go to.,So your pastor's home actually might be a physically safe place for you all to go to.,-1,-1,-2,-1,-1,1,-0.8333333333333334
lrnkEQRUyJM_41,"You've said that a few times now, that things got out of control. Tell me a little bit more about what that was.","You've said that a few times now, that things got out of control. Tell me a little bit more about what that was.",1,1,1,1,0,2,1.0
lrnkEQRUyJM_43,"So not only was it scary in the heat of the moment, but the fallout was scary as well. So going to your pastor's might be an advantage. Are there any disadvantages to talking to your pastor?","So not only was it scary in the heat of the moment, but the fallout was scary as well. So going to your pastor's might be an advantage. Are there any disadvantages to talking to your pastor?",1,1,1,1,0,2,1.0
lrnkEQRUyJM_45,So this could really be a significant trigger.,So this could really be a significant trigger.,-1,-1,-2,1,0,1,-0.3333333333333333
lrnkEQRUyJM_47,"It's a difficult situation. There's potential advantages, but also significant risk. When you think about the pros and the cons, where do you go with that?","It's a difficult situation. There's potential advantages, but also significant risk. When you think about the pros and the cons, where do you go with that?",1,1,1,1,0,2,1.0
lrnkEQRUyJM_49,You're really concerned. A part of you is worried about the next time and you feel like it's a risk you're willing to take given what is at stake—your life and your children's lives.,You're really concerned. A part of you is worried about the next time and you feel like it's a risk you're willing to take given what is at stake—your life and your children's lives.,1,1,1,1,1,2,1.1666666666666667
lrnkEQRUyJM_51,Would it be alright if I offered a suggestion regarding kids and safety planning? Other moms have had a conversation with their kids about identifying a safe person to call or run to in the moment if things get really out of hand. What are your thoughts on that?,Would it be alright if I offered a suggestion regarding kids and safety planning? Other moms have had a conversation with their kids about identifying a safe person to call or run to in the moment if things get really out of hand. What are your thoughts on that?,-1,-1,-2,-1,-1,1,-0.8333333333333334
lrnkEQRUyJM_53,So you see this as a way of having him turn away from a violent situation as opposed to turning into it.,So you see this as a way of having him turn away from a violent situation as opposed to turning into it.,1,1,1,1,1,2,1.1666666666666667
lrnkEQRUyJM_55,You're identifying things you have control over: talking to your minister and having a conversation with your son. I'm confident you'll be able to put a plan together that works. I'm here to support you and can follow up in a few days.,You're identifying things you have control over: talking to your minister and having a conversation with your son. I'm confident you'll be able to put a plan together that works. I'm here to support you and can follow up in a few days.,-1,-1,-2,0,0,1,-0.5
lrnkEQRUyJM_57,Thanks for your time.,Thanks for your time.,-1,0,-2,0,0,1,-0.3333333333333333
o2Cv6Mlp3KY_2,"All right, so let's, if we could, let's talk about the moment in the presentation again. I want to try to help you develop some strategies to bring those anxiety symptoms down.","All right, so let's, if we could, let's talk about the moment in the presentation again. I want to try to help you develop some strategies to bring those anxiety symptoms down.",-1,-1,-2,0,0,1,-0.5
o2Cv6Mlp3KY_4,"Let's actually go right before the moment. So you're still sitting down and you're getting ready to present, let's just say you're second to present like we've talked about, and you're thinking they're going to see me as anxious, they're going to think I don't belong here.","Let's actually go right before the moment. So you're still sitting down and you're getting ready to present, let's just say you're second to present like we've talked about, and you're thinking they're going to see me as anxious, they're going to think I don't belong here.",1,1,1,1,1,2,1.1666666666666667
o2Cv6Mlp3KY_5,"So these thoughts occur because you have an expectation, a rule, an attitude that you've brought into that class. It's perfectly natural, everyone has these beliefs. They combine with the stressor of the presentation and classmates watching, and result in these automatic thoughts.","So these thoughts occur because you have an expectation, a rule, an attitude that you've brought into that class. It's perfectly natural, everyone has these beliefs. They combine with the stressor of the presentation and classmates watching, and result in these automatic thoughts.",1,1,1,1,0,2,1.0
o2Cv6Mlp3KY_7,"And just like the beliefs, they're not good or bad, they're just thoughts. Actually, they're fairly understandable and natural thoughts.","And just like the beliefs, they're not good or bad, they're just thoughts. Actually, they're fairly understandable and natural thoughts.",1,1,1,1,1,2,1.1666666666666667
o2Cv6Mlp3KY_9,"The problem is that they lead to symptoms. You're sitting there and thinking, 'They're going to see that I'm anxious. They're going to think I'm not good enough.' What reaction do you have when you have that thought?","The problem is that they lead to symptoms. You're sitting there and thinking, 'They're going to see that I'm anxious. They're going to think I'm not good enough.' What reaction do you have when you have that thought?",-1,-1,-2,0,0,1,-0.5
o2Cv6Mlp3KY_11,"Okay, so distressing symptoms.","Okay, so distressing symptoms.",-1,-1,-2,-1,-1,1,-0.8333333333333334
o2Cv6Mlp3KY_13,What's something that you could say to yourself in that moment that would maybe get in between that thought and that reaction?,What's something that you could say to yourself in that moment that would maybe get in between that thought and that reaction?,1,1,1,1,0,2,1.0
o2Cv6Mlp3KY_15,"Okay. So some deep breathing, looking over your notes, kind of focusing on that and realizing they're not really looking at you anyway at that moment. You bring your notes with you to class?","Okay. So some deep breathing, looking over your notes, kind of focusing on that and realizing they're not really looking at you anyway at that moment. You bring your notes with you to class?",0,0,-2,0,0,2,0.0
o2Cv6Mlp3KY_17,"Okay, so you always have those with you. And it's just a matter of can you focus your attention on them?","Okay, so you always have those with you. And it's just a matter of can you focus your attention on them?",1,1,1,1,0,2,1.0
o2Cv6Mlp3KY_19,"And if you're focusing on that and thinking about that, you're not thinking about whatever they might be thinking about. And how about the deep breathing? Is that a strategy you've tried before?","And if you're focusing on that and thinking about that, you're not thinking about whatever they might be thinking about. And how about the deep breathing? Is that a strategy you've tried before?",1,0,-2,1,0,2,0.3333333333333333
o2Cv6Mlp3KY_21,"So you've been able to do it sometimes, just not often.","So you've been able to do it sometimes, just not often.",1,1,1,1,1,2,1.1666666666666667
o2Cv6Mlp3KY_23,All right.,All right.,-1,-1,-2,0,0,1,-0.5
ofnnuwscA1Y_1,"Hello, Alyssa.","Hello, Alyssa.",-1,-1,-2,-1,-1,-1,-1.1666666666666667
ofnnuwscA1Y_3,It's good to see you today. I'm glad you could see me. So tell me a little bit more about why you're here.,It's good to see you today. I'm glad you could see me. So tell me a little bit more about why you're here.,1,1,0,1,0,2,0.8333333333333334
ofnnuwscA1Y_5,So who told you to come here for it?,So who told you to come here for it?,0,0,-2,0,0,2,0.0
ofnnuwscA1Y_7,"You're not excited about being here. Yeah, I hear you. Well, what is your objective? What do you want out of this today?","You're not excited about being here. Yeah, I hear you. Well, what is your objective? What do you want out of this today?",0,0,-2,0,0,2,0.0
ofnnuwscA1Y_9,Okay. And maybe manage that a little bit better.,Okay. And maybe manage that a little bit better.,0,0,-2,0,0,2,0.0
ofnnuwscA1Y_11,"Okay. Tell me, um, is it school you're getting mad, is it home you're getting mad, is it friends? Tell me about that a little bit.","Okay. Tell me, um, is it school you're getting mad, is it home you're getting mad, is it friends? Tell me about that a little bit.",-1,-1,-2,-1,-1,1,-0.8333333333333334
ofnnuwscA1Y_13,"Okay. Before we get into this a little bit, I'd like to tell you a little bit about your brain. Have you ever heard of the amygdala? It's known as the alarm center. It normally indicates fight, flight, or freeze.","Okay. Before we get into this a little bit, I'd like to tell you a little bit about your brain. Have you ever heard of the amygdala? It's known as the alarm center. It normally indicates fight, flight, or freeze.",1,0,-2,1,0,2,0.3333333333333333
ofnnuwscA1Y_15,"Okay, you're a fighter. Tell me an example when the alarm is going off and you are really angry.","Okay, you're a fighter. Tell me an example when the alarm is going off and you are really angry.",-1,-1,-2,-1,-1,1,-0.8333333333333334
ofnnuwscA1Y_17,Okay. And that was just yesterday?,Okay. And that was just yesterday?,0,0,0,1,0,2,0.5
ofnnuwscA1Y_19,"Okay. Your mom asked you to do something, she pestered you, and it escalated until you punched a wall. Tell me about a situation at school when your alarm center is going off.","Okay. Your mom asked you to do something, she pestered you, and it escalated until you punched a wall. Tell me about a situation at school when your alarm center is going off.",-1,-1,-2,-1,-1,1,-0.8333333333333334
ofnnuwscA1Y_21,I see. Teacher's calling you out and you respond with a lot of anger and cursing. Is there any time when there's anxiety happening before the anger comes out?,I see. Teacher's calling you out and you respond with a lot of anger and cursing. Is there any time when there's anxiety happening before the anger comes out?,0,0,-2,1,0,2,0.16666666666666666
ofnnuwscA1Y_23,"Like, if you ever get anxious where you just kind of freeze? Or is yours a more reactive fight or lash out?","Like, if you ever get anxious where you just kind of freeze? Or is yours a more reactive fight or lash out?",1,1,1,1,0,2,1.0
ofnnuwscA1Y_25,Okay. I want to help you monitor and control the anger reactions using a technique called Stop. S-T-O-P.,Okay. I want to help you monitor and control the anger reactions using a technique called Stop. S-T-O-P.,-1,-1,-2,-1,-1,-1,-1.1666666666666667
ofnnuwscA1Y_27,Knowing that you need that is a really big step. I'm hearing you say that you want to make a change and that's really huge.,Knowing that you need that is a really big step. I'm hearing you say that you want to make a change and that's really huge.,-1,-1,-2,-1,0,1,-0.6666666666666666
ofnnuwscA1Y_29,Okay. Let's try this technique this week. It only takes about one minute for when you feel that anger rising in the heat of the moment.,Okay. Let's try this technique this week. It only takes about one minute for when you feel that anger rising in the heat of the moment.,-1,-1,-2,0,0,1,-0.5
ofnnuwscA1Y_31,S is for stop. T is for take a breath to get oxygen to your brain. O means observe the situation and how you're feeling. P is for proceed in a way that benefits you. Is yelling at your mom working for you?,S is for stop. T is for take a breath to get oxygen to your brain. O means observe the situation and how you're feeling. P is for proceed in a way that benefits you. Is yelling at your mom working for you?,-1,-1,-2,0,0,1,-0.5
ofnnuwscA1Y_33,"It gets you in trouble. In that situation with your mom, do you have an idea that might work for you instead?","It gets you in trouble. In that situation with your mom, do you have an idea that might work for you instead?",-1,-1,-2,1,0,1,-0.3333333333333333
ofnnuwscA1Y_35,You might try asking if you can finish your show for 10 more minutes and then do the dishes. Put it in a question as a compromise. Does that sound like something that might work?,You might try asking if you can finish your show for 10 more minutes and then do the dishes. Put it in a question as a compromise. Does that sound like something that might work?,-1,-1,-2,-1,-1,1,-0.8333333333333334
ofnnuwscA1Y_37,"Yeah, I'm glad you can acknowledge that. That's a big step. So let's step through it again. S-T-O-P. The S is for...?","Yeah, I'm glad you can acknowledge that. That's a big step. So let's step through it again. S-T-O-P. The S is for...?",0,0,-2,1,0,2,0.16666666666666666
ofnnuwscA1Y_39,Yeah. And what's the T?,Yeah. And what's the T?,0,0,0,1,0,2,0.5
ofnnuwscA1Y_41,Exactly. What about O?,Exactly. What about O?,1,1,1,1,0,2,1.0
ofnnuwscA1Y_43,And then what's the P?,And then what's the P?,1,1,1,1,0,2,1.0
ofnnuwscA1Y_45,Proceed in a helpful way. How are you going to proceed with your mom?,Proceed in a helpful way. How are you going to proceed with your mom?,1,0,-2,1,0,2,0.3333333333333333
ofnnuwscA1Y_47,"Yeah. Ask her calmly and try to compromise. It takes time to make a change, so be patient with yourself.","Yeah. Ask her calmly and try to compromise. It takes time to make a change, so be patient with yourself.",-1,-1,-2,0,0,1,-0.5
ofnnuwscA1Y_49,Be patient. Let's think about at school. You're in history class and the teacher is calling on you.,Be patient. Let's think about at school. You're in history class and the teacher is calling on you.,-1,-1,-2,-1,-1,1,-0.8333333333333334
ofnnuwscA1Y_51,Is she asking for an answer or just telling you to wake up?,Is she asking for an answer or just telling you to wake up?,1,1,1,1,1,2,1.1666666666666667
ofnnuwscA1Y_53,"Instead of your normal reaction, what would you do using the Stop process?","Instead of your normal reaction, what would you do using the Stop process?",-1,0,-2,1,0,2,0.0
ofnnuwscA1Y_55,Okay. Try to stop and take two breaths. How are you feeling then?,Okay. Try to stop and take two breaths. How are you feeling then?,1,1,1,1,0,2,1.0
ofnnuwscA1Y_57,"So you're naming that frustration. Now, how do you proceed in a positive way instead of yelling and getting sent out of the room?","So you're naming that frustration. Now, how do you proceed in a positive way instead of yelling and getting sent out of the room?",-1,-1,-2,1,0,1,-0.3333333333333333
ofnnuwscA1Y_59,That's the truth and then she'll go to someone else. You won't get sent to detention. We want you to get to the next grade.,That's the truth and then she'll go to someone else. You won't get sent to detention. We want you to get to the next grade.,-1,-1,-2,1,0,1,-0.3333333333333333
ofnnuwscA1Y_61,"This procedure only takes about 45 seconds to stop, breathe, observe, and then figure out the best tool to proceed. Again, be patient.","This procedure only takes about 45 seconds to stop, breathe, observe, and then figure out the best tool to proceed. Again, be patient.",-1,-1,-2,0,-1,1,-0.6666666666666666
ofnnuwscA1Y_63,Are you willing to practice this once a day this next week?,Are you willing to practice this once a day this next week?,1,0,1,1,0,2,0.8333333333333334
ofnnuwscA1Y_65,Try this and then we'll talk about it next week and see how it's going.,Try this and then we'll talk about it next week and see how it's going.,0,0,-2,0,0,2,0.0
ofnnuwscA1Y_67,"All right. Thanks for coming in, Alyssa. I appreciate you wanting to make a change.","All right. Thanks for coming in, Alyssa. I appreciate you wanting to make a change.",-1,-1,-2,-1,0,1,-0.6666666666666666
ofnnuwscA1Y_69,Alright.,Alright.,-1,-1,-2,0,0,1,-0.5
qe-0fk4ZG20_1,"It's so good to see you both this week. I know that the past couple of weeks there have been a lot of really hard conversations in this room, and I think it's so brave that you're both back here today. I'm wondering how this week has gone.","It's so good to see you both this week. I know that the past couple of weeks there have been a lot of really hard conversations in this room, and I think it's so brave that you're both back here today. I'm wondering how this week has gone.",0,0,-2,0,0,2,0.0
qe-0fk4ZG20_3,So it seems like you're hesitant and resistant to doing the dishes because that's the only thing that you're hearing Linda say to you right now.,So it seems like you're hesitant and resistant to doing the dishes because that's the only thing that you're hearing Linda say to you right now.,2,-1,-1,1,1,2,0.6666666666666666
qe-0fk4ZG20_5,"So even when you do do the dishes, you're feeling like you aren't measuring up basically.","So even when you do do the dishes, you're feeling like you aren't measuring up basically.",1,1,1,1,1,2,1.1666666666666667
qe-0fk4ZG20_7,"So she's telling you what to do and you're feeling like a little kid. It's not an equal relationship then, right?","So she's telling you what to do and you're feeling like a little kid. It's not an equal relationship then, right?",-1,0,-2,1,1,2,0.16666666666666666
qe-0fk4ZG20_9,So sometimes you're feeling like Linda might be the one with the power in the relationship.,So sometimes you're feeling like Linda might be the one with the power in the relationship.,1,1,1,1,1,2,1.1666666666666667
qe-0fk4ZG20_11,"Whenever you have these fights, what happens?","Whenever you have these fights, what happens?",-1,-1,-2,-1,-1,-1,-1.1666666666666667
qe-0fk4ZG20_13,What do you mean? What would shock him?,What do you mean? What would shock him?,1,1,-2,1,1,2,0.6666666666666666
qe-0fk4ZG20_15,"Help me, is that scary for you?","Help me, is that scary for you?",1,1,1,1,1,2,1.1666666666666667
qe-0fk4ZG20_17,"And what about you, Jack? Are you a little afraid in that situation?","And what about you, Jack? Are you a little afraid in that situation?",-1,-1,-2,-1,-1,1,-0.8333333333333334
qe-0fk4ZG20_19,Let's go back to the fight. How does it normally end?,Let's go back to the fight. How does it normally end?,-1,-1,-2,-1,-1,-1,-1.1666666666666667
qe-0fk4ZG20_21,"Okay, so you leave, Jack?","Okay, so you leave, Jack?",-1,-1,-2,-1,-1,1,-0.8333333333333334
qe-0fk4ZG20_23,And what do you do?,And what do you do?,0,0,-2,0,0,2,0.0
qe-0fk4ZG20_25,"I think I understand what you're both saying. But whenever Jack does come back, are you guys able to talk about it then?","I think I understand what you're both saying. But whenever Jack does come back, are you guys able to talk about it then?",-1,-1,-2,0,0,1,-0.5
qe-0fk4ZG20_27,"This must be so hard for you, Linda. You're trying to communicate and you feel like he's shutting you out.","This must be so hard for you, Linda. You're trying to communicate and you feel like he's shutting you out.",-1,-1,-2,-1,-1,1,-0.8333333333333334
qe-0fk4ZG20_29,Not knowing what's happening must be scary.,Not knowing what's happening must be scary.,2,1,1,1,1,2,1.3333333333333333
qe-0fk4ZG20_31,"And what about you, Jack? Are you feeling a little bit of fear in the unknown of this situation?","And what about you, Jack? Are you feeling a little bit of fear in the unknown of this situation?",-1,-1,-2,0,0,1,-0.5
qe-0fk4ZG20_33,"In this situation, it seems like it would be super hard to be close and supportive to one another.","In this situation, it seems like it would be super hard to be close and supportive to one another.",-1,-1,-2,0,0,1,-0.5
qe-0fk4ZG20_35,I'm hearing that you're feeling some distance with Jack. Is it hard to be held by him?,I'm hearing that you're feeling some distance with Jack. Is it hard to be held by him?,-1,-1,-2,-1,-1,1,-0.8333333333333334
qe-0fk4ZG20_37,So you withdraw a lot when this happens?,So you withdraw a lot when this happens?,1,1,1,1,1,2,1.1666666666666667
qe-0fk4ZG20_39,"So Jack, you get the feeling that Linda doesn't really want to be around you, and when you try to connect, you feel rejected and like you're not enough.","So Jack, you get the feeling that Linda doesn't really want to be around you, and when you try to connect, you feel rejected and like you're not enough.",1,1,1,1,1,2,1.1666666666666667
qe-0fk4ZG20_41,How do you handle that?,How do you handle that?,0,0,-2,0,0,2,0.0
qe-0fk4ZG20_43,"You feel like you've screwed up, and then what do you do?","You feel like you've screwed up, and then what do you do?",1,1,1,1,1,2,1.1666666666666667
qe-0fk4ZG20_45,"Even though you get caught in this pattern, you both disconnect into two different islands. Is that right?","Even though you get caught in this pattern, you both disconnect into two different islands. Is that right?",-1,-1,-2,0,0,1,-0.5
qe-0fk4ZG20_47,"Like there's some distance, right?","Like there's some distance, right?",1,1,1,1,0,2,1.0
qe-0fk4ZG20_49,Is there anything you're feeling about yourself that might cause this distance? Do you blame yourself?,Is there anything you're feeling about yourself that might cause this distance? Do you blame yourself?,1,1,1,1,1,2,1.1666666666666667
qe-0fk4ZG20_51,"Jack, what is a word that you'd describe yourself as?","Jack, what is a word that you'd describe yourself as?",1,1,1,1,0,2,1.0
qe-0fk4ZG20_53,Is that right? You think you're a mean type of guy?,Is that right? You think you're a mean type of guy?,1,1,1,1,1,2,1.1666666666666667
qe-0fk4ZG20_55,"Oh, so you feel that Linda sees you as a mean guy. I didn't hear Linda say that. Linda?","Oh, so you feel that Linda sees you as a mean guy. I didn't hear Linda say that. Linda?",1,1,1,1,1,2,1.1666666666666667
qe-0fk4ZG20_57,"Jack, that must be so hard to carry with you every day, thinking that your wife thinks you're a mean guy.","Jack, that must be so hard to carry with you every day, thinking that your wife thinks you're a mean guy.",-1,-1,-2,0,-1,1,-0.6666666666666666
qe-0fk4ZG20_59,Feeling that much pain around an everyday task like the dishes must be exhausting.,Feeling that much pain around an everyday task like the dishes must be exhausting.,1,1,0,1,1,2,1.0
qe-0fk4ZG20_61,"You value the relationship, and feeling like you aren't meeting expectations must leave you feeling raw. Do you feel a little rejected by her?","You value the relationship, and feeling like you aren't meeting expectations must leave you feeling raw. Do you feel a little rejected by her?",1,1,1,1,1,2,1.1666666666666667
qe-0fk4ZG20_63,"It seems like there is a pattern where Linda asks Jack to do something, Jack feels like he'll fail, and you both end up disconnected. Is that right?","It seems like there is a pattern where Linda asks Jack to do something, Jack feels like he'll fail, and you both end up disconnected. Is that right?",1,1,1,1,1,2,1.1666666666666667
qe-0fk4ZG20_65,"You're here to become connected again. Jack, after you argue, you expect to make up, but Linda isn't connecting in that way, and that brings up rejection.","You're here to become connected again. Jack, after you argue, you expect to make up, but Linda isn't connecting in that way, and that brings up rejection.",1,1,1,1,1,2,1.1666666666666667
qe-0fk4ZG20_67,"Jack, it sounds like you think Linda doesn't care, but she's here working this out.","Jack, it sounds like you think Linda doesn't care, but she's here working this out.",1,1,1,1,1,2,1.1666666666666667
qe-0fk4ZG20_69,"Linda cares so much that she's here. If she didn't care, she would have left a long time ago.","Linda cares so much that she's here. If she didn't care, she would have left a long time ago.",1,1,1,1,1,2,1.1666666666666667
qe-0fk4ZG20_71,"But for whatever reason, Jack's not feeling that the relationship is valuable.","But for whatever reason, Jack's not feeling that the relationship is valuable.",1,1,1,1,1,2,1.1666666666666667
qe-0fk4ZG20_73,"Jack, hearing Linda say that, how does it make you feel?","Jack, hearing Linda say that, how does it make you feel?",1,1,1,1,1,2,1.1666666666666667
qe-0fk4ZG20_75,"Jack feels he's messed up so much and wants to be a perfectionist. Linda, turn to Jack and tell him how that makes you feel.","Jack feels he's messed up so much and wants to be a perfectionist. Linda, turn to Jack and tell him how that makes you feel.",1,1,1,1,1,2,1.1666666666666667
qe-0fk4ZG20_77,"You both came in frustrated but were able to be honest and share your emotions. Through this, you connected in a new way. It was about a lot more than just the dishes.","You both came in frustrated but were able to be honest and share your emotions. Through this, you connected in a new way. It was about a lot more than just the dishes.",-1,-1,-2,0,0,1,-0.5
uriVBFB1oOI_1,"Between here and there, obviously if it were easy you wouldn't need me. You wouldn't have had 13 therapists. If this were easy, you would have been to a life you wanted a long time ago. So it's obvious that if it were easy, it'd already be done, because it sounds like you're a person with a lot of motivation who works really hard because there are very few people who wouldn't have quit before 13 therapists. So that's a very good quality. The very fact that you've gone through all these therapists is a good sign for us. Nonetheless, it is difficult. Between here and there, there's going to be hell.","Between here and there, obviously if it were easy you wouldn't need me. You wouldn't have had 13 therapists. If this were easy, you would have been to a life you wanted a long time ago. So it's obvious that if it were easy, it'd already be done, because it sounds like you're a person with a lot of motivation who works really hard because there are very few people who wouldn't have quit before 13 therapists. So that's a very good quality. The very fact that you've gone through all these therapists is a good sign for us. Nonetheless, it is difficult. Between here and there, there's going to be hell.",-1,0,-2,0,0,1,-0.3333333333333333
uriVBFB1oOI_3,"Right. So I figure our number one priority has to be to get you to stay alive through hell so that we can get to the life you want. And that's where we're at now. So we gotta have some sort of agreement. Not by writing a contract or because I'll fire you if you try to kill yourself, but because we both sort of have to face the fact that to get there you've gotta go through there, and to go through there you've gotta stay alive.","Right. So I figure our number one priority has to be to get you to stay alive through hell so that we can get to the life you want. And that's where we're at now. So we gotta have some sort of agreement. Not by writing a contract or because I'll fire you if you try to kill yourself, but because we both sort of have to face the fact that to get there you've gotta go through there, and to go through there you've gotta stay alive.",1,1,1,1,0,2,1.0
uriVBFB1oOI_5,"Okay, what?","Okay, what?",0,0,-2,0,0,2,0.0
uriVBFB1oOI_7,What are you going to do if I fail? If I break my promise?,What are you going to do if I fail? If I break my promise?,0,0,-2,0,0,2,0.0
uriVBFB1oOI_9,"So if I don't help you, you'll kill yourself.","So if I don't help you, you'll kill yourself.",-1,-1,-2,-1,-1,1,-0.8333333333333334
uriVBFB1oOI_11,"Okay, but if I do help you, you won't.","Okay, but if I do help you, you won't.",-1,-1,-2,-1,0,1,-0.6666666666666666
uriVBFB1oOI_13,"Okay, and how long you gonna give me to try?","Okay, and how long you gonna give me to try?",1,1,1,1,0,2,1.0
yNqaUMiU0Dk_1,"Hi, Kyle. How you doing today?","Hi, Kyle. How you doing today?",1,1,1,1,0,2,1.0
yNqaUMiU0Dk_3,Not bad. Thanks for asking. What brings you in?,Not bad. Thanks for asking. What brings you in?,0,0,-2,1,0,2,0.16666666666666666
yNqaUMiU0Dk_5,So you came into therapy today because your girlfriend pressured you.,So you came into therapy today because your girlfriend pressured you.,-1,-1,-2,1,0,1,-0.3333333333333333
yNqaUMiU0Dk_7,So you weighed the cost-benefit and decided to come in.,So you weighed the cost-benefit and decided to come in.,1,1,1,1,1,2,1.1666666666666667
yNqaUMiU0Dk_9,Her goal would be for you to stop smoking. Tell me what your goal is.,Her goal would be for you to stop smoking. Tell me what your goal is.,-1,0,-2,1,0,2,0.0
yNqaUMiU0Dk_11,So you don't have a goal of quitting smoking?,So you don't have a goal of quitting smoking?,1,1,1,1,1,2,1.1666666666666667
yNqaUMiU0Dk_13,Can you tell me about some of the other good things about smoking?,Can you tell me about some of the other good things about smoking?,-1,0,-2,1,0,2,0.0
yNqaUMiU0Dk_15,"So the way you're presenting it, smoking has been a positive thing in your life.","So the way you're presenting it, smoking has been a positive thing in your life.",1,1,1,1,1,2,1.1666666666666667
yNqaUMiU0Dk_17,Are there any negative aspects to smoking?,Are there any negative aspects to smoking?,1,1,1,1,1,2,1.1666666666666667
yNqaUMiU0Dk_19,So you don't seem like you're too worried about the negative aspects.,So you don't seem like you're too worried about the negative aspects.,1,1,1,1,0,2,1.0
yNqaUMiU0Dk_21,"On a scale of one to ten, where one is not important and ten is extremely important, how important is it to you to stop smoking?","On a scale of one to ten, where one is not important and ten is extremely important, how important is it to you to stop smoking?",-1,0,-2,1,0,2,0.0
yNqaUMiU0Dk_23,So not particularly important.,So not particularly important.,1,0,0,1,0,2,0.6666666666666666
yNqaUMiU0Dk_25,"On that same scale, how confident are you that you could quit smoking?","On that same scale, how confident are you that you could quit smoking?",1,1,1,1,0,2,1.0
yNqaUMiU0Dk_27,"So stopping smoking is not important to you, but you're fairly confident you could if you decided to.","So stopping smoking is not important to you, but you're fairly confident you could if you decided to.",1,1,1,1,1,2,1.1666666666666667
yNqaUMiU0Dk_29,"Based on that, what would be a goal? How could we spend this time so it would be productive?","Based on that, what would be a goal? How could we spend this time so it would be productive?",-1,-1,-2,-1,-1,1,-0.8333333333333334
yNqaUMiU0Dk_31,To help her understand why smoking works for you. Any other relational goals?,To help her understand why smoking works for you. Any other relational goals?,-1,-1,-2,1,0,1,-0.3333333333333333
yNqaUMiU0Dk_33,Productive communication and productive arguments.,Productive communication and productive arguments.,1,0,-2,1,0,2,0.3333333333333333
yNqaUMiU0Dk_35,"One goal would be to illustrate the advantages of smoking to your girlfriend, and another would be to work on your relational style so you can end an argument without feeling like you're at a stalemate.","One goal would be to illustrate the advantages of smoking to your girlfriend, and another would be to work on your relational style so you can end an argument without feeling like you're at a stalemate.",1,1,1,1,0,2,1.0
yNqaUMiU0Dk_37,Do you want to make those the goals we work on so we can spend this time productively?,Do you want to make those the goals we work on so we can spend this time productively?,0,0,-2,0,0,2,0.0
yNqaUMiU0Dk_39,Does that make sense to you?,Does that make sense to you?,1,1,1,1,0,2,1.0
yNqaUMiU0Dk_41,"Reflect on some changes you could make to be a more effective communicator, moving from arguments to conversations that have a positive result.","Reflect on some changes you could make to be a more effective communicator, moving from arguments to conversations that have a positive result.",-1,0,-2,0,0,1,-0.3333333333333333
yNqaUMiU0Dk_43,We'll talk about those different goals and small changes next time we meet.,We'll talk about those different goals and small changes next time we meet.,0,0,-2,0,0,2,0.0
yNqaUMiU0Dk_45,"Thanks for coming in, Kyle.","Thanks for coming in, Kyle.",-1,-1,-2,-1,-1,1,-0.8333333333333334
7De6VY8P9hY_1,"Hi, Nicole. How are you doing today?","Hi, Nicole. How are you doing today?",1,1,1,1,0,2,1.0
7De6VY8P9hY_3,"I'm doing well, thanks for asking. What brings you into our agency today?","I'm doing well, thanks for asking. What brings you into our agency today?",1,1,1,1,0,2,1.0
7De6VY8P9hY_5,Feeling anxious every time you go to work? What type of place do you work?,Feeling anxious every time you go to work? What type of place do you work?,-1,-1,-2,-1,-1,1,-0.8333333333333334
7De6VY8P9hY_7,"Work for an insurance company, and how long have you been feeling anxious there?","Work for an insurance company, and how long have you been feeling anxious there?",1,1,1,1,0,2,1.0
7De6VY8P9hY_9,Have you ever had anxiety like that at a previous employer or any other place?,Have you ever had anxiety like that at a previous employer or any other place?,1,1,1,1,0,2,1.0
7De6VY8P9hY_11,"So this is a somewhat familiar anxiety. Alright, tell me about the anxiety then.","So this is a somewhat familiar anxiety. Alright, tell me about the anxiety then.",-1,-1,-2,0,0,1,-0.5
7De6VY8P9hY_13,What is it that happens when you try to interact with them?,What is it that happens when you try to interact with them?,1,1,1,1,1,2,1.1666666666666667
7De6VY8P9hY_15,"Okay, so you have an office and they have separate offices and you find yourself maybe isolating a little bit?","Okay, so you have an office and they have separate offices and you find yourself maybe isolating a little bit?",-1,-1,-2,-1,-1,1,-0.8333333333333334
7De6VY8P9hY_17,"Alright, so what is your experience of the anxiety when you more or less have to interact with other people?","Alright, so what is your experience of the anxiety when you more or less have to interact with other people?",1,0,0,1,0,2,0.6666666666666666
7De6VY8P9hY_19,"Well, let's cover both. Let's start with what type of situations trigger it.","Well, let's cover both. Let's start with what type of situations trigger it.",-1,-1,-2,1,0,1,-0.3333333333333333
7De6VY8P9hY_21,"Do you ever have a desire to leave? Like if you're in a group, just to kind of exit the area?","Do you ever have a desire to leave? Like if you're in a group, just to kind of exit the area?",1,1,1,1,1,2,1.1666666666666667
7De6VY8P9hY_23,And how distressing is this for you? How disruptive is it to your functioning?,And how distressing is this for you? How disruptive is it to your functioning?,1,1,1,1,0,2,1.0
7De6VY8P9hY_25,So meetings and presentations in particular trigger the anxiety?,So meetings and presentations in particular trigger the anxiety?,-1,0,-2,0,0,2,-0.16666666666666666
7De6VY8P9hY_27,Can you tell me a little bit more about the physical symptoms? You mentioned your stomach hurt; any other symptoms you feel physically?,Can you tell me a little bit more about the physical symptoms? You mentioned your stomach hurt; any other symptoms you feel physically?,1,0,1,1,0,2,0.8333333333333334
7De6VY8P9hY_29,"When these anxiety episodes are more intense, are you worried about it happening again?","When these anxiety episodes are more intense, are you worried about it happening again?",-1,-1,-2,0,0,1,-0.5
7De6VY8P9hY_31,Tell me about the meetings. How many people are in a typical meeting?,Tell me about the meetings. How many people are in a typical meeting?,-1,-1,-2,0,0,1,-0.5
7De6VY8P9hY_33,"Alright, and how often are these meetings scheduled?","Alright, and how often are these meetings scheduled?",-1,-1,-2,0,0,1,-0.5
7De6VY8P9hY_35,"Alright, so some are unplanned?","Alright, so some are unplanned?",1,0,1,1,0,2,0.8333333333333334
7De6VY8P9hY_37,"So for the ones that are planned, you get anxious in advance of them?","So for the ones that are planned, you get anxious in advance of them?",1,0,0,1,0,2,0.6666666666666666
7De6VY8P9hY_39,"So the meetings trigger it generally. But there's other times where you're not anxious, like when you're isolated in the office. How about at home?","So the meetings trigger it generally. But there's other times where you're not anxious, like when you're isolated in the office. How about at home?",-1,-1,-2,0,0,1,-0.5
7De6VY8P9hY_41,"Alright, so really it's when you get up for work and start thinking about the work day, especially if there are meetings.","Alright, so really it's when you get up for work and start thinking about the work day, especially if there are meetings.",1,1,1,1,0,2,1.0
7De6VY8P9hY_43,You suffer the anxiety in advance of these planned meetings. How about the unplanned meetings?,You suffer the anxiety in advance of these planned meetings. How about the unplanned meetings?,1,0,0,1,0,2,0.6666666666666666
7De6VY8P9hY_45,"Alright, so both really cause anxiety that's really troubling you and you're suffering with.","Alright, so both really cause anxiety that's really troubling you and you're suffering with.",1,1,1,1,0,2,1.0
7De6VY8P9hY_47,"Alright. Nicole, I'm going to schedule you to see a counselor here. It'll probably be later this week. Would that be okay with you?","Alright. Nicole, I'm going to schedule you to see a counselor here. It'll probably be later this week. Would that be okay with you?",-1,-1,-2,0,0,1,-0.5
7De6VY8P9hY_49,"I'll take you out to the front, we'll get you scheduled and get you treated later on this week.","I'll take you out to the front, we'll get you scheduled and get you treated later on this week.",-1,-1,-2,-1,-1,1,-0.8333333333333334
7De6VY8P9hY_51,What you told me has been very helpful. I want to thank you for coming in.,What you told me has been very helpful. I want to thank you for coming in.,-1,0,-2,0,0,1,-0.3333333333333333
7LD8iC4NqXM_1,"Hi Lacey, nice to meet you. So I understand that you were referred here by your GP because you've been feeling quite down recently?","Hi Lacey, nice to meet you. So I understand that you were referred here by your GP because you've been feeling quite down recently?",0,0,-2,0,0,2,0.0
7LD8iC4NqXM_3,"Okay, so from your notes I saw that you saw the GP about three months ago. So how long have you been feeling down altogether?","Okay, so from your notes I saw that you saw the GP about three months ago. So how long have you been feeling down altogether?",1,1,1,1,0,2,1.0
7LD8iC4NqXM_5,"Okay, so has it got worse since you saw your GP?","Okay, so has it got worse since you saw your GP?",1,1,1,1,0,2,1.0
7LD8iC4NqXM_7,"Okay, so tell me how things are at the moment.","Okay, so tell me how things are at the moment.",1,1,1,1,0,2,1.0
7LD8iC4NqXM_9,"Okay, so you said that you're feeling really down, really sad, and you feel like you haven't got any motivation, but... are you okay?","Okay, so you said that you're feeling really down, really sad, and you feel like you haven't got any motivation, but... are you okay?",1,1,1,1,0,2,1.0
7LD8iC4NqXM_11,"Okay. And you haven't got any motivation, but it sounds like you're putting quite a lot of pressure on yourself to try and feel a bit better.","Okay. And you haven't got any motivation, but it sounds like you're putting quite a lot of pressure on yourself to try and feel a bit better.",1,1,1,1,1,2,1.1666666666666667
7LD8iC4NqXM_13,"So you say you've been feeling quite isolated, there's not many people around.","So you say you've been feeling quite isolated, there's not many people around.",1,1,1,2,1,2,1.3333333333333333
7LD8iC4NqXM_15,"Okay, so I'm just going to try and find out a little bit more about you. So I understand that you're an English student at Uni?","Okay, so I'm just going to try and find out a little bit more about you. So I understand that you're an English student at Uni?",1,0,-2,1,0,2,0.3333333333333333
7LD8iC4NqXM_17,"And you live away from home with some friends, is that right?","And you live away from home with some friends, is that right?",-1,0,-2,1,0,2,0.0
7LD8iC4NqXM_19,"Okay, so you don't live far from the Uni. But you say you feel like you live with your friends, but you don't feel like you can talk to them.","Okay, so you don't live far from the Uni. But you say you feel like you live with your friends, but you don't feel like you can talk to them.",1,1,1,1,1,2,1.1666666666666667
7LD8iC4NqXM_21,"Okay, so it sounds like you try and hide the way you're feeling from them.","Okay, so it sounds like you try and hide the way you're feeling from them.",1,1,1,1,1,2,1.1666666666666667
7LD8iC4NqXM_23,"Okay, so it sounds like you've been feeling down, you've been feeling unmotivated, you feel like you want to be better, but actually it sounds like you feel like you can't reach out for help, you can't speak to anybody.","Okay, so it sounds like you've been feeling down, you've been feeling unmotivated, you feel like you want to be better, but actually it sounds like you feel like you can't reach out for help, you can't speak to anybody.",1,1,1,1,1,2,1.1666666666666667
7LD8iC4NqXM_25,"Okay, I'm just going to go back in time a little bit. I suppose I'm just wondering when did all of this start? You said it's been going on for quite a few months.","Okay, I'm just going to go back in time a little bit. I suppose I'm just wondering when did all of this start? You said it's been going on for quite a few months.",1,1,1,1,1,2,1.1666666666666667
7LD8iC4NqXM_27,"Okay, so this would be like last March, last April?","Okay, so this would be like last March, last April?",1,1,1,1,0,2,1.0
7LD8iC4NqXM_29,"Around that time. So about six months ish. And it sounds like a lot was happening. So you had a lot of Uni pressure on, and you said that your parents were having marital problems.","Around that time. So about six months ish. And it sounds like a lot was happening. So you had a lot of Uni pressure on, and you said that your parents were having marital problems.",-1,0,-2,1,0,2,0.0
7LD8iC4NqXM_31,"Okay, and it sounds like that was a real shock to you.","Okay, and it sounds like that was a real shock to you.",1,1,1,1,1,2,1.1666666666666667
7LD8iC4NqXM_33,"Okay, so it sounds like you were trying to work hard and be more successful because you thought that that would make them happier and try and fix things.","Okay, so it sounds like you were trying to work hard and be more successful because you thought that that would make them happier and try and fix things.",-1,-1,-2,1,0,2,-0.16666666666666666
7LD8iC4NqXM_35,How did it backfire?,How did it backfire?,1,1,1,1,0,2,1.0
7LD8iC4NqXM_37,"Okay, so after the summer, after the exam period, and how did that exam period go for you in the end?","Okay, so after the summer, after the exam period, and how did that exam period go for you in the end?",1,0,0,1,0,2,0.6666666666666666
7LD8iC4NqXM_39,That's an awful lot of pressure to put on yourself to think...,That's an awful lot of pressure to put on yourself to think...,-1,1,-2,1,1,2,0.3333333333333333
7LD8iC4NqXM_41,"So you say ""I know, I know I should have done better"". I mean, I suppose hearing it from my perspective, I'm thinking it sounds like you had an awful lot going on at the time and it would be understandable absolutely that you wouldn't do as well as normal. I suppose I'm just wondering if you have very high standards for yourself.","So you say ""I know, I know I should have done better"". I mean, I suppose hearing it from my perspective, I'm thinking it sounds like you had an awful lot going on at the time and it would be understandable absolutely that you wouldn't do as well as normal. I suppose I'm just wondering if you have very high standards for yourself.",1,1,1,1,1,2,1.1666666666666667
7LD8iC4NqXM_43,"So it sounds like you feel you should always do your best, ""always"" was the word you used. And that there isn't any kind of exceptions for that.","So it sounds like you feel you should always do your best, ""always"" was the word you used. And that there isn't any kind of exceptions for that.",1,1,1,1,1,2,1.1666666666666667
7LD8iC4NqXM_45,"Okay. So I can see then that was a really difficult time for you and that was when your mood started to get lower. And things are still quite bad now. I mean, what's the situation with your parents at the moment?","Okay. So I can see then that was a really difficult time for you and that was when your mood started to get lower. And things are still quite bad now. I mean, what's the situation with your parents at the moment?",1,1,1,1,1,2,1.1666666666666667
7LD8iC4NqXM_47,Were you home over the summer?,Were you home over the summer?,1,1,1,1,0,2,1.0
7LD8iC4NqXM_49,And how was that?,And how was that?,1,1,1,1,1,2,1.1666666666666667
7LD8iC4NqXM_51,"Okay. Okay, so it sounds then like quite a lot has been happening. You've been feeling very low. You've had Uni pressure on. You've had problems with your parents' marriage. And sounds like you feel like you can't really reach out to anyone. Like you can't... I understand you can't really reach out to your parents right now. You can't really confide in your friends. So I suppose I'm just wondering if you can tell me a bit more about how you've been feeling, I mean say this past week.","Okay. Okay, so it sounds then like quite a lot has been happening. You've been feeling very low. You've had Uni pressure on. You've had problems with your parents' marriage. And sounds like you feel like you can't really reach out to anyone. Like you can't... I understand you can't really reach out to your parents right now. You can't really confide in your friends. So I suppose I'm just wondering if you can tell me a bit more about how you've been feeling, I mean say this past week.",-1,0,-2,1,0,2,0.0
7LD8iC4NqXM_53,"Right. So I suppose I'm just wondering then, if we can think about one thing, say a lecture. What kind of thoughts do you have about going to that lecture before it happens?","Right. So I suppose I'm just wondering then, if we can think about one thing, say a lecture. What kind of thoughts do you have about going to that lecture before it happens?",-1,0,-2,0,0,2,-0.16666666666666666
7LD8iC4NqXM_55,"Okay, so it sounds like the kind of thoughts you've got in your head are ""it's pointless"", ""it's not worth it"". Do you have any other thoughts in your head when you're just at that point before you go to the lecture?","Okay, so it sounds like the kind of thoughts you've got in your head are ""it's pointless"", ""it's not worth it"". Do you have any other thoughts in your head when you're just at that point before you go to the lecture?",1,1,1,1,1,2,1.1666666666666667
7LD8iC4NqXM_57,So it sounds like you feel like you're not as good as other people here.,So it sounds like you feel like you're not as good as other people here.,1,1,1,1,1,2,1.1666666666666667
7LD8iC4NqXM_59,"Okay. I'm just, sorry, is it okay if I take notes as we go through? It's just I'm trying to I guess understand what you're telling me and it helps me just to write it down, and I'll share this with you later. Okay, so it sounds like those are some quite negative thoughts to have. You're kind of saying, you know, ""it feels like it's pointless"", ""it's more effort than it's worth"", ""I don't deserve to be here"", ""I'm unworthy"". Those kind of thoughts, it sounds like they just flit through your mind. And then you're kind of describing different emotions that those lead to. You've described sad, anger, frustration, embarrassed. What about in your body, what happens? How do you feel kind of physically?","Okay. I'm just, sorry, is it okay if I take notes as we go through? It's just I'm trying to I guess understand what you're telling me and it helps me just to write it down, and I'll share this with you later. Okay, so it sounds like those are some quite negative thoughts to have. You're kind of saying, you know, ""it feels like it's pointless"", ""it's more effort than it's worth"", ""I don't deserve to be here"", ""I'm unworthy"". Those kind of thoughts, it sounds like they just flit through your mind. And then you're kind of describing different emotions that those lead to. You've described sad, anger, frustration, embarrassed. What about in your body, what happens? How do you feel kind of physically?",1,1,1,1,1,2,1.1666666666666667
7LD8iC4NqXM_61,"So it sounds like this is affecting... it's draining you of your energy, like your body can't be bothered. I think that's a really good way of describing it. And you're noticing sleep problems as well. And then what do you do? So this is, say we're back to the point before the lecture. So you start having these thoughts, these emotions, and you know your body I guess it sounds like those thoughts are quite draining so they'd be draining your energy. What then happens? What do you do next?","So it sounds like this is affecting... it's draining you of your energy, like your body can't be bothered. I think that's a really good way of describing it. And you're noticing sleep problems as well. And then what do you do? So this is, say we're back to the point before the lecture. So you start having these thoughts, these emotions, and you know your body I guess it sounds like those thoughts are quite draining so they'd be draining your energy. What then happens? What do you do next?",0,0,-2,1,0,2,0.16666666666666666
7LD8iC4NqXM_63,"So you think even more about those kind of worries that you have, so you do a bit of dwelling and you stay in bed. And it sounds like you don't, you haven't tried speaking to your friends about it, or speaking to family.","So you think even more about those kind of worries that you have, so you do a bit of dwelling and you stay in bed. And it sounds like you don't, you haven't tried speaking to your friends about it, or speaking to family.",1,1,1,1,1,2,1.1666666666666667
7LD8iC4NqXM_65,"Okay. And then after you've done that, so after you've not gone to the lecture, you've stayed in bed, you've kind of spent time as you said focusing on those thoughts, those negative thoughts. How do you feel after that? Do you feel better or do you feel worse?","Okay. And then after you've done that, so after you've not gone to the lecture, you've stayed in bed, you've kind of spent time as you said focusing on those thoughts, those negative thoughts. How do you feel after that? Do you feel better or do you feel worse?",-1,0,-2,0,0,1,-0.3333333333333333
7LD8iC4NqXM_67,So it sounds like in some ways it's a bit of a relief to do that.,So it sounds like in some ways it's a bit of a relief to do that.,1,1,1,1,1,2,1.1666666666666667
7LD8iC4NqXM_69,But in other ways maybe you think it might make things worse.,But in other ways maybe you think it might make things worse.,1,1,1,1,0,2,1.0
9cYeZdKeXsc_2,"Hello, Sophia. How are you doing today?","Hello, Sophia. How are you doing today?",-1,0,-2,0,0,2,-0.16666666666666666
9cYeZdKeXsc_4,"I'm doing well, thanks for asking. I saw you last time a week ago, and I know you had some concerns with employment. But first, before we get into that, I wanted to check in to see how you're doing emotionally. I know from last week, on a scale of one to ten, you said your depression was about seven. How is it today?","I'm doing well, thanks for asking. I saw you last time a week ago, and I know you had some concerns with employment. But first, before we get into that, I wanted to check in to see how you're doing emotionally. I know from last week, on a scale of one to ten, you said your depression was about seven. How is it today?",1,1,1,1,0,2,1.0
9cYeZdKeXsc_6,"Alright, so you're having some concerns about full-time work and that level of energy you'd have to exert and that commitment.","Alright, so you're having some concerns about full-time work and that level of energy you'd have to exert and that commitment.",1,1,1,1,0,2,1.0
9cYeZdKeXsc_7,"Alright, so would it be okay today if we kind of structured what we're going to do for the session? If it's okay with you, I'd like to talk about that and get some more details about what's going on this week and your feelings surrounding that. I'd like to talk about your core beliefs that might be contributing to some of these feelings of depression. And then for the last part, we'll work on some interventions to try to help you with what's going on at work and with your depressed mood. We can make changes to this as needed, but I just want to start with an outline.","Alright, so would it be okay today if we kind of structured what we're going to do for the session? If it's okay with you, I'd like to talk about that and get some more details about what's going on this week and your feelings surrounding that. I'd like to talk about your core beliefs that might be contributing to some of these feelings of depression. And then for the last part, we'll work on some interventions to try to help you with what's going on at work and with your depressed mood. We can make changes to this as needed, but I just want to start with an outline.",0,0,-2,0,0,2,0.0
9cYeZdKeXsc_8,Does that make sense?,Does that make sense?,1,1,1,1,0,2,1.0
9cYeZdKeXsc_10,"Okay, great. So tell me a little bit more about what's going on with the work.","Okay, great. So tell me a little bit more about what's going on with the work.",1,1,1,1,0,2,1.0
9cYeZdKeXsc_12,"So the latter part of the day is more of a struggle for you, the latter part of the work day.","So the latter part of the day is more of a struggle for you, the latter part of the work day.",1,1,-2,1,1,2,0.6666666666666666
9cYeZdKeXsc_14,"So getting up in the morning, getting to work on time, you do okay with that?","So getting up in the morning, getting to work on time, you do okay with that?",0,0,0,1,0,2,0.5
9cYeZdKeXsc_16,"So the work program you're in now, you work in the morning?","So the work program you're in now, you work in the morning?",1,1,1,1,0,2,1.0
9cYeZdKeXsc_18,What hours are you there?,What hours are you there?,-1,-1,-2,0,0,1,-0.5
9cYeZdKeXsc_20,And there's some work you have to do in the afternoon?,And there's some work you have to do in the afternoon?,-1,-1,-2,-1,-1,1,-0.8333333333333334
9cYeZdKeXsc_22,Thinking about it's exhausting. Can you tell me what type of thoughts you're having as you...,Thinking about it's exhausting. Can you tell me what type of thoughts you're having as you...,-1,0,-2,0,0,1,-0.3333333333333333
Ac0aZgha6Fk_1,"Yes, you really get where they're coming from. You really understand the suffering involved.","Yes, you really get where they're coming from. You really understand the suffering involved.",-1,-1,-2,1,0,2,-0.16666666666666666
Ac0aZgha6Fk_3,"Well, let's talk about that. So you're in a position where you have to make some decisions about people's lives. And sometimes those decisions result in people being separated from their family, sometimes they don't.","Well, let's talk about that. So you're in a position where you have to make some decisions about people's lives. And sometimes those decisions result in people being separated from their family, sometimes they don't.",-1,-1,-2,1,-1,1,-0.5
Ac0aZgha6Fk_4,"Are you really the cause? In the larger picture, are you really the cause of these families being broken up?","Are you really the cause? In the larger picture, are you really the cause of these families being broken up?",-1,-1,-2,1,1,1,-0.16666666666666666
Ac0aZgha6Fk_6,"Right, you're the immediate cause, kind of at the end of the whole process. But the true cause happened years or months before you got there as people made decisions that maybe weren't the best for their children or for themselves.","Right, you're the immediate cause, kind of at the end of the whole process. But the true cause happened years or months before you got there as people made decisions that maybe weren't the best for their children or for themselves.",-1,-1,-2,1,-1,1,-0.5
Ac0aZgha6Fk_7,"So you're really coming in, to some extent, at the tail end of a long series of behavioral choices.","So you're really coming in, to some extent, at the tail end of a long series of behavioral choices.",1,0,-2,1,0,2,0.3333333333333333
Ac0aZgha6Fk_9,"Ultimately, for this family that you're worried about, looking at it with a long-term lens, do you think the children are better off because they're not with that family right now?","Ultimately, for this family that you're worried about, looking at it with a long-term lens, do you think the children are better off because they're not with that family right now?",1,1,1,1,1,2,1.1666666666666667
Ac0aZgha6Fk_11,"So immediately there's some pain because you have to break up the family, but in the long run, maybe there's a better result.","So immediately there's some pain because you have to break up the family, but in the long run, maybe there's a better result.",-1,-1,-2,1,1,2,0.0
Ac0aZgha6Fk_13,"Even with that though, let's talk about the concern you have about making a poor decision. Based on what you're describing, do you believe this was actually a poor decision?","Even with that though, let's talk about the concern you have about making a poor decision. Based on what you're describing, do you believe this was actually a poor decision?",1,1,1,1,1,2,1.1666666666666667
Ac0aZgha6Fk_15,"Yeah, it feels like it is, and it was a tough decision.","Yeah, it feels like it is, and it was a tough decision.",1,1,1,1,1,2,1.1666666666666667
Ac0aZgha6Fk_17,"But looking at it in the way that the evidence suggests, maybe you can appreciate that you might have had to do the same thing even if you went back in time.","But looking at it in the way that the evidence suggests, maybe you can appreciate that you might have had to do the same thing even if you went back in time.",-1,-1,-2,0,0,1,-0.5
Ac0aZgha6Fk_19,So you really did what you had to do.,So you really did what you had to do.,-1,-1,-2,-1,-1,1,-0.8333333333333334
Ac0aZgha6Fk_21,"But because there's still a pain component there for them, you're feeling torn.","But because there's still a pain component there for them, you're feeling torn.",1,1,1,1,1,2,1.1666666666666667
Ac0aZgha6Fk_23,And you don't want to go through this again.,And you don't want to go through this again.,-1,-1,-2,0,-1,1,-0.6666666666666666
Ac0aZgha6Fk_25,"But doing your job in a world where you could make a mistake, that's not as appealing.","But doing your job in a world where you could make a mistake, that's not as appealing.",1,0,-2,1,0,2,0.3333333333333333
Ac0aZgha6Fk_27,"So in this particular instance, based on what you're saying, it doesn't seem like a mistake. Let's consider a situation where you did make a mistake.","So in this particular instance, based on what you're saying, it doesn't seem like a mistake. Let's consider a situation where you did make a mistake.",1,1,1,1,1,2,1.1666666666666667
Ac0aZgha6Fk_29,"Now that would be the worst case, right? We're just taking things to the worst-case scenario. Your fear here is that, regardless of what already happened, going forward you'd be mortified to make an error.","Now that would be the worst case, right? We're just taking things to the worst-case scenario. Your fear here is that, regardless of what already happened, going forward you'd be mortified to make an error.",-1,-1,-2,0,0,1,-0.5
Ac0aZgha6Fk_31,"Because this pain you're feeling right now is just unbearable, and it's thrown everything into chaos for you.","Because this pain you're feeling right now is just unbearable, and it's thrown everything into chaos for you.",1,1,1,1,1,2,1.1666666666666667
Ac0aZgha6Fk_32,"So looking around where you work and the history of your profession, what's a mistake you see people make from time to time that you would be frightened of?","So looking around where you work and the history of your profession, what's a mistake you see people make from time to time that you would be frightened of?",1,1,1,1,1,2,1.1666666666666667
Ac0aZgha6Fk_34,And then someone's hurt.,And then someone's hurt.,-1,0,-2,1,0,2,0.0
EtVJr05akR4_1,"Good afternoon, Bruce. I'm glad you could make it in today. Last week, we discussed ways you could cut down or extinguish marijuana use. How did you feel about our talk last week?","Good afternoon, Bruce. I'm glad you could make it in today. Last week, we discussed ways you could cut down or extinguish marijuana use. How did you feel about our talk last week?",-1,0,-2,0,0,1,-0.3333333333333333
EtVJr05akR4_3,Just okay?,Just okay?,-1,-1,-2,-1,-1,1,-0.8333333333333334
EtVJr05akR4_5,"We developed four strategies: running more, staying away from certain friends, getting a pet, and joining a support group. How did you make out with the running?","We developed four strategies: running more, staying away from certain friends, getting a pet, and joining a support group. How did you make out with the running?",1,1,1,1,1,2,1.1666666666666667
EtVJr05akR4_7,So the weather took away from your motivation to go running?,So the weather took away from your motivation to go running?,1,1,1,1,1,2,1.1666666666666667
EtVJr05akR4_9,What could you have done to get in the mood?,What could you have done to get in the mood?,1,1,1,1,1,2,1.1666666666666667
EtVJr05akR4_11,Did not exercising make a difference in your marijuana usage this week?,Did not exercising make a difference in your marijuana usage this week?,1,0,0,1,0,2,0.6666666666666666
EtVJr05akR4_13,How do you tie those two things together?,How do you tie those two things together?,0,0,-2,0,0,2,0.0
EtVJr05akR4_15,How could you change your perception about the rain so it doesn't stop you from running?,How could you change your perception about the rain so it doesn't stop you from running?,-1,-1,-2,0,-1,1,-0.6666666666666666
EtVJr05akR4_17,That's a great idea. The other goal was staying away from friends who are bad influences. How did that go?,That's a great idea. The other goal was staying away from friends who are bad influences. How did that go?,-1,-1,-2,0,0,1,-0.5
EtVJr05akR4_19,It sounds like it was difficult to cut them out of your life. Can you tell me what was difficult about it?,It sounds like it was difficult to cut them out of your life. Can you tell me what was difficult about it?,-1,-1,-2,0,0,1,-0.5
EtVJr05akR4_21,"And as a result, what happened?","And as a result, what happened?",1,1,1,1,0,2,1.0
EtVJr05akR4_23,"Because you were worried about hurting their feelings, you ended up using marijuana, correct?","Because you were worried about hurting their feelings, you ended up using marijuana, correct?",-1,1,-2,1,0,2,0.16666666666666666
EtVJr05akR4_25,How could you do that differently this week?,How could you do that differently this week?,-1,0,-2,0,0,1,-0.3333333333333333
EtVJr05akR4_27,Do you have any friends who do not use marijuana that you could associate with?,Do you have any friends who do not use marijuana that you could associate with?,-1,-1,-2,0,0,1,-0.5
EtVJr05akR4_29,"On a scale of 1 to 10, how motivated are you to reignite those friendships?","On a scale of 1 to 10, how motivated are you to reignite those friendships?",1,1,1,1,1,2,1.1666666666666667
EtVJr05akR4_31,What made you say 3 instead of 1?,What made you say 3 instead of 1?,1,1,1,1,0,2,1.0
EtVJr05akR4_33,What kind of activities did you do with those healthy friends in the past?,What kind of activities did you do with those healthy friends in the past?,1,0,1,1,0,2,0.8333333333333334
EtVJr05akR4_35,So you can recall a healthier life overall without using pot.,So you can recall a healthier life overall without using pot.,1,1,0,1,0,2,0.8333333333333334
EtVJr05akR4_37,The other goal was to get a pet dog. How did you make out with that?,The other goal was to get a pet dog. How did you make out with that?,1,1,1,1,1,2,1.1666666666666667
EtVJr05akR4_39,Recognizing that is wise. Would you consider a different pet that doesn't require such a commitment?,Recognizing that is wise. Would you consider a different pet that doesn't require such a commitment?,1,1,1,1,1,2,1.1666666666666667
EtVJr05akR4_41,Maybe an animal like a snake or a fish. Are those animals you like?,Maybe an animal like a snake or a fish. Are those animals you like?,1,1,1,1,1,2,1.1666666666666667
EtVJr05akR4_43,The final goal was to join a support group. How did you make out with that?,The final goal was to join a support group. How did you make out with that?,-1,0,-2,0,0,2,-0.16666666666666666
EtVJr05akR4_45,So you left early because you didn't feel you fit in?,So you left early because you didn't feel you fit in?,1,1,1,1,1,2,1.1666666666666667
EtVJr05akR4_47,What might be some positives you would get out of a support group?,What might be some positives you would get out of a support group?,1,1,1,1,0,2,1.0
EtVJr05akR4_49,You mentioned playing hockey as a kid. Could you see a support group as a team?,You mentioned playing hockey as a kid. Could you see a support group as a team?,1,1,1,2,1,2,1.3333333333333333
EtVJr05akR4_51,Do you remember how it felt to be on that team?,Do you remember how it felt to be on that team?,1,1,1,1,0,2,1.0
EtVJr05akR4_53,How committed are you to trying two support groups this week if I send you a list?,How committed are you to trying two support groups this week if I send you a list?,1,1,1,1,0,2,1.0
EtVJr05akR4_55,"Wow, why an 8 instead of a 4 or 5?","Wow, why an 8 instead of a 4 or 5?",1,1,1,1,1,2,1.1666666666666667
EtVJr05akR4_57,"I love that analogy. To summarize, you'll run rain or shine, embrace positive friends, look into a pet like a fish, and try two support groups. Overall, how would you rate today's session?","I love that analogy. To summarize, you'll run rain or shine, embrace positive friends, look into a pet like a fish, and try two support groups. Overall, how would you rate today's session?",1,0,-2,1,0,2,0.3333333333333333
EtVJr05akR4_59,On a scale of 1 to 10?,On a scale of 1 to 10?,1,1,1,1,0,2,1.0
EtVJr05akR4_61,We did good then. I'll see you next week and check in on these goals. Way to go.,We did good then. I'll see you next week and check in on these goals. Way to go.,0,0,-2,0,0,2,0.0
H8CJxNP0nv8_1,"Hi, I appreciate your participation in the intake so far. I want to change to a new section, if that's okay with you. And this section is on substance use. Is that an area you feel comfortable discussing?","Hi, I appreciate your participation in the intake so far. I want to change to a new section, if that's okay with you. And this section is on substance use. Is that an area you feel comfortable discussing?",0,0,-2,0,0,2,0.0
H8CJxNP0nv8_3,"Alright. So, are there any substances that you currently use?","Alright. So, are there any substances that you currently use?",0,0,-2,0,0,2,0.0
H8CJxNP0nv8_5,Can you tell me how often you drink?,Can you tell me how often you drink?,1,0,0,1,0,2,0.6666666666666666
H8CJxNP0nv8_7,And what are you drinking?,And what are you drinking?,1,1,1,1,0,2,1.0
H8CJxNP0nv8_9,Do you know what size?,Do you know what size?,1,1,1,1,0,2,1.0
H8CJxNP0nv8_11,Three bottles of beer a day?,Three bottles of beer a day?,1,1,1,1,0,2,1.0
H8CJxNP0nv8_13,And how much time does it take you to consume those?,And how much time does it take you to consume those?,1,0,0,1,0,2,0.6666666666666666
H8CJxNP0nv8_15,"So, every day, three beers in about two hours?","So, every day, three beers in about two hours?",-1,-1,-2,0,0,1,-0.5
H8CJxNP0nv8_17,Is that do anything to you in terms of your mood or feeling?,Is that do anything to you in terms of your mood or feeling?,1,1,1,1,0,2,1.0
H8CJxNP0nv8_19,So it's relaxing for you?,So it's relaxing for you?,1,1,1,1,1,2,1.1666666666666667
H8CJxNP0nv8_21,Has it ever gotten you into any type of trouble?,Has it ever gotten you into any type of trouble?,0,0,-2,0,0,2,0.0
H8CJxNP0nv8_23,Alright. Is there any other areas where it might disrupt functioning?,Alright. Is there any other areas where it might disrupt functioning?,-1,0,-2,0,0,2,-0.16666666666666666
H8CJxNP0nv8_25,"Alright. So, three bottles of beer pretty much every day?","Alright. So, three bottles of beer pretty much every day?",-1,-1,-2,0,0,1,-0.5
H8CJxNP0nv8_27,Has there ever been a time when you've consumed more or less on a particular day?,Has there ever been a time when you've consumed more or less on a particular day?,1,0,1,1,0,2,0.8333333333333334
H8CJxNP0nv8_29,You'll have a few more?,You'll have a few more?,1,1,1,1,0,2,1.0
H8CJxNP0nv8_31,And how long have you been drinking alcohol?,And how long have you been drinking alcohol?,1,0,1,1,0,2,0.8333333333333334
H8CJxNP0nv8_33,Around 17?,Around 17?,0,0,0,0,0,2,0.3333333333333333
H8CJxNP0nv8_35,"Now you mentioned beer, have you ever consumed any other type of alcohol?","Now you mentioned beer, have you ever consumed any other type of alcohol?",-1,-1,-2,0,0,2,-0.3333333333333333
H8CJxNP0nv8_37,Back towards beer?,Back towards beer?,-1,-1,-2,0,0,1,-0.5
H8CJxNP0nv8_39,Any other substances that you use currently?,Any other substances that you use currently?,0,0,-2,0,0,2,0.0
H8CJxNP0nv8_41,Is that pretty much just weekends?,Is that pretty much just weekends?,1,1,1,1,1,2,1.1666666666666667
H8CJxNP0nv8_43,Alright. When did you first start using marijuana?,Alright. When did you first start using marijuana?,1,0,1,1,0,2,0.8333333333333334
H8CJxNP0nv8_45,About two years ago?,About two years ago?,1,0,0,1,0,2,0.6666666666666666
H8CJxNP0nv8_47,"And on the weekends, sometimes other times?","And on the weekends, sometimes other times?",1,1,1,1,0,2,1.0
H8CJxNP0nv8_49,"So mostly on the weekends, occasionally during the week. Has it ever led to any trouble or change in functioning?","So mostly on the weekends, occasionally during the week. Has it ever led to any trouble or change in functioning?",1,1,1,1,0,2,1.0
H8CJxNP0nv8_51,"Have you ever tried to cut down on the substance use, alcohol or marijuana?","Have you ever tried to cut down on the substance use, alcohol or marijuana?",0,0,0,1,0,2,0.5
H8CJxNP0nv8_53,So you think perhaps the alcohol use is connected to the stress of your job?,So you think perhaps the alcohol use is connected to the stress of your job?,1,0,0,1,0,2,0.6666666666666666
H8CJxNP0nv8_55,Alright. Have you ever been annoyed by people that perhaps criticize your substance use?,Alright. Have you ever been annoyed by people that perhaps criticize your substance use?,1,1,1,1,0,2,1.0
H8CJxNP0nv8_57,And that bothers you?,And that bothers you?,-1,-1,-2,0,0,1,-0.5
H8CJxNP0nv8_59,Have you ever felt bad or guilty about your substance use?,Have you ever felt bad or guilty about your substance use?,-1,-1,-2,0,0,1,-0.5
H8CJxNP0nv8_61,Alright. Have you ever had to drink or use drugs first thing in the morning to steady your nerves or to lessen the effects of a hangover?,Alright. Have you ever had to drink or use drugs first thing in the morning to steady your nerves or to lessen the effects of a hangover?,1,1,1,1,1,2,1.1666666666666667
H8CJxNP0nv8_63,So on occasion that happens?,So on occasion that happens?,-1,0,-2,0,0,2,-0.16666666666666666
H8CJxNP0nv8_65,"So alcohol and marijuana, two substances you currently use. Can you tell me about substances you've used in the past?","So alcohol and marijuana, two substances you currently use. Can you tell me about substances you've used in the past?",0,0,0,1,0,2,0.5
H8CJxNP0nv8_67,So you discontinued?,So you discontinued?,0,0,-2,1,0,2,0.16666666666666666
H8CJxNP0nv8_69,Any other substances or just those two?,Any other substances or just those two?,0,0,0,1,0,2,0.5
H8CJxNP0nv8_71,Do you have a family history of substance use?,Do you have a family history of substance use?,-1,-1,-2,0,0,1,-0.5
H8CJxNP0nv8_73,Any other history?,Any other history?,1,0,1,1,0,2,0.8333333333333334
H8CJxNP0nv8_75,"Before I move to the next section of the intake, is there anything else you want to add or any other comments you want to make about this section?","Before I move to the next section of the intake, is there anything else you want to add or any other comments you want to make about this section?",-1,0,-2,0,0,1,-0.3333333333333333
H8CJxNP0nv8_77,Does that cover it pretty well?,Does that cover it pretty well?,1,1,1,1,0,2,1.0
H8CJxNP0nv8_79,"I appreciate you answering these questions and if you're okay, I'm going to move to the next section of the intake.","I appreciate you answering these questions and if you're okay, I'm going to move to the next section of the intake.",-1,-1,-2,0,0,1,-0.5
I1F4hvfRC50_1,"Eric, I see you did the homework this week.","Eric, I see you did the homework this week.",-1,-1,-2,-1,-1,-1,-1.1666666666666667
I1F4hvfRC50_3,That's great. Let me take a look at it. Why don't you walk me through this?,That's great. Let me take a look at it. Why don't you walk me through this?,0,0,-2,0,0,2,0.0
I1F4hvfRC50_5,Exactly.,Exactly.,1,0,0,1,0,2,0.6666666666666666
I1F4hvfRC50_7,"I hear you. So I think you did a great job filling out the three columns. What I'd like to do today is move on to the fourth column, which is the rational response. We want to take an alternative point of view here. To help you do that, there are a couple of questions you can ask yourself. One is, what's the evidence for the thought, and the other is, what's the evidence against the thought?","I hear you. So I think you did a great job filling out the three columns. What I'd like to do today is move on to the fourth column, which is the rational response. We want to take an alternative point of view here. To help you do that, there are a couple of questions you can ask yourself. One is, what's the evidence for the thought, and the other is, what's the evidence against the thought?",-1,-1,-2,0,0,1,-0.5
I1F4hvfRC50_9,So which of those thoughts do you want to focus on? Because you had several there.,So which of those thoughts do you want to focus on? Because you had several there.,1,1,1,1,1,2,1.1666666666666667
I1F4hvfRC50_11,What's the point in trying? That sounds good. So what's the evidence for the thought?,What's the point in trying? That sounds good. So what's the evidence for the thought?,1,1,1,1,1,2,1.1666666666666667
I1F4hvfRC50_13,"Well, let's get this down.","Well, let's get this down.",-1,-1,-2,-1,-1,1,-0.8333333333333334
I1F4hvfRC50_15,"Well, it sounds like you have a lot of evidence supporting the thought. Anything else?","Well, it sounds like you have a lot of evidence supporting the thought. Anything else?",-1,0,-2,1,0,2,0.0
I1F4hvfRC50_17,Right. So let's tackle the other question. What's the evidence against the thought?,Right. So let's tackle the other question. What's the evidence against the thought?,1,0,-2,1,0,2,0.3333333333333333
I1F4hvfRC50_19,"Yeah, the evidence against 'what's the point.' It's kind of tough coming up with something. A lot of people when they get depressed have difficulty coming up with evidence opposing that particular thought. It seems like you were able to come up with a lot of evidence supporting the thought. Let's see if we can put our heads together and maybe come up with some evidence against the thought. I can ask you a couple of questions that might help you. Is there a time when you weren't depressed when you went and started working?","Yeah, the evidence against 'what's the point.' It's kind of tough coming up with something. A lot of people when they get depressed have difficulty coming up with evidence opposing that particular thought. It seems like you were able to come up with a lot of evidence supporting the thought. Let's see if we can put our heads together and maybe come up with some evidence against the thought. I can ask you a couple of questions that might help you. Is there a time when you weren't depressed when you went and started working?",-1,0,-2,0,0,1,-0.3333333333333333
I1F4hvfRC50_21,And so what went well about it? Can you be more specific?,And so what went well about it? Can you be more specific?,1,1,1,1,0,2,1.0
I1F4hvfRC50_23,That sounds like good evidence to me. Why don't you put that down?,That sounds like good evidence to me. Why don't you put that down?,1,1,0,1,0,2,0.8333333333333334
I1F4hvfRC50_25,So what did you write down?,So what did you write down?,0,0,0,1,0,2,0.5
I1F4hvfRC50_27,Okay. Is there any other time when you weren't depressed that you felt good about yourself and what you were doing?,Okay. Is there any other time when you weren't depressed that you felt good about yourself and what you were doing?,1,1,1,1,0,2,1.0
I1F4hvfRC50_29,And what was that like?,And what was that like?,1,1,1,1,0,2,1.0
I1F4hvfRC50_31,"Sounds important to me. Hard worker, had a lot of friends. Anything else?","Sounds important to me. Hard worker, had a lot of friends. Anything else?",-1,-1,-2,1,0,1,-0.3333333333333333
I1F4hvfRC50_33,"Right. But I think it's important to look at the evidence for and the evidence against. So that's clearly evidence against the thought, right?","Right. But I think it's important to look at the evidence for and the evidence against. So that's clearly evidence against the thought, right?",-1,-1,-2,0,-1,1,-0.6666666666666666
I1F4hvfRC50_35,So why don't you read through both the evidence for and the evidence against and tell me what you think?,So why don't you read through both the evidence for and the evidence against and tell me what you think?,-1,-1,-2,1,0,1,-0.3333333333333333
I1F4hvfRC50_37,"So let's come back to that original thought that you had, 'what's the point.' How much did you believe that on a scale of 0 to 100?","So let's come back to that original thought that you had, 'what's the point.' How much did you believe that on a scale of 0 to 100?",0,0,-2,0,0,2,0.0
I1F4hvfRC50_39,Okay. How much do you believe that now?,Okay. How much do you believe that now?,0,0,-2,0,0,2,0.0
I1F4hvfRC50_41,"Alright, why don't you write 70 percent. Anything else about this that you noticed changed?","Alright, why don't you write 70 percent. Anything else about this that you noticed changed?",-1,-1,-2,0,0,1,-0.5
I1F4hvfRC50_43,In what way does it feel good?,In what way does it feel good?,1,1,1,1,0,2,1.0
I1F4hvfRC50_45,"Less depressed, less sad? Okay, why don't you jot a note down there that reminds you of that.","Less depressed, less sad? Okay, why don't you jot a note down there that reminds you of that.",-1,-1,-2,-1,0,1,-0.6666666666666666
I1F4hvfRC50_47,So maybe feel a little more hopeful?,So maybe feel a little more hopeful?,1,1,1,1,1,2,1.1666666666666667
I1F4hvfRC50_49,Sounds good. So do you think that you could do that this week?,Sounds good. So do you think that you could do that this week?,1,0,0,1,0,2,0.6666666666666666
I1F4hvfRC50_51,Right. What would help to remind you?,Right. What would help to remind you?,-1,0,-2,0,0,1,-0.3333333333333333
I1F4hvfRC50_53,So maybe you could review that before you did another thought record?,So maybe you could review that before you did another thought record?,-1,-1,-2,0,0,1,-0.5
I1F4hvfRC50_55,"Yeah, that would be helpful. I noticed you had some other thoughts there. What was the other thought that you had on there?","Yeah, that would be helpful. I noticed you had some other thoughts there. What was the other thought that you had on there?",0,0,-2,1,0,2,0.16666666666666666
I1F4hvfRC50_57,Let me see that. Notice there's what we call a cognitive error or thinking style. I'm thinking that this type of thought is an 'all-or-none' thinking because you said 'everyone'.,Let me see that. Notice there's what we call a cognitive error or thinking style. I'm thinking that this type of thought is an 'all-or-none' thinking because you said 'everyone'.,1,1,1,1,1,2,1.1666666666666667
I1F4hvfRC50_59,Right. But you said here 'everyone is more qualified.' Everyone in the world.,Right. But you said here 'everyone is more qualified.' Everyone in the world.,1,1,1,1,1,2,1.1666666666666667
I1F4hvfRC50_61,Right. So we call that all-or-none thinking. Do you see that?,Right. So we call that all-or-none thinking. Do you see that?,1,1,1,1,1,2,1.1666666666666667
I1F4hvfRC50_63,So sometimes what we write in this column would be 'all-or-none thinking' for that thought. I'm going to give this sheet to you. Maybe you could review it for homework and see if you have any other types of thinking errors.,So sometimes what we write in this column would be 'all-or-none thinking' for that thought. I'm going to give this sheet to you. Maybe you could review it for homework and see if you have any other types of thinking errors.,1,0,0,1,0,2,0.6666666666666666
I1F4hvfRC50_65,"Yeah, just read it for homework and then maybe if you notice any types of thinking errors in your thought record you could write them down. Sound good?","Yeah, just read it for homework and then maybe if you notice any types of thinking errors in your thought record you could write them down. Sound good?",0,0,-2,1,0,2,0.16666666666666666
I1F4hvfRC50_67,"Alright, great.","Alright, great.",1,0,0,0,0,2,0.5
