ID,reference,prediction,NJ,WE,RA,AL,RF,SA,AVG
Kusv2J0M19E_1,"Hi Carmelo, I want to take a couple of minutes and go over the scale on anger that you filled out when you got here. You had mentioned that some people in your life have kind of commented and they said, 'You know, maybe you ought to look into thinking about whether or not you have some issues with anger or not.' And that's one of the reasons you're here. And I'm hoping that this will help sort of identify specific issues related to anger that might be problematic for you. And so this is really feedback meant for you. You can do whatever you'd like with the information. It's just for you to consider it. And so let's go through each area. And there are a number of questions here and a number of sort of different anger dimensions. And I think the place we're going to start is if you look at all the questions that you answered, it comes up with something called a total score, which is just kind of looking at everything together. And when we look at the total score, you scored quite high, actually. You scored in a range that we would sort of call the 99th percentile, which means that your anger is at a level greater than 99% of the population of men your age.",It sounds like this feels pretty unbelievable to hear. What’s coming up for you as you take that in?,1,1,1,1,1,2,1.1666666666666667
Kusv2J0M19E_3,Yeah.,"Yeah, it is high, and I can hear how surprising that is for you.",1,1,1,1,0,2,1.0
Kusv2J0M19E_5,"Yeah, so it's kind of hard to hear it that way.","Yeah, that’s a big difference from what you expected.",1,1,1,1,0,2,1.0
Kusv2J0M19E_7,It kind of surprised you?,It sounds like you’re really taken aback by that number.,1,1,1,1,1,2,1.1666666666666667
Kusv2J0M19E_9,Just a little above average.,"You were expecting something much lower, more in that average range.",1,1,1,1,0,2,1.0
Kusv2J0M19E_11,It's a little bit high and it might indicate that really anger does get you in trouble at times in terms of relationships and causing you... so you've recognized that.,"Wow, that feels like a big jump from what you had in mind.",1,1,1,1,1,2,1.1666666666666667
Kusv2J0M19E_13,"Okay. So this kind of just highlights that and puts a number on it, in a sense, and so...","I hear that you’ve been aware of this for a while, even if it’s been hard to fully face. What’s it like to say that out loud here?",1,1,1,1,1,2,1.1666666666666667
Kusv2J0M19E_15,"Yeah, right. Exactly. Kind of comparing how you answered the question to the general population of folks your age. That you're really, you're sort of in the top 1% of scores.","You’re wondering about the basis for it, the studies behind where that number comes from?",1,1,1,1,0,2,1.0
Kusv2J0M19E_17,Yeah.,"It sounds like seeing that number brought up a lot for you, even though you already knew there were concerns. What is it like for you to hear it described that way now?",1,1,1,1,1,2,1.1666666666666667
Kusv2J0M19E_19,"Because getting angry, saying things to people, not thinking things through, can really put you at risk.","I hear that you’re aware of how serious things have felt, and there’s a lot of fear and surprise in what you’re saying. It sounds like you’ve been carrying a sense that things could have gone very differently; what has it been like for you to live with that?",1,1,1,1,1,2,1.1666666666666667
L1vluZ9uHMY_1,"Hi Lisa, how you doing today?",,-1,-1,-2,-1,-1,-1,-1.1666666666666667
L1vluZ9uHMY_3,"I'm doing well, thanks for asking. It's nice to meet you, I'm glad you could come into the agency. Could you tell me what brings you here today?","Hi Lisa, I’m doing well, thank you. I’m glad to meet you too.",-1,0,-2,0,0,2,-0.16666666666666666
L1vluZ9uHMY_5,All right. So were you ordered by a court or...?,"It sounds like you’re coming in with a lot of weight on your shoulders, and maybe some sense of consequence or accountability. What has this experience been like for you so far?",1,1,1,1,1,2,1.1666666666666667
L1vluZ9uHMY_7,And how long ago did the crime occur?,"Yeah. It sounds like this is connected to a court process, and you’re here because of that. How are you feeling about being here today?",-1,-1,-2,0,0,1,-0.5
L1vluZ9uHMY_9,"All right. So I'm going to try to get an idea of what's going on with you to see where you fit in in terms of treatment. So it's an assessment, so I'll be asking you some questions about your history and kind of things that you've done, any feelings you've had, thoughts you've had.",A month ago — okay. It sounds like this is still pretty recent for you. What has the past month been like since then?,1,1,1,1,0,2,1.0
L1vluZ9uHMY_11,Like diagnosing. Is that okay with you?,"I hear your concern about that, and it makes sense to want clarity about what this process is. It’s not about labeling you so much as understanding what’s going on and what you’re experiencing; what worries you most about it?",-1,-1,-2,0,0,1,-0.5
L1vluZ9uHMY_13,All right. So how old are you now?,"It sounds like this happened fairly recently, and we can take this one step at a time. What was going on for you around that time?",-1,-1,-2,-1,-1,1,-0.8333333333333334
L1vluZ9uHMY_15,All right. So you say about a month ago you got into some trouble. Can you tell me what happened there?,Thanks for sharing that. What was happening in your life when you were 25 that felt important for me to understand?,-1,0,-2,0,0,1,-0.3333333333333333
L1vluZ9uHMY_17,And this was a friend of yours?,It sounds like you were in a difficult spot and felt like you needed money. What was that experience like for you afterward?,1,1,1,1,1,2,1.1666666666666667
L1vluZ9uHMY_19,How do things stand between you and your friend now?,I hear that this was someone you knew and cared about in some way. What was it like for you when she turned you in?,1,1,1,1,1,2,1.1666666666666667
L1vluZ9uHMY_21,Have you had any other trouble with the law?,"That sounds like a painful loss, even though the friendship ended in the middle of something difficult. How are you feeling about it now?",-1,-1,-2,1,0,1,-0.3333333333333333
L1vluZ9uHMY_23,And who's they?,It sounds like there’s a history of conflict and fights that your family remembers. What do you make of that part of your past?,-1,-1,-2,-1,-1,1,-0.8333333333333334
L1vluZ9uHMY_25,You remember doing it?,"I hear that there were a lot of physical altercations, and that one stands out clearly in your memory. What was going on for you then?",1,1,1,1,1,2,1.1666666666666667
L1vluZ9uHMY_27,And how old were you when that happened?,"You do remember it, and that sounds like something that still feels significant. What stands out to you most when you think about that time?",1,1,1,1,0,2,1.0
L1vluZ9uHMY_29,"Were you ever treated for that, like any type of mental health treatment?","It sounds like there was a lot of fighting and that this has been part of your history for a long time. What was going on for you around that time, and what do you remember feeling in those moments?",1,1,1,1,1,2,1.1666666666666667
L1vluZ9uHMY_31,Are you aware of any diagnosis that you've been given related to mental health in the past?,"It sounds like you had some contact with treatment, even if it didn’t feel very substantial to you. What was that experience like for you at the time?",1,1,1,1,0,2,1.0
L1vluZ9uHMY_33,All right. So you got into the sounds like a fairly serious fight when you were 12 and you're 25 now. Can you tell me what's happened in terms of any other problems between 12 and 25?,"Okay, so you haven’t been told of any diagnosis in the past. What stands out to you when you think about those earlier years and what was happening in your life then?",-1,-1,-2,0,0,1,-0.5
L1vluZ9uHMY_35,Any other thefts or assaults or anything?,It sounds like there were drinking and drug use along with other struggles during those years. What was that period like for you overall?,1,1,1,1,1,2,1.1666666666666667
L1vluZ9uHMY_37,"All right. And how much danger were the people that you were fighting? Like, did you seriously hurt them or...?","It sounds like the fights kept happening for a while, and the last one was around age 20. What do you notice when you look back on that time in your life?",1,1,1,1,1,2,1.1666666666666667
L1vluZ9uHMY_39,All right. How many times did that happen where you seriously hurt somebody?,I hear that the fights could be very serious and that people were getting hurt. What was happening for you in those moments?,1,1,1,1,1,2,1.1666666666666667
L1vluZ9uHMY_41,"Can you explain what happened, like what caused the fight?",It sounds like there were many fights and it’s hard to put a number on them. What do you remember most about the pattern of those fights over time?,1,1,1,1,0,2,1.0
L1vluZ9uHMY_43,What are your feelings about that?,It sounds like that fight escalated quickly and became very intense. What was going through your mind and body right before and during it?,1,1,1,1,0,2,1.0
L1vluZ9uHMY_45,Because of the way she looked at you?,"It sounds like you feel strongly that she deserved it, and that the anger felt very justified to you in that moment. What was happening inside you when you saw her looking at you that way?",-1,-1,-2,0,0,1,-0.5
L1vluZ9uHMY_47,Do you ever have any feelings of guilt or remorse about that?,You’re saying the way she looked at you felt like enough to make the fight feel justified. I’m curious what that moment meant to you.,-1,-1,-2,1,0,1,-0.3333333333333333
L1vluZ9uHMY_49,Have you ever apologized to any of the people that were hurt?,I hear that you’re not feeling guilt or remorse about it. What is it like for you to talk about it now?,1,1,1,1,0,2,1.0
L1vluZ9uHMY_51,"Oh, so in some of these situations, apologizing was kind of required?",It sounds like the apology was more about avoiding consequences than about how you felt toward the people who were hurt. What was that like for you?,-1,-1,-2,-1,-1,1,-0.8333333333333334
L1vluZ9uHMY_53,So you apologized to them but you didn't really mean it? Or what were you thinking?,"So for you, the apology was tied to pressure and avoiding trouble rather than genuine regret. How do you experience that distinction?",-1,-1,-2,-1,-1,1,-0.8333333333333334
L1vluZ9uHMY_55,Were you successful in getting out of trouble?,You’re being very clear that you didn’t mean the apology and that it was a way to move on. What was going through your mind in those moments?,-1,-1,-2,-1,-1,1,-0.8333333333333334
L1vluZ9uHMY_57,You say that with a little pride. Is it something you take pride in? Being able to get out of trouble?,"It sounds like getting out of trouble felt very important to you, and that it worked. What did that success mean to you?",-1,-1,-2,-1,-1,1,-0.8333333333333334
L1vluZ9uHMY_59,So that's like something you look at as like a skill that you have?,I hear that it feels like a point of pride for you to be able to get out of trouble. What is it about that that feels good to you?,1,1,1,1,1,2,1.1666666666666667
L1vluZ9uHMY_61,"Have you ever for the theft type activities, you ever felt any guilt or remorse there?",It sounds like being able to get out of trouble feels like a real strength for you. What is it about that skill that stands out most to you?,1,1,1,1,1,2,1.1666666666666667
L1vluZ9uHMY_63,It's kind of the same thing?,I hear that you don’t experience guilt or remorse around those thefts. What does that mean to you when you think about those situations?,1,1,0,1,0,2,0.8333333333333334
L1vluZ9uHMY_65,Were you ever the victim of a crime?,"You’re seeing it as a matter of fairness and self-protection, like getting them before they could get you. What feels most important to you in that way of looking at it?",-1,-1,-2,1,1,2,0.0
L1vluZ9uHMY_67,"Do you feel that you're good in working with people, like in terms of social skills?",It sounds like you see yourself as someone who can stay a step ahead of other people. What is that like for you to carry around?,1,1,1,1,1,2,1.1666666666666667
L1vluZ9uHMY_69,So you're effective at managing relationships to get what you want?,I hear that getting what you want feels central for you in relationships. What does that say about how you see yourself with other people?,1,1,1,1,1,2,1.1666666666666667
L1vluZ9uHMY_71,How would you describe your mood most of the time?,It sounds like you experience yourself as effective in getting your needs met with people. What feels most true to you about that?,1,1,1,1,1,2,1.1666666666666667
L1vluZ9uHMY_73,How often does that happen?,You’re noticing some irritability at times. What tends to be going on for you when that shows up?,1,1,1,1,0,2,1.0
L1vluZ9uHMY_75,All right. Does that irritability ever lead to or has ever led to some of the aggressiveness you've...?,A few times a week sounds fairly regular. What do you notice about those moments when you get irritable?,1,0,1,1,0,2,0.8333333333333334
L1vluZ9uHMY_77,So you're more likely to be aggressive when you've been irritable for a while?,It sounds like there’s a connection between feeling irritable and becoming aggressive for you. Can you tell me a little more about what that looks like when it happens?,1,1,1,1,1,2,1.1666666666666667
L1vluZ9uHMY_79,When was the last time you were involved in a physical fight?,"It sounds like when the irritability builds up, it can make things feel harder to manage. What do you notice in yourself in those moments?",1,0,0,1,0,2,0.6666666666666666
L1vluZ9uHMY_81,About five years ago?,"That was around age 20, and I’m hearing that it’s been a while since then. What feels different now compared with back then?",1,1,1,1,0,2,1.0
L1vluZ9uHMY_83,What do you think has caused that to stop?,"About five years ago, yes. It sounds like something has shifted for you since then, and I’m curious what you make of that.",1,1,1,1,0,2,1.0
L1vluZ9uHMY_85,What type of things?,“Moving on to bigger and better things” sounds important to you. What does that mean for you in your life right now?,-1,0,-2,1,0,2,0.0
L1vluZ9uHMY_87,So the stealing's more gratifying than the fighting?,Stealing. I hear that as something that’s been part of your experience in a different way than fighting. What feels different about it for you?,1,1,1,1,0,2,1.0
L1vluZ9uHMY_89,"So irritable and any other emotions, any other feelings?",It sounds like stealing feels more rewarding or compelling than fighting did. What is it like for you to notice that?,1,1,1,1,0,2,1.0
L1vluZ9uHMY_91,All right. You have a job?,"You’re not sure, and that’s okay. Sometimes it can be hard to name feelings right away—what do you notice in your body or in your thoughts when you think about it?",1,1,1,1,1,2,1.1666666666666667
L1vluZ9uHMY_93,Can you tell me about your work performance and your experience there?,"It sounds like work has been part of your life, even if it’s changed recently. What was going on around the time you stopped working there?",1,1,1,1,1,2,1.1666666666666667
L1vluZ9uHMY_95,You show up most of the time?,"You’re describing showing up and doing what was needed, even if it wasn’t always consistent. What was that experience like for you?",1,1,1,1,0,2,1.0
L1vluZ9uHMY_97,How would your employer describe you as an employee?,"Mm-hmm. And when you think about your work overall, what stands out to you about that time?",-1,-1,-2,-1,0,1,-0.6666666666666666
L1vluZ9uHMY_99,"All right. So in terms of your feelings about missing work, that's not too worrisome for you?","It sounds like you see yourself as capable at the job, while also noticing your boss wanted more consistency. What was it like for you hearing that from him?",-1,-1,-2,-1,-1,1,-0.8333333333333334
L1vluZ9uHMY_101,How many jobs have you had?,So missing work doesn’t feel especially troubling to you. What do you make of that for yourself?,-1,0,-2,0,0,2,-0.16666666666666666
L1vluZ9uHMY_103,Six jobs? At what age did you first start working?,Six jobs feels like a lot over time. What has that been like for you?,1,1,1,1,1,2,1.1666666666666667
L1vluZ9uHMY_105,So six jobs in about six years?,"You started working at 19, and since then there’s been a lot of movement between jobs. What do you notice when you look back on that pattern?",0,0,-2,1,0,2,0.16666666666666666
L1vluZ9uHMY_107,"And would you say that your experience with all the employers was the same in terms of how you showed up for work and missing work, or were any of them different?","Yeah, six jobs in about six years. What feels important to you about that?",1,1,1,1,1,2,1.1666666666666667
L1vluZ9uHMY_109,Kind of do things your own way?,"It sounds like being asked to conform has felt frustrating for you, and that doing things your own way is important to you. What has that been like for you in work settings?",-1,0,-2,0,0,2,-0.16666666666666666
L1vluZ9uHMY_111,What do you want to gain out of treatment here?,So there’s a strong sense of wanting to keep your independence and do things your own way. I’m curious what that has meant for you in those jobs.,1,1,1,1,1,2,1.1666666666666667
L1vluZ9uHMY_113,"You're in trouble now, and you'd like to get out of trouble?","You want to get out of trouble, and that feels important right now. What feels like the biggest trouble you’re hoping to move away from?",1,1,1,1,1,2,1.1666666666666667
L1vluZ9uHMY_115,"All right, Lisa, this has been helpful. I'm going to get you scheduled for treatment, and they'll probably get you in about a week, and we can go from there.","Yeah, being in trouble sounds stressful, and you’d like things to be different. What would feeling “out of trouble” look like for you?",1,1,1,1,0,2,1.0
L1vluZ9uHMY_117,All right. Thank you.,"Okay, Lisa. It sounds like you’re ready to get started, and we’ll take it from there. What’s been weighing on you most as you wait to begin treatment?",-1,-1,-2,0,0,1,-0.5
P624_q04ZWg_1,"Hi Jackie, how are you doing today?","It sounds like there’s more you’d want to share, and I’m here to listen. What feels most important for me to understand right now?",1,0,-2,1,0,2,0.3333333333333333
P624_q04ZWg_3,"You're alright? Yeah. I, I'm doing well, thanks for asking. I understand you've had some recent difficulties that brought you into our agency.","I’m doing well, thank you for asking. It sounds like you’re doing alright today, and I appreciate you being here—what’s been on your mind lately?",0,0,-2,0,0,2,0.0
P624_q04ZWg_5,You lost your job?,I’m sorry to hear that; losing your job can be really hard. What has that been like for you?,1,1,1,1,1,2,1.1666666666666667
P624_q04ZWg_7,"Were you aware that if there was an accident, you'd be drug tested?",It sounds like losing your job happened pretty suddenly and in a way that felt tied to a few things at once. I’m hearing some frustration and maybe some regret in how it all unfolded.,1,0,-2,1,0,2,0.3333333333333333
P624_q04ZWg_9,"Hm. So there, has there been consequences to losing your job?","It sounds like there may have been some uncertainty about the testing policy, and that left you unprepared when the accident happened. What was that experience like for you when you realized the consequences?",-1,-1,-2,0,0,1,-0.5
P624_q04ZWg_11,"Alright, what type of work do you do?","That sounds like it’s been putting a lot of pressure on you at home, especially with your parents and not having your own money right now. I hear that this has affected both your independence and your relationships.",1,1,1,1,1,2,1.1666666666666667
P624_q04ZWg_13,"All right. So, most of those employers would require a drug screen?","It sounds like security work is the kind of job you’ve been doing, and losing it has made things feel even more uncertain. What has it been like for you trying to think about what comes next?",-1,-1,-2,0,0,1,-0.5
P624_q04ZWg_15,You think it should be legal?,"I hear that the drug screens have become a real barrier for you, and that’s adding to the stress of needing work. It sounds like you’re feeling stuck between wanting a job and wanting to keep using.",1,1,1,1,1,2,1.1666666666666667
P624_q04ZWg_17,So you want to stop using marijuana altogether?,"It sounds like you’re questioning the harm and feeling frustrated by the rules around marijuana, while also recognizing that getting a job matters to you. What feels most important to you about making a change right now?",1,1,-1,1,0,2,0.6666666666666666
P624_q04ZWg_19,"All right, can you tell me about your marijuana use now? Like, when was the last time you used?","You’re feeling like stopping is tied to being able to work again, and you don’t want to go through another failed test. What has it been like for you to think about that shift?",1,1,1,1,1,2,1.1666666666666667
P624_q04ZWg_21,"All right, so recently. And how about the course? Like, when did you start using marijuana?","It sounds like you’re still using pretty recently, even though you’re also wanting to make a change for work. What’s it like for you to notice both of those things at the same time?",1,1,1,1,0,2,1.0
P624_q04ZWg_23,All right. Any other drugs or alcohol or anything? Just marijuana?,"It sounds like marijuana has been a long-standing part of your life, especially through your friendships, and now there’s also this pressure around work and drug testing. What’s it like for you to be looking at that change now?",-1,-1,-2,1,0,2,-0.16666666666666666
P624_q04ZWg_25,Have you noticed over time you've been using more?,"It sounds like marijuana is the only substance you’re using, and that feels pretty straightforward to you. What has your relationship with it been like over time?",-1,0,-2,1,0,2,0.0
P624_q04ZWg_27,"So it's consuming a lot of time, marijuana?","It sounds like even when you try to keep it limited, being with friends can lead to using more than you intended. What’s that experience like for you?",1,1,1,1,0,2,1.0
P624_q04ZWg_29,All right. You have a craving for marijuana?,"It sounds like marijuana is taking up a lot of your attention and time, almost like it’s always in the background. How is it for you to notice that?",1,1,1,1,0,2,1.0
P624_q04ZWg_31,"Now, have you had any social problems because of your marijuana use?","It sounds like part of you is aware of how much time and energy it takes, even if you’re not sure you’d call it a craving. What do you make of that?",-1,-1,-2,1,0,1,-0.3333333333333333
P624_q04ZWg_33,Are there other important activities that you miss out on because of your marijuana use? Outside of work.,"It sounds like your friends don’t see it as a problem, while work has been affected for you. What has that been like to navigate?",-1,1,-2,1,0,2,0.16666666666666666
P624_q04ZWg_35,You don't miss much. Are there any activities that you engage in that are more dangerous because of your marijuana use?,"It sounds like you don’t feel you’re missing out on much right now, since there isn’t a lot else you’re doing outside of work. What’s that like for you?",1,1,1,1,1,2,1.1666666666666667
P624_q04ZWg_37,Do you have any history of mental health issues or medical issues?,"It sounds like the way you use marijuana doesn’t feel especially risky to you in the moment, since it’s mostly just hanging out at home. How do you see it affecting your life, if at all?",1,0,0,1,0,2,0.6666666666666666
P624_q04ZWg_39,Do you notice any anxiety or physical symptoms when you stop using marijuana?,"It sounds like things have felt pretty quiet and limited, with not much changing day to day. I’m curious what it’s been like for you to talk through all of this so far.",1,1,1,1,1,2,1.1666666666666667
P624_q04ZWg_41,Feel okay? Yeah. So how motivated are you to stop using?,It sounds like you’re feeling okay physically and not noticing much in the way of withdrawal. What’s it like for you to think about your marijuana use in the bigger picture?,1,1,1,1,0,2,1.0
P624_q04ZWg_43,"You're committed to it? Yeah. I'm going to get you in to see a counselor here, if that's okay with you.","You’re feeling pretty committed, even though part of you doesn’t really want to stop. It sounds like there’s a lot tied up in wanting a new job and not wanting to rely on your parents anymore.",1,1,1,1,1,2,1.1666666666666667
P624_q04ZWg_45,It'll be helpful? Mm-hmm. And I appreciate you taking this time to tell me what's going on and answer my questions. This has been helpful.,"It sounds like having that support could be really helpful, and you’re open to it. What are you hoping might be different for you as you start meeting with the counselor?",-1,-1,-2,-1,-1,1,-0.8333333333333334
SNstOn6owcI_1,"Hi Sarah, how are you doing today?",It sounds like you’re here and I’m glad you came in today. What’s been on your mind lately?,1,1,-1,1,0,2,0.6666666666666666
SNstOn6owcI_3,Doing well?,Okay. What has today been like for you so far?,1,1,1,1,0,2,1.0
SNstOn6owcI_5,"A little better than last time, or worse?",It sounds like things are feeling mostly steady right now. What’s been going on for you recently?,-1,0,-2,0,0,2,-0.16666666666666666
SNstOn6owcI_7,No change?,"No change. That sounds pretty neutral, maybe a little stuck. What has that been like for you?",1,0,0,1,0,2,0.6666666666666666
SNstOn6owcI_8,So you're still having sadness?,It sounds like things feel pretty stuck right now. What feels most noticeable to you about the lack of change?,1,1,1,1,0,2,1.0
SNstOn6owcI_10,And frustrated?,I hear that the sadness is still there. What has that sadness been like for you lately?,0,0,-2,0,0,2,0.0
SNstOn6owcI_12,Tell me what's been going on this last week.,It sounds like you’re carrying both sadness and frustration. What has that been like day to day?,1,1,1,1,0,2,1.0
SNstOn6owcI_14,How much have you been sleeping each night on average?,"That sounds really exhausting, especially with Mary crying and needing extra help. What has this week been like for you emotionally?",1,1,0,1,0,2,0.8333333333333334
SNstOn6owcI_16,And how long did you sleep each night before you had Mary?,"So you’ve been sleeping quite a bit, and still feeling very tired. How does that fit with how you’ve been feeling overall?",1,1,1,1,0,2,1.0
SNstOn6owcI_18,So your sleep habits have changed. What else has changed besides feeling sad?,"It sounds like your sleep has increased compared with before, and you’re still feeling worn down. What else have you noticed changing for you?",1,0,0,1,0,2,0.6666666666666666
SNstOn6owcI_20,What specifically is contributing to that thought?,"I hear that you’re feeling discouraged about how things are going with Mary, and that thoughts about work are coming up too. What feels most important to you in that?",1,1,1,1,0,2,1.0
SNstOn6owcI_22,So you're less enthusiastic about caring for her than you were with George?,It sounds like you’re noticing a difference between how you responded with George and how you’re feeling with Mary now. What do you make of that difference?,1,1,1,1,1,2,1.1666666666666667
SNstOn6owcI_24,You still do care for her though?,"It sounds like you’re noticing a real difference in how you feel caring for Mary compared with George, and that feels important to you. What do you make of that change?",1,1,1,1,1,2,1.1666666666666667
SNstOn6owcI_26,Anything else that's changed?,"So even though the feeling has shifted, your care for her is still there. What is it like for you to hold both of those things at once?",1,1,1,1,0,2,1.0
SNstOn6owcI_28,Tell me more about the sadness. Where do you think that's coming from?,"It sounds like there may be more there, even if it’s hard to name right now. What do you notice when you sit with that sense of sadness?",1,1,0,1,0,2,0.8333333333333334
SNstOn6owcI_30,"People are giving you the same input, but you're feeling differently about it.","You’re hearing praise from others, but inside it doesn’t match how you feel, and that sounds painful. What is it like to feel that gap between what others see and what you’re experiencing?",1,1,1,1,1,2,1.1666666666666667
SNstOn6owcI_32,"Their feedback hasn't changed, but your feelings have.",It sounds like the outside feedback and your inner experience are telling very different stories. What do you notice in yourself when that happens?,1,1,1,1,0,2,1.0
SNstOn6owcI_34,To the point where you feel you should get a job and put Mary in daycare?,I hear that your feelings have changed even though the situation and the feedback haven’t. What feels most present for you in that change?,1,1,1,1,1,2,1.1666666666666667
SNstOn6owcI_36,What comes to mind when you consider working full-time?,It sounds like you’re weighing a lot of feelings about what this would mean for Mary and for you. What stands out most as you think about daycare and work?,-1,-1,-2,-1,-1,1,-0.8333333333333334
SNstOn6owcI_38,Like you're just not doing the same quality job.,"You’re holding mixed feelings, and it sounds like there’s both sadness and some practical reality in what you’re noticing. What feels most important to you in that tension?",1,0,-2,1,0,2,0.3333333333333333
SNstOn6owcI_40,What kind of things did you do with George that you looked forward to?,"It sounds like there’s a painful sense of not measuring up, especially when you compare this experience with George’s. What is it like for you to notice that difference in yourself?",-1,-1,-2,1,1,2,0.0
SNstOn6owcI_42,Like most days?,Those moments with George sound really special and full of connection. I’m wondering what it’s like to remember those times while also feeling unsure about Mary’s experience now.,1,1,1,1,1,2,1.1666666666666667
SNstOn6owcI_44,Have you done those same things with Mary?,It sounds like those routines were a meaningful part of your days with George. What do you notice in yourself as you think about how often you were able to do that?,1,0,0,1,0,2,0.6666666666666666
SNstOn6owcI_46,"Each baby is different, but you'd prefer if her temperament was more like George's.","That sounds frustrating and maybe discouraging, especially when you’re trying and it doesn’t seem to land the same way. What is it like for you to see Mary respond differently?",-1,-1,-2,-1,-1,1,-0.8333333333333334
SNstOn6owcI_48,"If it were, do you think that would break you out of these feelings of sadness?","I hear that, and it sounds like there’s a wish for things to feel more familiar or easier in the way they did with George. What feelings come up for you when you think about that?",1,1,1,1,1,2,1.1666666666666667
SNstOn6owcI_50,So part of this could be adapting to her personality.,"There’s a lot of hope in that, even if it feels uncertain. What do you imagine might be different for you if some of these sadness feelings eased?",1,1,1,1,1,2,1.1666666666666667
SNstOn6owcI_52,What else could be a part of it?,"Maybe there’s some uncertainty about whether it’s Mary’s temperament, or something bigger you’re carrying. What feels most true to you right now?",1,1,1,1,1,2,1.1666666666666667
SNstOn6owcI_54,So they look upon you negatively because you don't work?,"It sounds like you’re feeling judged and maybe alone in this, especially when you compare yourself to your friends. What is it like to hold that feeling while also trying to make sense of your sadness?",1,1,1,1,1,2,1.1666666666666667
SNstOn6owcI_56,Do you have evidence that's the way they feel?,"It sounds like that comment really landed painfully for you, especially when you're already feeling sensitive about not working. What is it like for you to sit with that feeling around your friends?",1,1,1,2,1,2,1.3333333333333333
SNstOn6owcI_58,I can see how that would hurt. But this sadness is markedly worse than what you've experienced before.,"That sounds really hurtful, and it makes sense that it would leave you feeling judged. When you hear that kind of comment, what do you notice happening inside you?",1,1,1,1,1,2,1.1666666666666667
SNstOn6owcI_60,"After you had George, there was no period of sadness?","I hear how painful that was, and it sounds like this sadness feels heavier and different from what you've known before. What has this been like for you day to day?",1,1,1,1,1,2,1.1666666666666667
SNstOn6owcI_62,And you don't have that same feeling now.,"So with George, you felt mostly joy and adjustment, and this time it feels different. What feels most different for you now?",1,1,1,1,0,2,1.0
SNstOn6owcI_64,So you're adapting to her needs and George's changing role. There's a lot going on.,"It sounds like you care deeply about Mary, and at the same time you're feeling stretched and frustrated by everything you're carrying. What is it like to hold both of those feelings at once?",1,1,1,1,1,2,1.1666666666666667
SNstOn6owcI_66,"You're sleeping more, not enjoying Mary like you hoped, and seeing things negatively.","That sounds like a lot to manage, and I hear how the demands on you are piling up. What has it been like for you emotionally as you've been trying to adapt?",1,1,1,1,1,2,1.1666666666666667
SNstOn6owcI_69,Which makes it more frustrating. Have you had feelings of guilt?,"It sounds really discouraging to feel like you're giving up in those moments, especially when others seem to soothe her more easily. What do you make of that difference?",1,1,1,1,1,2,1.1666666666666667
SNstOn6owcI_71,It comes back to the feeling that you aren't providing the same quality of care.,"I hear how much guilt you're carrying, and how painful it is to compare this experience with how things felt with George. What is it like for you to notice that sense of not being a good mom?",1,1,1,1,1,2,1.1666666666666667
SNstOn6owcI_73,I want to look at behaviors. Thoughts are what you're thinking; behaviors are what you're doing.,It sounds like that leaves you feeling really discouraged and maybe even comparing yourself to how things were with George. What is that like for you when Mary cries and you notice that reaction in yourself?,1,1,1,1,1,2,1.1666666666666667
SNstOn6owcI_75,"It's important to engage in activities that would normally bring enjoyment, even if you don't feel it right now.","That makes sense. As you think about your behaviors with Mary, what do you notice yourself doing when things feel hard or overwhelming?",1,0,-2,1,0,2,0.3333333333333333
SNstOn6owcI_77,What activities were you looking forward to doing with Mary?,"It sounds like you can see the value in staying connected to activities that matter to you, even if the feeling isn’t there yet. What stands out to you about that idea?",-1,0,-2,1,0,2,0.0
SNstOn6owcI_79,Reading and singing. Anything else?,"Reading, singing, and holding her when she’s calm sound like meaningful moments for you. What is it like to name those activities together?",1,1,1,1,0,2,1.0
SNstOn6owcI_81,Have you tried to go to the park?,"It sounds like the park was something you were hoping for, and not getting there has felt disappointing. What comes up for you when you think about that?",1,1,1,1,1,2,1.1666666666666667
SNstOn6owcI_83,What led to you not going?,"I hear that the first experience stayed with you, and then the next time it felt hard to follow through. What was happening for you in that moment when you didn’t go?",1,1,1,1,1,2,1.1666666666666667
SNstOn6owcI_85,"So sadness and negative thoughts are the obstacle. Let's schedule reading, singing, and the park.",It sounds like remembering that last time brought up sadness and made the idea of going feel too painful. What was that sadness like for you?,1,1,1,1,1,2,1.1666666666666667
SNstOn6owcI_87,How many times a day did you read with George?,It sounds like part of you is noticing how sadness and those thoughts get in the way. How does it feel to have those activities named together like that?,1,0,-2,1,0,2,0.3333333333333333
SNstOn6owcI_89,"Let's set a goal of 20 minutes of reading a day, Monday through Friday.","It sounds like you were able to keep that reading time pretty consistent, and that’s meaningful. How did it feel to do that each day?",1,1,1,1,0,2,1.0
SNstOn6owcI_91,What time of day would be realistic?,"That sounds like a clear and manageable goal, and I hear your willingness in saying okay. What stands out to you about setting it up that way?",-1,-1,-2,0,0,1,-0.5
SNstOn6owcI_93,Let's set 6:30 as the target. Can you push yourself to do that?,"6:30 feels like a realistic time for you, right after dinner. What is it like to picture that part of the day as the reading time?",0,0,-2,0,0,2,0.0
SNstOn6owcI_95,Do you believe it would be good for Mary?,I hear that you’re willing to try 6:30 as the target. What comes up for you as you think about following through with it?,1,0,-2,1,0,2,0.3333333333333333
SNstOn6owcI_97,"When you feel derailed, remember 'this is good for her'. What about singing?","It sounds like you see this as something that could be good for Mary, and that matters to you. What feels most important about that for you?",-1,-1,-2,0,0,1,-0.5
SNstOn6owcI_99,When would be a good time for that?,It sounds like singing favorites like Twinkle Twinkle brings something familiar and meaningful back. What is it like to imagine starting that again?,1,1,1,1,1,2,1.1666666666666667
SNstOn6owcI_101,Shortly after reading. Do you think that would be good for her?,"That seems like a thoughtful time, right before bedtime. How do you feel about making singing part of that evening routine?",-1,-1,-2,0,0,1,-0.5
SNstOn6owcI_103,How many days a week would you like to sing?,It sounds like you feel good about pairing singing shortly after reading. What do you notice in yourself when you think about that plan?,0,0,-2,0,0,2,0.0
SNstOn6owcI_105,Let's start with four times a week. And what about the park?,It sounds like you’re holding a lot of tiredness while also wanting to stay connected to what matters to her. What feels most important to you about keeping that routine?,-1,-1,-2,0,0,1,-0.5
SNstOn6owcI_107,Let's go with once. What were you thinking when you sighed just now?,Once or twice a week feels like a manageable place to start. How are you feeling as you think about that and the park being part of the plan?,1,0,-2,1,0,2,0.3333333333333333
SNstOn6owcI_109,Could family help you get out once a week?,"That sounds really draining, especially when you’re already so tired. What is it like for you to notice that heaviness when you think about going?",1,1,1,1,1,2,1.1666666666666667
SNstOn6owcI_111,Does that external motivation help?,"It sounds like there’s support nearby, and that could make a difference. What comes up for you as you think about asking them?",1,1,1,1,1,2,1.1666666666666667
SNstOn6owcI_113,"Evaluating the evidence, you do seem to be as good a mom. There's just a disconnect with your thoughts.","I hear how much that connects to wanting to feel like a good mom, and how important that is to you. What is it like to say that out loud?",1,1,1,1,1,2,1.1666666666666667
SNstOn6owcI_114,"So, we have reading five times a week, singing four times, and the park once. Does that seem realistic?",It sounds like there’s a painful gap between how you see yourself and what you’re feeling inside. What stands out to you in hearing that?,1,1,-2,1,0,2,0.5
SNstOn6owcI_116,"If you miss a day, accept it as an isolated incident. Don't let it predict the next day.","Yeah, it sounds like those goals feel realistic to you. How are you feeling as you look at this plan as a whole?",1,1,1,1,0,2,1.0
SNstOn6owcI_117,Can you stick with those levels? We'll follow up next week.,"It sounds like you’re being encouraged to treat a missed day gently, without letting it define everything. What do you notice in yourself as you hear that?",-1,0,-2,1,0,1,-0.16666666666666666
SNstOn6owcI_119,Thanks Sarah.,It sounds like you’re feeling confident about the plan and willing to follow through. We’ll check in next week and see how it’s going.,0,0,-2,0,0,2,0.0
UkjjYbFBctk_1,"Hi Sherry, how you doing today?",,-1,-1,-2,-1,-1,-1,-1.1666666666666667
UkjjYbFBctk_3,"I'm doing well, thanks for asking. So you're doing great?",It sounds like you’re doing well today. What feels most important to talk about right now?,-1,0,-2,0,0,1,-0.3333333333333333
UkjjYbFBctk_5,I noticed today your brother brought you in and he had some concerns about how your mood has been.,It sounds like things have been going well for you lately. What’s that been like for you?,1,1,1,1,0,2,1.0
UkjjYbFBctk_7,"All right, so you're feeling you're feeling pretty good?",It sounds like you’ve been feeling really productive and on top of things this past week. What has that experience been like for you?,0,0,0,1,0,2,0.5
UkjjYbFBctk_9,And you have been for about a week?,It sounds like you’ve been feeling pretty good and noticing a lot of energy and productivity. What else have you noticed about how things have been going?,1,1,1,1,0,2,1.0
UkjjYbFBctk_11,All right. Have you do you feel like um your sleep habits have changed?,"It sounds like this has been a very productive week for you, and you’re not seeing it as a problem. What has that been like day to day?",1,1,1,1,0,2,1.0
UkjjYbFBctk_13,All right so you're sleeping less but you don't feel tired at all?,It sounds like you’ve been sleeping less and feeling okay with that. What has that been like for you overall?,1,1,1,1,0,2,1.0
UkjjYbFBctk_15,You feel okay?,"It sounds like you’ve been sleeping much less and still feeling okay, not tired or irritable. What has that been like for you over the past week?",1,1,1,1,1,2,1.1666666666666667
UkjjYbFBctk_17,Do you find yourself more easily distracted by anything? Things around you?,I hear that you’re feeling fine even with less sleep. What’s been different for you lately that makes it feel okay?,1,1,1,1,0,2,1.0
UkjjYbFBctk_19,"No, nothing like that?","So you’re not noticing much distraction, either. Has anything else felt different in your energy, focus, or pace lately?",1,0,0,1,0,2,0.6666666666666666
UkjjYbFBctk_21,You mentioned you're getting a lot of things done at work. How about at home?,Mm-hmm. It sounds like you’re not seeing those kinds of changes right now. What stands out to you most about how things have been going?,0,0,-2,1,0,2,0.16666666666666666
UkjjYbFBctk_23,"All right, so you're accomplishing you're accomplishing a lot. Now when your brother had brought you in, he had mentioned some shopping, and that's one of the things he was concerned about.",It sounds like you’ve been very active and feeling good about making your home feel more settled and complete. What has it been like for you to get all of that done?,1,1,1,1,1,2,1.1666666666666667
UkjjYbFBctk_25,Do you remember how much you spent?,"I hear that the shopping felt connected to wanting to finish and improve your space, and your brother saw it differently. How did you experience that moment when he didn’t come?",1,1,1,1,1,2,1.1666666666666667
UkjjYbFBctk_27,Do you feel like you spent more than you usually would spend at a trip to the mall?,"It sounds like you spent more than you usually would, even if it felt tied to things you wanted for your apartment. What was that like for you as the spending kept going?",1,1,1,1,1,2,1.1666666666666667
UkjjYbFBctk_29,"All right. Have you ever had a time in the past when you felt this way, where you felt really good?","I hear that it felt unusual for you, but also like the items were needed for your apartment. How are you making sense of that shopping trip now?",1,1,1,1,0,2,1.0
UkjjYbFBctk_31,"Life's fallen into place. So you're feeling pretty good, you feel like things are going your way?","It sounds like this is a really new and positive feeling for you, like things are finally coming together. What has that been like for you emotionally?",1,1,1,1,1,2,1.1666666666666667
UkjjYbFBctk_33,And you're getting a lot accomplished.,You’re feeling good and like things are going your way. What stands out to you most about this time?,0,0,-2,0,0,2,0.0
UkjjYbFBctk_35,Any sadness or anything like that?,It sounds like you’re feeling productive and accomplished right now. What do you notice about yourself when things are going this well?,0,0,-2,0,0,2,0.0
UkjjYbFBctk_37,"No. Um, any change in appetite?",So recently you haven’t been feeling sad. How would you describe your mood overall these days?,1,1,1,1,1,2,1.1666666666666667
UkjjYbFBctk_39,And you seem to have good amount of energy. Any feelings of worthlessness?,It sounds like your appetite has been steady too. What else have you noticed about how you’ve been feeling lately?,1,1,1,1,0,2,1.0
UkjjYbFBctk_41,Nothing. Any thoughts of death or dying?,"You’re not noticing feelings of worthlessness, and it sounds like your energy has been pretty good. What has this period been like for you day to day?",1,1,1,1,1,2,1.1666666666666667
UkjjYbFBctk_43,Drug and alcohol use?,It sounds like you’re not having thoughts of death or dying. How have you been experiencing your overall sense of safety and well-being?,1,1,1,1,0,2,1.0
UkjjYbFBctk_45,How about medical conditions?,It sounds like you’re not using drugs or alcohol. What has been supporting you during this time?,0,0,-2,0,0,2,0.0
UkjjYbFBctk_47,None. All right. Have you ever had a time in the past when you felt depressed?,"It sounds like that period feels very separate from who you are now. What was that time like for you, and what stands out when you think about it?",1,1,1,1,1,2,1.1666666666666667
UkjjYbFBctk_49,"It's a new you. So do you know what happened um with the depression in the past, like did you end up hospitalized or being treated in some other way?","It sounds like you’ve noticed a real shift in yourself, and that feels important to you. What feels different now compared with then?",1,1,1,1,1,2,1.1666666666666667
UkjjYbFBctk_51,No.,"I hear that it wasn’t severe enough to lead to hospitalization or treatment, and that you see it as part of your past. What do you remember most about that time?",1,0,1,1,0,2,0.8333333333333334
UkjjYbFBctk_53,There was just no treatment?,"I’m hearing that there wasn’t hospitalization, and maybe not much formal treatment either. What was it like for you to go through that?",1,0,0,1,0,2,0.6666666666666666
UkjjYbFBctk_55,All right. But you believe you were depressed?,"It sounds like you did talk with people about feeling depressed, even if you weren’t hospitalized. What was that experience like for you?",-1,-1,-2,0,0,1,-0.5
UkjjYbFBctk_57,"Now or back then, did you see or hear things that other people couldn't see or hear?","I hear that you’ve felt depressed before, and that feels clear to you. What was that like for you at the time?",1,1,1,1,1,2,1.1666666666666667
UkjjYbFBctk_59,Not now or back then?,It sounds like you’re saying you haven’t had experiences of seeing or hearing things others couldn’t. How have things been for you more generally during those times?,1,0,1,1,0,2,0.8333333333333334
UkjjYbFBctk_61,"Okay. All right Sherry, uh answering these questions has been helpful to me. I appreciate it. I'm going to get you over to see a counselor in just a few moments.","I hear that there haven’t been experiences like that, either now or back then. What has your experience been like when things have felt difficult?",1,1,1,1,0,2,1.0
UkjjYbFBctk_63,All right. I know that you're feeling pretty good but I'd like them to talk to you for just a bit.,"It sounds like you’re okay with that, and I appreciate you letting me know. We’ll keep this brief and make sure you’re connected with the counselor soon.",-1,-1,-2,0,0,1,-0.5
UkjjYbFBctk_65,Is that okay?,"It sounds like you’re feeling pretty good right now, and I appreciate your openness. They’d just like to spend a little time talking with you.",1,1,1,1,1,2,1.1666666666666667
UkjjYbFBctk_67,"All right. Thanks, Sherry.","Thank you, Sherry. It sounds like you’re comfortable with that, and I’ll get you over to see the counselor shortly.",-1,0,-2,0,0,1,-0.3333333333333333
UxCT6zVPk7A_1,"Hi Jason, how are you doing today?",,-1,-1,-2,-1,-1,-1,-1.1666666666666667
UxCT6zVPk7A_3,You're good?,I hear that you’re here. What feels most important for me to know right now?,1,1,1,1,0,2,1.0
UxCT6zVPk7A_5,You're here?,"It sounds like being here is what you can say right now, and that’s okay. What’s this moment like for you?",1,1,1,1,1,2,1.1666666666666667
UxCT6zVPk7A_7,What's been going on?,"I hear you—you’re here, and that’s what you’re able to share right now. What would feel okay to talk about next?",-1,-1,-2,-1,0,1,-0.6666666666666666
UxCT6zVPk7A_9,Do you know what you're charged with?,"It sounds like a lot happened very quickly, and you were brought here after that. What stands out to you most about what happened on the bus?",-1,-1,-2,-1,-1,1,-0.8333333333333334
UxCT6zVPk7A_11,The government? Do you have anyone specific?,It sounds like you’re feeling confused and maybe really mistrustful about what happened and why you’re here. What feels most important for me to understand right now about how this has been affecting you?,1,1,-2,1,1,2,0.6666666666666666
UxCT6zVPk7A_13,And how long have they been wanting to do this to you?,"I hear that it feels like this is coming from the whole government, and that sounds very overwhelming. What has that been like for you to live with?",1,1,1,1,1,2,1.1666666666666667
UxCT6zVPk7A_15,Always there?,"That sounds exhausting, feeling like they’ve been around and listening all your life. When you notice that sense of being watched, what do you feel in yourself?",1,1,1,1,1,2,1.1666666666666667
UxCT6zVPk7A_17,You've been taking medications?,It sounds frightening to feel like even the lights are listening and that speaking could be used against you. I’m hearing how careful you feel you have to be right now.,-1,-1,-2,-1,-1,1,-0.8333333333333334
UxCT6zVPk7A_19,Do you know what they want to do with that information?,"You’re describing a lot of fear about what could happen if you don’t take the medication, and that sounds very intense. What has it been like for you to live with that fear?",-1,0,-2,1,0,2,0.0
UxCT6zVPk7A_21,So what can you do in this situation?,"It sounds like you feel the information could be used in a very threatening way, and that leaves you feeling unsafe. What is that like for you to carry around?",-1,-1,-2,0,0,1,-0.5
UxCT6zVPk7A_23,"Well, you say the government's monitoring everything and that they want to put you in jail if you don't take your medication. Do you have any options? Are you stuck?",I hear that my question felt confusing or maybe unsettling. What feels most important for you to talk about right now?,1,1,1,1,0,2,1.0
UxCT6zVPk7A_25,"Alright. So one option is that being home, being home you're safe.",It sounds like home feels like the one place where you can feel more protected and at ease. What is it like for you when you’re there?,1,1,1,1,1,2,1.1666666666666667
UxCT6zVPk7A_27,Are you safe here?,"It sounds like home feels like the only place where you and your family can be safe, and being out in the world feels very threatening to you. What is it like for you to have to leave that safety behind?",1,1,1,1,1,2,1.1666666666666667
UxCT6zVPk7A_29,"Alright, so it's not safe here, it's not safe out in the world, but at home you're safe.","I hear that being here doesn’t feel safe to you, and that the lights feel like they can hear what’s being said. That sounds very unsettling; what feels most important for you right now in this moment?",1,0,-2,1,0,2,0.3333333333333333
UxCT6zVPk7A_31,"So if you could have your way, you would just stay home most of the time, all the time?",It sounds like your room feels like a protected place where you can finally relax a little. What is it like for you to have that sense of safety there?,-1,-1,-2,0,-1,1,-0.6666666666666666
UxCT6zVPk7A_33,So how do you know that they're in the lights? Like how did you discover that?,You’re feeling pulled between wanting to stay in the place that feels safe and having to go out and see doctors and other people. That sounds exhausting and frustrating; what feels hardest about that for you?,1,1,1,1,0,2,1.0
UxCT6zVPk7A_35,Do you ever hear things that other people can't hear or see things other people can't see?,"It sounds like this feels very obvious and real to you, and you’re frustrated that it isn’t being understood. What is it like for you when other people don’t seem to see it the way you do?",-1,-1,-2,0,0,1,-0.5
UxCT6zVPk7A_37,Everybody can hear it. What's it sound like to you?,I hear that the lights feel very real and that you experience them as talking to you in different ways. That sounds intense; what is that experience like for you when it happens?,1,1,1,1,1,2,1.1666666666666667
UxCT6zVPk7A_39,"Oh, I'm just making some notes. Just making some progress notes. Does it worry you?","It sounds like the voice or sound feels robotic and urgent to you, almost like it’s demanding attention. What happens for you when you hear it say things like that?",1,0,-2,1,0,2,0.3333333333333333
UxCT6zVPk7A_41,"Oh, they get, well this chart will get locked in the chart room down the hall.",I hear that seeing me write notes brings up worry about where that information is going. That sounds unsettling; what concerns come up for you when you see me doing that?,-1,-1,-2,0,0,1,-0.5
UxCT6zVPk7A_43,Mostly everybody that works here.,It sounds like you’re worried about who can see your information and where it goes. What feels most concerning to you about the chart room?,-1,0,-2,0,0,1,-0.3333333333333333
UxCT6zVPk7A_45,Does it worry you that there's notes?,I hear that you’d like a copy of the notes and that this brings up a lot of concern about privacy. What would it mean for you to have that copy?,1,0,-2,0,0,2,0.16666666666666666
UxCT6zVPk7A_47,I could not take notes. What kind of information in the notes are you worried that the government's going to get?,It sounds like not taking notes feels important to your sense of safety and trust right now. What feels most unsettling about the idea of those notes being seen?,1,1,1,1,1,2,1.1666666666666667
UxCT6zVPk7A_49,So without the protection that your house offers they could control your mind?,"That sounds like a very frightening possibility for you, and I hear how strongly you want to protect yourself. What feels most at risk to you if that technology were taken?",-1,-1,-2,-1,-1,1,-0.8333333333333334
UxCT6zVPk7A_51,Alright. So can you tell me about your mood through all this? This sounds really stressful. You're describing an environment where the government's frequently looking at what you're doing. What are the feelings there? You feel sad or angry?,It sounds like your room and the systems you created feel like what keeps you protected. What is it like for you to imagine losing that protection?,-1,-1,-2,-1,-1,1,-0.8333333333333334
UxCT6zVPk7A_53,Kind of resigned that the government's going to do this?,"I hear you saying you feel neutral, almost just present with it all. What is it like inside when you’re in that in-between place?",1,1,1,1,0,2,1.0
UxCT6zVPk7A_55,Are you worried that something is going to happen similar to what happened on the bus?,It sounds like it feels pointless to focus on your feelings if you believe the government will do what it wants anyway. What is that like for you to carry?,1,1,1,1,1,2,1.1666666666666667
UxCT6zVPk7A_57,And you'll avoid that in the future because it didn't really work. You weren't able to help them understand what's going on.,I hear that you’ve learned to keep this to yourself because it doesn’t feel safe to say out loud. What is it like for you to hold that on your own?,1,1,1,1,1,2,1.1666666666666667
UxCT6zVPk7A_59,But they weren't open to that idea.,"It sounds like you feel very frustrated that others don’t understand or listen, and that leaves you feeling dismissed. What is it like for you when people don’t respond the way you hope?",1,1,1,2,1,2,1.3333333333333333
UxCT6zVPk7A_61,Quite the opposite.,I hear that it feels unfair and frustrating when people aren’t open to what you’re trying to share. What was that like for you in the moment?,1,1,1,1,1,2,1.1666666666666667
UxCT6zVPk7A_63,How are your family relationships? How's that going?,"It sounds like being misunderstood felt really strong for you, almost like the opposite of what you wanted to happen. How did that affect you?",-1,-1,-2,1,0,1,-0.3333333333333333
UxCT6zVPk7A_65,So you get along with her okay?,It sounds like you and your mom have found a way to coexist that feels workable for you. What is that relationship like for you day to day?,-1,-1,-2,-1,-1,1,-0.8333333333333334
UxCT6zVPk7A_67,"Anybody else you have contact with? Friends, family?","I hear that things with your mom feel okay, maybe even steady or uncomplicated. What stands out to you about that relationship?",1,1,1,1,0,2,1.0
UxCT6zVPk7A_69,"Alright Jason, well I'm sorry to hear that you're under stress. I'm glad to hear you feel like your mood's okay, like you're not down or anxious or anything. This answering these questions for me this has been helpful and I'm going to recommend you continue to see a counselor here, if that's okay. I realize you're court ordered.","That sounds like you have a lot going on internally, and those conversations in your head feel very real and active for you. What is that experience like for you?",1,1,1,1,0,2,1.0
UxCT6zVPk7A_71,It could be me. Would that make you feel more comfortable?,I hear that having the same counselor would feel more comfortable for you. What is it about that that feels better to you?,-1,-1,-2,1,0,1,-0.3333333333333333
UxCT6zVPk7A_73,"Well then I'll put it on the schedule and we'll set a time up front where I'll see you, let's say in three days. That works?",It sounds like having me as your counselor would help you feel more at ease. I’m glad to hear that feels better for you—what would you want me to understand about what you need from counseling?,-1,-1,-2,0,0,1,-0.5
UxCT6zVPk7A_75,And we'll go from there.,"It sounds like having me as your counselor feels more comfortable for you, and I’m glad we could arrange that. I’ll see you in three days, and we can keep getting to know what’s going on for you.",-1,-1,-2,0,0,1,-0.5
UxCT6zVPk7A_77,Alright. Thanks Jason.,I hear that you’re feeling okay with the plan and that having some consistency feels good to you. We can pick this up when we meet again and see what feels most important to talk about then.,-1,-1,-2,-1,-1,1,-0.8333333333333334
25jUW52zAvU_1,"So Tommy, I wanted to talk to you because I was on Facebook the other day and saw some pictures that are kind of concerning to me of you and some of your friends at a party. You're such a good kid, like I don't know what you're doing drinking, it's going to ruin your life.","It sounds like there’s a lot on your mind, and I’m not seeing the third conversation here. If you’d like, we can start from wherever feels most important to you.",-1,0,-2,0,0,2,-0.16666666666666666
25jUW52zAvU_3,"But Tommy, there's so many consequences with drinking. You're not even 21 yet. You could get arrested, you could have a drunk driving accident, you could mess up your schoolwork. You have such a bright future ahead of you, it just really, really concerns me.",It sounds like you saw it as a social situation and that being with your friends made it feel more natural to join in. You’re describing wanting to have fun and fit in with the group.,-1,-1,-2,1,0,1,-0.3333333333333333
25jUW52zAvU_5,"There's really no such thing as not drinking too much. I mean, anything that's drinking when you're underage is drinking too much. Think about all the things that can happen to you.","I hear that you were trying to stay in control and look out for yourself and your friends at the same time. It sounds like you’re feeling that this was manageable from your perspective, even if there’s concern around it.",1,1,1,1,1,2,1.1666666666666667
25jUW52zAvU_7,How much are you drinking?,"It sounds like you understand my concern, and at the same time you’re feeling that your drinking is still something you can keep in check. I’m curious what “under control” means to you in those moments.",1,1,1,1,1,2,1.1666666666666667
25jUW52zAvU_9,Is it like every weekend?,"You’re saying it’s mostly tied to social situations and not something you do alone, and that feels important to you. It sounds like you see it as occasional rather than a regular pattern.",1,1,1,1,1,2,1.1666666666666667
25jUW52zAvU_11,"Tommy, I'm just so concerned. You know, can't you think of anything better to do?","It sounds like every other weekend feels like not that much to you, especially since it’s mainly in social settings. I’m curious what those weekends are like for you and what they mean to you.",1,1,1,1,1,2,1.1666666666666667
25jUW52zAvU_13,Are your friends the problem? Maybe you should just start hanging out with more kids in the youth group and not hang out with those kids you were partying with.,"It sounds like you’re starting to see some ways alcohol may be getting in the way of what matters to you, especially school and your goals. What feels most important to you as you think about that?",-1,-1,-2,1,1,1,-0.16666666666666666
25jUW52zAvU_15,"Well there's a lot of things that seem fun in the moment that we know aren't a good choice, right? That's some of the things we talk about all the time is making good choices for our life and really doing what's best for you and I just... you know, I really think you should think about making a big change here.",I hear that you’ve been going along with your friends and also wanting to have the full high school experience. What is that experience meaning to you right now?,1,1,1,1,0,2,1.0
25jUW52zAvU_17,I think you really need to quit.,"It sounds like part of you is recognizing that drinking less could help your life, even if another part isn’t fully sure yet. What feels most true for you as you sit with that?",1,1,1,1,1,2,1.1666666666666667
25jUW52zAvU_19,"I think you're wrong. You know, it really worries me. Anyway, I wish you would quit. If all you're going to do is cut down, that's better than nothing. You know, I appreciate you talking to me about this, but I'm going to keep talking to you about it. It's really important.","I hear that alcohol feels very present around you, and you don’t see it as something that’s completely taking over your life. What makes it feel manageable to you right now, and what gives you pause?",1,1,1,1,1,2,1.1666666666666667
25jUW52zAvU_21,Do you want to wait for that to happen? Do you want to wait for a dramatic experience?,"It sounds like you’re feeling unsure that there’s a real problem, especially without having had a painful experience yourself. What is it like for you to hear that concern being pushed so strongly?",1,1,1,1,0,2,1.0
25jUW52zAvU_23,"Alright, well maybe it's something we can work on together and you know, I think we should come up with a plan that's going to work for you so that you can get control here and stop drinking.","I hear that you’re beginning to wonder whether you have as much control as you thought, and that feels important to notice. What stands out to you most in that realization?",1,1,1,1,0,2,1.0
25jUW52zAvU_25,"Okay, sounds good.",It sounds like you’re feeling ready to move toward something different and more clear for yourself. What would “working on it together” look like in a way that feels right for you?,1,1,1,1,0,2,1.0
XH2tF8oB3cw_1,"Hi Hannah, nice to meet you.",,-1,-1,-2,-1,-1,-1,-1.1666666666666667
XH2tF8oB3cw_3,So I understand that you were referred to me by your GP because you've been experiencing some anxiety difficulties.,"Hi Hannah, it’s nice to meet you. What feels most important for us to talk about today?",-1,-1,-2,0,0,1,-0.5
XH2tF8oB3cw_5,"Okay, is this the first time that you've left home?","It sounds like this move has been a really big change for you, and that it’s brought the anxiety into sharper focus. What has that been like for you day to day?",1,1,1,1,1,2,1.1666666666666667
XH2tF8oB3cw_7,"Okay, so it's been quite a big step and a big change and, and it sounds like that's what led you to go to your GP. So how has that change things for you?","It sounds like you were trying to make the choice that felt easier at the time, and now you’re noticing how much this change has affected you. What stands out to you most about that?",1,0,-2,1,0,2,0.3333333333333333
XH2tF8oB3cw_9,"Okay, so how do you feel about being here today?","It sounds like there’s a mix of hope that getting help might make things better, and also some discomfort or even shame about needing support. What is it like to say that out loud here?",-1,0,-2,0,0,1,-0.3333333333333333
XH2tF8oB3cw_11,"Okay, so you've been feeling a little bit anxious about today?",It sounds like you’re feeling scared and also hoping this might help. What feels most frightening about being here today?,1,1,1,1,1,2,1.1666666666666667
XH2tF8oB3cw_13,"Okay, so I guess just going back to um why you went to the GP and how you've ended up kind of coming here today. So it sounds like you've been experiencing anxiety for quite a few years, but just recently you moved out of home for the first time and, and that was what kind of led you to go to the GP. So how did that change things? How were things after you moved out?",I hear that you’re feeling anxious about today. What do you notice in yourself when you say that?,1,0,-2,1,0,2,0.3333333333333333
XH2tF8oB3cw_15,"Okay, so what other kind of difficulties that you have been experiencing?","That sounds really lonely and unsettling, being in the flat by yourself more than you expected. What has that experience been like for you emotionally?",1,1,1,1,1,2,1.1666666666666667
XH2tF8oB3cw_17,"Okay, so you said that your difficulties are getting in the way of you doing certain things. So they're stopping you from taking up kind of certain types of work and as a freelance photographer, I guess that can be kind of a problem. And they're also stopping you or you feel like it's stunting you socially. You're not kind of able to make new friends and get to meet new people.","It sounds like the anxiety is affecting a lot of areas of your life, including work, friendships, and relationships, and that can feel increasingly isolating. What feels hardest for you about that right now?",-1,-1,-2,0,0,1,-0.5
XH2tF8oB3cw_19,"So you're kind of worried about how, where this is going to lead to.","It sounds like moving out brought up a lot more loneliness and fear than you expected, and that’s been really unsettling for you. You’re wanting connection and independence, but at the same time it feels scary and isolating.",1,1,-1,1,1,2,0.8333333333333334
XH2tF8oB3cw_21,"Okay, so you said that you first noticed the anxiety kicking in about 5 or 6 years ago. So you would have been about 19?",You’re feeling worried about where this is heading and what it might mean for your friendships and your life. It sounds like there’s a real fear of losing people that matter to you.,1,1,1,1,1,2,1.1666666666666667
XH2tF8oB3cw_23,What kind of work is the most difficult for you?,"It sounds like this has been building over time, especially around that period when your friends moved on and you felt pressure to do the same. And even though you care about your photography, saying no has started to feel like it’s taking things away from you.",1,1,1,1,1,2,1.1666666666666667
XH2tF8oB3cw_25,"So I guess tell me a bit more about what happens then. So let's focus on maybe an invitation to do a job with you know, it's going to involve photography with a group of people and you're going to have to have social interaction. What kind of thoughts go through your head?","So the situations that involve other people feel especially difficult, even when part of you wants to do them. It sounds like there’s a pull between wanting the work and feeling scared by the social side of it.",1,1,1,1,1,2,1.1666666666666667
XH2tF8oB3cw_27,"Okay so it sounds like you have quite a lot of thoughts rushing through your head then at the point where you get that invitation and you think people look, people will stare, people will think I'm a weirdo. There's quite a lot about what you what you think other people will think. And how does that make you feel?","It sounds like in those moments your mind goes straight to what others might think of you, and that leaves you feeling exposed and wanting to get away. There’s also a sense that doing the work becomes harder when all that fear shows up.",1,1,1,2,1,2,1.3333333333333333
XH2tF8oB3cw_29,Okay. Can you give me an example of a recent situation? Maybe we can focus on that.,That sounds really painful — like the anxiety quickly turns into harsh thoughts about yourself and makes the whole situation feel overwhelming. I hear how strongly you’re judging yourself in those moments.,1,0,-2,1,0,2,0.3333333333333333
XH2tF8oB3cw_31,"Yeah, a time when you were maybe doing a job with some people and you felt the social anxiety you know that you're describing you felt that kick in.","It sounds like you’re trying to make sense of a recent example so we can understand it more clearly. What was happening in that work situation, and what stood out to you most in the moment?",1,1,1,1,1,2,1.1666666666666667
XH2tF8oB3cw_33,That sounds quite interesting. Was that a fashion shoot or something?,"You were expecting something smaller, and then it turned into a much bigger social situation than you’d been prepared for. I’m hearing that the change in what you expected may have made the anxiety feel much stronger — what was that like for you as it unfolded?",1,1,1,1,1,2,1.1666666666666667
XH2tF8oB3cw_35,So it wasn't what you expected.,"It sounds like the anxiety really took over in that moment, even though the shoot itself was something you were interested in. I’m hearing how hard it was to stay focused while also feeling so exposed around everyone there.",1,1,1,1,0,2,1.0
XH2tF8oB3cw_37,So how long ago was that?,That makes sense — it was a very different situation from what you were expecting. It sounds like the surprise of the larger group may have made the anxiety feel even stronger.,1,1,1,1,1,2,1.1666666666666667
XH2tF8oB3cw_39,"Okay, so it was quite recent. So on that particular day, what were the thoughts that you had in your head when you were in that situation?","Two weeks ago is still very recent, so it makes sense that it feels vivid. What stands out to you most when you think back to that day?",1,1,1,1,0,2,1.0
XH2tF8oB3cw_41,I can tell you're getting kind of anxious even just thinking of about that day. Okay so you're describing quite a lot there to me. So you're saying that you you kind of got hot and sweaty. You said that you held the camera. What was do you mean you were kind of trying to hide behind it or what was that?,"It sounds really intense — feeling hot, short of breath, and like everyone was watching you. And in that moment, it seems like the thought that you shouldn’t have been there was really painful.",1,1,1,1,1,2,1.1666666666666667
XH2tF8oB3cw_43,So you're holding the camera very tightly. And why was that why was that helpful?,It sounds like holding the camera tightly was a way of trying to steady yourself and get through it. I’m curious what that moment felt like inside for you as you were trying to focus that hard.,1,1,1,1,0,2,1.0
XH2tF8oB3cw_45,"Okay, so, okay, so it sounds like you had a lot of thoughts going through your head. You said that you're worried that everyone's looking at you. What other thoughts were there that were in your mind?","That makes a lot of sense — it sounds like you were trying to make the shaking and sweating less noticeable, and to protect yourself from feeling seen. What was it like for you to notice other people and imagine what they might be thinking?",1,1,1,1,1,2,1.1666666666666667
XH2tF8oB3cw_47,That they could tell or like they could see that there was...,"It sounds like there was a really harsh, self-critical voice there, alongside the fear of being judged. I’m hearing how overwhelming it felt to believe everyone could tell and was looking at you.",1,1,1,1,1,2,1.1666666666666667
XH2tF8oB3cw_49,"So I mean, you've already described it to me a little bit, but if you think about how you looked that day, how how do you say how do you think you looked?","It sounds like you’ve found ways to try to cover it up and make it less visible, while still feeling really exposed inside. That sounds so uncomfortable — what is it like for you to talk about it now?",-1,-1,-2,0,0,1,-0.5
XH2tF8oB3cw_51,"Okay, and what did you do about how did you try and conceal that or hide that?","It sounds like you were really trying hard to manage how you came across, and still feeling very exposed and self-conscious inside. What was that experience like for you in the moment?",1,1,1,1,0,2,1.0
XH2tF8oB3cw_53,So you avoided looking at people and it sounds like you wore black as well in kind of preparation anyway.,It sounds like you were doing everything you could to keep yourself together and not draw attention to yourself. What was it like for you to get through it that way?,1,1,1,1,1,2,1.1666666666666667
XH2tF8oB3cw_55,Okay. And how did it end?,I hear that wearing black and layering up feels like a way of protecting yourself from being seen. What is it like for you to carry that kind of preparation with you?,1,1,1,1,0,2,1.0
XH2tF8oB3cw_57,Okay.,It sounds like leaving straight away was a way of getting yourself out of a situation that felt really uncomfortable and exposing. How was it for you once you got home?,1,1,1,1,1,2,1.1666666666666667
ZSDJymlMOxg_1,Hi Rebecca. How are you doing today? What's been going on?,It sounds like there’s a lot more you may want to say about what happened there. What feels most important to talk about first?,0,0,-2,0,0,2,0.0
ZSDJymlMOxg_3,A car accident?,"Oh no, that sounds unsettling. How are you feeling after the accident?",1,1,1,1,1,2,1.1666666666666667
ZSDJymlMOxg_5,What happened?,That sounds like a stressful moment. What was that like for you when it happened?,1,1,1,1,1,2,1.1666666666666667
ZSDJymlMOxg_7,Oh. You okay?,"That sounds like a pretty sudden chain of events. What happened next, and how did you feel afterward?",1,1,1,1,1,2,1.1666666666666667
ZSDJymlMOxg_9,So physically you're okay. Were you checked out by your physician?,"It sounds like your body is okay, but the accident may have shaken your sense of safety. What has it been like for you to notice that hesitation around getting back in the car?",1,0,1,1,0,2,0.8333333333333334
ZSDJymlMOxg_11,All right. How about emotionally?,"I hear that physically you’ve been checked and there isn’t a serious injury, which is reassuring. And emotionally, it sounds like there may still be some lingering impact from the accident.",1,1,1,1,0,2,1.0
ZSDJymlMOxg_13,What was the thought that came into your mind?,"It sounds like the fear is showing up in a very real way when you think about being in the car. What is it like for you to notice that hesitation, especially when something like a trip would normally feel exciting?",-1,-1,-2,-1,-1,1,-0.8333333333333334
ZSDJymlMOxg_15,"So it was really all about the car, not anything else about the trip?",That sounds really frightening — the thought that comes up is that you’re going to get hurt. What do you notice in yourself when that thought shows up?,1,1,1,1,1,2,1.1666666666666667
ZSDJymlMOxg_17,And you felt you were going to get hurt?,"So it feels tied specifically to being in the car and driving, not the trip itself. I hear how the accident has changed something that used to feel ordinary for you.",1,1,1,1,1,2,1.1666666666666667
ZSDJymlMOxg_20,Much more nervous than usual?,"It sounds like being in the car now brings a strong sense of fear and alertness, even when you’re doing something you’d normally enjoy. What is that experience like for you as you’re driving?",-1,-1,-2,-1,-1,1,-0.8333333333333334
ZSDJymlMOxg_22,How did you feel about driving cars prior to this accident?,"Yes, much more nervous than usual — it sounds like this accident has left you feeling on edge in a way that’s different from before. What stands out to you most about that change?",1,1,1,1,0,2,1.0
ZSDJymlMOxg_24,So you're taking every opportunity to avoid driving.,"It sounds like driving used to feel comfortable and enjoyable, and now it feels scary and unsafe. What has it been like for you to notice that shift in yourself?",-1,-1,-2,1,0,2,-0.16666666666666666
ZSDJymlMOxg_26,What do you tell yourself to motivate yourself to get into the car?,"It sounds like you’re doing a lot to try to feel safer, even though it still feels really hard. What is it like for you to keep driving while carrying that fear?",-1,-1,-2,-1,-1,1,-0.8333333333333334
ZSDJymlMOxg_28,"This is disturbing and painful for you. Prior to this accident, how many car accidents have you been in?","That sounds exhausting, having to spend so much time psyching yourself up and then staying on alert for stoplights. What do you notice happening in your body or thoughts when you’re getting ready to drive?",1,1,1,1,1,2,1.1666666666666667
ZSDJymlMOxg_30,The other one didn't bother you as much? Why do you think this one triggered this nervousness?,It sounds like this accident felt much more intense and left a bigger mark on you than the earlier one. What stands out to you most about how this one affected you?,1,1,1,1,0,2,1.0
ZSDJymlMOxg_32,Did the driver that hit you tell you what happened?,Being alone in the rain sounds like it may have made the experience feel even more frightening and vulnerable. What was that like for you in the moment?,1,1,1,1,1,2,1.1666666666666667
ZSDJymlMOxg_34,So you're worried about getting hit and hurt every time you get into the car now.,"It sounds really painful to have been left alone with that experience, without any explanation from the other driver. What feelings come up for you when you think about that?",1,1,1,1,0,2,1.0
ZSDJymlMOxg_36,"Driving always carries risk, but there are things you can do to minimize that risk.","That sounds like the worry stays with you even after the drive is over, almost like your mind can’t fully let go of the possibility of another accident. What is it like to carry that ongoing fear?",-1,-1,-2,-1,-1,1,-0.8333333333333334
ZSDJymlMOxg_38,What about driving habits you can use to stay safer?,"It sounds like you’re already paying close attention to safety in a lot of ways, even while it remains difficult. How do you feel when you notice yourself doing those things?",-1,1,-2,1,0,2,0.16666666666666666
ZSDJymlMOxg_40,Following traffic laws and being aware of your environment can reduce the risk of an accident.,"You’re already very aware of the ways you try to protect yourself, and it sounds like that takes a lot of effort. What feels most important to you about staying safe when you drive?",-1,-1,-2,-1,-1,1,-0.8333333333333334
ZSDJymlMOxg_41,"Ultimately, you need to be safe but recognize that you can't eliminate all risk.","It sounds like you’re doing a lot to stay safe, and there’s still that lingering worry after the accident. What is it like for you to notice that fear even when you’re taking these precautions?",1,1,1,1,1,2,1.1666666666666667
ZSDJymlMOxg_42,What are some adaptive responses you can tell yourself when those automatic thoughts come up?,It sounds like part of you is trying to stay protected while also feeling the limits of what you can control. How are you experiencing that balance between safety and uncertainty?,1,1,1,1,1,2,1.1666666666666667
ZSDJymlMOxg_44,"It's hard when the thoughts are strong, but remember you've had many safe trips in your life.","That sounds like a reassuring thought to have in the moment, especially when the automatic fear shows up. What do you notice in yourself when you tell yourself that?",1,1,1,1,0,2,1.0
ZSDJymlMOxg_45,"Statistically, accidents are low-probability events compared to all the times you've driven.","It sounds like you’re able to recognize some evidence that supports feeling safer, even if the fear still feels strong at times. What is it like to hold both the worry and those safer experiences together?",1,1,1,1,1,2,1.1666666666666667
ZSDJymlMOxg_47,"You can reduce the risk by being careful, but you also have to accept that the risk exists.","It sounds like you’re starting to shift the way you talk to yourself about the risk, and that can feel meaningful. How does it feel to say that out loud?",1,1,1,1,1,2,1.1666666666666667
ZSDJymlMOxg_48,Do you feel like you can apply those adaptive responses when those automatic thoughts come in?,"It sounds like you’re able to see both sides of this: that you can be careful, and that some uncertainty still remains. What is that like for you to sit with?",-1,-1,-2,-1,-1,1,-0.8333333333333334
ZSDJymlMOxg_50,I'd like to give you some homework. We'll use a 'thought record' to track your automatic thoughts.,"It sounds like you’re open to trying, even if it feels tentative right now. What feels most possible for you about using those responses when the thoughts come up?",1,0,1,1,0,2,0.8333333333333334
ZSDJymlMOxg_51,"Record the thoughts, the adaptive responses you apply, and how you feel afterward.","It sounds like you’re being invited to track these thoughts more closely, and that may bring up a lot. What is your reaction to the idea of using a thought record?",1,1,1,1,1,2,1.1666666666666667
ZSDJymlMOxg_52,We'll use this to measure your progress. Can you complete two thought records before our next session?,"It sounds like you’re willing to give it a try, even if it feels a little uncertain right now. How does it feel to think about using the thought record when those automatic thoughts show up?",0,0,-2,0,0,2,0.0
ZSDJymlMOxg_54,"Great. Let's meet again in a week and review them. Thanks, Rebecca.","That sounds like a manageable plan, and I hear some willingness there. What do you imagine it might be like to notice your thoughts and feelings on paper between sessions?",0,0,-2,0,0,2,0.0
_pkXuC7vsl0_1,"Hi Michelle, how are you doing today?",,-1,-1,-2,-1,-1,-1,-1.1666666666666667
_pkXuC7vsl0_3,Stressed?,"It sounds like you’re feeling stressed, and I’m glad you said that. What’s been weighing on you most today?",1,1,1,1,1,2,1.1666666666666667
_pkXuC7vsl0_5,"Right, a job you've been interested in for a while and have been talking about.","That sounds like a lot of pressure, especially with something tied to moving up at work. What has it been like for you to think about that test?",1,1,1,1,1,2,1.1666666666666667
_pkXuC7vsl0_7,So you know the material on this test pretty well?,"It sounds really overwhelming — you knew the material, and then your body’s anxiety response made it hard to access it. What was that experience like for you in the moment?",1,1,1,1,1,2,1.1666666666666667
_pkXuC7vsl0_9,But the feelings and physiological response got in the way of you completing it?,"So there’s a part of you that knows the material, and another part that gets pulled into the anxiety. What do you notice happens inside when you think about taking it again?",-1,0,-2,0,0,1,-0.3333333333333333
_pkXuC7vsl0_11,All right. So you weren't feeling great about taking the test in the first place?,"It sounds frightening to feel like that same reaction could happen again, especially after not being able to finish the test. What feels most scary about the possibility of retaking it?",1,1,1,1,1,2,1.1666666666666667
_pkXuC7vsl0_13,But did you know that was coming? You had some anxiety in advance?,"It sounds like the moment you entered the room, the fears became much more powerful than the preparation you had done. What was that experience like for you in that moment?",1,0,-1,1,0,2,0.5
_pkXuC7vsl0_15,What do you think is leading to this?,"So there was some anxiety building before the test, and then once you arrived, it all came rushing back. I hear how unsettling that must have felt after trying to push it down.",1,1,1,1,1,2,1.1666666666666667
_pkXuC7vsl0_17,"And since that bad experience in third grade, have you had trouble with tests since?","It sounds like that earlier experience in third grade still carries a lot of weight for you, especially around tests and what they might mean about you. What stands out to you when you think about that memory now?",1,1,1,1,0,2,1.0
_pkXuC7vsl0_19,"So you've been able to adapt and pass them, but you're never thrilled about it?","I hear that even when you do pass, the anxiety still tells you the same old story that you might fail again. That sounds exhausting to carry into each test.",1,1,1,1,1,2,1.1666666666666667
_pkXuC7vsl0_21,"That's good. But with this work test, it's more of a stumbling block.","So there’s evidence that you can do well, even get an A, and yet the fear still shows up. What is it like for you to hold both of those things at once?",1,1,1,1,0,2,1.0
_pkXuC7vsl0_23,Any ideas what's making this test such a point of anxiety for you?,"It sounds like this work test feels different because it carries more at stake, and that makes the anxiety feel more intense. What feels most heavy about this one for you?",1,1,1,1,0,2,1.0
_pkXuC7vsl0_25,So it's really that same feeling from third grade coming up now?,"I hear that the promotion makes this feel bigger, almost like the possibility of being held back again. That connection to third grade sounds really painful.",1,1,1,1,1,2,1.1666666666666667
_pkXuC7vsl0_27,And other tests in school didn't have that same value attached?,"It sounds like seeing that connection now brings a new kind of clarity, even if it’s uncomfortable. What is it like to notice that these two experiences are linked?",1,1,1,1,1,2,1.1666666666666667
_pkXuC7vsl0_29,You could retake them or take another test to raise the grade?,"It sounds like the stakes feel very high, almost like this test is carrying the weight of being judged all over again. What is it like to notice that old third-grade feeling showing up here?",1,1,1,1,0,2,1.0
_pkXuC7vsl0_30,So you maybe had more options and safety nets in school.,"That makes sense — when there’s no room to retake it, it can feel much more final and frightening. What stands out to you about that difference between school and this promotion test?",1,1,1,1,0,2,1.0
_pkXuC7vsl0_32,Right. It's the pressure of needing to get through this without those safety nets.,It sounds like having options and safety nets made those earlier tests feel less threatening. What do you notice in yourself as you connect that with this test now?,1,1,1,1,0,2,1.0
_pkXuC7vsl0_34,"All right, that is a lot of pressure. Is there a time limit on this test?",That sounds really intense — the idea that one outcome could mean waiting a whole year can make everything feel much bigger. What feelings come up for you when you picture that possibility?,1,1,1,1,1,2,1.1666666666666667
_pkXuC7vsl0_36,It's multiple choice and you're well prepared. Let's think about cognitive therapy and core beliefs.,"I hear how much pressure that adds, even without a time limit. What is it like for you to sit with that kind of uncertainty?",1,1,1,1,1,2,1.1666666666666667
_pkXuC7vsl0_38,What core belief might be operating for you now?,It sounds like there’s a part of you that’s trying to make sense of this through those deeper beliefs about yourself. What does it feel like to name that belief out loud?,-1,-1,-2,0,0,1,-0.5
_pkXuC7vsl0_40,Something like 'I'm destined to be a failure'?,That sounds very painful — like one failure could say something global and permanent about you. What do you notice in your body or emotions when you say that?,1,0,-2,1,0,2,0.3333333333333333
_pkXuC7vsl0_42,So that potentially is the core belief and automatic thought as you take the test.,"I hear how strongly that belief is present for you, and how much fear it carries. What is it like to put words to it so directly?",0,0,0,1,0,2,0.5
_pkXuC7vsl0_44,It sounds like a panic response. Are you alone in the room when you take it?,"It sounds like the fear is not just about this test, but about what it could mean for you overall. What is it like to notice that domino-effect thought showing up?",1,1,1,1,0,2,1.0
_pkXuC7vsl0_46,So no one sees you have these panic-like symptoms. Have you had these before?,"Being alone with those panic-like feelings sounds really intense. When you notice them, what do you experience most strongly in your body or thoughts?",1,1,1,1,0,2,1.0
_pkXuC7vsl0_48,What happens once you get worked up?,It sounds like you’ve found a way to keep going even when you get worked up. What is that experience like for you in the moment?,1,1,1,1,0,2,1.0
_pkXuC7vsl0_50,"One possible strategy is an adaptive response like 'I can ride this out.' Panic only lasts so long, and you have no time limit.",You’re describing a lot of effort to stay with it and keep moving through the questions. What helps you keep going when the anxiety starts to rise?,1,1,1,1,1,2,1.1666666666666667
_pkXuC7vsl0_53,To get some minor victories and feel closer to your goal.,That sounds like a small but meaningful way to regain some steadiness. How does it feel to think about using the questions you know well first?,1,1,1,1,0,2,1.0
_pkXuC7vsl0_55,Exactly. Correctly answering items will make you feel more calm.,It sounds like having those early wins would help you feel more grounded and capable. What does that sense of validation bring up for you?,1,1,1,1,0,2,1.0
_pkXuC7vsl0_57,You can wait out the panic in the room alone. Tell yourself it's unpleasant but temporary.,I hear that knowing something is definitely right brings some relief and calm. What is it like for you to notice that shift?,1,1,1,1,1,2,1.1666666666666667
_pkXuC7vsl0_59,Exactly. Panic symptoms usually only last 10-15 minutes.,It sounds like self-talk feels like a possible way to support yourself through the panic. What kind of words feel most reassuring to you in those moments?,1,1,1,1,0,2,1.0
_pkXuC7vsl0_61,Yes. Focus on the easy items while telling yourself you can ride this out.,It sounds like remembering what has worked before brings you some relief. What is it like to notice that sense of calm as you think about using self-talk here?,0,0,-2,0,0,2,0.0
_pkXuC7vsl0_63,So that's worked for you?,"You’re noticing that you’ve already been able to apply this kind of coping before, and that seems reassuring. What stands out to you about being able to draw on that experience now?",1,0,-2,1,0,2,0.3333333333333333
_pkXuC7vsl0_65,Another adaptive response is knowing you can retake the test in a year. It's not the end of your career.,It sounds like that past experience gives you a real sense of confidence. What do you notice in yourself when you remember that it has worked before?,1,1,1,1,0,2,1.0
_pkXuC7vsl0_67,"Exactly. You'd just have another year to study. It's important, but not catastrophic.","You’re holding onto the idea that even if things don’t go as hoped, it wouldn’t define you. How is it for you to connect this situation with the way you’ve gotten through setbacks before?",0,0,-2,0,0,2,0.0
_pkXuC7vsl0_69,That's another adaptive response is 'I've survived this before.',It sounds like that memory from third grade reminds you that one difficult experience didn’t stop your life from moving forward. What feelings come up as you think about that now?,1,1,1,1,0,2,1.0
_pkXuC7vsl0_71,"Don't let this one event fashion your destiny. Fortunately, your employer is giving you a second chance.",I hear that you’ve been through something hard before and made it through. What is it like to let that history speak to you in this moment?,1,1,1,1,1,2,1.1666666666666667
_pkXuC7vsl0_72,You can ride out the symptoms and remember you've been successful before.,It sounds like having a second chance helps this feel less final and less overwhelming. What does that second chance mean to you right now?,1,1,1,1,1,2,1.1666666666666667
_pkXuC7vsl0_74,When is the test?,I hear that remembering you’ve been here before brings some relief and hope. What feels most important to you in that sense of being able to get through it again?,1,1,1,1,1,2,1.1666666666666667
_pkXuC7vsl0_76,Let's schedule an appointment before that to review these strategies and focus on a positive outcome.,It sounds like knowing you’ve been through something like this before brings some relief. How are you feeling as next Wednesday gets closer?,1,1,1,1,1,2,1.1666666666666667
_pkXuC7vsl0_78,"I'll see you then, Michelle. I appreciate you coming in today.",I’m glad that feels helpful for you. It sounds like having some time set aside before the test gives you a little more steadiness.,1,0,-2,1,0,2,0.3333333333333333
cTIDnMLr0gk_1,So thank you David for telling me your story. As you noticed that crisis got more intense and then it came back down. And one of the things I like to do is identify some of the warning signs or triggers of that crisis. And so I want to record this on your safety plan so that you know when to use the safety plan. So what were some of the warning signs that you had?,"It sounds like there’s a lot of uncertainty there, and maybe some worry about what this means for you. What feels most present for you right now?",1,1,1,1,0,2,1.0
cTIDnMLr0gk_3,"Yeah, that's a good summary. So let's list down specifically what they were. What do I put on the first line here?","You’re describing feeling overwhelmed, anxious, and ashamed after hearing the test score, and also carrying a lot of fear about disappointing your parents. It sounds like that moment felt really heavy and painful.",1,1,1,1,1,2,1.1666666666666667
cTIDnMLr0gk_5,Great. So you had those feelings. What else?,"That sounds like a clear place to start. When you notice yourself feeling overwhelmed, anxious, or ashamed, what else do you notice happening inside or around you?",-1,-1,-2,-1,-1,1,-0.8333333333333334
cTIDnMLr0gk_7,So I can't tell my parents. And what else?,It sounds like not being able to talk with your parents feels especially hard because openness is usually such an important part of your relationship with them. What happens for you in those moments when you start to shut down?,1,1,1,1,1,2,1.1666666666666667
cTIDnMLr0gk_9,"Feeling like a failure. Okay. So whenever you have any of these warning signs, you'll know to look at your safety plan. That's a cue to you to use it. So the first thing I want to talk about is when you go to that dark place, you're feeling overwhelmed, anxious, ashamed, having these other thoughts and maybe feeling like giving up. That's when you use some strategies to help you get through the crisis or keep it from escalating. So I'd like you to think about some things, see if we can brainstorm some ways that you can identify some strategies that's going to take your mind off your problems, kind of get away from that crisis for even a little while. What have you done in the past that's helped you deal with a crisis like this?",Feeling like a failure sounds like another important warning sign for you. What else do you notice when that feeling shows up?,1,0,1,1,0,2,0.8333333333333334
cTIDnMLr0gk_11,Okay. So singing top 40. Sounds good. So what other strategies could you use to take your mind off your problems?,It sounds like singing has been a meaningful way for you to get some distance from the crisis and be with yourself differently. What is it like for you when you sing?,1,1,1,2,1,2,1.3333333333333333
cTIDnMLr0gk_13,"So cooking stir-fry. Sounds like a good strategy. And you have a kitchen that you can cook in? Yeah, okay. So what other strategies could you use to distract yourself from the crisis, you think?",Cooking foods that remind you of home sounds comforting and grounding. What is it about cooking that feels helpful for you in those moments?,1,1,1,1,1,2,1.1666666666666667
cTIDnMLr0gk_15,"And is that something that you could do at any point or is available? That sounds very good. So let's put down pottery. Now you have singing, cooking, and pottery. If none of those strategies are helpful for you getting outside yourself and feeling better, then go to the next step, which is to socialize with people or go to places where there are people who are actually very good distractors. So is there somebody in your life that you can go to who's available that you like to hang out with?",Throwing pots sounds like it gives you a real sense of relief and creativity. How does being in the pottery studio affect what you're feeling inside?,1,0,0,1,0,2,0.6666666666666666
cTIDnMLr0gk_17,"Okay, let's put down Charlie. And I guess he lives with you, so you know how to get in touch with him and you have his phone number.",Charlie sounds like someone you trust and can be around. What is it like for you to think about reaching out to him when things feel hard?,-1,-1,-2,1,0,1,-0.3333333333333333
cTIDnMLr0gk_18,"So the next step on your safety plan is learning to make the environment safe. And I have to ask you this question, and I ask this of everybody I do safety plans with. Do you have access to a firearm?",It sounds like having Charlie nearby gives you another possible source of support. How do you feel about having him included in your safety plan?,-1,-1,-2,-1,-1,1,-0.8333333333333334
cTIDnMLr0gk_20,"No, okay, that's good to hear. I know you've taken medicine in the past and had an overdose several years ago, and I don't want anything like that to happen again. So I want to make sure the medication you're taking is secure, or that it's safe for you. What do you think we can do about that?",That sounds like a thoughtful way to add some support around your medication. What would it be like for you to ask Charlie to help with that?,-1,-1,-2,0,0,1,-0.5
cTIDnMLr0gk_22,"Okay, that sounds good. Somebody to dispense the medication. Who do you think could do that?","Your family sounds very important to you. When you think about them, what comes up for you as a reason to keep going?",2,1,-2,1,1,2,0.8333333333333334
cTIDnMLr0gk_24,Does he know you're taking medication? Yeah. So I'll write down give the medication to Charlie. So the next step on the safety plan is coming up with reasons for living. This is important so that it gives you a sense of hope and meaning in your life and something to go to when you're feeling in crisis. So can we come up with some reasons for living?,Your family sounds like a meaningful anchor for you. What is it about them that feels most important when you're thinking about reasons to live?,2,-1,-2,1,1,2,0.5
cTIDnMLr0gk_26,"Okay, anybody in particular that...",It sounds like your family holds a lot of meaning for you. Who in your family feels especially present in your mind when you think about this?,-1,0,-2,0,0,1,-0.3333333333333333
cTIDnMLr0gk_28,"Okay, your sister. Anybody or anything else that gives you meaning in your life?","It sounds like your little sister means a lot to you, and that connection gives you a strong sense of purpose. What is it about being there for her that feels most important to you?",1,1,1,1,1,2,1.1666666666666667
cTIDnMLr0gk_30,"Vanessa. Okay, and how will you remember both your sister and Vanessa? How would you remind you of a reason for living?","It sounds like Vanessa is another important source of meaning and support for you, especially with the closeness you still feel despite the distance. What is it like for you to think about that friendship when things feel hard?",1,1,1,1,1,2,1.1666666666666667
cTIDnMLr0gk_32,"So David, what other reasons do you have for living?","It sounds like those memories remind you that you’re valued for who you are, not for being perfect. What stands out most to you when you think back on those times with your sister and Vanessa?",1,1,1,1,1,2,1.1666666666666667
cTIDnMLr0gk_34,Taking a trip to China. That sounds like fun. Other reasons for living?,It sounds like thinking about your family in China brings up hope and something to look forward to. And singing seems to be another meaningful part of your life—what does singing give you?,-1,0,-2,0,0,2,-0.16666666666666666
cTIDnMLr0gk_36,I'll put singing and then I'll put joy.,"It sounds like singing brings you a lot of joy and meaning, and that’s something you really want to hold onto. What is it about singing that feels so important to you?",1,1,-1,1,0,2,0.6666666666666666
cwmf4PSMqLE_1,"Hi Sam, how are you doing today?","It sounds like there may be something you’d like to talk through today, and I’m here to listen. What feels most important for us to focus on right now?",-1,0,-2,0,0,1,-0.3333333333333333
cwmf4PSMqLE_3,"I'm doing well, thanks for asking. So you're here at the agency today to seek counseling services?","I’m doing well, thank you. What’s been going on for you lately that brought you in today?",1,1,1,1,0,2,1.0
cwmf4PSMqLE_5,Your boss sent you over? What reason do you think your boss had for doing that?,"It sounds like your boss encouraged you to come in, and you decided to follow through. What’s been happening that led to that recommendation?",1,0,1,1,0,2,0.8333333333333334
cwmf4PSMqLE_7,She wanted you to come over and talk about your relationship with your coworkers?,"It sounds like you’re feeling pretty confident in your abilities, and also aware that there’s been some tension in how others are receiving your ideas. What has that been like for you at work?",1,1,1,1,1,2,1.1666666666666667
cwmf4PSMqLE_9,"Okay, and what do you mean by higher? Like your ideas are higher?",I hear that you see yourself as having a different perspective and that you’d like help communicating it in a way others can understand. What feels most frustrating about those interactions with your coworkers?,1,1,1,1,0,2,1.0
cwmf4PSMqLE_11,"Okay, so they were unable to reach your level of expression for a project you're working on?","It sounds like you experience yourself as having a strong vision that others don’t always grasp, and that can feel isolating. What is it like for you when you feel misunderstood?",1,1,1,1,1,2,1.1666666666666667
cwmf4PSMqLE_13,Do you think counseling will be helpful?,"You’re describing a sense that your ideas are not being fully understood, and that your boss sees counseling as a way to help with that. How do you feel about being here today?",-1,-1,-2,-1,-1,1,-0.8333333333333334
cwmf4PSMqLE_15,Again you say at their level. Are you meaning that they're below you with skills?,"It sounds like part of you wants to support your boss’s wishes, and part of you sees some possible value for yourself too. What stands out to you about the idea of understanding other people better?",-1,0,-2,1,0,2,0.0
cwmf4PSMqLE_17,"Okay, so counseling can help you bridge that gap to be able to communicate more effectively?","I hear that you experience a real difference between yourself and your coworkers, and that this can make communication feel difficult. What is it like for you to be in those moments with them?",1,1,1,1,1,2,1.1666666666666667
cwmf4PSMqLE_19,"Alright, so tell me where you are currently in terms of how you perceive yourself?","It sounds like you’re wanting to keep growing and reach an even higher level, while also noticing some gaps in how you and others connect. What does “being even better” mean to you?",1,1,1,2,1,2,1.3333333333333333
cwmf4PSMqLE_21,How do you plan on accomplishing that?,"You’re feeling like you’re already at a solid place and still want to push beyond that, which sounds important to you. What would it look like for you if things were going the way you want?",1,1,1,1,1,2,1.1666666666666667
cwmf4PSMqLE_23,So it sounds like you have a lot of strengths and maybe people are just getting jealous because you seem to succeed at so many things?,"It sounds like you have a strong sense of your abilities and a desire to be seen at an even higher level. What does being ""higher than a ten"" mean to you personally?",1,1,1,1,0,2,1.0
cwmf4PSMqLE_25,How would they describe you given this level difference that you're talking about? What would they say?,"I hear that it feels frustrating to feel underestimated, and that you experience yourself as standing out in a big way. What is it like for you when other people don’t seem to match how you see yourself?",1,1,1,2,1,2,1.3333333333333333
cwmf4PSMqLE_27,It would be easier?,It sounds like you imagine others would see you as highly capable and deserving of more responsibility. What feelings come up for you when you picture them saying that?,1,1,1,1,1,2,1.1666666666666667
cwmf4PSMqLE_29,Does it frustrate you that you're not called on for every task or recognized?,You’re describing a sense that things would feel smoother and more effective if you were the one leading it all. What is it like for you to feel that kind of certainty about your role?,1,1,1,1,1,2,1.1666666666666667
cwmf4PSMqLE_31,So they can see your talent and recognize you most of the time?,"It sounds like being recognized and relied on matters a lot to you, and that it can feel important to remind others of your value. What does it feel like when that recognition does happen?",1,1,1,1,1,2,1.1666666666666667
cwmf4PSMqLE_33,How long have you been with this particular employer?,"I hear that you feel seen and appreciated much of the time, and that seems important to you. What is it like to have that sense of being recognized?",1,1,1,1,1,2,1.1666666666666667
cwmf4PSMqLE_35,Can you tell me about the job you had prior? What happened there?,Six or eight months is still fairly recent. What has it been like for you to settle into this role so far?,1,1,1,1,0,2,1.0
cwmf4PSMqLE_37,And you wanted to shoot higher and accomplish something greater?,"It sounds like you experienced the previous role as no longer fitting where you felt you were headed, and this move felt more aligned with your goals. What was it like for you to make that transition?",1,1,1,1,1,2,1.1666666666666667
cwmf4PSMqLE_39,You really want to take it further?,"It sounds like being recognized and remembered matters a lot to you, and there’s a strong sense of ambition in what you’re describing. What does being “legendary” mean to you personally?",1,1,1,1,1,2,1.1666666666666667
cwmf4PSMqLE_41,Can you tell me how the interaction went when you left your last job? Did you quit or did they encourage you to leave?,"I hear that having an audience and influence feels important to you, and that people responding to you reinforces that sense of connection. What is it like for you when others rely on what you say?",1,1,1,1,1,2,1.1666666666666667
cwmf4PSMqLE_43,What type of issues did they have?,"It sounds like you felt it was your decision to leave, even though there were some concerns on their side. What was that experience like for you at the time?",1,0,-2,1,0,2,0.3333333333333333
cwmf4PSMqLE_45,So after you quit they pursued you to come work for them again?,"I hear that there was tension around communication, and at the same time they still wanted you back. How did it feel to have them reach out after you left?",1,1,1,1,1,2,1.1666666666666667
cwmf4PSMqLE_47,So what did you tell them when they offered you the job back?,It sounds like you experienced their wanting you back as confirmation of your impact there. What did that mean to you about your role in the company?,-1,-1,-2,0,0,1,-0.5
cwmf4PSMqLE_49,Alright. So you feel as though you could benefit from the counseling here to better relate to people at different ability levels?,I hear a lot of confidence and a sense of having moved on to something that felt more fitting for you. What was it like to say that to them?,1,1,1,1,1,2,1.1666666666666667
cwmf4PSMqLE_51,"Is your boss putting any pressure on you, like is this mandatory?","It sounds like you’re trying to balance your own confidence with a wish not to hurt others, and that matters to you. What feels most important to you about how you come across to people?",1,1,1,1,1,2,1.1666666666666667
cwmf4PSMqLE_53,So she's trying to help you for another advancement. I'm gonna get you on the calendar to see a counselor later this week. Does that work for you?,"It sounds like you’re seeing this as connected to a possible promotion, which makes it feel more understandable and maybe less pressured. What is it like for you to think about it that way?",1,1,1,1,1,2,1.1666666666666667
cwmf4PSMqLE_55,Okay. I really appreciate you taking the time with me. We'll get you set up for that and we'll go from there.,It sounds like you’re wanting to support your boss’s goals and also be mindful of how you come across to others. What feels most important to you about this counseling process right now?,-1,0,-2,0,0,1,-0.3333333333333333
cwmf4PSMqLE_57,Thank you.,"You’re welcome, and I appreciate you being open to it. It sounds like there’s some uncertainty there, and we’ll take it one step at a time.",0,0,-2,0,0,2,0.0
dNfM2ihfSSE_2,"So, today's the day.",It sounds like there’s a lot of fear and tension building up for you right now. What’s it like to notice that in your body as you’re here talking about it?,1,0,0,1,0,2,0.6666666666666666
dNfM2ihfSSE_4,"Let's slow it down so we can catch it. We agreed to look for Mr. Anxiety, and it looks like he's here. Does this feel like familiar territory to you?","That sounds really intense, and I hear how close to the edge it feels for you. What do you notice happening inside as you imagine walking inside the mall?",1,1,1,1,1,2,1.1666666666666667
dNfM2ihfSSE_6,"It's big time and very familiar. How old would you say these urgent, racing thoughts are? One leads to another, saying this is going to happen, then that. Are you with me?","It sounds like this is a very familiar experience for you, and that’s part of why you came in. What stands out to you most when you notice Mr. Anxiety showing up like this?",-1,-1,-2,0,0,1,-0.5
dNfM2ihfSSE_8,"How old is that specific process, even if the exact words are different?","Mhm, and it sounds like there’s a whole chain that gets set off once it starts. As you think about that pattern, what do you notice about how it begins for you?",1,1,1,1,0,2,1.0
dNfM2ihfSSE_10,So this has a long history. Is it fair to say you've been turning your life over to that process? We're working to create a space where something different can happen.,"That sounds like it goes back a long way, and I hear how overwhelming it was even as a kid. What do you remember most about those moments in the car on the way there?",1,1,1,1,0,2,1.0
dNfM2ihfSSE_12,"We're right at the point where the action happens. You aren't in the situation yet, but we're where the thoughts are being conceived. Can we slow down and just watch it? I want to do something odd to show how the mind works. I have a pen here that says something: 'woo.'","It sounds painful to feel like this process has kept you from so much of life. I hear a strong hope in you for something different, and I’m curious what that hope feels like for you right now.",1,1,1,1,1,2,1.1666666666666667
dNfM2ihfSSE_14,"If I ask you what this says next week, or next month, or even next year, what would you say?","It sounds like you can see the word clearly, and at the same time your mind is already moving toward that familiar fear. What do you notice happening inside as you hear yourself say, “woo” and then think about the crowd?",1,0,1,1,0,2,0.8333333333333334
dNfM2ihfSSE_16,"Exactly. Letting that thought run your life is what brought you here. Notice how old this thought is and the cost it's produced. This pen says 'woo,' and your mind says if you go to the mall, you're going to...","I hear that the thought feels very old and very convincing, almost like it’s been with you for years. What is it like to notice that the pen can be seen so quickly, while this other thought has had so much more time to take hold?",1,1,1,1,0,2,1.0
dNfM2ihfSSE_18,Your mind is just doing what minds do. Is it really your enemy?,You’re noticing how immediate and powerful that thought is for you. It sounds like there’s a lot of fear wrapped up in the idea of losing it in a crowd.,1,1,1,1,1,2,1.1666666666666667
dNfM2ihfSSE_20,"As we prepare for this session, I want you to watch your mind as it constructs these scary futures. Notice them like you would carry something fragile. It's not your boss, just your mind doing its thing. Are you willing to try that?",It sounds like you’re seeing the difference between a simple thought about the pen and the long history of this fear. What do you notice in yourself as you recognize that your mind has been doing this for a lifetime?,-1,0,-2,0,0,2,-0.16666666666666666
dNfM2ihfSSE_22,"Good catch. Let's do the same thing with that thought too. That segment was ACT consistent, using techniques to create separation between the person and their mind. Now let's look at an inconsistent example.","I hear that you can feel your mind starting to tell that story right now, and that it brings up a sense of falling apart. What is it like to notice that happening in this moment?",1,1,1,1,1,2,1.1666666666666667
dNfM2ihfSSE_23,"So, today is the day. Ready for Mr. Anxiety?","It sounds like that thought is showing up strongly, and you’re able to catch it as a thought rather than a fact. What do you notice when you turn toward it with that kind of awareness?",-1,-1,-2,1,-1,1,-0.5
dNfM2ihfSSE_25,"It's not surprising you're thinking this since it's an old thought. But in all the years you've had these thoughts, have you ever actually lost it?","I hear how intense this feels for you right now, with the tight chest, sweating, and the fear of passing out or going crazy. It sounds overwhelming, and I’m wondering what it’s like to say all of that out loud here.",1,1,1,1,0,2,1.0
dNfM2ihfSSE_27,"So it's just a thought, not a fact. Let's try something silly to look at it differently. Give me a cartoon character you like.","It sounds like part of you knows this fear has been around a long time, and another part still feels very convinced by it. What is it like to hold both of those experiences at once?",1,1,1,1,1,2,1.1666666666666667
dNfM2ihfSSE_29,Imagine those scary thoughts in a Donald Duck voice. Mentally hear him saying it's going to be bad and terrible. Doesn't that make the thoughts seem ridiculous?,"It sounds like those thoughts feel very vivid and frightening right now, even if part of you knows they’re thoughts. What do you notice in your body as you say that out loud?",1,1,1,1,1,2,1.1666666666666667
dNfM2ihfSSE_31,"Hang on to that when the anxiety hits to remember these things aren't necessarily true. That segment was inconsistent because it focused on ridiculing the thoughts to make them go away, rather than just noticing them. Now we'll see a student struggling with career choices.","You’re noticing that the thoughts still feel scary, and at the same time they seem a little less powerful when you hear them that way. What is it like to hold both of those experiences at once?",1,0,-2,1,0,2,0.3333333333333333
dNfM2ihfSSE_32,What's inside this decision for you?,"It sounds like that shift gave you a little more distance from the thoughts, even if the fear is still there. What do you notice happening inside you as you stay with that different perspective?",-1,0,-2,1,0,2,0.0
dNfM2ihfSSE_34,What are the two major alternatives you're weighing?,"You’re feeling pulled in a lot of directions, and that sounds really heavy. What feels most important to you in this choice, underneath all the pressure from others?",1,1,1,1,1,2,1.1666666666666667
dNfM2ihfSSE_36,It seems like you think choosing one means losing the other. Is that really true? Maybe you just need to follow your heart and make a choice. Just do it.,"It sounds like there’s a painful sense of failing no matter what you choose. When you say you’re trying to cover all the bases, what does that feel like for you inside?",1,0,1,1,0,2,0.8333333333333334
dNfM2ihfSSE_38,That was a 'normal' interaction but inconsistent with ACT because we focused on the content of the problem rather than the process. Now let's see a more consistent approach with the same client.,"I hear how hard you’re working to hold everything together, and it sounds exhausting to feel like you’re not getting anywhere. What is it like to notice that struggle in this moment?",1,1,1,1,1,2,1.1666666666666667
dNfM2ihfSSE_39,"What's inside this choice? It feels like your thoughts are very close, almost blinding. Is that a familiar place for you?",It sounds like being pulled between these options brings up a lot of worry and a sense of not being enough. What happens for you when you notice that worried place showing up?,1,0,0,1,0,2,0.6666666666666666
dNfM2ihfSSE_41,"Your mind is trying to help, but it's doing something very familiar. Let's notice what the mind is doing and what's showing up in your body. Every time you make a decision, your mind says you're leaving something behind, right?","You’re aware of that worried space, and it sounds very close and intense right now. What is it like to notice your thoughts from inside that place?",1,1,1,1,1,2,1.1666666666666667
dNfM2ihfSSE_43,It is scary when you open some doors and close others. Can you open up to that scariness rather than trying to fix it? You're not doing anything wrong; it's just part of the process.,"It sounds like there’s a lot of fear in not knowing, and that uncertainty feels really hard to sit with. What is it like for you to notice that you don’t have control over it?",1,1,1,1,1,2,1.1666666666666667
dNfM2ihfSSE_45,"In this section, we caught the 'mindy' process that pulls people into obsessive problem-solving and created some separation to allow for a more flexible way to explore life's choices.","Right, and maybe for a moment we can just stay with that scariness instead of pushing it away. What do you notice in yourself as you say that?",1,1,1,1,0,2,1.0
dbqFCbXxwb0_1,Hi Jackie. How you doing today?,,-1,-1,-2,-1,-1,-1,-1.1666666666666667
dbqFCbXxwb0_3,You all right?,I’m glad you came in today. What’s been feeling most present for you lately?,1,1,1,1,0,2,1.0
dbqFCbXxwb0_5,Having a rough time? I understand there have been some difficulties lately that brought you into the agency. Tell me what's going on.,"I hear that things have been rough, even if it’s hard to put into words right away. What’s been weighing on you the most?",1,1,1,1,1,2,1.1666666666666667
dbqFCbXxwb0_7,And what did you notice right away? So one of the boxers was knocked out and you saw that. What did you notice right away was happening?,"That sounds really intense and frightening, especially seeing something like that so suddenly. What has it been like for you since then?",1,1,1,1,1,2,1.1666666666666667
dbqFCbXxwb0_9,So you left and the symptoms continued?,"It sounds like your body reacted with a lot of fear, and it was overwhelming enough that you had to get out. What has it been like to carry that experience with you over the past week?",1,1,1,1,1,2,1.1666666666666667
dbqFCbXxwb0_11,What kind of problems?,"It sounds like it’s been affecting you in a pretty ongoing way, both at night and at work. What has that week been like for you day to day?",1,1,1,1,0,2,1.0
dbqFCbXxwb0_13,Do you find that you're having memories of the incident at the boxing match that are intrusive?,It sounds like the memory is really intruding on your day and making it hard to stay present at work. What has that been like for you emotionally when it pops up like that?,1,0,0,1,0,2,0.6666666666666666
dbqFCbXxwb0_15,And it's bothersome for you?,"That sounds exhausting, having it on your mind so much of the time. When those thoughts come up, what do you notice happening inside you?",1,0,-2,1,0,2,0.3333333333333333
dbqFCbXxwb0_17,And you try but the memory stays there. Any dreams related to it?,It sounds really frustrating to be trying to work and have the memory keep forcing its way in. What is that experience like for you in those moments?,1,1,1,1,1,2,1.1666666666666667
dbqFCbXxwb0_19,"Any times when you feel like you're reliving what you saw, like you're seeing it again?","It sounds like sleep has been really difficult too, even without dreams about it. What has the lack of sleep been like for you day to day?",1,1,1,1,0,2,1.0
dbqFCbXxwb0_21,Is anything reminding you of the boxing match that's causing you to have symptoms?,"I hear that you’re not reliving it, but the memory is still very present for you. What feels most distressing about how it’s showing up now?",1,1,1,1,0,2,1.0
dbqFCbXxwb0_23,Do you find yourself working to avoid music that was similar?,It sounds like those reminders can bring the fear and physical reactions back very quickly. What is it like for you when you notice yourself avoiding those things?,-1,0,-2,1,0,1,-0.16666666666666666
dbqFCbXxwb0_25,Do you find that you've had any trouble remembering what happened?,You’ve been trying to stay away from the radio and crowds because they bring up those feelings. What has that avoidance been like for you?,1,1,1,1,1,2,1.1666666666666667
dbqFCbXxwb0_27,Have you been irritable at all since then?,"It sounds like the memory is still clear, even though it’s upsetting. What stands out to you most when you think back on it?",-1,0,-2,0,0,1,-0.3333333333333333
dbqFCbXxwb0_29,How about your awareness level of what's around you? Do you find that your awareness level has increased?,"It sounds like these reactions have been really out of character for you, and that can feel unsettling. What has it been like for you to notice yourself snapping so quickly?",1,1,1,1,1,2,1.1666666666666667
dbqFCbXxwb0_31,So you feel like your reaction to that was stronger than it normally would have been?,"That sounds really frightening and disorienting, especially when something that would usually feel light ended up leaving you unable to calm down. I hear that you’ve been feeling a bit dazed at times too.",1,1,1,1,0,2,1.0
dbqFCbXxwb0_33,Have you used drugs or alcohol recently? Any medical problems?,It sounds like the intensity of your reaction really stood out to you. What was that experience like for you in the moment and afterward?,1,1,1,1,0,2,1.0
dbqFCbXxwb0_35,I'm going to get you in to see a counselor here at the agency if that's something that you're okay with?,"I hear that this has been a pretty strong and scary experience for you, even without drugs, alcohol, or medical issues involved. What feels most important for you to share about what’s been happening?",1,1,-1,1,0,2,0.6666666666666666
dbqFCbXxwb0_37,I'll get that arranged on the schedule and get you in to see somebody.,I’m glad to hear that feels helpful to you. It sounds like having someone to talk with could be a supportive next step.,-1,-1,-2,-1,-1,1,-0.8333333333333334
dbqFCbXxwb0_39,Thanks.,"You’re welcome. It sounds like you’re taking an important step in getting support, and I’m glad we could arrange that.",-1,0,-2,0,0,1,-0.3333333333333333
iBp75KNuLb8_1,Well hello Susan.,It sounds like there may be more you’d like to talk about. What’s been on your mind lately?,1,0,-2,0,0,2,0.16666666666666666
iBp75KNuLb8_3,Good to see you today.,"Hello, Susan. It’s nice to meet you—what would you like us to focus on today?",-1,-1,-2,-1,-1,1,-0.8333333333333334
iBp75KNuLb8_5,So tell me what brings you in?,"Hello, Susan. It’s good to see you today.",-1,-1,-2,-1,-1,1,-0.8333333333333334
iBp75KNuLb8_7,"Okay, so tell me what that looks like for you, anxiety in those situations.","It sounds like your anxiety has been affecting a lot of areas of your life, and you’re feeling ready for something to change. I hear that you want help managing it.",1,1,-2,1,0,2,0.5
iBp75KNuLb8_9,"So is it physical, or is it a lot of thoughts in your head?","That sounds really distressing, especially with the panic while driving and the anxiety during tests. It seems like those situations leave you feeling overwhelmed and unable to access what you know.",1,0,0,1,0,2,0.6666666666666666
iBp75KNuLb8_11,And what are the thoughts going on in your head?,"It sounds like the anxiety is showing up both in your thoughts and in your body, with the racing heart, tension, and sweaty palms. That sounds exhausting to carry.",-1,-1,-2,0,0,1,-0.5
iBp75KNuLb8_13,"And so with the test, have you found that to be a problem as far as not being able to complete the test or not doing well?",I hear how the fear of getting hit in the car and the pressure to do well on tests can make you freeze up. It sounds like the anxiety is really taking over in those moments.,1,1,1,1,0,2,1.0
iBp75KNuLb8_15,So it sounds like we might need to find something that helps you in the moment.,"It sounds like the anxiety is interfering with how quickly you can get through the test, even though you know you could do better without it. I hear that it eases once the situation passes, which may feel frustrating in the moment.",-1,0,-2,1,0,2,0.0
iBp75KNuLb8_17,"Okay, well would you like to learn a skill?","It sounds like you’re looking for something that can help you right when the anxiety shows up, especially since these situations can’t be avoided. I hear how important it is for you to feel more able to cope in the moment.",-1,-1,-2,0,0,1,-0.5
iBp75KNuLb8_19,"Okay, well there is something called grounding. Have you heard of that?",It sounds like you’re eager to find something that could make a real difference for you. What feels most important for us to focus on first?,0,0,-2,0,0,2,0.0
iBp75KNuLb8_21,"Being grounded is getting to a level place. For some people emotions get really intense, like your anxiety. Grounding tries to learn ways to bring that down to a calm place to deal with it.",It sounds like you’re wanting something practical that can help you stay steady in those unavoidable group settings. We can explore that together at a pace that feels comfortable for you.,1,1,-1,1,0,2,0.6666666666666666
iBp75KNuLb8_23,"I'm going to introduce a grounding technique to you. It involves some deep breathing, closing your eyes, and getting into your senses. I have a script here to read to you. To begin, just relax and be as comfortable as you can. Rest your hands and just breathe. Try deep breathing where your chest rises and you breathe out. Now we're going to use the five senses. Close your eyes, listen to my voice, and notice all the sounds around you. Tell me what you hear.","I hear that it feels good to have something concrete to try, and that grounding makes sense to you. What do you notice in your body or mind as you focus on that idea?",1,1,1,1,0,2,1.0
iBp75KNuLb8_25,Do you think you noticed that sound before I mentioned it?,"You’re noticing your breath and the air from the vent, and that seems to be bringing your attention into the present moment. What else do you notice as you stay with those sounds?",1,1,1,1,0,2,1.0
iBp75KNuLb8_27,Let's move on to smell. Do you smell anything in the room?,"It sounds like once you focused on it, that sound became much more noticeable. What is it like for you to realize your attention can shift what you’re aware of?",1,1,1,1,1,2,1.1666666666666667
iBp75KNuLb8_29,Okay. Open your eyes and let's talk about sight. List some things you can see in this room right now.,"You’re noticing there isn’t much scent in the room, and even the “smelly air” stands out to you now. What do you notice about that experience as you keep paying attention?",1,1,1,1,1,2,1.1666666666666667
iBp75KNuLb8_31,What about the colors of what you see?,"I hear that you’re seeing several things in the room, and you’re taking in a lot of detail right now. What stands out to you most as you look around?",1,1,1,1,0,2,1.0
iBp75KNuLb8_33,"And when you first came here, did you notice those?","It sounds like the colors feel a bit clashing to you, and you’re noticing them more closely than before. What is it like to pay attention to the room in this way?",-1,-1,-2,1,0,1,-0.3333333333333333
iBp75KNuLb8_35,"Next is taste. In other situations you could eat a snack and savor the textures, but even without food you can taste the saliva in your mouth. Are there any tastes from this morning?",You’re noticing that focusing on it makes you more aware of the colors than you were at first. What do you make of that shift in awareness?,1,1,1,1,1,2,1.1666666666666667
iBp75KNuLb8_37,"Finally, the sense of touch. Where your hands are right now, what are you feeling?",It sounds like you're noticing the tea most clearly right now. What do you notice about that taste as you pay attention to it?,1,0,0,1,0,2,0.6666666666666666
iBp75KNuLb8_39,Put your hands on the couch and describe how it feels.,"You’re noticing the feeling of your hands crossing, and that seems to be something familiar and present for you. What is that sensation like as you focus on it?",1,1,1,1,1,2,1.1666666666666667
iBp75KNuLb8_41,"Find something else, like your phone, and describe that.","That sounds solid, soft, secure, and comfortable. What do you notice in your body as you rest your hands there?",1,1,1,1,0,2,1.0
iBp75KNuLb8_43,What about the paper there?,"It sounds like the phone feels cushy in your hand, even if it’s a little hard to describe. What stands out to you most about that feeling?",1,1,1,1,0,2,1.0
iBp75KNuLb8_45,"Now, for a moment, get comfortable again and close your eyes. Take a deep breath three times. With your eyes closed, come up with a statement you can say to yourself when you're feeling anxiety. Something like 'I'll be okay.' Say it out loud.","You’re noticing the paper as silky, smooth, bendable, thin, and slick. What is it like to put those words to the sensation?",0,0,-2,1,0,2,0.16666666666666666
iBp75KNuLb8_47,Say your statement out loud.,That sounds like a supportive statement to have available when anxiety shows up. How does it feel to say that to yourself?,1,1,1,1,1,2,1.1666666666666667
iBp75KNuLb8_49,Say it with confidence.,"I hear that you can say, “I can do it.” What do you notice as you hear yourself say it out loud?",-1,-1,-2,0,0,1,-0.5
iBp75KNuLb8_51,Open your eyes. We went through each sense as a distraction to focus your mind on details and help you calm down. It's important to breathe through it. How was that for you?,It sounds like you’re saying it with more strength and confidence now. What is that like for you in this moment?,1,1,1,1,1,2,1.1666666666666667
iBp75KNuLb8_53,Was there a certain sense you found most helpful?,"It sounds like that shift really helped you settle, especially when your mind was getting revved up. What was it like to notice your attention move from the anxiety to your senses?",1,1,1,1,1,2,1.1666666666666667
iBp75KNuLb8_55,"Think about how we can use this when you're driving. You can't close your eyes, so what senses can you use?","That makes sense — seeing, hearing, and feeling seem to give you the strongest anchor. What do you notice about those senses that feels most calming for you?",1,1,1,1,1,2,1.1666666666666667
iBp75KNuLb8_57,"Also, the sound of the road and cars going by.","You’re already noticing how to adapt this for driving, which sounds really thoughtful. What feels most reassuring about using music and the feel of the wheel in that moment?",1,1,1,1,0,2,1.0
iBp75KNuLb8_59,"With sight, focus on the car in front of you instead of being distracted by cars behind you.","It sounds like you’re finding a way to make this feel more manageable, especially by choosing music that feels calming rather than activating. What do you notice in yourself when you think about trying that?",1,1,1,1,1,2,1.1666666666666667
iBp75KNuLb8_61,What about when you're taking a test? What senses can we tap into there?,"Okay — it sounds like you’re keeping the focus on what’s directly in front of you, which may feel steadier. How does that idea sit with you as you imagine being on the road?",1,1,1,1,1,2,1.1666666666666667
iBp75KNuLb8_63,"Try to tap into hearing. Don't think about the function of typing, just the feel of the keyboard to be aware that it's there.","You’re identifying several senses that could help ground you during a test, and that sounds like a useful connection. What feels most calming or steadying about those sensations for you?",1,0,-2,1,0,2,0.3333333333333333
iBp75KNuLb8_65,"Next time you feel anxiety, try this. You can even take a five-minute break and dedicate one minute to each sense. Do it before you start a drive or a test. Remember your statement, 'I can do this.'",It sounds like you’re getting a clearer sense of how to notice the keyboard without getting pulled into the anxiety around it. What is it like to practice that kind of awareness?,1,1,1,1,1,2,1.1666666666666667
iBp75KNuLb8_67,When is the next time you could do this?,"I hear the confidence in that, and it sounds like saying it with gusto brought some energy into the moment. What do you notice in your body or mood when you say, “I can do this”?",1,0,0,1,0,2,0.6666666666666666
iBp75KNuLb8_69,"How about before you even leave, while you're sitting in your car?","It sounds like you’ve got a clear plan for using that when you drive home today, and you’re already thinking ahead to the test next week too. How does it feel to imagine trying it in the parking lot before you leave?",-1,-1,-2,0,0,1,-0.5
iBp75KNuLb8_71,"That sounds like a good plan. We'll talk next week and see how it goes. Different situations might not need all the senses, so just focus on what calms you down.","That sounds like a thoughtful way to ease into it, and I hear that you’re willing to give yourself those few minutes before you start. What do you notice as you picture doing that before the drive?",-1,-1,-2,-1,-1,1,-0.8333333333333334
iBp75KNuLb8_73,Thank you for coming in today.,"It sounds like you’ve found a plan that feels workable for you, and we can see how it goes next week. I’m glad you’re noticing that different situations may call for different kinds of calming.",-1,-1,-2,0,0,1,-0.5
jKIFMKsPMas_1,So I'd like to talk about being cognitively active. So you're retired now. What did you used to do?,,-1,-1,-2,-1,-1,-1,-1.1666666666666667
jKIFMKsPMas_3,Okay. And presumably that kept you very busy?,"Forty-four years as a nurse sounds like a long and meaningful career. What was that experience like for you, and what stands out most when you think back on it?",1,1,1,1,1,2,1.1666666666666667
jKIFMKsPMas_5,Several jobs.,"That sounds incredibly full and demanding, with so much responsibility across work, family, and the shop. I hear a lot of dedication in what you’re describing, and I’m curious what that time was like for you emotionally.",1,1,1,1,1,2,1.1666666666666667
jKIFMKsPMas_7,"Wow. And do you do any, now that you're retired, do you do any voluntary work or anything else?","You were carrying an enormous amount, and it sounds like you kept everything going through a very busy stretch of life. What do you remember most about those years, and how do you feel when you look back on them now?",1,1,1,1,0,2,1.0
jKIFMKsPMas_9,Signed you up?,It sounds like even in retirement you’ve stayed very involved and connected through church and the transport work. What is it like for you to keep contributing in those ways now?,0,0,-2,0,0,2,0.0
jKIFMKsPMas_11,Would you say that keeping busy is important to you?,"It sounds like you’ve had a life full of helping and staying active, both at home and in the community. What has it been like for you to keep contributing in those different ways?",1,1,1,1,1,2,1.1666666666666667
jKIFMKsPMas_13,Yeah. And have you always been like that?,"It sounds like being active is very much part of who you are, rather than something you have to force. What do you notice about yourself when you’re able to keep busy like that?",1,1,1,1,1,2,1.1666666666666667
jKIFMKsPMas_15,Do you have a lot of social support?,"Yes, it sounds like that’s always been a natural part of you. What was it like growing up with that sense of always being on the go?",1,1,1,1,1,2,1.1666666666666667
jKIFMKsPMas_17,"Yeah, international friends.","It sounds like you have a wide circle of connection, and that must feel quite lively and full. What’s it like for you to have that kind of contact with people now?",1,1,1,1,1,2,1.1666666666666667
jKIFMKsPMas_19,And I believe that you are an Airbnb host?,It sounds like those connections really stretch across the world for you. How does it feel to have that sense of people being part of your life in so many places?,1,1,1,1,1,2,1.1666666666666667
jKIFMKsPMas_21,Any invitations to visit?,"It sounds like hosting has opened up a very broad kind of connection for you, with people coming and going from all over. What is that experience like for you?",1,1,1,1,1,2,1.1666666666666667
jKIFMKsPMas_23,Wow. And you said you've got grandchildren and great-grandchildren.,Brazil sounds like a meaningful invitation. What was it like to be asked to visit?,1,1,1,1,0,2,1.0
jKIFMKsPMas_25,Do you think that intergenerational contact is important?,"It sounds like family is a big part of your world too, with grandchildren and great-grandchildren in the mix. What is that like for you to think about?",1,0,-2,1,0,2,0.3333333333333333
jKIFMKsPMas_27,Why?,"It sounds like that contact feels very meaningful to you, especially with family across generations. What is it like for you when you’re with your grandchildren and great-grandchildren?",-1,-1,-2,-1,-1,1,-0.8333333333333334
jKIFMKsPMas_29,"And do you think that it also benefits them to spend time with people of different generations, different ages?","You’re describing a real sense of learning and being opened up by them, almost as if you’re seeing the world anew. It sounds quite moving to feel that exchange going both ways.",1,1,1,1,1,2,1.1666666666666667
jKIFMKsPMas_31,Good for you.,"It sounds like being around younger generations feels freeing for you, especially compared with how you were brought up. What is it like for you to join in with them in that way?",1,1,1,1,1,2,1.1666666666666667
jKIFMKsPMas_33,Good philosophy.,"You seem to really embrace that openness and spontaneity, saying yes to experiences. I hear a sense of freedom in that, and I’m curious what that means to you.",1,1,1,1,1,2,1.1666666666666667
jKIFMKsPMas_35,What's your view on nutrition and kind of having a so-called healthy diet?,"It sounds like “say yes” is a guiding principle for you, while also having clear boundaries about some things. I’m interested in how you decide what fits for you and what doesn’t.",1,1,1,1,0,2,1.0
jKIFMKsPMas_37,"I like that philosophy. How do you minimize the effects of stress? Do you have any techniques or if something stressful happens, is there anything particular that you do?","You seem to value moderation and not getting overly anxious about food, and that feels connected to enjoying life. I’m curious what “enjoy life” looks like for you day to day.",1,1,1,1,1,2,1.1666666666666667
jKIFMKsPMas_40,"I think you're in your 70s now. Do you enjoy being in your 70s? What was your favorite period in life, if there's an answer to that?","It sounds like writing things down helps you get feelings out and feel more clear, especially when you’re frustrated or feel unheard. I hear that being listened to matters a lot to you.",1,1,1,1,0,2,1.0
jKIFMKsPMas_42,"Right. So do you think it makes a difference, kind of moving on from those responsibility kind of times of life, so when you are looking after your children, is that what you mean by you feel a sense of relief later?","You’re describing a sense of freedom and laughter among people of different ages, and it sounds like that feels very alive for you. What is it like to be in that stage of life now?",1,1,1,1,1,2,1.1666666666666667
jKIFMKsPMas_44,Suppress.,"It sounds like those early messages about who you should be left a strong mark, with a lot of pressure to hold yourself in and not take up too much space. And even now, there’s a sense of relief in being beyond some of that, while also carrying the weight of it.",1,1,1,1,1,2,1.1666666666666667
jKIFMKsPMas_46,I think it was either earlier this year or last year you did something quite big for a stranger.,"It sounds like having to reinvent yourself after your husband died was both frightening and a turning point. I’m hearing how much pressure you’ve lived with, and also a sense of something opening up for you after that.",-1,-1,-2,-1,-1,1,-0.8333333333333334
jKIFMKsPMas_48,In February this year? You donated a kidney to a stranger.,"That sounds like a very significant thing to have done, and I’m curious what it was like for you to take that step. It seems to fit with this theme of finding a way to live with purpose after such a big loss.",1,1,1,1,1,2,1.1666666666666667
jKIFMKsPMas_50,Wow. How did you decide to do that or find out about that and then decide to?,"You donated a kidney to a stranger, and that feels like a very meaningful act. I’m hearing both the practical reality of it and the personal significance it seems to hold for you.",1,0,0,1,0,2,0.6666666666666666
jKIFMKsPMas_52,And going through the transplant operation is quite a big thing to go through.,"It sounds like there was a lot of testing and uncertainty, and also a strong sense that you were doing this for the right reasons. I’m curious what it was like for you to sit with both the hope and the possibility of finding something unexpected.",1,1,1,1,1,2,1.1666666666666667
jKIFMKsPMas_55,I think I've asked most things on my list that I wanted to talk about. Is there anything that you think that I've missed that is worth covering in terms of the theme of living well for longer?,You seem to hold a strong belief that giving to others can give something back to you in a deeper way. And the parachute jump sounds like another expression of that same spirit—what does that idea bring up for you?,1,1,1,1,1,2,1.1666666666666667
jKIFMKsPMas_57,"Oh, is that the plan? To raise money for Alzheimer's? Tandem jump out of a plane.","It sounds like you really feel that purpose comes from contributing, even in small ways, rather than just existing. And the parachute jump for Alzheimer’s seems to carry both meaning and a sense of challenge—what feels most important to you about that?",1,1,1,1,0,2,1.0
jKIFMKsPMas_59,Is there any advice that you would give to yourself aged 20 or any of our students?,"That sounds exciting, and maybe a little bold too. I’m curious what it means to you to be planning something like that at 80.",1,1,1,1,1,2,1.1666666666666667
jKIFMKsPMas_61,Thank you.,"It sounds like doing something for others gives you a real sense of meaning and connection, and that feels important to you. I hear a lot of humor and perspective in how you’re holding life lightly, too.",-1,-1,-2,-1,-1,1,-0.8333333333333334
jlXmVqhaMds_1,"Emma, how you doing today?",,-1,-1,-2,-1,-1,-1,-1.1666666666666667
jlXmVqhaMds_3,Doing good? What's been going on?,I’m glad to hear you’re doing good.,1,1,0,1,0,2,0.8333333333333334
jlXmVqhaMds_5,All right. Yeah. Tell me about that.,It sounds like this shopping habit is bringing up some anxiety for you. What’s it like for you when you notice that urge to have things in pairs?,-1,-1,-2,0,0,1,-0.5
jlXmVqhaMds_7,"All right. So when you go into a store, if you just have one thing you want to buy, one item you went there for, you'll buy a second item or even more? Or just second?",That sounds like there’s a strong need for things to feel “right” before you can leave the store. I’m curious what that experience is like for you in the moment.,1,1,1,1,1,2,1.1666666666666667
jlXmVqhaMds_9,"All right. So you have to leave having purchased a minimum of two. Or if you can't find something else, you won't buy it at all. So zero would also be acceptable.","So it feels important that there be at least two, and one just doesn’t feel workable for you. What do you notice inside when it’s only one item?",1,1,1,1,1,2,1.1666666666666667
jlXmVqhaMds_11,Can't do one. Okay.,"It sounds like “just one” really doesn’t fit for you, and that feels pretty firm. I’m curious what “two or more” means for you.",1,1,1,1,0,2,1.0
jlXmVqhaMds_13,"And what happens, has there ever been an occasion where you've only purchased one thing?","It sounds like there’s a clear rule around needing at least two, and that feels important to you. What do you think you’re hoping to avoid or make sure of when it has to be that way?",-1,0,-2,1,0,2,0.0
jlXmVqhaMds_15,"So, and how long has this been going on?","It sounds like that urge to make it two or more has been there for a long time, and it feels very hard to step outside of it. What is it like for you to notice that pattern now as you’re talking about it?",1,1,1,1,0,2,1.0
jlXmVqhaMds_17,"Long time. Okay. So for all this period of time, you have successfully either purchased nothing or two or more items.","A long time, and it sounds like it’s been a pretty consistent rule for you. I’m hearing that there’s a lot of anxiety tied up in even the idea of buying just one thing.",1,1,1,1,0,2,1.0
jlXmVqhaMds_19,How anxiety-producing?,"So it feels very necessary, almost like you have to do it to keep the anxiety down. I hear that there’s a strong sense of pressure around this, and that it’s been part of your life for years.",1,1,-2,1,0,2,0.5
jlXmVqhaMds_21,"Do you know what would happen? Like, do you have a specific...","That sounds really frightening, like there’s a feared consequence attached to not doing it. I’m hearing how much distress this brings up for you when you’re faced with that choice.",1,1,1,1,1,2,1.1666666666666667
jlXmVqhaMds_23,"Okay, so something really, really bad would happen. So this is hurtful for you. This is causing you pain. And this would happen, this would really happen on any shopping trip where you just want one thing. You'd be reminded. So if you went in wanting more than one thing, it's not a problem, right?","Those are very scary possibilities to be carrying around. It sounds like the fear gets connected to the shopping situation itself, and that can feel very overwhelming.",1,0,-2,1,0,2,0.3333333333333333
jlXmVqhaMds_25,All right. So how often does this happen where you are in a situation where you want to make a purchase of just one item and you have to change because of the anxiety?,"I hear that it’s especially hard when you truly only need one thing, because then the anxiety makes the choice feel impossible. It sounds painful to be caught in that moment.",1,1,1,1,1,2,1.1666666666666667
jlXmVqhaMds_27,How about like filling up your car at gasoline?,"Daily sounds exhausting, especially when so many ordinary errands can bring this up. I’m hearing how broad and disruptive this has become for you.",-1,0,-1,1,0,2,0.16666666666666666
jlXmVqhaMds_29,"So it has an effect at that level too. So you're thinking of it almost like the number of transactions has to be more than one? I mean, has to be two or zero?","So even there, you find a way to make it fit the rule by buying something extra. It sounds like you’re constantly having to adjust around this anxiety, even in very small moments.",1,1,1,1,1,2,1.1666666666666667
jlXmVqhaMds_31,That's one transaction.,"It sounds like this rule shows up in a lot of everyday situations, and that can make something as simple as shopping feel really loaded. When you think about that pattern, what stands out to you most about how it affects your day?",1,1,1,1,0,2,1.0
jlXmVqhaMds_33,"Okay, so that's one product. And you need another product. So you really can't fuel your car without going inside the station store. Okay. So it doesn't matter that there's more than one gallon going in? Just because it's the same product.","Mm-hmm, so even with gas, it still feels like there needs to be another item for it to feel okay. That sounds pretty specific and important to you.",1,1,1,1,1,2,1.1666666666666667
jlXmVqhaMds_35,"So I could see now this, this would be more of a daily thing like you said, right? Because it applies to all transactions. So this is a fairly significant source of anxiety for you.","Exactly, so it’s not really about the amount of gas or the size of the purchase — it’s about whether there’s a second product involved. I’m hearing how clearly that distinction matters for you.",1,1,1,1,0,2,1.0
jlXmVqhaMds_37,So let's talk about that and help me to understand this better. So let's say that you went to a convenience store and you just had one thing in mind. What might be a potential item that you would buy?,"That sounds exhausting, especially if it’s happening so often and building up inside you. What is it like for you in those moments when you can feel the anxiety rising?",1,1,1,1,1,2,1.1666666666666667
jlXmVqhaMds_39,"Gum. All right. So you want to go in and you just want to buy a pack of gum. That's all you really want. That's why you stop at the store. So you go in. Do you have any thoughts, we've talked in the past about automatic thoughts? These thoughts that just kind of come in. So are there any thoughts that are happening when you're walking into the store?","Gum feels like a simple example, and even then it sounds like the anxiety starts right away. What do you notice in yourself as soon as that thought about needing a second item shows up?",1,0,-1,1,0,2,0.5
jlXmVqhaMds_41,"All right. So the thought is, 'What else can I get?' That's one of the first thoughts.","I hear that the question becomes, “What else am I going to get?” and that it quickly turns into pressure to make it two. That sounds like a very immediate and intense shift for you.",1,1,1,1,1,2,1.1666666666666667
jlXmVqhaMds_43,It has to be two. That's another thought. So that thought's a little more demanding. So it has to be...,So the thought isn’t just about wanting something else — it feels like a rule that has to be followed. What is it like to notice that “has to be two” feeling come up so strongly?,1,1,1,1,1,2,1.1666666666666667
jlXmVqhaMds_45,And then you said jumps right to the anxiety. So is the anxiety relieved if you can decide on a second item and you select it?,"I hear that the first thought is more like wondering what else you need, and then it turns into that stronger sense that something else has to be added. That sounds like an important distinction to notice.",0,0,-2,0,0,2,0.0
jlXmVqhaMds_47,Okay. So it's relieved gradually. But it is relieved. And when's it completely gone?,"It sounds like once you can settle on that second item, the anxiety begins to ease a bit. What is that experience like for you as it starts to go down?",1,0,-2,1,0,2,0.3333333333333333
jlXmVqhaMds_49,"All right. So really the worst anxiety would be approaching the store, entering and that moment of uncertainty when you don't know the second thing that you're going to buy. All right. So that's really the target area.",So the relief comes after the transaction is finished and you’ve left the store. I hear that the uncertainty before that point is the hardest part.,1,1,1,1,1,2,1.1666666666666667
jlXmVqhaMds_51,"Okay. So if you could relieve that anxiety, that would be one of your goals. All right. So let's think about it this way. Do you know the reason that you do this? Do you have any guesses?",That makes a lot of sense — the uncertainty right at the store seems to be where the anxiety peaks. It sounds like that moment is really central for you.,-1,-1,-2,0,0,1,-0.5
jlXmVqhaMds_53,"All right. So you've been through some really tough times, to put it mildly. And what you're afraid of if you only buy the one item is something safety related happening.",I hear you wondering whether those difficult experiences may be connected to this pattern. What feels most important to you about that possible link?,-1,0,-2,1,0,2,0.0
jlXmVqhaMds_56,"So safety and security, they're at risk for you when you don't follow this rule. So if we think about it in terms of the cognitive model, we talk about the core beliefs and the intermediate beliefs. So the core belief here, do you have any thoughts on what it might be?","It sounds like safety and security feel very tied to this rule for you, both for yourself and for the people you care about. That seems like a heavy burden to carry.",-1,-1,-2,-1,-1,1,-0.8333333333333334
jlXmVqhaMds_58,"I'm not okay, I'm not safe, I am vulnerable. Exposed to danger, so you're at risk.","That’s a really important insight — “I’m not okay, I’m not safe.” It sounds like that belief may sit underneath a lot of what you’ve been feeling.",1,1,1,1,1,2,1.1666666666666667
jlXmVqhaMds_60,"All right. So with that core belief, we move down to kind of like the assumptions, in this case the rule. All right. So the rule is, 'I can stay safe if I transact involving only two or more products.' All right. So that's your rule.",You’re putting words to something very vulnerable there: feeling exposed and at risk. I hear how strongly that sense of danger shows up for you.,1,1,1,1,1,2,1.1666666666666667
jlXmVqhaMds_62,"And then when a situation presents itself, which would be an impending transaction, when they come together, what's that automatic thought?","It sounds like that rule has been helping you make sense of safety, even if it comes with a lot of anxiety. What is it like to hear it stated that way?",1,1,1,1,1,2,1.1666666666666667
jlXmVqhaMds_64,"So that's your automatic thought. And then what's the behavior that's a product of that automatic thought? You buy the second item. And the feeling, what's the feeling that follows that, that follows that purchase of two?","It sounds like that automatic thought comes up very quickly for you, almost as if it’s tied to the sense of danger you described. What do you notice in yourself when that thought appears?",-1,0,-2,1,0,2,0.0
jlXmVqhaMds_66,"Relief. All right. Yeah. So can you see how the mechanism, what's happening to you could be explained through the cognitive model?","I hear that the anxiety shows up with the thought, and then the relief comes after the purchase. That sounds like a really clear pattern for you. What is it like to see it laid out that way?",-1,0,-2,1,0,1,-0.16666666666666666
jlXmVqhaMds_68,"All right. So let's talk about the rule of two. Do you think that sitting here now, do you see a causal connection between purchasing two items and a safety or security breach or something bad happening?","It sounds like it fits very well for you, and that can feel both clarifying and maybe a little unsettling. What stands out to you most about the pattern we’ve been describing?",1,1,1,1,1,2,1.1666666666666667
jlXmVqhaMds_70,"It's not a useful thought, maybe not a useful intermediate belief. So you recognize that, you appreciate that there's not a link between the purchasing behavior and safety in either direction, though, right? Meaning you realize that if you buy two, that doesn't necessarily keep you safe either. So you can't introduce safety or risk of being unsafe through your transacting behavior.","You’re noticing that, even with the work you’ve done, the belief doesn’t seem to hold up logically. That sounds like an important realization. What feelings come up as you say that out loud?",1,1,1,1,1,2,1.1666666666666667
jlXmVqhaMds_72,Does that make sense?,"It sounds like part of you can see that the belief isn’t useful, even if it still feels familiar. I hear some uncertainty in the “maybe,” too. What is that like for you to notice?",1,1,1,1,1,2,1.1666666666666667
jlXmVqhaMds_74,"Right. Safety or risk, they're not influenced by your behavior. But that's not what your mind is telling you. Right. That's not what your thoughts are telling you. Right. That's logical and you can sit here with me and you can say, 'Yeah, I don't see a link.'","You’re able to see the logic of it, and at the same time it sounds like there’s still a tension there for you. I hear that you’re trying to make sense of both sides. What feels most true for you in this moment?",1,1,1,1,0,2,1.0
jlXmVqhaMds_76,"So let's talk about that moment. So in this moment, maybe a little anxious now, but you can kind of see how you can't protect yourself or cause harm to yourself or anyone else by buying two or failing to buy two. In the store or wherever you're making the transaction, different story. So let's go a different direction. I want you to kind of stay with me as I go through another scenario. Let's say that you forgot your credit card or cash or whatever, and you only have enough money for the gum and you want the gum. It's really important to you. So it's not something you want to turn into a zero.","It sounds like you can recognize the lack of a link, but the feeling is still very strong and very real. That “impending doom” sounds heavy to carry. What is that experience like for you right now?",1,1,1,1,1,2,1.1666666666666667
jlXmVqhaMds_78,"Okay. So you go into the store, you realize you only have enough resources to make the one transaction. So now walk me through the thoughts and the feelings.","I hear that you’re wanting to stay with the scenario, and that it feels important to you. It sounds like there’s a lot of meaning in this for you. What do you notice as you imagine that situation?",-1,-1,-2,1,0,1,-0.3333333333333333
jlXmVqhaMds_80,"No, what do you think would happen?",It sounds like you're noticing both the urge to explain what you would normally do and the pull to stay with the scenario as it is. What do you notice in yourself as you try to imagine that moment more directly?,1,1,1,1,1,2,1.1666666666666667
jlXmVqhaMds_82,Could you do it?,"That sounds very stressful, even if it isn't a full breakdown. I hear that the difficulty is real for you, and that staying with the scenario brings up a lot of tension.",1,1,1,1,1,2,1.1666666666666667
jlXmVqhaMds_84,"Okay. And that is one level of being able, but how about in terms of your thinking and your feeling?","You're saying you could physically do it, and that matters. I'm curious what it feels like inside when you say, 'I could get through it somehow.'",1,1,1,1,0,2,1.0
jlXmVqhaMds_86,And what would happen? How much anxiety would you experience and would the anxiety fade off?,"It sounds like there is a part of you that believes you can get through it, even while the feeling is still very hard. What do you notice happening in your body or thoughts as you say that?",1,1,1,1,1,2,1.1666666666666667
jlXmVqhaMds_88,Tell me what you're feeling right now.,"I hear that you expect the anxiety would eventually fade, but that it would take longer and feel more intense in the moment. It sounds like the idea of waiting for it to pass carries its own kind of strain.",1,0,-2,1,0,2,0.3333333333333333
jlXmVqhaMds_90,"Are you worried, is it the kind of anxiety where you're worried that something catastrophic's going to happen?","Very anxious. I hear how strong that feels right now, even just talking about it. What is the anxiety like for you in this moment?",1,1,1,1,1,2,1.1666666666666667
jlXmVqhaMds_92,Okay. So even talking about a transaction of one can lead to anxiety connected to this safety and security thing. So you can trigger that without a transaction even pending.,"Mm-hmm, so there is a fear that something catastrophic could happen. It sounds like that possibility feels very present for you right now.",1,1,1,1,1,2,1.1666666666666667
jlXmVqhaMds_94,"So it's really scary for you. Is it bearable, the anxiety you have now, is it bearable?",It sounds like even sitting here and talking about it is enough to bring that feeling up. What is it like for you to notice that the anxiety can show up without anything actually happening?,-1,0,-2,0,0,1,-0.3333333333333333
jlXmVqhaMds_96,Yeah. It doesn't feel good. What do you feel is going to happen? What's the anxiety about?,"It sounds like the anxiety is painful even when it’s bearable, and there’s still a lot of distress in your body right now. What feels most painful about it in this moment?",1,0,0,1,0,2,0.6666666666666666
jlXmVqhaMds_98,"Okay, so it's not a safety and security, it's a concern about following through and buying one item.","I hear that the worry is tied to the idea of only having one item or limited resources, and that feels loaded for you. What does that situation bring up for you emotionally?",1,1,1,1,1,2,1.1666666666666667
jlXmVqhaMds_100,And I'm talking about breaking the rule. Yeah. It's scary for you.,"So it sounds like the rule itself is really central here, and breaking it feels significant. What is it like for you to be up against that rule?",-1,1,-2,1,1,2,0.3333333333333333
jlXmVqhaMds_102,"All right. So the anxiety you're experiencing right now in this moment with me, right? Be mindful of that. Keep that in your awareness. So is there something on your mind that you need to buy within the next couple days?",It sounds like there’s both the anxiety about breaking the rule and the fear of what could happen if you do. That sounds like a lot to hold at once. What feels most threatening about the consequence?,1,1,1,1,1,2,1.1666666666666667
jlXmVqhaMds_104,Coffee. Hmm. And that's a transaction of one.,Coffee feels like one of those situations that brings this up right away. What do you notice in yourself as you think about buying it?,1,0,0,1,0,2,0.6666666666666666
jlXmVqhaMds_106,You'll get something else. Okay. Understandable. But what if I challenged you to a behavioral experiment?,"I hear that you’re already trying to manage the anxiety by adding something else, and that makes sense in the context of how intense this feels. What is it like to imagine just the coffee by itself?",1,1,1,1,1,2,1.1666666666666667
jlXmVqhaMds_108,Can you guess what that might be?,"That sounds like a meaningful possibility to you, and maybe also a little charged. What comes up for you as you picture that experiment?",1,0,1,1,0,2,0.8333333333333334
jlXmVqhaMds_110,"Yeah, to buy one, to buy one cup of coffee and then leave. So what are the possible things that could happen? Knowing that logically you can't connect it to a safety thing. Now you might be anxious about that and that's real, that anxiety is real, but knowing that the event isn't prevented or caused by the transacting behavior.","Yes, that’s the idea I had in mind. What do you imagine you might notice in yourself if you did that?",1,1,1,1,1,2,1.1666666666666667
jlXmVqhaMds_112,"Let's go through what happens. So you buy the coffee, you're really anxious, right? But let's say you follow through and buy the cup of coffee and you leave. Nothing, it doesn't change the safety and security aspect. What is different about that than if you bought two items?","It sounds like the cold and the walk to the store are part of what makes this feel harder, and the gas station feels more manageable to you. What is it like to notice that difference in your body and mind?",1,1,1,1,0,2,1.0
jlXmVqhaMds_114,Would it go away?,"I hear that the extra walk and the temptation in the store make the coffee scenario feel more difficult, while the gas feels easier to follow through with. That seems like an important distinction for you.",1,1,1,1,0,2,1.0
jlXmVqhaMds_116,So it'd be a more painful experience to buy the one. But it wouldn't actually harm you in terms of the safety and security. But it would cause you more internal anxiety. Exactly. So what would happen if you did it again?,"It sounds like you can imagine the anxiety easing over time, even though it would feel intense at first. What do you notice as you picture that happening?",1,0,0,1,0,2,0.6666666666666666
jlXmVqhaMds_118,Could be. What if you did it a hundred times?,"You’re seeing both sides of it: the anxiety would be painful, and there’s also a sense that it wouldn’t actually harm you. How is it for you to hold those two things together?",1,0,-2,1,0,2,0.3333333333333333
jlXmVqhaMds_120,"Anxiety would get old. So really what you're doing is you're conditioning, you'd be conditioning yourself, right, to surviving just buying the one item.","It sounds like the idea of the anxiety getting old brings some relief, and the financial piece matters too. What stands out to you most when you think about that freedom?",1,1,1,1,1,2,1.1666666666666667
jlXmVqhaMds_122,"It would be some financial advantages to it certainly, yeah. And there'd be a freedom advantage too, which is the freedom to buy any number of items.",I hear that the gas scenario feels easier because you wouldn’t have to go into the store or face the cold. That seems like a very real difference for you.,1,1,-2,1,0,2,0.5
jlXmVqhaMds_124,"So what, what scenario of purchasing could you see yourself being most likely to follow through with this? I guess would there be another item that would be easier to actually follow through, like for example the gasoline because you'd be at your car, you'd buy the gasoline and you'd leave.","It sounds like the freedom to choose any number of items feels appealing, and there’s something encouraging in that. What is it like to imagine yourself having that kind of choice?",1,1,1,1,0,2,1.0
jlXmVqhaMds_126,"Would that be, do you think that'd be easier to actually be successful?",That makes sense — the gas station feels more doable because it removes some of the harder parts of the situation. How do you feel as you picture starting with that?,1,1,1,1,1,2,1.1666666666666667
jlXmVqhaMds_128,"All right. So we would consider that kind of a step in a direction that would result in fewer symptoms. And maybe another step in the future would be to go into the store and buy one, but let's not, let's not do that. Okay. Let's stick with the gasoline.","It sounds like you’re feeling more confident about trying the gasoline step, even while recognizing you’ll have to see how it feels in the moment. What stands out to you about choosing that over the coffee?",-1,-1,-2,1,0,1,-0.3333333333333333
jlXmVqhaMds_130,You feel like you could succeed with that experiment.,"I hear that this feels like a more manageable first step for you, and that can bring some relief. What is it like to notice that shift in confidence?",1,1,-2,1,0,2,0.5
jlXmVqhaMds_132,"Are you afraid with the coffee that you might just end up buying two things? All right. So let's go with the fuel in your car. So the next time that your car needs fuel, go in, buy the fuel, drive away.",It sounds like you’re holding both some uncertainty and a sense that this is still something you could try. What feels different about the gasoline experiment compared with the coffee one?,1,1,1,1,0,2,1.0
jlXmVqhaMds_134,So how's your anxiety now?,That makes sense — having pay at the pump seems to make this feel even more doable for you. How are you feeling as you picture that next time?,1,1,1,1,1,2,1.1666666666666667
jlXmVqhaMds_136,"Better than it was a few minutes ago. Yeah. Yeah. But mostly because the experiment that we're talking about is a little easier. All right. And because I think like the insight that you gave me on I hadn't connected all the dots, so that was very helpful.","It sounds like the anxiety has eased some, even if it’s still there at a mild level. What do you notice in yourself as you sit with that?",-1,-1,-2,0,0,1,-0.5
jlXmVqhaMds_137,"All right, so as you're trying to kind of push through this experience of just fueling the car, you're going to have those thoughts still come up. And the adaptive response could be something like 'I know this won't actually have a consequence in the real world.' Does that make sense?","I hear that the easier setup is helping you feel a bit more settled, and that your insight feels meaningful too. What was it like to make those connections together?",1,1,1,1,0,2,1.0
jlXmVqhaMds_139,"So there's a few things I'm asking you to do, right? One is to just buy gasoline when you need it and only buy gasoline. And at the same time when those thoughts come up to respond to them with the adaptive responses.","That sounds clear, and it seems like you’re able to follow the idea of pairing the action with the response. What do you imagine might be the hardest part when the thoughts show up?",1,1,1,1,1,2,1.1666666666666667
jlXmVqhaMds_141,"Pair them together. 'I know this won't have a real consequence in reality,' that could be one. 'I know that I can tolerate the anxiety.' And maybe another adaptive response would be 'This is painful for me, but if I can be successful here, maybe I can get rid of the anxiety someday.' Keeping your eye on moving up to coffee and other behavioral goals. Does that make sense?",It sounds like you’ve got the plan in mind and you’re tracking how the two pieces fit together. How are you feeling about carrying that into the actual moment when you need gas?,-1,-1,-2,0,-1,1,-0.6666666666666666
jlXmVqhaMds_143,"So we're kind of attacking the anxiety from a lot of different angles here. And my hope is that the more we can replicate the behavior of just buying one item, the more your anxiety will decrease. So do you, do you believe that you could succeed with this?","It sounds like that really resonates with you, and you’re feeling some confidence about the approach. What stands out to you most about the adaptive responses we’ve talked through?",0,0,-2,0,0,2,0.0
jlXmVqhaMds_145,"Well that can be very positive. What I detected there was courage. You're ready to say I've had enough and you're ready to take the anxiety on. That can be a positive adaptive response, like being assertive and saying almost like you're talking to the anxiety in a way, but I'm, I'm not going to let you beat me this time. That's what you'd be saying to the anxiety.","I hear that you’re seeing this as challenging, but also as something you’re ready to face. What feels different now compared with times before when this came up?",1,0,0,1,0,2,0.6666666666666666
jlXmVqhaMds_147,So make a note of all these and you can use the same one more than once. But keep applying them as needed through the whole process until you're home. You've permanently recorded just buying the one thing. So that's a victory.,"It sounds like you’re connecting with that sense of courage, and that feels meaningful to you. What do you notice in yourself when you say, “I’m not going to let you beat me this time”?",1,1,1,2,1,2,1.3333333333333333
jlXmVqhaMds_149,So do you foresee needing to get gas between now and next week?,"That sounds like it would feel like a significant victory for you. As you picture going through that process, what feelings come up for you?",1,1,1,1,1,2,1.1666666666666667
jlXmVqhaMds_151,"So if you could try that out and if you could record kind of in the moment, the experience in terms of your feelings at different stages, that would be helpful. Write them down right in the moment, that'll be the most accurate record. And that also I think is therapeutic in a way, you're documenting the experience and bring that in.","It sounds like gas will be part of your week, and that gives you a real chance to work with this in the moment. What is it like to think about doing that between now and next week?",1,1,1,1,0,2,1.0
jlXmVqhaMds_153,All right. So try that out and make an appointment and I'll see you next week and we'll go over the different stages and everything and see how we did. Thanks Emma.,"I hear that you feel able to do that, and that you’re willing to notice the experience as it unfolds. What do you imagine you might want to pay attention to most in those moments?",1,1,1,1,1,2,1.1666666666666667
la5VCuaPi2w_1,"Hi Jason, how you doing today?","It sounds like there’s more here to explore, and I’m glad you’re here. What’s been on your mind lately?",1,1,1,1,0,2,1.0
la5VCuaPi2w_3,You're alright?,"I’m glad you’re here, Jason. It sounds like you’re doing okay today—what would feel most helpful to talk about right now?",-1,0,-2,0,0,2,-0.16666666666666666
la5VCuaPi2w_5,Just here?,"It sounds like you’re feeling pretty settled being here, even if it’s hard to put into words. What’s it like for you to be here today?",1,1,1,1,0,2,1.0
la5VCuaPi2w_7,I understand that you were in the hospital a couple weeks ago.,"It sounds like there’s a sense of just being present, without a lot more to say right now. I’m wondering what this time has been like for you.",1,1,1,1,1,2,1.1666666666666667
la5VCuaPi2w_9,Can you tell me about it?,"I hear that something happened that led to the hospital, and it sounds like you’re willing to talk about it here. What stands out to you most when you think back on that time?",1,0,-2,1,0,2,0.3333333333333333
la5VCuaPi2w_11,What do you think the government was trying to do?,"It sounds like that experience felt very real and important to you, and there was a lot happening all at once. What was that like for you in the moment?",1,1,1,1,0,2,1.0
la5VCuaPi2w_13,And tell me about your room. What are you doing there that makes that special?,"I hear that you felt you were trying to protect yourself and your family, and that the hospital stay felt connected to that. What feels most important for me to understand about what was happening for you?",1,1,1,1,0,2,1.0
la5VCuaPi2w_15,Is that how you were feeling when you were building it?,It sounds like this room and the work you were doing in it felt very meaningful and urgent to you. What was it like to be so focused on finishing it?,1,1,1,1,0,2,1.0
la5VCuaPi2w_17,So you had a period of time where you had like a lot of energy and you weren't really sleeping much?,"I hear that you had a lot of energy, felt driven to keep going, and sleep didn’t seem necessary at the time. What do you make of that period now?",1,1,1,1,0,2,1.0
la5VCuaPi2w_19,You were also happy and felt satisfied?,"It sounds like those two weeks felt very energized and intense for you, and maybe it seemed normal from your perspective. What was that experience like for you day to day?",1,1,1,1,1,2,1.1666666666666667
la5VCuaPi2w_21,And how do you feel now in comparison?,"It sounds like that time felt incredibly energized and meaningful for you, almost like everything was clicking into place. I’m curious what it’s like for you to look back on those two weeks now.",1,1,1,1,1,2,1.1666666666666667
la5VCuaPi2w_23,So not happy. How about sad?,"I hear that things feel more muted now—just kind of in the middle, not especially happy or excited. What has that shift been like for you?",1,1,1,1,0,2,1.0
la5VCuaPi2w_25,Do you want to get back to that happiness?,"It sounds like you’re feeling steady in a middle place right now, neither sad nor happy. What is that middle feeling like for you day to day?",1,1,1,1,0,2,1.0
la5VCuaPi2w_27,"The machine? Yeah. Now, you mentioned you'd ordered some products online. How much did you order?","It sounds like getting back to that happiness feels really important to you, and the machine is tied up with that hope. What does finishing it mean to you?",-1,0,-2,0,0,2,-0.16666666666666666
la5VCuaPi2w_29,He would have been affected by your machine.,"I hear that the number felt very specific and meaningful to you, like it was meant to help a lot of people feel happy. And I also hear some anger toward your neighbor in all of this.",1,1,1,1,1,2,1.1666666666666667
la5VCuaPi2w_31,Were all those hard drives fairly expensive?,"It sounds like you felt frustrated that your neighbor wasn’t available to help this time, and you were ready to replace him. What was that like for you in the moment?",-1,-1,-2,-1,-1,1,-0.8333333333333334
la5VCuaPi2w_33,How'd your mother respond to that?,I hear that you were trying to make things happen quickly and that using your mom’s credit card felt connected to wanting to make her happy. What was going through your mind as you were ordering everything?,1,1,1,1,0,2,1.0
la5VCuaPi2w_35,Is that a strained relationship?,It sounds like your mother was upset and that brought some tension between you. How was it for you to hear her reaction?,1,1,1,1,1,2,1.1666666666666667
la5VCuaPi2w_37,You get along okay with her?,"It sounds like things with your mom feel pretty familiar and workable to you, even if there are moments of tension. What is it like for you when she gets upset about something like the credit card?",1,1,1,1,1,2,1.1666666666666667
la5VCuaPi2w_39,And you mentioned that they changed your medications in the hospital.,"It sounds like you and your mom have a kind of rhythm that feels balanced to you, and interruptions can feel upsetting. What happens for you when that balance gets thrown off?",1,1,1,1,1,2,1.1666666666666667
la5VCuaPi2w_41,The government? How are you feeling about taking your medications?,"It sounds like the medication changes feel connected to a bigger concern for you, and you’re trying to make sense of what happened in the hospital. What has that been like for you?",-1,-1,-2,0,0,1,-0.5
la5VCuaPi2w_43,I see you really want to get back to working on that machine.,It sounds like taking the medications feels tied to protecting your own goals and keeping control over your life. What is it like for you to hold both of those things at once?,1,1,1,1,0,2,1.0
la5VCuaPi2w_45,Have you found yourself as motivated these last couple weeks as you were before you were hospitalized?,It sounds like getting back to your machine feels like getting back to a place that matters a lot to you. What does being in your happy place mean for you?,1,1,1,1,1,2,1.1666666666666667
la5VCuaPi2w_47,You still want to get that done. It's important to you.,"It sounds like you still feel confident that you’ll get it done, even if the timing feels uncertain right now. What do you notice about your motivation these days compared with before?",1,1,1,1,1,2,1.1666666666666667
la5VCuaPi2w_49,"Alright, Jason. I'd like you to continue seeing a counselor here. Have you found the counseling to be helpful?","It sounds like this is very important to you, especially in terms of feeling controlled or not controlled. What does that mean for you personally?",-1,-1,-2,1,0,1,-0.3333333333333333
la5VCuaPi2w_51,It's been okay?,"It sounds like the counseling has felt okay so far, maybe somewhat helpful in some ways. What has stood out to you about it, if anything?",-1,-1,-2,0,0,1,-0.5
la5VCuaPi2w_53,"Alright, well continue with counseling and I hope that that can help you a bit. I appreciate you spending this time with me and explaining what happened.","It sounds like the counseling has felt somewhat helpful, and at the same time you’re wanting to be careful about what gets shared. What has felt most okay about it for you?",1,1,1,1,0,2,1.0
lrnkEQRUyJM_1,"Vanessa, hi. It's nice to see you again.",It’s nice to see you too. What feels most important to talk about today?,-1,-1,-2,0,0,1,-0.5
lrnkEQRUyJM_3,Yeah. How are you?,It’s good to hear things are settling down a bit. What has that been like for you?,1,1,1,1,0,2,1.0
lrnkEQRUyJM_5,"Yeah. The last time we saw things were pretty chaotic and hectic when you were being released from the hospital, discharged from the hospital about a week ago. How's your injury? How's your arm?","It sounds like there’s been some relief as things have settled, even if it’s still been a lot. What’s been feeling most manageable lately?",1,0,0,1,0,2,0.6666666666666666
lrnkEQRUyJM_7,So you've been trying to stay busy.,"That sounds really painful, and I hear how much you’re trying to keep going while also staying focused on your church and your kids. What has that been like for you day to day?",1,1,0,1,1,2,1.0
lrnkEQRUyJM_9,How are your kids doing?,It sounds like you’re carrying a lot and trying to stay strong by keeping busy. What is that like for you inside?,1,1,1,1,1,2,1.1666666666666667
lrnkEQRUyJM_11,"Yeah. I imagine that there's some period of readjustment and healing and sadness, or as in... it sounds like also just trying to get things done.","It sounds like your kids have been affected too, and that the older ones have stepped in to help. What has it been like for you to see them pulling together?",-1,-1,-2,1,0,1,-0.3333333333333333
lrnkEQRUyJM_13,"So you're taking care of a lot of people while trying to take care of yourself. I really appreciate you showing up today. Last time, you talked about how important it is for you to do what you can to keep your kids and yourself safe. I was wondering if you'd be interested in talking more about that today.",You’re working hard to keep everything moving and to protect the kids from the tension with Paul. What has that been like for you to hold all of that at once?,1,1,1,1,1,2,1.1666666666666667
lrnkEQRUyJM_15,So you were scared. It sounds like you were scared.,"It sounds like you’re trying to hold a lot of different pressures at once, and that “too many cooks in the kitchen” feeling is really overwhelming. What feels most important to you to sort through first today?",1,1,1,1,1,2,1.1666666666666667
lrnkEQRUyJM_17,"So a lot of things were turned upside down. When you say it was scary, I hear you saying it was scary for your safety, but also because all these other disruptive elements were put in motion.","That sounds terrifying, and also really disruptive in so many parts of your life at once. I hear how much fear and chaos you were carrying in that moment.",1,1,1,1,1,2,1.1666666666666667
lrnkEQRUyJM_19,So a lot of people have some ideas about what you should be doing.,"It sounds like the fear wasn’t only about what happened, but also about all the people and systems suddenly involved. What has that been like for you to sit with since then?",1,1,1,1,1,2,1.1666666666666667
lrnkEQRUyJM_21,Say more about that. Why don't you want to call the police or get a restraining order?,"I hear that you’re feeling pushed by other people’s opinions, and that you want some control over what happens next. What feels most important for you to protect or preserve right now?",-1,0,-2,1,0,2,0.0
lrnkEQRUyJM_23,It sounds like that was a very scary experience and moment for you.,It sounds like your fear is tied to both his safety and the way the system responded afterward. I hear how much that experience shaped what feels possible for you now.,1,1,-2,1,1,2,0.6666666666666666
lrnkEQRUyJM_25,"And given that experience, it sounds like you're maybe not as inclined to think about calling the police again.","I hear that being a good mom is really central for you, and that this experience has been frightening in a way that touches that identity. What does being a good mom mean to you in this situation?",-1,-1,-2,1,-1,1,-0.5
lrnkEQRUyJM_27,And that's what you'd like to talk about today: alternatives to calling the police.,It sounds like you’re trying to set a boundary with your mom while also keeping yourself open to other possibilities. What are you hoping those other options might look like?,-1,-1,-2,1,0,1,-0.3333333333333333
lrnkEQRUyJM_29,"Well, what have you thought about so far? What other ideas do you have about what you might do in a serious moment where you're scared for your well-being and that of your kids?","Absolutely — it sounds like you’re ready to focus on alternatives, and that feels important to you. Where would you like to begin?",1,1,1,1,0,2,1.0
lrnkEQRUyJM_31,Okay. So your minister is someone you're thinking about talking to about what's going on in your relationship. What would you like to tell your minister?,It sounds like your minister feels like someone who could hold the fuller truth and understand the seriousness of what’s been happening. What feels most important to you about telling him now?,-1,1,-2,1,1,2,0.3333333333333333
lrnkEQRUyJM_33,You feel like you've been keeping some significant information from him. What would be some reasons why you would tell him these things? What might be some advantages?,I hear that you want him to know the parts that have felt most hidden and frightening. What are you hoping he might understand or do with that information?,1,1,1,1,1,2,1.1666666666666667
lrnkEQRUyJM_35,So it's someone that you trust and have a relationship with. In what ways has he been helpful?,"It sounds like his support over the years has mattered a lot to you, and that history gives him a kind of credibility in your eyes. What has it been like for you to have that kind of help from him before?",-1,-1,-2,-1,-1,1,-0.8333333333333334
lrnkEQRUyJM_37,"Your pastor is able to see him as a whole, complicated human being like you do. What would be another advantage to talking to your pastor, in addition to trust and Paul listening to him?","You’re noticing that he may be able to see Paul in a way that feels more balanced and less reactive. What does that mean to you, to have someone who might understand both the harm and the complexity?",1,1,1,1,1,2,1.1666666666666667
lrnkEQRUyJM_39,So your pastor's home actually might be a physically safe place for you all to go to.,It sounds like safety and privacy are part of what makes him feel like a possible support. What is it like for you to imagine having a place where Paul is less likely to show up?,1,1,1,1,1,2,1.1666666666666667
lrnkEQRUyJM_41,"You've said that a few times now, that things got out of control. Tell me a little bit more about what that was.","I hear that having a place to cool off feels important, especially after things have felt so intense. What comes up for you when you say that it’s not going to happen again?",1,1,1,1,1,2,1.1666666666666667
lrnkEQRUyJM_43,"So not only was it scary in the heat of the moment, but the fallout was scary as well. So going to your pastor's might be an advantage. Are there any disadvantages to talking to your pastor?","That sounds terrifying and overwhelming, especially with your son involved and the police being called. What was that experience like for you in the moment and afterward?",1,1,1,1,1,2,1.1666666666666667
lrnkEQRUyJM_45,So this could really be a significant trigger.,It sounds like you’re holding both the hope of support and the fear of Paul’s anger if he finds out. What feels most difficult for you about that possibility?,1,1,1,1,1,2,1.1666666666666667
lrnkEQRUyJM_47,"It's a difficult situation. There's potential advantages, but also significant risk. When you think about the pros and the cons, where do you go with that?","It sounds like you’re holding a lot of fear about what could happen if Paul finds out, and at the same time you’re trying to protect yourself and your children. What feels most important to you as you think about that risk?",1,1,1,1,1,2,1.1666666666666667
lrnkEQRUyJM_49,You're really concerned. A part of you is worried about the next time and you feel like it's a risk you're willing to take given what is at stake—your life and your children's lives.,"You’re feeling ready to do something different, even though there’s real risk in it. What feels like the next most important part of figuring this out for you and your family?",1,1,1,1,0,2,1.0
lrnkEQRUyJM_51,Would it be alright if I offered a suggestion regarding kids and safety planning? Other moms have had a conversation with their kids about identifying a safe person to call or run to in the moment if things get really out of hand. What are your thoughts on that?,"I hear how urgent this feels for you, and how much you want something that can work for everyone involved. What are you noticing in yourself as you think about what needs to change?",1,0,-2,1,0,2,0.3333333333333333
lrnkEQRUyJM_53,So you see this as a way of having him turn away from a violent situation as opposed to turning into it.,It sounds like you see this as a way to help your son have a safer role in a very tense situation. What feels most important to you about giving him that option?,-1,1,-2,1,0,2,0.16666666666666666
lrnkEQRUyJM_55,You're identifying things you have control over: talking to your minister and having a conversation with your son. I'm confident you'll be able to put a plan together that works. I'm here to support you and can follow up in a few days.,You’re wanting to protect your son while also helping him feel capable and clear about what to do. What does it bring up for you to think about him stepping back from the violence rather than into it?,1,1,1,1,0,2,1.0
lrnkEQRUyJM_57,Thanks for your time.,It sounds like you’re feeling some relief and support in having a plan you can work on. What feels most important to you as you think about taking those next steps?,-1,-1,-2,1,0,1,-0.3333333333333333
o2Cv6Mlp3KY_2,"All right, so let's, if we could, let's talk about the moment in the presentation again. I want to try to help you develop some strategies to bring those anxiety symptoms down.",It sounds like you’re wanting to slow things down and understand that moment more closely. What do you remember noticing in your body or thoughts right before the anxiety started to rise?,1,0,-2,1,0,2,0.3333333333333333
o2Cv6Mlp3KY_4,"Let's actually go right before the moment. So you're still sitting down and you're getting ready to present, let's just say you're second to present like we've talked about, and you're thinking they're going to see me as anxious, they're going to think I don't belong here.",,-1,-1,-2,-1,-1,-1,-1.1666666666666667
o2Cv6Mlp3KY_5,"So these thoughts occur because you have an expectation, a rule, an attitude that you've brought into that class. It's perfectly natural, everyone has these beliefs. They combine with the stressor of the presentation and classmates watching, and result in these automatic thoughts.","It sounds like in that moment your mind goes straight to being watched and judged, and that feels really intense. What do you notice happening inside you as those thoughts show up?",1,1,1,1,1,2,1.1666666666666667
o2Cv6Mlp3KY_7,"And just like the beliefs, they're not good or bad, they're just thoughts. Actually, they're fairly understandable and natural thoughts.",I hear that those thoughts feel very understandable in the context of the presentation and the pressure you’re feeling. What is it like for you to notice that connection between the situation and the automatic thoughts?,1,1,1,1,1,2,1.1666666666666667
o2Cv6Mlp3KY_9,"The problem is that they lead to symptoms. You're sitting there and thinking, 'They're going to see that I'm anxious. They're going to think I'm not good enough.' What reaction do you have when you have that thought?","It sounds like you’re recognizing these as natural thoughts rather than facts, which can be an important shift. What do you notice when you say that to yourself?",1,0,-2,1,0,2,0.3333333333333333
o2Cv6Mlp3KY_11,"Okay, so distressing symptoms.","That sounds really uncomfortable — your body seems to go into a kind of alert mode, with the sweating and scanning the room. What is that experience like for you in the moment?",1,1,1,1,1,2,1.1666666666666667
o2Cv6Mlp3KY_13,What's something that you could say to yourself in that moment that would maybe get in between that thought and that reaction?,"You’re describing a lot of distress in your body and attention, almost like your system is on high alert. What feels most noticeable or overwhelming about that for you?",1,0,1,1,0,2,0.8333333333333334
o2Cv6Mlp3KY_15,"Okay. So some deep breathing, looking over your notes, kind of focusing on that and realizing they're not really looking at you anyway at that moment. You bring your notes with you to class?","It sounds like you’re already finding a more balanced thought in that moment, along with ways to steady yourself. What is it like to imagine using that kind of self-talk when the anxiety starts rising?",-1,0,-2,0,0,1,-0.3333333333333333
o2Cv6Mlp3KY_17,"Okay, so you always have those with you. And it's just a matter of can you focus your attention on them?","I hear that you do have something concrete with you, like index cards or notes, and that helps you feel more prepared. What’s it like for you to think about focusing your attention there when the anxiety starts?",1,0,-2,1,0,2,0.3333333333333333
o2Cv6Mlp3KY_19,"And if you're focusing on that and thinking about that, you're not thinking about whatever they might be thinking about. And how about the deep breathing? Is that a strategy you've tried before?",It sounds like having those notes gives you a sense of support and helps you stay oriented to what you need to remember. What do you notice about the difference between feeling prepared and feeling watched?,1,1,1,1,0,2,1.0
o2Cv6Mlp3KY_21,"So you've been able to do it sometimes, just not often.","It sounds like when the panic hits, remembering to breathe feels almost out of reach in that moment. What do you notice happening inside you when you realize you’re starting to panic?",1,1,1,1,0,2,1.0
o2Cv6Mlp3KY_23,All right.,"That makes sense — it sounds like you can do it sometimes, but it doesn’t feel steady or reliable yet. What’s it like for you when you try and it doesn’t come easily?",1,1,1,1,0,2,1.0
ofnnuwscA1Y_1,"Hello, Alyssa.",,-1,-1,-2,-1,-1,-1,-1.1666666666666667
ofnnuwscA1Y_3,It's good to see you today. I'm glad you could see me. So tell me a little bit more about why you're here.,"Hello, Alyssa.",-1,-1,-2,-1,-1,-1,-1.1666666666666667
ofnnuwscA1Y_5,So who told you to come here for it?,"It sounds like this has been causing a lot of trouble for you, and maybe it’s been frustrating to be here because of that. What has that been like for you?",1,1,1,1,1,2,1.1666666666666667
ofnnuwscA1Y_7,"You're not excited about being here. Yeah, I hear you. Well, what is your objective? What do you want out of this today?","It sounds like you’re here because of the courts, and that you’re not really wanting to be here. I hear that, and I appreciate you being honest about it.",-1,-1,-2,1,0,1,-0.3333333333333333
ofnnuwscA1Y_9,Okay. And maybe manage that a little bit better.,It sounds like you’re noticing a real pattern and wanting some relief from how intense the anger feels. What do you think gets in the way most when you start to feel that mad?,-1,-1,-2,0,0,1,-0.5
ofnnuwscA1Y_11,"Okay. Tell me, um, is it school you're getting mad, is it home you're getting mad, is it friends? Tell me about that a little bit.","Yeah, wanting to not be so mad all the time feels like an important place to start. What would it look like for you if that began to change, even a little?",1,0,-2,1,0,2,0.3333333333333333
ofnnuwscA1Y_13,"Okay. Before we get into this a little bit, I'd like to tell you a little bit about your brain. Have you ever heard of the amygdala? It's known as the alarm center. It normally indicates fight, flight, or freeze.","It sounds like the anger shows up a lot at home and at school, and it’s been getting in the way in a pretty big way. What do you notice is happening for you right before things blow up with your mom or your teachers?",-1,-1,-2,-1,-1,1,-0.8333333333333334
ofnnuwscA1Y_15,"Okay, you're a fighter. Tell me an example when the alarm is going off and you are really angry.","You’re really identifying with that fight response, like it comes on fast and strong. What is it like for you in those moments when you feel that switch flip?",1,1,1,1,1,2,1.1666666666666667
ofnnuwscA1Y_17,Okay. And that was just yesterday?,"That sounds like a really intense moment, especially with your mom and then punching the wall. What was going through your mind right before you yelled?",1,1,1,1,1,2,1.1666666666666667
ofnnuwscA1Y_19,"Okay. Your mom asked you to do something, she pestered you, and it escalated until you punched a wall. Tell me about a situation at school when your alarm center is going off.",It sounds like that happened very recently and it’s still pretty fresh. What stands out to you most about that moment when you think back on it?,1,1,1,1,1,2,1.1666666666666667
ofnnuwscA1Y_21,I see. Teacher's calling you out and you respond with a lot of anger and cursing. Is there any time when there's anxiety happening before the anger comes out?,So at school it sounds like being called out in front of everyone can really set things off for you. What is that experience like for you in the moment?,1,1,1,1,1,2,1.1666666666666667
ofnnuwscA1Y_23,"Like, if you ever get anxious where you just kind of freeze? Or is yours a more reactive fight or lash out?","I hear that the word “anxiety” doesn’t quite fit for you. When that feeling starts building, how would you describe it in your own words?",-1,0,-2,1,0,2,0.0
ofnnuwscA1Y_25,Okay. I want to help you monitor and control the anger reactions using a technique called Stop. S-T-O-P.,"It sounds like once that feeling starts, it moves very quickly into action, and there isn’t much pause in between. What do you notice in your body or thoughts when that happens?",1,1,1,1,0,2,1.0
ofnnuwscA1Y_27,Knowing that you need that is a really big step. I'm hearing you say that you want to make a change and that's really huge.,"It sounds like you’re open to trying that, even if it feels a little uncertain right now. What feels most important for you about getting a little more control over those reactions?",-1,-1,-2,0,0,1,-0.5
ofnnuwscA1Y_29,Okay. Let's try this technique this week. It only takes about one minute for when you feel that anger rising in the heat of the moment.,It sounds like that anger comes on fast and feels really hard to interrupt once it starts. What do you notice in your body or thoughts right before it gets to that point?,-1,-1,-2,0,0,1,-0.5
ofnnuwscA1Y_31,S is for stop. T is for take a breath to get oxygen to your brain. O means observe the situation and how you're feeling. P is for proceed in a way that benefits you. Is yelling at your mom working for you?,"Yeah, that quick surge can make it feel almost impossible to pause. What do you think you might notice first when it starts building?",1,1,1,1,0,2,1.0
ofnnuwscA1Y_33,"It gets you in trouble. In that situation with your mom, do you have an idea that might work for you instead?","No, and it sounds like that’s been frustrating for you. When you think about that moment with your mom, what feels hardest to change?",1,1,1,1,0,2,1.0
ofnnuwscA1Y_35,You might try asking if you can finish your show for 10 more minutes and then do the dishes. Put it in a question as a compromise. Does that sound like something that might work?,That makes sense — you can see both the feeling and the way the words come out matter. How does it feel to notice that you might be able to say it differently?,1,0,-2,1,0,2,0.3333333333333333
ofnnuwscA1Y_37,"Yeah, I'm glad you can acknowledge that. That's a big step. So let's step through it again. S-T-O-P. The S is for...?","It sounds like you’re noticing not just what you said, but how it landed, and that feels important. What’s it like for you to look at that part of the interaction?",1,1,1,1,0,2,1.0
ofnnuwscA1Y_39,Yeah. And what's the T?,"That awareness seems really meaningful, and I hear you reflecting on your part in it. What comes next for you in the S-T-O-P steps?",-1,-1,-2,0,0,1,-0.5
ofnnuwscA1Y_41,Exactly. What about O?,"Take a breath. And after you’ve taken that breath, what does the O stand for?",-1,-1,-2,-1,-1,1,-0.8333333333333334
ofnnuwscA1Y_43,And then what's the P?,It sounds like you’re really getting the steps down. What do you notice when you think about observing the situation before reacting?,-1,-1,-2,1,0,1,-0.3333333333333333
ofnnuwscA1Y_45,Proceed in a helpful way. How are you going to proceed with your mom?,"It sounds like you can see how hard that would be in the moment, especially when someone is yelling at you. What do you notice happens inside you right before you react?",1,1,-2,1,0,2,0.5
ofnnuwscA1Y_47,"Yeah. Ask her calmly and try to compromise. It takes time to make a change, so be patient with yourself.","That sounds like a calmer way to handle it, and I hear that you're trying to keep things from escalating with your mom. What feels most challenging about staying calm when the tension starts?",-1,-1,-2,1,0,1,-0.3333333333333333
ofnnuwscA1Y_49,Be patient. Let's think about at school. You're in history class and the teacher is calling on you.,"You're noticing that it feels really hard to pause when she's yelling, and that makes a lot of sense. What do you think you need in that moment to help you hold onto that calm?",-1,-1,-2,-1,-1,1,-0.8333333333333334
ofnnuwscA1Y_51,Is she asking for an answer or just telling you to wake up?,It sounds like you feel put on the spot and maybe a little singled out when that happens in class. What is that experience like for you when the teacher stops and calls on you?,1,1,1,1,1,2,1.1666666666666667
ofnnuwscA1Y_53,"Instead of your normal reaction, what would you do using the Stop process?","That sounds frustrating, especially if it feels like she's choosing the hardest question when you already feel caught off guard. What goes through your mind in that moment?",-1,-1,-2,-1,-1,1,-0.8333333333333334
ofnnuwscA1Y_55,Okay. Try to stop and take two breaths. How are you feeling then?,I hear that you're feeling stuck and irritated with the teacher. What would it be like to slow that moment down just a little and notice what you feel before you respond?,1,1,1,1,1,2,1.1666666666666667
ofnnuwscA1Y_57,"So you're naming that frustration. Now, how do you proceed in a positive way instead of yelling and getting sent out of the room?","That sounds really intense, like the frustration is building because it feels unfair. What do you notice in your body when that anger shows up?",1,1,1,1,0,2,1.0
ofnnuwscA1Y_59,That's the truth and then she'll go to someone else. You won't get sent to detention. We want you to get to the next grade.,"It sounds like saying, 'I don't know,' feels like a way to stay out of more trouble in that moment. How does it feel to imagine responding that way instead of yelling?",-1,-1,-2,-1,-1,1,-0.8333333333333334
ofnnuwscA1Y_61,"This procedure only takes about 45 seconds to stop, breathe, observe, and then figure out the best tool to proceed. Again, be patient.","It sounds like you do want to make a change, even if it feels like it may take some time. What feels most important to you about trying this?",1,1,1,1,1,2,1.1666666666666667
ofnnuwscA1Y_63,Are you willing to practice this once a day this next week?,"I hear that you’re willing, and that life gets in the way sometimes. What do you notice about what makes it harder to practice in the moment?",1,1,1,1,0,2,1.0
ofnnuwscA1Y_65,Try this and then we'll talk about it next week and see how it's going.,"It sounds like you’re open to giving it a try, even with a lot going on. What would it be like for you to practice it once this week?",1,0,0,1,0,2,0.6666666666666666
ofnnuwscA1Y_67,"All right. Thanks for coming in, Alyssa. I appreciate you wanting to make a change.","Okay, I hear that you can do that. What are you hoping you might notice, or feel, after trying it?",1,1,1,1,0,2,1.0
ofnnuwscA1Y_69,Alright.,"You’re welcome, and it sounds like you’re wanting things to be different. What feels most meaningful to you about making that change?",1,1,1,1,0,2,1.0
qe-0fk4ZG20_1,"It's so good to see you both this week. I know that the past couple of weeks there have been a lot of really hard conversations in this room, and I think it's so brave that you're both back here today. I'm wondering how this week has gone.",It sounds like there was a lot of frustration and tension in that moment. What was that experience like for you both as it was happening?,1,1,1,1,0,2,1.0
qe-0fk4ZG20_3,So it seems like you're hesitant and resistant to doing the dishes because that's the only thing that you're hearing Linda say to you right now.,"I hear how important it is to you that the dishes get done, and how painful it feels to be ignored. What’s it like for you to hear him say that?",-1,-1,-2,-1,-1,1,-0.8333333333333334
qe-0fk4ZG20_5,"So even when you do do the dishes, you're feeling like you aren't measuring up basically.","It sounds like you’ve felt criticized and put in a childlike role, and that’s really upsetting for you. What would you want Linda to understand about how that lands for you?",1,1,1,1,1,2,1.1666666666666667
qe-0fk4ZG20_7,"So she's telling you what to do and you're feeling like a little kid. It's not an equal relationship then, right?",It sounds like being corrected after you try leaves you feeling criticized and treated less like a partner. I’m wondering what that experience is like for you in the moment.,1,1,1,1,1,2,1.1666666666666667
qe-0fk4ZG20_9,So sometimes you're feeling like Linda might be the one with the power in the relationship.,"So there’s a sense that the relationship can feel uneven, with one of you holding more power at times. What is it like for you to notice that?",1,1,1,1,1,2,1.1666666666666667
qe-0fk4ZG20_11,"Whenever you have these fights, what happens?","It sounds like there’s a lot of uncertainty there, almost like you’re not sure how to make sense of it yet. What feels most present for you when you think about that dynamic?",1,1,1,1,1,2,1.1666666666666667
qe-0fk4ZG20_13,What do you mean? What would shock him?,"You’re describing long arguments and a feeling that he’s emotionally absent during them, which sounds really painful. I’m curious what it’s like for you to be in that disconnect for hours.",-1,-1,-2,0,0,1,-0.5
qe-0fk4ZG20_15,"Help me, is that scary for you?","It sounds like you’re seeing his distance as something very serious and upsetting, almost alarming. What is it like for you to imagine him seeing himself that way?",1,1,1,1,1,2,1.1666666666666667
qe-0fk4ZG20_17,"And what about you, Jack? Are you a little afraid in that situation?","That sounds frightening, like the distance brings up worries about what else might be lost or shut down between you. What happens inside you when you start to wonder that?",1,1,1,1,1,2,1.1666666666666667
qe-0fk4ZG20_19,Let's go back to the fight. How does it normally end?,"I hear that you can recognize how painful it is for her to feel shut out, and that seems to bring some awareness for you. What is it like to sit with that realization?",1,1,1,1,1,2,1.1666666666666667
qe-0fk4ZG20_21,"Okay, so you leave, Jack?","So when he leaves, it sounds like the conflict pauses but the disconnection may still feel unresolved for you. What is that 15 minutes like from your side?",-1,0,-2,1,0,2,0.0
qe-0fk4ZG20_23,And what do you do?,"It sounds like walking away is your way of getting out of the heat of the moment, and then coming back to a situation that still feels unresolved. What is that like for you when you return and nothing has changed?",1,1,1,1,1,2,1.1666666666666667
qe-0fk4ZG20_25,"I think I understand what you're both saying. But whenever Jack does come back, are you guys able to talk about it then?","So when you come back, it feels like the same conflict is still there, and neither of you feels able to really get into it. I hear how frustrating that is for you.",-1,-1,-2,-1,-1,1,-0.8333333333333334
qe-0fk4ZG20_27,"This must be so hard for you, Linda. You're trying to communicate and you feel like he's shutting you out.","It sounds like both of you are feeling stuck, like the conversation never quite reaches the place where it can actually be worked through. What is it like for you to keep ending up in that same place?",-1,-1,-2,-1,-1,1,-0.8333333333333334
qe-0fk4ZG20_29,Not knowing what's happening must be scary.,"I hear that you want clarity and you want to understand what’s happening, rather than feeling left in the dark. It sounds really painful to feel shut out like that.",1,1,-2,1,0,2,0.5
qe-0fk4ZG20_31,"And what about you, Jack? Are you feeling a little bit of fear in the unknown of this situation?","It sounds like the uncertainty itself feels scary, and not knowing what’s going on leaves you feeling unsettled. What happens inside for you when things stay unclear?",1,1,1,1,1,2,1.1666666666666667
qe-0fk4ZG20_33,"In this situation, it seems like it would be super hard to be close and supportive to one another.","I hear that when you feel unwanted, you pull back because the anger and sadness feel so strong. It sounds like that withdrawal is protecting you from something painful.",-1,0,-2,1,0,2,0.0
qe-0fk4ZG20_35,I'm hearing that you're feeling some distance with Jack. Is it hard to be held by him?,It sounds like you’re wanting more than words—you’re wanting to feel it in a way that’s real and consistent. What is it like for you when the apologies don’t match what you need?,1,1,1,1,0,2,1.0
qe-0fk4ZG20_37,So you withdraw a lot when this happens?,"It sounds like intimacy feels very limited right now, and that may leave you feeling distant or disconnected. What is that like for you to notice?",1,1,1,1,1,2,1.1666666666666667
qe-0fk4ZG20_39,"So Jack, you get the feeling that Linda doesn't really want to be around you, and when you try to connect, you feel rejected and like you're not enough.","It sounds like there’s a lot of hurt and caution there, and that words alone don’t feel like enough right now. What is it like for you to notice that distance when he apologizes?",-1,-1,-2,-1,-1,1,-0.8333333333333334
qe-0fk4ZG20_41,How do you handle that?,I hear that you’re feeling rejected and carrying a sense that you may have ruined something important. What’s it like to sit with that feeling of not being enough?,1,1,1,2,1,2,1.3333333333333333
qe-0fk4ZG20_43,"You feel like you've screwed up, and then what do you do?","It sounds really painful to feel that way, and like you’re left holding a lot of discomfort when the connection feels strained. What happens inside you when you notice that?",1,1,1,1,1,2,1.1666666666666667
qe-0fk4ZG20_45,"Even though you get caught in this pattern, you both disconnect into two different islands. Is that right?",You’re describing a kind of pulling back that eventually leaves both of you feeling farther apart. What do you notice in yourself in those moments before you leave it alone?,1,1,1,1,1,2,1.1666666666666667
qe-0fk4ZG20_47,"Like there's some distance, right?","It sounds like you’re trying hard to make sense of the situation, and at the same time feeling that painful disconnect. What is that experience like for you emotionally?",1,1,1,1,1,2,1.1666666666666667
qe-0fk4ZG20_49,Is there anything you're feeling about yourself that might cause this distance? Do you blame yourself?,I hear that the distance feels real and present for you. What do you find yourself feeling most strongly when you notice it?,1,1,1,1,1,2,1.1666666666666667
qe-0fk4ZG20_51,"Jack, what is a word that you'd describe yourself as?","It sounds like some part of you may be turning the blame inward, even if you’re not fully sure about it. What is it like to wonder whether this distance says something about you?",1,1,1,2,1,2,1.3333333333333333
qe-0fk4ZG20_53,Is that right? You think you're a mean type of guy?,"That sounds like a painful way to see yourself. When you call yourself a mean kind of guy, what feelings come up for you underneath that?",1,1,1,1,1,2,1.1666666666666667
qe-0fk4ZG20_55,"Oh, so you feel that Linda sees you as a mean guy. I didn't hear Linda say that. Linda?","It sounds like you’re feeling hurt and maybe misunderstood, and that can be a heavy thing to carry. What is it like for you to hear that she experiences your behavior that way?",-1,-1,-2,1,0,1,-0.3333333333333333
qe-0fk4ZG20_57,"Jack, that must be so hard to carry with you every day, thinking that your wife thinks you're a mean guy.","I hear that you’re trying to make sense of her reaction, and it feels painful to feel seen that way. What do you notice in yourself when she says it’s about the way you go about things?",1,1,0,1,0,2,0.8333333333333334
qe-0fk4ZG20_59,Feeling that much pain around an everyday task like the dishes must be exhausting.,"That sounds really painful, feeling like your behaviors and attitude might be pushing her away. What is that like for you to sit with?",-1,-1,-2,1,0,1,-0.3333333333333333
qe-0fk4ZG20_61,"You value the relationship, and feeling like you aren't meeting expectations must leave you feeling raw. Do you feel a little rejected by her?",It sounds like even something as ordinary as the dishes can carry a lot of emotional weight between you two. What happens inside you in those moments?,1,1,1,1,1,2,1.1666666666666667
qe-0fk4ZG20_63,"It seems like there is a pattern where Linda asks Jack to do something, Jack feels like he'll fail, and you both end up disconnected. Is that right?","You’re feeling rejected, and at the same time you’re aware of your own part in what happened. That sounds like a very painful mix to hold. What feels hardest about that for you?",1,1,1,1,1,2,1.1666666666666667
qe-0fk4ZG20_65,"You're here to become connected again. Jack, after you argue, you expect to make up, but Linda isn't connecting in that way, and that brings up rejection.",It sounds like the frustration comes from both of you getting caught in a cycle that leaves you disconnected. What do you feel most stuck in when that happens?,1,1,1,1,1,2,1.1666666666666667
qe-0fk4ZG20_67,"Jack, it sounds like you think Linda doesn't care, but she's here working this out.","I hear that you want to repair things and feel close again, and it hurts when that doesn’t happen the way you expect. What does “making up” mean to you in those moments?",1,1,1,1,1,2,1.1666666666666667
qe-0fk4ZG20_69,"Linda cares so much that she's here. If she didn't care, she would have left a long time ago.","It sounds like you’re wanting your feelings to matter here, and that can feel important to say out loud. What is it like for you to feel that your being here should count?",1,1,1,1,1,2,1.1666666666666667
qe-0fk4ZG20_71,"But for whatever reason, Jack's not feeling that the relationship is valuable.","It sounds like you’re trying to say that your presence matters here, and that you’re not just sitting back while Linda is. What feels most important for you to have understood right now?",-1,-1,-2,-1,-1,1,-0.8333333333333334
qe-0fk4ZG20_73,"Jack, hearing Linda say that, how does it make you feel?","I hear that you do care, and that what you’re trying to express isn’t landing the way you want. What do you wish Jack could understand about what you mean?",-1,-1,-2,-1,-1,1,-0.8333333333333334
qe-0fk4ZG20_75,"Jack feels he's messed up so much and wants to be a perfectionist. Linda, turn to Jack and tell him how that makes you feel.","It sounds like there’s a lot of fear there about being vulnerable again, especially after feeling like you’ve messed up before. What is it like to say that out loud here?",1,1,1,2,1,2,1.3333333333333333
qe-0fk4ZG20_77,"You both came in frustrated but were able to be honest and share your emotions. Through this, you connected in a new way. It was about a lot more than just the dishes.","I hear how sad that feels for you, and also how much you want to protect yourself from making mistakes. What stands out to you about hearing Linda say your feelings matter to her?",1,1,1,1,1,2,1.1666666666666667
uriVBFB1oOI_1,"Between here and there, obviously if it were easy you wouldn't need me. You wouldn't have had 13 therapists. If this were easy, you would have been to a life you wanted a long time ago. So it's obvious that if it were easy, it'd already be done, because it sounds like you're a person with a lot of motivation who works really hard because there are very few people who wouldn't have quit before 13 therapists. So that's a very good quality. The very fact that you've gone through all these therapists is a good sign for us. Nonetheless, it is difficult. Between here and there, there's going to be hell.",,-1,-1,-2,-1,-1,-1,-1.1666666666666667
uriVBFB1oOI_3,"Right. So I figure our number one priority has to be to get you to stay alive through hell so that we can get to the life you want. And that's where we're at now. So we gotta have some sort of agreement. Not by writing a contract or because I'll fire you if you try to kill yourself, but because we both sort of have to face the fact that to get there you've gotta go through there, and to go through there you've gotta stay alive.","It sounds like you’re recognizing how hard this has been, and also that you’re still here in it. What feels most true for you as you say “exactly”?",1,1,1,1,1,2,1.1666666666666667
uriVBFB1oOI_5,"Okay, what?","I hear that you’re willing to make an agreement, and that there’s a lot riding on it for you. What does “making a deal” mean to you right now?",1,1,1,1,0,2,1.0
uriVBFB1oOI_7,What are you going to do if I fail? If I break my promise?,"It sounds like you want reassurance that this can help, and at the same time you’re offering a promise to stay alive. What would it mean for you if that guarantee felt possible?",-1,-1,-2,1,0,1,-0.3333333333333333
uriVBFB1oOI_9,"So if I don't help you, you'll kill yourself.","It sounds like this feels like a serious agreement for you, and there’s a lot riding on whether I can be helpful. I’m hearing how much you want some certainty right now.",1,1,1,1,1,2,1.1666666666666667
uriVBFB1oOI_11,"Okay, but if I do help you, you won't.","I hear that your safety feels tied to whether I can come through for you, and that puts a lot of pressure on both of us. What feels most important for me to understand about what’s happening for you right now?",1,1,1,1,1,2,1.1666666666666667
uriVBFB1oOI_13,"Okay, and how long you gonna give me to try?","It sounds like there’s a lot of hope and a lot of fear in that answer—hope that help could make a difference, and fear about what happens if it doesn’t. What is it like to say that out loud?",1,1,1,1,1,2,1.1666666666666667
yNqaUMiU0Dk_1,"Hi, Kyle. How you doing today?","It sounds like you’re feeling a mix of relief and uncertainty, and maybe trying to make sense of what this means for you. What would you like me to understand about where you are right now?",-1,-1,-2,0,0,1,-0.5
yNqaUMiU0Dk_3,Not bad. Thanks for asking. What brings you in?,"Hi, Kyle. I’m glad you’re here. How are you feeling about coming in today?",-1,0,-2,0,0,2,-0.16666666666666666
yNqaUMiU0Dk_5,So you came into therapy today because your girlfriend pressured you.,"It sounds like you’re here partly to ease the pressure at home, even if that wasn’t your main idea. What’s it been like for you to have her pushing this?",-1,-1,-2,-1,-1,1,-0.8333333333333334
yNqaUMiU0Dk_7,So you weighed the cost-benefit and decided to come in.,"It sounds like coming in feels more manageable than dealing with the ongoing nagging, and maybe there’s some practicality in that for you. I’m curious what this has been like from your side.",-1,-1,-2,-1,-1,1,-0.8333333333333334
yNqaUMiU0Dk_9,Her goal would be for you to stop smoking. Tell me what your goal is.,"It sounds like you’re weighing this in a very practical way, and the time and cost feel pretty contained. What, if anything, would make this 45 minutes feel worth it to you?",1,0,1,1,0,2,0.8333333333333334
yNqaUMiU0Dk_11,So you don't have a goal of quitting smoking?,"It sounds like, for you, smoking has felt more helpful than harmful, and the main pressure is coming from your girlfriend rather than from your own concerns. What feels most important to you about this conversation today?",1,1,0,1,1,2,1.0
yNqaUMiU0Dk_13,Can you tell me about some of the other good things about smoking?,"You’re feeling pretty clear that quitting isn’t something you want right now, and smoking seems to bring you some real benefits in your day-to-day life. What stands out to you most about those benefits?",-1,-1,-2,1,0,1,-0.3333333333333333
yNqaUMiU0Dk_15,"So the way you're presenting it, smoking has been a positive thing in your life.","It sounds like smoking gives you a way to connect with people and open conversations, which feels meaningful to you. What is it like for you to have that kind of access to others?",1,1,1,1,1,2,1.1666666666666667
yNqaUMiU0Dk_17,Are there any negative aspects to smoking?,"You’re seeing smoking as something social and positive in your life, rather than as a problem. What does “only socially” mean for you in practice?",1,1,1,1,0,2,1.0
yNqaUMiU0Dk_19,So you don't seem like you're too worried about the negative aspects.,"I hear that you’re aware of the health concerns, and at the same time the cough doesn’t seem to outweigh what smoking gives you. What’s it like for you to hold both of those things at once?",1,0,-2,1,0,2,0.3333333333333333
yNqaUMiU0Dk_21,"On a scale of one to ten, where one is not important and ten is extremely important, how important is it to you to stop smoking?","It sounds like the social connection matters a lot to you, and that’s what makes smoking feel worth it despite the health downside. What do you notice in yourself when you think about giving that up?",1,0,-2,1,0,2,0.3333333333333333
yNqaUMiU0Dk_23,So not particularly important.,"You’re feeling only a little interest in changing right now, with the cough being the main thing that gives you pause. What makes it a two rather than a one for you?",-1,-1,-2,1,0,1,-0.3333333333333333
yNqaUMiU0Dk_25,"On that same scale, how confident are you that you could quit smoking?","It sounds like, at this point, stopping smoking doesn’t feel important to you. What would you want me to understand about where you are with it right now?",1,1,1,1,1,2,1.1666666666666667
yNqaUMiU0Dk_27,"So stopping smoking is not important to you, but you're fairly confident you could if you decided to.","It sounds like you’re seeing smoking as something that gives you a lot, especially socially, even though you know you could stop if you wanted to. What feels most important to you about that social part?",1,1,1,1,1,2,1.1666666666666667
yNqaUMiU0Dk_29,"Based on that, what would be a goal? How could we spend this time so it would be productive?","I hear that the choice feels pretty clear to you right now—you don’t feel much urgency to quit, but you also trust yourself to do it if you decided to. What stands out to you about having that kind of confidence?",1,1,1,1,0,2,1.0
yNqaUMiU0Dk_31,To help her understand why smoking works for you. Any other relational goals?,"It sounds like you’d like your girlfriend to understand what smoking gives you, rather than just seeing it as something you’re doing against her wishes. What do you think she most needs to hear from you?",-1,0,-2,1,0,2,0.0
yNqaUMiU0Dk_33,Productive communication and productive arguments.,"You’re wanting both to be understood and to reduce the tension between you two, so the fights don’t keep dragging on. What does “productive” communication look like to you in those moments?",-1,0,-2,1,0,2,0.0
yNqaUMiU0Dk_35,"One goal would be to illustrate the advantages of smoking to your girlfriend, and another would be to work on your relational style so you can end an argument without feeling like you're at a stalemate.","It sounds like you’re naming two things that matter to you: being understood about smoking, and finding a better way to handle conflict together. What feels most important to start with?",1,0,-2,1,0,2,0.3333333333333333
yNqaUMiU0Dk_37,Do you want to make those the goals we work on so we can spend this time productively?,I hear that you see this as a way to address both the smoking issue and the relationship strain at the same time. What feels appealing to you about working on it that way?,1,1,1,1,1,2,1.1666666666666667
yNqaUMiU0Dk_39,Does that make sense to you?,"It sounds like you’re open to making those the focus, and you see some value in that. What makes that feel like a good fit for you right now?",-1,-1,-2,-1,-1,1,-0.8333333333333334
yNqaUMiU0Dk_41,"Reflect on some changes you could make to be a more effective communicator, moving from arguments to conversations that have a positive result.","I hear that it makes sense to you, and that you’re seeing how these goals could work together. What would you want us to pay attention to first as we begin?",0,0,-2,0,0,2,0.0
yNqaUMiU0Dk_43,We'll talk about those different goals and small changes next time we meet.,It sounds like you’re open to working on communication in a way that feels more constructive and less conflictual. What feels most important to you about making that shift?,-1,-1,-2,-1,-1,1,-0.8333333333333334
yNqaUMiU0Dk_45,"Thanks for coming in, Kyle.","I’m glad that feels workable to you, and we can pick this up next time. It sounds like you’re interested in small changes that could lead to more positive conversations.",-1,0,-2,0,0,2,-0.16666666666666666
7De6VY8P9hY_1,"Hi, Nicole. How are you doing today?",,-1,-1,-2,-1,-1,-1,-1.1666666666666667
7De6VY8P9hY_3,"I'm doing well, thanks for asking. What brings you into our agency today?","Hi, Nicole. I’m glad to meet you today—how have things been going for you lately?",1,1,0,1,0,2,0.8333333333333334
7De6VY8P9hY_5,Feeling anxious every time you go to work? What type of place do you work?,It sounds like work has been bringing up a lot of anxiety for you. What has that experience been like day to day?,1,0,0,1,0,2,0.6666666666666666
7De6VY8P9hY_7,"Work for an insurance company, and how long have you been feeling anxious there?",It sounds like this role is in a setting that feels pretty new and maybe unfamiliar to you. What is it about the work environment that feels most anxiety-provoking?,1,1,-2,1,1,2,0.6666666666666666
7De6VY8P9hY_9,Have you ever had anxiety like that at a previous employer or any other place?,"It sounds like this anxiety has been lingering since you started, and that it hasn’t really let up over time. What has it been like for you to carry that at work for so long?",1,0,0,1,0,2,0.6666666666666666
7De6VY8P9hY_11,"So this is a somewhat familiar anxiety. Alright, tell me about the anxiety then.","It sounds like new situations, whether at work or in school, tend to bring up some anxiety for you. What do you notice in yourself when you’re in those unfamiliar environments?",1,0,0,1,0,2,0.6666666666666666
7De6VY8P9hY_13,What is it that happens when you try to interact with them?,It sounds like the anxiety shows up pretty early in the day and leads you to pull back from coworkers. I’m hearing that being around them feels uncomfortable and maybe a bit draining for you.,1,0,-2,1,0,2,0.3333333333333333
7De6VY8P9hY_15,"Okay, so you have an office and they have separate offices and you find yourself maybe isolating a little bit?",It sounds like there’s a lot of worry in those interactions — about how you’re doing and how you’re being received. I’m curious what that experience is like for you in the moment when those thoughts show up.,1,0,0,1,0,2,0.6666666666666666
7De6VY8P9hY_17,"Alright, so what is your experience of the anxiety when you more or less have to interact with other people?","You’re noticing that keeping to yourself feels safer when you’re worried about connection and performance. It sounds like that isolation may be helping in the short term, even if it also feels limiting.",1,1,1,1,1,2,1.1666666666666667
7De6VY8P9hY_19,"Well, let's cover both. Let's start with what type of situations trigger it.",It sounds like you’re wondering whether I mean the feelings themselves or the situations that bring them on. What feels most important for us to understand first from your perspective?,1,1,1,1,1,2,1.1666666666666667
7De6VY8P9hY_21,"Do you ever have a desire to leave? Like if you're in a group, just to kind of exit the area?","That sounds really uncomfortable — being in crowds or meetings, worrying about what to say, and then noticing the stomach pain and blushing too. I’m curious what it’s like for you emotionally when that starts happening.",1,1,1,1,0,2,1.0
7De6VY8P9hY_23,And how distressing is this for you? How disruptive is it to your functioning?,"It sounds like there’s a strong urge to get away when the anxiety builds, even though another part of you wants to stay and do well. I hear how intense that pull can feel for you.",1,1,-2,1,1,2,0.6666666666666666
7De6VY8P9hY_25,So meetings and presentations in particular trigger the anxiety?,"That sounds exhausting, feeling anxious every day and starting to think about whether a different job might feel more manageable. I’m hearing how much this is affecting your sense of comfort at work.",1,1,1,1,1,2,1.1666666666666667
7De6VY8P9hY_27,Can you tell me a little bit more about the physical symptoms? You mentioned your stomach hurt; any other symptoms you feel physically?,It sounds like being watched by more than a few people really intensifies the anxiety for you. I’m curious what you notice in yourself in those moments when you feel the attention on you.,1,1,0,1,0,2,0.8333333333333334
7De6VY8P9hY_29,"When these anxiety episodes are more intense, are you worried about it happening again?","It sounds like the anticipation is a big part of what keeps the anxiety going, even before the meeting happens. What is it like for you to notice that cycle starting up?",-1,0,-2,0,0,2,-0.16666666666666666
7De6VY8P9hY_31,Tell me about the meetings. How many people are in a typical meeting?,"So it’s not every time, but there’s still a sense of wanting to avoid it when you can. I’m curious what it feels like in those moments when you realize a meeting might be coming up.",1,1,1,1,0,2,1.0
7De6VY8P9hY_33,"Alright, and how often are these meetings scheduled?","That sounds like a pretty high-pressure setting, especially with several people there and many of them above you. What do you notice in yourself when you’re in those meetings?",-1,-1,-2,-1,-1,1,-0.8333333333333334
7De6VY8P9hY_35,"Alright, so some are unplanned?",It sounds like the regular meetings and the unexpected ones both add to the sense that this could come up at any time. How does that affect your day-to-day sense of ease at work?,-1,-1,-2,0,0,1,-0.5
7De6VY8P9hY_37,"So for the ones that are planned, you get anxious in advance of them?","Mhm, so there’s a mix of predictable and unpredictable moments, which may make it hard to feel settled. What is that like for you as you go through the week?",1,1,1,1,1,2,1.1666666666666667
7De6VY8P9hY_39,"So the meetings trigger it generally. But there's other times where you're not anxious, like when you're isolated in the office. How about at home?","It sounds exhausting to be carrying that anticipation so consistently, almost like your mind is always ahead of you at the next meeting. What do you notice happens for you when that cycle starts?",1,0,1,1,0,2,0.8333333333333334
7De6VY8P9hY_41,"Alright, so really it's when you get up for work and start thinking about the work day, especially if there are meetings.","So when you’re alone or away from work, that anxiety really drops off. What stands out to you about the difference between those times and the workdays?",1,0,-2,1,0,2,0.3333333333333333
7De6VY8P9hY_43,You suffer the anxiety in advance of these planned meetings. How about the unplanned meetings?,"It sounds very tied to the work setting itself, especially the expectation of talking in front of others or presenting. How is it for you to notice that it eases when you’re away from work?",1,1,1,1,1,2,1.1666666666666667
7De6VY8P9hY_45,"Alright, so both really cause anxiety that's really troubling you and you're suffering with.","It sounds like the anxiety is tied very closely to work and especially to situations where you have to perform or speak in front of others. Even the unplanned meetings still leave you feeling pretty anxious, which sounds really hard to carry.",-1,-1,-2,0,0,1,-0.5
7De6VY8P9hY_47,"Alright. Nicole, I'm going to schedule you to see a counselor here. It'll probably be later this week. Would that be okay with you?","I hear that both the planned and unplanned meetings are bringing up a lot of anxiety for you, and that it’s been really troubling. It sounds like this has been weighing on you quite a bit.",-1,0,-2,0,0,1,-0.3333333333333333
7De6VY8P9hY_49,"I'll take you out to the front, we'll get you scheduled and get you treated later on this week.","Okay, so you’ve been dealing with this anxiety in a way that feels significant enough that you wanted support. How are you feeling about seeing the counselor later this week?",-1,-1,-2,0,0,1,-0.5
7De6VY8P9hY_51,What you told me has been very helpful. I want to thank you for coming in.,"It sounds like you’re ready to get some support, and that this has been affecting you enough that you want things to change. How are you feeling as you’re getting set up to see the counselor?",-1,0,-2,0,0,1,-0.3333333333333333
7LD8iC4NqXM_1,"Hi Lacey, nice to meet you. So I understand that you were referred here by your GP because you've been feeling quite down recently?","It sounds like there’s more to continue exploring here, and I’m ready to help with the next part of the conversation.",-1,-1,-2,-1,-1,1,-0.8333333333333334
7LD8iC4NqXM_3,"Okay, so from your notes I saw that you saw the GP about three months ago. So how long have you been feeling down altogether?","It sounds like this has been going on for quite a while, and that it’s reached a point where you really don’t want to keep feeling this way. What has that been like for you lately?",1,1,1,1,1,2,1.1666666666666667
7LD8iC4NqXM_5,"Okay, so has it got worse since you saw your GP?","It sounds like it’s been building for months, and that the last few months have felt especially difficult. What has been feeling hardest for you during that time?",1,1,1,1,0,2,1.0
7LD8iC4NqXM_7,"Okay, so tell me how things are at the moment.","I hear that it has gotten worse since you saw your GP, and that sounds really concerning and exhausting. What changes have you noticed as it’s worsened?",1,0,1,1,0,2,0.8333333333333334
7LD8iC4NqXM_9,"Okay, so you said that you're feeling really down, really sad, and you feel like you haven't got any motivation, but... are you okay?","It sounds like things have been building for quite a while, and lately it’s felt much harder to keep going with day-to-day things. I hear that part of you really wants to feel better and do something about it, even though it’s been feeling overwhelming.",1,1,1,2,1,2,1.3333333333333333
7LD8iC4NqXM_11,"Okay. And you haven't got any motivation, but it sounds like you're putting quite a lot of pressure on yourself to try and feel a bit better.","I’m glad you told me that. It sounds like you’ve been carrying a lot, and even saying it out loud may feel a bit difficult.",1,1,1,1,1,2,1.1666666666666667
7LD8iC4NqXM_13,"So you say you've been feeling quite isolated, there's not many people around.","It sounds really lonely to be holding all of this on your own, especially when you don’t feel like there’s anyone you can turn to. I’m hearing that you’re trying to manage it by yourself, even though that feels hard.",1,1,1,1,1,2,1.1666666666666667
7LD8iC4NqXM_15,"Okay, so I'm just going to try and find out a little bit more about you. So I understand that you're an English student at Uni?","That sounds very isolating, and painful too, to feel like no one would listen or understand. I’m wondering what that’s been like for you day to day.",1,1,1,1,1,2,1.1666666666666667
7LD8iC4NqXM_17,"And you live away from home with some friends, is that right?","It sounds like you’ve been trying to cope on your own for a while, and that can feel very heavy. I’m curious what it’s been like for you being at uni and living away from home while feeling this way.",1,1,1,1,0,2,1.0
7LD8iC4NqXM_19,"Okay, so you don't live far from the Uni. But you say you feel like you live with your friends, but you don't feel like you can talk to them.","So you’re living here with friends, but it still sounds like you’re feeling quite alone with what’s going on inside. I’m wondering what that’s been like for you in the house.",1,1,1,1,1,2,1.1666666666666667
7LD8iC4NqXM_21,"Okay, so it sounds like you try and hide the way you're feeling from them.","It sounds like you care about your friends and don’t want to burden them, while also feeling that they don’t really understand what you’re going through. That sounds like a difficult place to be.",1,1,1,1,1,2,1.1666666666666667
7LD8iC4NqXM_23,"Okay, so it sounds like you've been feeling down, you've been feeling unmotivated, you feel like you want to be better, but actually it sounds like you feel like you can't reach out for help, you can't speak to anybody.",I hear that hiding it can feel easier than trying to explain yourself when you don’t feel understood. It sounds like that leaves you carrying a lot by yourself.,1,1,1,1,1,2,1.1666666666666667
7LD8iC4NqXM_25,"Okay, I'm just going to go back in time a little bit. I suppose I'm just wondering when did all of this start? You said it's been going on for quite a few months.","That sounds really heavy, especially feeling like you don't have that space with your parents either. I hear that you've been carrying a lot of this on your own — what has that been like for you?",1,1,1,1,1,2,1.1666666666666667
7LD8iC4NqXM_27,"Okay, so this would be like last March, last April?",It sounds like the pressure of exams and what was happening at home were both building at the same time. I’m wondering what that period felt like for you day to day.,1,1,1,1,1,2,1.1666666666666667
7LD8iC4NqXM_29,"Around that time. So about six months ish. And it sounds like a lot was happening. So you had a lot of Uni pressure on, and you said that your parents were having marital problems.","Yeah, around then. It sounds like that was a really intense time for you, with a lot of stress coming from different directions. What do you remember most about how you were feeling then?",1,1,1,1,0,2,1.0
7LD8iC4NqXM_31,"Okay, and it sounds like that was a real shock to you.","Yeah, so there was a lot going on at once, and it sounds like you were trying to hold all of that together. I’m wondering what that was like for you emotionally at the time.",1,1,1,1,0,2,1.0
7LD8iC4NqXM_33,"Okay, so it sounds like you were trying to work hard and be more successful because you thought that that would make them happier and try and fix things.","It sounds like you were carrying a lot of guilt, and maybe feeling responsible in some way for things that were happening around you. That sounds really painful — what was it like to sit with that?",-1,-1,-2,0,0,1,-0.5
7LD8iC4NqXM_35,How did it backfire?,"So you were trying really hard to help and make things better, and instead it felt like things got more difficult. I hear how upsetting that must have been for you.",1,1,1,1,0,2,1.0
7LD8iC4NqXM_37,"Okay, so after the summer, after the exam period, and how did that exam period go for you in the end?","That sounds really painful — like you were hoping your efforts would help, but instead you ended up feeling even worse. What was that like for you to experience?",1,1,1,1,1,2,1.1666666666666667
7LD8iC4NqXM_39,That's an awful lot of pressure to put on yourself to think...,"It sounds like that exam period was really difficult for you, and the result added to how bad you were already feeling. I’m wondering what it was like for you when you found that out.",1,1,1,1,1,2,1.1666666666666667
7LD8iC4NqXM_41,"So you say ""I know, I know I should have done better"". I mean, I suppose hearing it from my perspective, I'm thinking it sounds like you had an awful lot going on at the time and it would be understandable absolutely that you wouldn't do as well as normal. I suppose I'm just wondering if you have very high standards for yourself.","It sounds like you’re carrying a lot of disappointment with yourself, and that beating yourself up has been making things feel even heavier. What is it like for you when you notice that self-criticism coming up?",1,1,1,1,1,2,1.1666666666666667
7LD8iC4NqXM_43,"So it sounds like you feel you should always do your best, ""always"" was the word you used. And that there isn't any kind of exceptions for that.","I hear that there’s a strong sense of pressure there, and that not meeting those standards feels really upsetting for you. It also sounds like you worry not just about your own feelings, but about how your parents might react too.",-1,-1,-2,1,1,1,-0.16666666666666666
7LD8iC4NqXM_45,"Okay. So I can see then that was a really difficult time for you and that was when your mood started to get lower. And things are still quite bad now. I mean, what's the situation with your parents at the moment?","That sounds very absolute and very demanding, like there isn’t much room for being human or having an off day. I’m wondering what it’s like for you to live with that kind of rule.",1,0,0,1,0,2,0.6666666666666666
7LD8iC4NqXM_47,Were you home over the summer?,"It sounds like being around your parents and seeing that tension has been really hard for you, and that keeping distance is partly about protecting yourself from feeling worse. What has that been like for you emotionally?",-1,1,-2,1,1,2,0.3333333333333333
7LD8iC4NqXM_49,And how was that?,"That sounds like it was a stressful time rather than a restful one, even though it was summer. I’m wondering what it was like for you to be back in that environment.",1,1,1,1,1,2,1.1666666666666667
7LD8iC4NqXM_51,"Okay. Okay, so it sounds then like quite a lot has been happening. You've been feeling very low. You've had Uni pressure on. You've had problems with your parents' marriage. And sounds like you feel like you can't really reach out to anyone. Like you can't... I understand you can't really reach out to your parents right now. You can't really confide in your friends. So I suppose I'm just wondering if you can tell me a bit more about how you've been feeling, I mean say this past week.","It sounds like being home brought a lot of tension back up for you, and that left you feeling even more stressed rather than supported. What was that like day to day while you were there?",1,1,1,1,1,2,1.1666666666666667
7LD8iC4NqXM_53,"Right. So I suppose I'm just wondering then, if we can think about one thing, say a lecture. What kind of thoughts do you have about going to that lecture before it happens?","That sounds really difficult, especially noticing how much your motivation and enjoyment have dropped. I hear that even getting out of bed or leaving the house has been feeling like a struggle, and I’m wondering what that has been like for you this week.",1,1,1,1,1,2,1.1666666666666667
7LD8iC4NqXM_55,"Okay, so it sounds like the kind of thoughts you've got in your head are ""it's pointless"", ""it's not worth it"". Do you have any other thoughts in your head when you're just at that point before you go to the lecture?","It sounds like going to lectures has started to feel tied up with a lot of pressure and discouragement, almost like it brings up the thought that it’s not worth trying if you can’t meet your own expectations. What goes through your mind when you imagine yourself there?",1,1,1,1,1,2,1.1666666666666667
7LD8iC4NqXM_57,So it sounds like you feel like you're not as good as other people here.,"It sounds like those thoughts are really painful, and they’re leaving you feeling like you don’t belong or aren’t good enough. I’m wondering what it’s like for you to sit with that feeling of not deserving to be there.",1,1,-2,1,1,2,0.6666666666666666
7LD8iC4NqXM_59,"Okay. I'm just, sorry, is it okay if I take notes as we go through? It's just I'm trying to I guess understand what you're telling me and it helps me just to write it down, and I'll share this with you later. Okay, so it sounds like those are some quite negative thoughts to have. You're kind of saying, you know, ""it feels like it's pointless"", ""it's more effort than it's worth"", ""I don't deserve to be here"", ""I'm unworthy"". Those kind of thoughts, it sounds like they just flit through your mind. And then you're kind of describing different emotions that those lead to. You've described sad, anger, frustration, embarrassed. What about in your body, what happens? How do you feel kind of physically?","Yeah, that sense of being less than other people sounds really heavy. What is it like for you emotionally when that comparison shows up?",1,1,1,1,1,2,1.1666666666666667
7LD8iC4NqXM_61,"So it sounds like this is affecting... it's draining you of your energy, like your body can't be bothered. I think that's a really good way of describing it. And you're noticing sleep problems as well. And then what do you do? So this is, say we're back to the point before the lecture. So you start having these thoughts, these emotions, and you know your body I guess it sounds like those thoughts are quite draining so they'd be draining your energy. What then happens? What do you do next?","It sounds like those thoughts and feelings are taking a real toll on you physically as well, with the lethargy and the sleep being so unsettled. I’m wondering what stands out most for you in those moments.",1,1,1,1,1,2,1.1666666666666667
7LD8iC4NqXM_63,"So you think even more about those kind of worries that you have, so you do a bit of dwelling and you stay in bed. And it sounds like you don't, you haven't tried speaking to your friends about it, or speaking to family.","It sounds like the thoughts are pulling you further inward, and staying in bed becomes part of how you cope with how overwhelmed and drained you feel. What is that like for you in the moment when you choose to stay there?",-1,0,-2,1,0,2,0.0
7LD8iC4NqXM_65,"Okay. And then after you've done that, so after you've not gone to the lecture, you've stayed in bed, you've kind of spent time as you said focusing on those thoughts, those negative thoughts. How do you feel after that? Do you feel better or do you feel worse?","It sounds like staying in bed and keeping it to yourself has become the main way you’re getting through this, even though it leaves you feeling stuck. I’m wondering what that’s been like for you to carry on your own.",1,1,1,1,1,2,1.1666666666666667
7LD8iC4NqXM_67,So it sounds like in some ways it's a bit of a relief to do that.,"It sounds like there’s a kind of numbness that comes after all of that, almost like switching off feels easier than staying with the self-criticism. What do you notice in yourself when it gets to that point?",1,1,1,1,1,2,1.1666666666666667
7LD8iC4NqXM_69,But in other ways maybe you think it might make things worse.,"It sounds like that numbness can feel like a relief, even if it also leaves you feeling a bit worse afterward. I’m curious what it’s like for you to have that brief sense of relief.",1,1,1,1,0,2,1.0
9cYeZdKeXsc_2,"Hello, Sophia. How are you doing today?",,-1,-1,-2,-1,-1,-1,-1.1666666666666667
9cYeZdKeXsc_4,"I'm doing well, thanks for asking. I saw you last time a week ago, and I know you had some concerns with employment. But first, before we get into that, I wanted to check in to see how you're doing emotionally. I know from last week, on a scale of one to ten, you said your depression was about seven. How is it today?","I'm glad you're doing well today, Sophia. How have things been feeling for you emotionally since we last spoke?",1,1,1,1,0,2,1.0
9cYeZdKeXsc_6,"Alright, so you're having some concerns about full-time work and that level of energy you'd have to exert and that commitment.",It sounds like you're feeling worn down and that the idea of full-time work feels overwhelming right now. I hear that coming here and having a place to talk about it feels a little relieving.,1,1,1,1,1,2,1.1666666666666667
9cYeZdKeXsc_7,"Alright, so would it be okay today if we kind of structured what we're going to do for the session? If it's okay with you, I'd like to talk about that and get some more details about what's going on this week and your feelings surrounding that. I'd like to talk about your core beliefs that might be contributing to some of these feelings of depression. And then for the last part, we'll work on some interventions to try to help you with what's going on at work and with your depressed mood. We can make changes to this as needed, but I just want to start with an outline.","It sounds like the demands of full-time work are feeling really heavy for you, especially with the energy and commitment it would take. I hear that this has been weighing on you.",1,1,1,1,1,2,1.1666666666666667
9cYeZdKeXsc_8,Does that make sense?,Of course — we can take it at a pace that feels comfortable for you. What feels most important to start with today as we talk about work and how you've been feeling?,1,1,1,1,0,2,1.0
9cYeZdKeXsc_10,"Okay, great. So tell me a little bit more about what's going on with the work.",I hear that the outline makes sense to you. What feels most pressing for you right now as you think about the work situation?,1,0,-2,1,0,2,0.3333333333333333
9cYeZdKeXsc_12,"So the latter part of the day is more of a struggle for you, the latter part of the work day.",It sounds like the sleep trouble and the long afternoon stretch are making the workday feel especially hard to manage. I hear that winter and the darkness afterward seem to deepen how low you feel.,1,1,1,1,1,2,1.1666666666666667
9cYeZdKeXsc_14,"So getting up in the morning, getting to work on time, you do okay with that?","Yeah, the later part of the day sounds like where things start to feel especially difficult for you. What is that part of the day like for you emotionally?",1,0,-2,1,0,2,0.3333333333333333
9cYeZdKeXsc_16,"So the work program you're in now, you work in the morning?","It sounds like mornings are still hard, but you feel a little more able to get yourself moving then than later in the day. I hear that you’re noticing a difference between those parts of the day.",1,1,1,1,1,2,1.1666666666666667
9cYeZdKeXsc_18,What hours are you there?,"It sounds like the afternoon is where things start to feel much heavier for you, even though the morning routine is hard too. What is it like for you as the day goes on and your energy starts to drop?",1,1,1,1,0,2,1.0
9cYeZdKeXsc_20,And there's some work you have to do in the afternoon?,Eight to noon gives you a pretty clear structure to the day. I’m hearing that the morning hours feel more manageable for you than the later part of the day.,1,0,0,1,0,2,0.6666666666666666
9cYeZdKeXsc_22,Thinking about it's exhausting. Can you tell me what type of thoughts you're having as you...,"That sounds really exhausting, like by the time the work program is over you’re already running on empty. And at the same time, you can see the purpose in what they’re asking of you, which seems to make it feel even more complicated.",1,1,1,1,1,2,1.1666666666666667
Ac0aZgha6Fk_1,"Yes, you really get where they're coming from. You really understand the suffering involved.",,-1,-1,-2,-1,-1,-1,-1.1666666666666667
Ac0aZgha6Fk_3,"Well, let's talk about that. So you're in a position where you have to make some decisions about people's lives. And sometimes those decisions result in people being separated from their family, sometimes they don't.",It sounds like you’re carrying a lot of guilt about the impact on other people. What is that like for you to sit with?,1,1,1,1,1,2,1.1666666666666667
Ac0aZgha6Fk_4,"Are you really the cause? In the larger picture, are you really the cause of these families being broken up?","You’re holding both sides of it — understanding the bigger picture, and still feeling the weight of being the one in that moment. I hear how painful that is for you.",1,1,1,1,1,2,1.1666666666666667
Ac0aZgha6Fk_6,"Right, you're the immediate cause, kind of at the end of the whole process. But the true cause happened years or months before you got there as people made decisions that maybe weren't the best for their children or for themselves.","It sounds like even when you can see that the larger causes are there, it still feels very personal to be the one carrying out the decision. What is it like for you to live with that tension?",1,1,1,2,1,2,1.3333333333333333
Ac0aZgha6Fk_7,"So you're really coming in, to some extent, at the tail end of a long series of behavioral choices.","You’re able to see that there’s a longer history behind these situations, and at the same time it still leaves you feeling like the one who has to carry out something painful. I hear how hard that is for you.",1,1,1,2,1,2,1.3333333333333333
Ac0aZgha6Fk_9,"Ultimately, for this family that you're worried about, looking at it with a long-term lens, do you think the children are better off because they're not with that family right now?","It sounds like you can see the larger context, and at the same time it still feels heavy to be the one in that moment. What is it like for you to hold both of those truths at once?",1,1,1,1,1,2,1.1666666666666667
Ac0aZgha6Fk_11,"So immediately there's some pain because you have to break up the family, but in the long run, maybe there's a better result.","You’re recognizing that, overall, the children may be better off, even though there’s still a lot of pain in the process. I hear that this isn’t simple for you, and that the emotional weight of it stays with you.",-1,-1,-2,1,1,1,-0.16666666666666666
Ac0aZgha6Fk_13,"Even with that though, let's talk about the concern you have about making a poor decision. Based on what you're describing, do you believe this was actually a poor decision?","So there’s a sense that the long-term outcome may be better, while the immediate experience is still painful and difficult. What stands out most for you when you sit with that tension?",1,1,1,1,1,2,1.1666666666666667
Ac0aZgha6Fk_15,"Yeah, it feels like it is, and it was a tough decision.","It sounds like, even when your mind tells you it wasn’t a poor decision, your feelings still label it that way. I’m curious what it’s like inside when your feelings and your judgment don’t quite match.",1,1,1,2,1,2,1.3333333333333333
Ac0aZgha6Fk_17,"But looking at it in the way that the evidence suggests, maybe you can appreciate that you might have had to do the same thing even if you went back in time.","Mm-hmm, it sounds like the decision still carries a lot of emotional weight for you, even if you can understand why it was made. What feels hardest about that for you?",1,1,-2,1,1,2,0.6666666666666666
Ac0aZgha6Fk_19,So you really did what you had to do.,"You’re seeing that, from the evidence and from others’ perspectives, this may have been the same decision anyone would have made. And still, I hear that it doesn’t make it feel any easier to carry.",1,1,1,1,1,2,1.1666666666666667
Ac0aZgha6Fk_21,"But because there's still a pain component there for them, you're feeling torn.","It sounds like you’re trying to make sense of having done what you had to do, while still feeling the impact of it. What is that like for you to live with?",1,1,1,1,1,2,1.1666666666666667
Ac0aZgha6Fk_23,And you don't want to go through this again.,"You’re feeling torn, even though part of you can see that the decision may have been necessary. I hear how painful it is to hold both the necessity and the hurt at the same time.",1,1,1,1,1,2,1.1666666666666667
Ac0aZgha6Fk_25,"But doing your job in a world where you could make a mistake, that's not as appealing.",It sounds like you’re trying to hold both things at once: the pain of this experience and your commitment to keep doing your job. What feels most important to you in that tension right now?,1,1,1,1,1,2,1.1666666666666667
Ac0aZgha6Fk_27,"So in this particular instance, based on what you're saying, it doesn't seem like a mistake. Let's consider a situation where you did make a mistake.","So the difference is that this time it feels more immediate and real, even though you’ve always known mistakes were possible. What is it like to sit with that reality now?",1,1,1,1,0,2,1.0
Ac0aZgha6Fk_29,"Now that would be the worst case, right? We're just taking things to the worst-case scenario. Your fear here is that, regardless of what already happened, going forward you'd be mortified to make an error.","Okay, so if we imagine a mistake, what stands out to you about that situation?",-1,-1,-2,0,0,1,-0.5
Ac0aZgha6Fk_31,"Because this pain you're feeling right now is just unbearable, and it's thrown everything into chaos for you.","Mm-hmm, so the fear is really about being mortified if an error happened, even going forward. What does that fear bring up for you as you picture it?",1,0,-2,1,0,2,0.3333333333333333
Ac0aZgha6Fk_32,"So looking around where you work and the history of your profession, what's a mistake you see people make from time to time that you would be frightened of?","It sounds like this pain has felt overwhelming and chaotic, almost like it’s taken over everything for you. What has that been like to carry?",1,1,1,1,1,2,1.1666666666666667
Ac0aZgha6Fk_34,And then someone's hurt.,"I hear that missing abuse feels like the biggest possible mistake in your work, and that carries a lot of weight for you. What makes that one feel so frightening?",0,0,-2,0,0,2,0.0
EtVJr05akR4_1,"Good afternoon, Bruce. I'm glad you could make it in today. Last week, we discussed ways you could cut down or extinguish marijuana use. How did you feel about our talk last week?",,-1,-1,-2,-1,-1,-1,-1.1666666666666667
EtVJr05akR4_3,Just okay?,"It sounds like last week’s conversation felt okay, maybe not especially strong one way or the other. What has your marijuana use been like since then?",1,1,1,1,0,2,1.0
EtVJr05akR4_5,"We developed four strategies: running more, staying away from certain friends, getting a pet, and joining a support group. How did you make out with the running?",It sounds like it was a pretty neutral conversation for you. I’m curious what made it feel just okay rather than more helpful or less helpful.,1,1,1,1,0,2,1.0
EtVJr05akR4_7,So the weather took away from your motivation to go running?,It sounds like the weather and the cold really got in the way of following through. What was that like for you when you noticed you weren’t going to run?,1,1,1,1,1,2,1.1666666666666667
EtVJr05akR4_9,What could you have done to get in the mood?,"So in that moment, the rain and not being in the mood made it hard to get started. What do you notice about yourself when that happens?",1,1,1,1,0,2,1.0
EtVJr05akR4_11,Did not exercising make a difference in your marijuana usage this week?,It sounds like you’re not seeing an easy way to shift that feeling right now. What was it like to think about that question?,1,1,1,1,0,2,1.0
EtVJr05akR4_13,How do you tie those two things together?,You noticed a bit more marijuana use when you didn’t exercise. What was that week like for you overall?,1,1,1,1,0,2,1.0
EtVJr05akR4_15,How could you change your perception about the rain so it doesn't stop you from running?,It sounds like there’s a connection for you between not exercising and turning more toward marijuana. What do you make of that pattern?,1,1,1,1,0,2,1.0
EtVJr05akR4_17,That's a great idea. The other goal was staying away from friends who are bad influences. How did that go?,That sounds like one possible way to keep the rain from getting in the way. What feels most important to you about running when the weather is bad?,-1,-1,-2,-1,-1,1,-0.8333333333333334
EtVJr05akR4_19,It sounds like it was difficult to cut them out of your life. Can you tell me what was difficult about it?,"It sounds like you made some effort to stay away, even though you still ended up seeing them. What was that experience like for you?",1,1,1,1,0,2,1.0
EtVJr05akR4_21,"And as a result, what happened?","It sounds like you were trying to be considerate of their feelings, and that made it hard to keep your distance. What was that experience like for you when you found yourself going anyway?",-1,0,-2,1,0,1,-0.16666666666666666
EtVJr05akR4_23,"Because you were worried about hurting their feelings, you ended up using marijuana, correct?",It sounds like wanting to protect their feelings pulled you back into spending time with them. How did you feel afterward about ending up hanging out?,-1,0,-2,1,0,1,-0.16666666666666666
EtVJr05akR4_25,How could you do that differently this week?,"I hear that you were trying to avoid hurting them, and that led to using marijuana with them. What was that like for you in that moment?",1,1,1,1,0,2,1.0
EtVJr05akR4_27,Do you have any friends who do not use marijuana that you could associate with?,"It sounds like part of you sees it as simple, but another part may know it’s not always that easy. What makes it hard to just not go?",1,1,1,1,1,2,1.1666666666666667
EtVJr05akR4_29,"On a scale of 1 to 10, how motivated are you to reignite those friendships?","It sounds like you do have some healthier connections you could lean into, and that feels possible for you. What stands out to you about those friendships?",-1,-1,-2,1,0,1,-0.3333333333333333
EtVJr05akR4_31,What made you say 3 instead of 1?,"A 3 suggests there’s at least some part of you that wants change, even if it feels small right now. What do you think makes it a 3 for you today?",1,0,1,1,0,2,0.8333333333333334
EtVJr05akR4_33,What kind of activities did you do with those healthy friends in the past?,It sounds like you’re recognizing the problem and feeling some need to do something different. What feels most important to you about starting that change?,-1,0,-2,1,0,2,0.0
EtVJr05akR4_35,So you can recall a healthier life overall without using pot.,"It sounds like those friendships were connected to activities that felt healthy and energizing for you. What do you miss, if anything, about spending time with them that way?",-1,-1,-2,-1,-1,1,-0.8333333333333334
EtVJr05akR4_37,The other goal was to get a pet dog. How did you make out with that?,"It sounds like you’re seeing some real value in having healthier activities around you, and that feels encouraging. What stands out to you about that possibility right now?",1,1,0,1,0,2,0.8333333333333334
EtVJr05akR4_39,Recognizing that is wise. Would you consider a different pet that doesn't require such a commitment?,It sounds like you gave that some thought and noticed the commitment didn’t feel right for you. What was it like to come to that conclusion?,1,1,1,1,1,2,1.1666666666666667
EtVJr05akR4_41,Maybe an animal like a snake or a fish. Are those animals you like?,"You’re open to thinking about other options, and I hear some curiosity there. What kinds of animals come to mind when you think about something lower-commitment?",1,1,1,1,0,2,1.0
EtVJr05akR4_43,The final goal was to join a support group. How did you make out with that?,It sounds like snakes or fish feel like a better fit for what you were considering. What is it about those that appeals to you?,1,1,1,1,1,2,1.1666666666666667
EtVJr05akR4_45,So you left early because you didn't feel you fit in?,It sounds like that meeting left you feeling disconnected and maybe judged by the comparison you made. What was that experience like for you?,1,1,1,1,0,2,1.0
EtVJr05akR4_47,What might be some positives you would get out of a support group?,"I hear that being there brought up a sense of not fitting in, while also feeling more capable than some of the others. What was it like to notice that about yourself?",1,1,1,1,1,2,1.1666666666666667
EtVJr05akR4_49,You mentioned playing hockey as a kid. Could you see a support group as a team?,"It sounds like part of you can see the value in connection and shared experience, even after that first meeting. What feels important to you about that kind of support?",1,1,1,1,1,2,1.1666666666666667
EtVJr05akR4_51,Do you remember how it felt to be on that team?,"You’re noticing the team aspect of it, and that seems to make the idea feel more relatable. What is it like to think about a support group in that way?",1,1,1,1,1,2,1.1666666666666667
EtVJr05akR4_53,How committed are you to trying two support groups this week if I send you a list?,It sounds like that sense of being on a team felt really good to you. What stands out to you about that experience now?,1,1,1,1,1,2,1.1666666666666667
EtVJr05akR4_55,"Wow, why an 8 instead of a 4 or 5?",An 8 sounds like you’re feeling fairly open to giving it a try. What makes it feel like an 8 for you?,1,1,1,1,1,2,1.1666666666666667
EtVJr05akR4_57,"I love that analogy. To summarize, you'll run rain or shine, embrace positive friends, look into a pet like a fish, and try two support groups. Overall, how would you rate today's session?","It sounds like the team idea helps you see yourself in a more positive way, and that feels meaningful. What is it about that image that fits for you?",-1,0,-2,0,0,1,-0.3333333333333333
EtVJr05akR4_59,On a scale of 1 to 10?,"It sounds like today felt very good for you, and that’s encouraging to hear. What felt most helpful or meaningful in the session?",1,1,1,1,0,2,1.0
EtVJr05akR4_61,We did good then. I'll see you next week and check in on these goals. Way to go.,An 8 suggests you’re feeling pretty positive about today. What made it land that way for you?,1,1,1,1,0,2,1.0
H8CJxNP0nv8_1,"Hi, I appreciate your participation in the intake so far. I want to change to a new section, if that's okay with you. And this section is on substance use. Is that an area you feel comfortable discussing?",It sounds like you’re ready to continue from where we left off. What would you like to focus on next?,0,0,-2,0,0,2,0.0
H8CJxNP0nv8_3,"Alright. So, are there any substances that you currently use?",I appreciate your openness. What has your experience with substances been like for you?,1,1,1,1,0,2,1.0
H8CJxNP0nv8_5,Can you tell me how often you drink?,You’re saying you drink a bit. What does that look like for you in a typical week?,1,0,0,1,0,2,0.6666666666666666
H8CJxNP0nv8_7,And what are you drinking?,"It sounds like you’ve been drinking about three beers a day. What feels important to you about that pattern, if anything?",1,1,1,1,0,2,1.0
H8CJxNP0nv8_9,Do you know what size?,"I hear that it’s beer, and about three drinks a day. What’s your sense of how that fits into your day-to-day life?",1,0,0,1,0,2,0.6666666666666666
H8CJxNP0nv8_11,Three bottles of beer a day?,So they’re 16-ounce bottles. How does that amount feel to you when you think about it?,1,0,-1,1,0,2,0.5
H8CJxNP0nv8_13,And how much time does it take you to consume those?,"Okay, three 16-ounce beers a day. What’s it like for you to notice that?",1,1,1,1,0,2,1.0
H8CJxNP0nv8_15,"So, every day, three beers in about two hours?",A couple of hours to finish them. What do you notice in yourself during that time?,0,0,0,1,0,2,0.5
H8CJxNP0nv8_17,Is that do anything to you in terms of your mood or feeling?,So it’s been about three beers most days over a couple of hours. What stands out to you about that routine?,-1,0,-2,1,0,2,0.0
H8CJxNP0nv8_19,So it's relaxing for you?,It sounds like it helps you unwind and relax after work. What is that experience like for you?,1,1,-1,1,0,2,0.6666666666666666
H8CJxNP0nv8_21,Has it ever gotten you into any type of trouble?,"Yeah, it sounds like it’s been a way to relax. What does that relaxation mean to you after a long day?",1,1,1,1,1,2,1.1666666666666667
H8CJxNP0nv8_23,Alright. Is there any other areas where it might disrupt functioning?,"It sounds like it’s been helpful in some ways, but you’ve also noticed it can affect your relationships and make things harder the next day. What’s it like for you to hear that laid out like that?",1,1,1,1,1,2,1.1666666666666667
H8CJxNP0nv8_25,"Alright. So, three bottles of beer pretty much every day?","It sounds like the drinking is starting to spill over into work at times, and that can feel frustrating or concerning. How have you been feeling about those mornings when it’s harder to get going?",1,1,1,1,1,2,1.1666666666666667
H8CJxNP0nv8_27,Has there ever been a time when you've consumed more or less on a particular day?,"So it’s been pretty consistent for you day to day, with some heavier drinking on weekends. What does that pattern feel like for you?",-1,-1,-1,1,0,2,0.0
H8CJxNP0nv8_29,You'll have a few more?,"It sounds like weekends can look a little different, with more drinking over a shorter period of time. What’s that like for you compared with the weekdays?",-1,-1,-2,1,0,1,-0.3333333333333333
H8CJxNP0nv8_31,And how long have you been drinking alcohol?,A few more on top of the usual amount. What do you notice about those times when it ends up being more?,1,0,0,1,0,2,0.6666666666666666
H8CJxNP0nv8_33,Around 17?,So you’ve been drinking since your late teens. What has your relationship with alcohol been like over the years?,1,1,1,1,0,2,1.0
H8CJxNP0nv8_35,"Now you mentioned beer, have you ever consumed any other type of alcohol?",Around 17. What stands out to you when you think back to that time?,1,1,1,1,0,2,1.0
H8CJxNP0nv8_37,Back towards beer?,"It sounds like beer is the main thing you tend to go back to, even though you’ve tried other drinks. What is it about beer that feels like the fit for you?",1,1,1,1,1,2,1.1666666666666667
H8CJxNP0nv8_39,Any other substances that you use currently?,It sounds like beer is the one you tend to come back to. I’m curious what it is about beer that feels like the fit for you.,1,1,1,1,1,2,1.1666666666666667
H8CJxNP0nv8_41,Is that pretty much just weekends?,It sounds like marijuana is something you use both socially on weekends and sometimes to help with anxiety at night. What’s that experience like for you?,1,1,1,1,0,2,1.0
H8CJxNP0nv8_43,Alright. When did you first start using marijuana?,I hear that it can feel helpful for settling your anxiety and worries before bed. What do you notice about how it affects you the next day?,1,1,1,1,1,2,1.1666666666666667
H8CJxNP0nv8_45,About two years ago?,It sounds like you first started around the time you began college. What was going on in your life then that made that feel like the time you started?,1,1,1,1,1,2,1.1666666666666667
H8CJxNP0nv8_47,"And on the weekends, sometimes other times?","About two years ago, around the start of college. What was that period like for you?",1,0,1,1,0,2,0.8333333333333334
H8CJxNP0nv8_49,"So mostly on the weekends, occasionally during the week. Has it ever led to any trouble or change in functioning?","It sounds like it’s a bit more frequent than just weekends, maybe every other day during the week. How does that pattern feel to you?",1,1,1,1,1,2,1.1666666666666667
H8CJxNP0nv8_51,"Have you ever tried to cut down on the substance use, alcohol or marijuana?","I hear that it’s starting to affect your mornings and your work, and that your boss is noticing. What’s it like for you to be seeing that impact?",1,1,1,1,0,2,1.0
H8CJxNP0nv8_53,So you think perhaps the alcohol use is connected to the stress of your job?,"It sounds like you were able to cut back for a while, and then stress at work made it harder to keep that change going. What was that like for you when you noticed it shifting again?",1,1,1,1,1,2,1.1666666666666667
H8CJxNP0nv8_55,Alright. Have you ever been annoyed by people that perhaps criticize your substance use?,"It sounds like you were able to make some changes before, and then the stress at work made it harder to keep that going. What has it been like for you to notice that connection between stress and drinking?",1,1,1,1,1,2,1.1666666666666667
H8CJxNP0nv8_57,And that bothers you?,"It sounds like their criticism feels pretty upsetting, especially when it’s about something they don’t fully know about. What is that like for you to hold onto?",1,1,1,1,1,2,1.1666666666666667
H8CJxNP0nv8_59,Have you ever felt bad or guilty about your substance use?,"Yeah, it sounds like that bothers you quite a bit. What comes up for you when your family is critical?",1,1,1,1,1,2,1.1666666666666667
H8CJxNP0nv8_61,Alright. Have you ever had to drink or use drugs first thing in the morning to steady your nerves or to lessen the effects of a hangover?,"It sounds like there’s some guilt there, especially with your mom and when things get tense with friends. What do you notice in yourself when those situations happen?",1,1,1,1,1,2,1.1666666666666667
H8CJxNP0nv8_63,So on occasion that happens?,It sounds like on weekends it can sometimes carry over into the next morning for you. What is that experience like for you on those mornings?,1,0,0,1,0,2,0.6666666666666666
H8CJxNP0nv8_65,"So alcohol and marijuana, two substances you currently use. Can you tell me about substances you've used in the past?","Yeah, so it happens sometimes, though not very often. What do you make of that for yourself?",1,1,1,1,0,2,1.0
H8CJxNP0nv8_67,So you discontinued?,It sounds like those past experiences didn’t feel like a good fit for you. What was it like trying them and deciding they weren’t for you?,1,1,1,1,1,2,1.1666666666666667
H8CJxNP0nv8_69,Any other substances or just those two?,It sounds like that was a pretty brief experience for you. What stands out to you about those past substances now?,-1,0,-2,1,0,2,0.0
H8CJxNP0nv8_71,Do you have a family history of substance use?,"It sounds like those were brief experiences that didn’t feel good to you, and you were able to move away from them. What was it like for you to notice that they weren’t for you?",1,1,1,1,1,2,1.1666666666666667
H8CJxNP0nv8_73,Any other history?,"It sounds like there may be some family history there, at least as your mom describes it. What comes up for you when you think about your grandfather and that possibility?",-1,-1,-2,0,0,1,-0.5
H8CJxNP0nv8_75,"Before I move to the next section of the intake, is there anything else you want to add or any other comments you want to make about this section?","I hear that, and it sounds like you’re not aware of anything else in the family. How are you feeling as we wrap up this part of the conversation?",-1,-1,-2,1,0,1,-0.3333333333333333
H8CJxNP0nv8_77,Does that cover it pretty well?,It sounds like that section feels complete for you. What was it like to talk through it?,1,1,1,1,1,2,1.1666666666666667
H8CJxNP0nv8_79,"I appreciate you answering these questions and if you're okay, I'm going to move to the next section of the intake.",I hear you. It sounds like you feel this covers it pretty well. How are you feeling now that we’ve gone through it?,1,1,1,1,1,2,1.1666666666666667
I1F4hvfRC50_1,"Eric, I see you did the homework this week.",,-1,-1,-2,-1,-1,-1,-1.1666666666666667
I1F4hvfRC50_3,That's great. Let me take a look at it. Why don't you walk me through this?,"It sounds like you followed through with the homework, and I’m glad you brought it in. What was it like for you to try to move toward that job opening?",1,1,1,1,1,2,1.1666666666666667
I1F4hvfRC50_5,Exactly.,"It sounds like you really put yourself in a difficult moment there, and then felt pretty sad afterward. What was going through your mind while you were sitting in the car, trying to talk yourself into going in?",1,1,1,1,0,2,1.0
I1F4hvfRC50_7,"I hear you. So I think you did a great job filling out the three columns. What I'd like to do today is move on to the fourth column, which is the rational response. We want to take an alternative point of view here. To help you do that, there are a couple of questions you can ask yourself. One is, what's the evidence for the thought, and the other is, what's the evidence against the thought?","It sounds like you’re feeling really discouraged and scared of being rejected again, and that makes the whole idea of trying feel pointless. I hear how heavy that is, especially when you’re already feeling depressed.",1,1,-1,1,1,2,0.8333333333333334
I1F4hvfRC50_9,So which of those thoughts do you want to focus on? Because you had several there.,"That makes sense. It sounds like the thought of not getting the job is feeling very convincing right now, and we can slow it down together and look at it from both sides.",1,1,1,1,1,2,1.1666666666666667
I1F4hvfRC50_11,What's the point in trying? That sounds good. So what's the evidence for the thought?,"You’re really focused on the idea that trying won’t lead anywhere, and that feels pretty overwhelming. What feels most true to you about that thought right now?",1,1,1,1,1,2,1.1666666666666667
I1F4hvfRC50_13,"Well, let's get this down.","It sounds like when you look at your situation, the evidence for that thought feels very strong and tied to a lot of pain. I hear how hard it is to imagine a different outcome.",1,1,1,1,1,2,1.1666666666666667
I1F4hvfRC50_15,"Well, it sounds like you have a lot of evidence supporting the thought. Anything else?","You’re carrying a lot of hopelessness and exhaustion in this moment, and it makes sense that the thought feels solid to you. What stands out to you most when you say that?",0,0,-2,1,0,2,0.16666666666666666
I1F4hvfRC50_17,Right. So let's tackle the other question. What's the evidence against the thought?,It sounds like this thought is connected to a lot of painful experiences and a sense of having run out of energy. I hear how convincing it feels from where you’re sitting.,-1,-1,-2,1,1,2,0.0
I1F4hvfRC50_19,"Yeah, the evidence against 'what's the point.' It's kind of tough coming up with something. A lot of people when they get depressed have difficulty coming up with evidence opposing that particular thought. It seems like you were able to come up with a lot of evidence supporting the thought. Let's see if we can put our heads together and maybe come up with some evidence against the thought. I can ask you a couple of questions that might help you. Is there a time when you weren't depressed when you went and started working?","I hear that you’re wondering whether there’s any real reason to try at all. Even with how strong that thought feels, what comes to mind when you think about times things started out differently?",1,1,1,1,0,2,1.0
I1F4hvfRC50_21,And so what went well about it? Can you be more specific?,"That’s helpful to hear. It sounds like there was a time when work did feel possible for you, at least for a while, and that may be worth holding onto as we look at this together.",-1,-1,-2,0,0,1,-0.5
I1F4hvfRC50_23,That sounds like good evidence to me. Why don't you put that down?,"It sounds like you’re noticing that there’s real evidence you can work hard and show up consistently, at least at times. What does it feel like to put that down on paper?",0,0,-2,0,0,2,0.0
I1F4hvfRC50_25,So what did you write down?,That sounds like a meaningful piece of evidence to have written down. How are you feeling as you look at it?,-1,0,-2,0,0,1,-0.3333333333333333
I1F4hvfRC50_27,Okay. Is there any other time when you weren't depressed that you felt good about yourself and what you were doing?,You wrote down that you’re a good worker and that you showed up on time. What stands out to you about seeing that there?,1,0,-2,1,0,2,0.3333333333333333
I1F4hvfRC50_29,And what was that like?,"That sounds like an important time in your life, even though it didn’t last. What was it like for you to be doing well then?",1,1,1,1,0,2,1.0
I1F4hvfRC50_31,"Sounds important to me. Hard worker, had a lot of friends. Anything else?","It sounds like that first year of college held a lot for you—friends, hard work, and good grades. What do you notice as you think about that time now?",1,1,1,1,1,2,1.1666666666666667
I1F4hvfRC50_33,"Right. But I think it's important to look at the evidence for and the evidence against. So that's clearly evidence against the thought, right?",I hear that you’re noticing a difference between how you feel when you’re depressed and how you see yourself otherwise. What is it like to hold both of those things at once?,1,0,0,1,0,2,0.6666666666666666
I1F4hvfRC50_35,So why don't you read through both the evidence for and the evidence against and tell me what you think?,It sounds like you’re agreeing that those experiences count as evidence against the thought. What do you make of that?,1,1,1,1,1,2,1.1666666666666667
I1F4hvfRC50_37,"So let's come back to that original thought that you had, 'what's the point.' How much did you believe that on a scale of 0 to 100?","You’re seeing both sides pretty clearly: the fear about what might happen now, and the evidence that you’ve been capable and reliable in the past. What feels most true to you as you read them together?",1,1,1,1,1,2,1.1666666666666667
I1F4hvfRC50_39,Okay. How much do you believe that now?,"It sounds like having both sides in front of you is helping a little, even though it still feels hard. What do you notice about that 70 percent now compared with where you started?",1,1,1,1,1,2,1.1666666666666667
I1F4hvfRC50_41,"Alright, why don't you write 70 percent. Anything else about this that you noticed changed?","That sounds like a meaningful shift, even if it’s still pretty strong. What feels different for you now that it’s down to 70 percent?",-1,0,-2,0,0,2,-0.16666666666666666
I1F4hvfRC50_43,In what way does it feel good?,It sounds like remembering those times when you weren’t depressed brought up something important for you. What stands out most about that feeling of being less sad?,1,1,1,1,0,2,1.0
I1F4hvfRC50_45,"Less depressed, less sad? Okay, why don't you jot a note down there that reminds you of that.","I hear that it connects with a sense of possibility for you, like maybe things could get better. What is it like to notice that hope?",1,1,1,1,1,2,1.1666666666666667
I1F4hvfRC50_47,So maybe feel a little more hopeful?,It sounds like that thought opens up a little more hope about your future and work. What do you make of that?,-1,0,-2,1,0,2,0.0
I1F4hvfRC50_49,Sounds good. So do you think that you could do that this week?,"I hear that there’s a bit more hope there, even alongside the sadness. What feels most important about that hope right now?",1,1,1,1,1,2,1.1666666666666667
I1F4hvfRC50_51,Right. What would help to remind you?,"It sounds like it feels doable, but also challenging to find the other side of the argument. What makes it feel possible for you this week?",1,1,1,1,1,2,1.1666666666666667
I1F4hvfRC50_53,So maybe you could review that before you did another thought record?,It sounds like having it written down here was helpful as a reminder. What about seeing it on here made it easier to hold onto?,-1,0,-2,0,0,1,-0.3333333333333333
I1F4hvfRC50_55,"Yeah, that would be helpful. I noticed you had some other thoughts there. What was the other thought that you had on there?","It sounds like that thought feels pretty convincing right now, especially with the job situation weighing on you. What feels most true to you about that thought when you say it out loud?",1,1,1,1,1,2,1.1666666666666667
I1F4hvfRC50_57,Let me see that. Notice there's what we call a cognitive error or thinking style. I'm thinking that this type of thought is an 'all-or-none' thinking because you said 'everyone'.,That sounds really heavy — feeling like you won’t get the job and that others are more qualified. What goes through your mind when that thought shows up?,1,1,1,1,1,2,1.1666666666666667
I1F4hvfRC50_59,Right. But you said here 'everyone is more qualified.' Everyone in the world.,"I hear that being unemployed for a while makes this feel very real and discouraging. And at the same time, you’re noticing that “everyone” may be a bit too broad — what do you make of that?",1,1,1,1,1,2,1.1666666666666667
I1F4hvfRC50_61,Right. So we call that all-or-none thinking. Do you see that?,"It sounds like you’re starting to see that the word “everyone” may not fit exactly, even though the thought still feels painful. What’s it like to notice that distinction?",1,1,1,1,1,2,1.1666666666666667
I1F4hvfRC50_63,So sometimes what we write in this column would be 'all-or-none thinking' for that thought. I'm going to give this sheet to you. Maybe you could review it for homework and see if you have any other types of thinking errors.,"Yeah, you’re seeing it — that “everyone” is an example of that all-or-none style of thinking. How does it feel to put a name to it?",1,1,1,1,1,2,1.1666666666666667
I1F4hvfRC50_65,"Yeah, just read it for homework and then maybe if you notice any types of thinking errors in your thought record you could write them down. Sound good?","It sounds like you’re checking that you understand what I mean by reading it over and noticing the thinking errors in your own thought record. What feels clear, and what feels less clear about that?",-1,0,-2,0,0,2,-0.16666666666666666
I1F4hvfRC50_67,"Alright, great.","Great, it sounds like you’re open to trying that. As you look at your thought record, what do you imagine you might notice about your thinking?",1,1,1,1,1,2,1.1666666666666667
