ID,reference,prediction,NJ,WE,RA,AL,RF,SA,AVG
Kusv2J0M19E_1,"Hi Carmelo, I want to take a couple of minutes and go over the scale on anger that you filled out when you got here. You had mentioned that some people in your life have kind of commented and they said, 'You know, maybe you ought to look into thinking about whether or not you have some issues with anger or not.' And that's one of the reasons you're here. And I'm hoping that this will help sort of identify specific issues related to anger that might be problematic for you. And so this is really feedback meant for you. You can do whatever you'd like with the information. It's just for you to consider it. And so let's go through each area. And there are a number of questions here and a number of sort of different anger dimensions. And I think the place we're going to start is if you look at all the questions that you answered, it comes up with something called a total score, which is just kind of looking at everything together. And when we look at the total score, you scored quite high, actually. You scored in a range that we would sort of call the 99th percentile, which means that your anger is at a level greater than 99% of the population of men your age.",It sounds like that number really caught you off guard. What’s coming up for you hearing it put that way?,1,1,1,1,0,2,1.0
Kusv2J0M19E_3,Yeah.,I hear how surprising that is for you. What do you make of it right now?,1,1,1,1,1,2,1.1666666666666667
Kusv2J0M19E_5,"Yeah, so it's kind of hard to hear it that way.","Yeah, it is pretty high. What’s your reaction to hearing that compared with what you expected?",1,1,1,1,0,2,1.0
Kusv2J0M19E_7,It kind of surprised you?,It sounds like you weren’t expecting it to come back that high. What stands out to you most about that?,1,1,1,1,1,2,1.1666666666666667
Kusv2J0M19E_9,Just a little above average.,"It sounds like you were expecting something closer to average, maybe just a bit above. What’s it like to hear it’s much higher than that?",1,1,1,1,1,2,1.1666666666666667
Kusv2J0M19E_11,It's a little bit high and it might indicate that really anger does get you in trouble at times in terms of relationships and causing you... so you've recognized that.,"Wow, that really lands differently than you expected. What’s going through your mind as you hear this?",1,0,0,1,0,2,0.6666666666666666
Kusv2J0M19E_13,"Okay. So this kind of just highlights that and puts a number on it, in a sense, and so...","It sounds like part of you has known this for a while, even if it’s been hard to fully face. What has it been like for you to come to that recognition?",1,1,1,1,1,2,1.1666666666666667
Kusv2J0M19E_15,"Yeah, right. Exactly. Kind of comparing how you answered the question to the general population of folks your age. That you're really, you're sort of in the top 1% of scores.","Yes, these kinds of measures are based on research and comparisons with other people. What’s it like for you to hear that?",1,1,1,1,0,2,1.0
Kusv2J0M19E_17,Yeah.,It sounds like hearing that number is bringing up some surprise and maybe a lot of recognition at the same time. What is it like for you to hear that you’re in that range?,1,1,1,1,0,2,1.0
Kusv2J0M19E_19,"Because getting angry, saying things to people, not thinking things through, can really put you at risk.","That sounds really frightening, and I hear how much danger you’ve been living around. What’s it like for you to say that out loud here?",1,1,-2,1,1,2,0.6666666666666666
L1vluZ9uHMY_1,"Hi Lisa, how you doing today?",,-1,-1,-2,-1,-1,-1,-1.1666666666666667
L1vluZ9uHMY_3,"I'm doing well, thanks for asking. It's nice to meet you, I'm glad you could come into the agency. Could you tell me what brings you here today?","I’m doing well too, thank you. What would you like me to know about what’s been going on for you?",0,0,-2,0,0,2,0.0
L1vluZ9uHMY_5,All right. So were you ordered by a court or...?,"That sounds like a difficult place to be in, and maybe there’s a lot behind being here today. What has this month been like for you since that happened?",1,1,1,1,0,2,1.0
L1vluZ9uHMY_7,And how long ago did the crime occur?,"Yeah, this is more of an assessment to understand what’s been going on for you and what support might fit best. How are you feeling about being here today?",-1,0,-2,0,0,2,-0.16666666666666666
L1vluZ9uHMY_9,"All right. So I'm going to try to get an idea of what's going on with you to see where you fit in in terms of treatment. So it's an assessment, so I'll be asking you some questions about your history and kind of things that you've done, any feelings you've had, thoughts you've had.","A month ago, okay. What has life been like for you since then?",1,1,1,1,0,2,1.0
L1vluZ9uHMY_11,Like diagnosing. Is that okay with you?,"Not exactly diagnosing, more trying to understand your experiences and what’s been happening so we can get a clearer picture. What concerns you most about that?",-1,-1,-2,0,0,1,-0.5
L1vluZ9uHMY_13,All right. So how old are you now?,"Okay. And when you think back on that month, what feels most important for me to understand about what was going on for you then?",1,0,-2,1,0,2,0.3333333333333333
L1vluZ9uHMY_15,All right. So you say about a month ago you got into some trouble. Can you tell me what happened there?,"And how have things been for you lately, since then?",1,1,1,1,0,2,1.0
L1vluZ9uHMY_17,And this was a friend of yours?,It sounds like you were in a really difficult spot and felt like you needed money quickly. What was happening for you around that time?,1,1,1,1,1,2,1.1666666666666667
L1vluZ9uHMY_19,How do things stand between you and your friend now?,That sounds like it changed the friendship in a painful way. How are you feeling about that now?,1,1,1,1,0,2,1.0
L1vluZ9uHMY_21,Have you had any other trouble with the law?,"It sounds like there was a real loss there, both in the friendship and in the trust. What has that been like for you?",-1,-1,-2,0,0,1,-0.5
L1vluZ9uHMY_23,And who's they?,I hear that there have been other times of conflict too. What do you remember about those fights and what was going on around them?,1,1,1,1,0,2,1.0
L1vluZ9uHMY_25,You remember doing it?,"That sounds like it was intense, and it sounds like your family has seen a side of you that felt hard to control. What do you make of that now?",-1,-1,-2,-1,-1,1,-0.8333333333333334
L1vluZ9uHMY_27,And how old were you when that happened?,You do remember it. What stands out to you when you think about that moment?,1,1,1,1,0,2,1.0
L1vluZ9uHMY_29,"Were you ever treated for that, like any type of mental health treatment?","It sounds like that was a really intense experience at a young age. What do you remember feeling in that moment, or what was going on for you then?",1,1,1,1,0,2,1.0
L1vluZ9uHMY_31,Are you aware of any diagnosis that you've been given related to mental health in the past?,"That sounds like it was a pretty significant period for you, even if it didn’t feel like serious treatment at the time. What was that experience like for you in the detention center?",1,0,-2,1,0,2,0.3333333333333333
L1vluZ9uHMY_33,All right. So you got into the sounds like a fairly serious fight when you were 12 and you're 25 now. Can you tell me what's happened in terms of any other problems between 12 and 25?,"I hear that you’re not aware of any diagnosis. What do you make of that, looking back on everything you’ve been through?",1,0,0,1,0,2,0.6666666666666666
L1vluZ9uHMY_35,Any other thefts or assaults or anything?,"It sounds like there were a number of things happening over those years, including drinking and drug use. What stands out to you most when you think about that time?",-1,0,-2,1,0,2,0.0
L1vluZ9uHMY_37,"All right. And how much danger were the people that you were fighting? Like, did you seriously hurt them or...?","So there were still fights happening, and it sounds like that was part of the pattern for a while. What was going on for you around the time of that last fight at 20?",1,1,1,1,1,2,1.1666666666666667
L1vluZ9uHMY_39,All right. How many times did that happen where you seriously hurt somebody?,That sounds like there was a lot of harm in those fights. What do you remember about what was happening for you in those moments?,1,1,1,1,0,2,1.0
L1vluZ9uHMY_41,"Can you explain what happened, like what caused the fight?",It sounds like there were many fights and it’s hard to put a number on them. What do you notice when you think about how often that happened?,1,1,1,1,0,2,1.0
L1vluZ9uHMY_43,What are your feelings about that?,I hear that something about the way she looked at you felt really upsetting in that moment. What was happening inside you right before it escalated?,1,1,1,1,0,2,1.0
L1vluZ9uHMY_45,Because of the way she looked at you?,"It sounds like getting out of trouble feels important to you, and maybe even something you value. What is it like for you to think about that now?",-1,-1,-2,-1,-1,1,-0.8333333333333334
L1vluZ9uHMY_47,Do you ever have any feelings of guilt or remorse about that?,I hear that the apology felt more like a way to avoid consequences than an expression of regret. What was that experience like for you in the moment?,1,1,1,1,1,2,1.1666666666666667
L1vluZ9uHMY_49,Have you ever apologized to any of the people that were hurt?,It sounds like there isn’t guilt or remorse there for you. What do you notice in yourself when you think about what happened?,1,1,1,1,1,2,1.1666666666666667
L1vluZ9uHMY_51,"Oh, so in some of these situations, apologizing was kind of required?",So the apology was more about reducing trouble than about the people who were hurt. What was going through your mind when you said it?,1,1,1,1,1,2,1.1666666666666667
L1vluZ9uHMY_53,So you apologized to them but you didn't really mean it? Or what were you thinking?,"It sounds like the apology was something you felt you had to do, rather than something you wanted to do. How do you feel talking about that now?",-1,-1,-2,-1,-1,1,-0.8333333333333334
L1vluZ9uHMY_55,Were you successful in getting out of trouble?,I hear that it was a way to move on and protect yourself from consequences. What does “going on with myself” mean to you in those situations?,1,1,1,1,1,2,1.1666666666666667
L1vluZ9uHMY_57,You say that with a little pride. Is it something you take pride in? Being able to get out of trouble?,It sounds like being able to avoid trouble felt very effective for you. What was that like to experience?,1,1,1,1,1,2,1.1666666666666667
L1vluZ9uHMY_59,So that's like something you look at as like a skill that you have?,"I hear that it does feel like something you take pride in, and I’m curious what that pride represents for you. What does it mean to you to be able to get out of trouble?",1,1,1,1,1,2,1.1666666666666667
L1vluZ9uHMY_61,"Have you ever for the theft type activities, you ever felt any guilt or remorse there?",It sounds like being able to get out of trouble feels like a real strength for you. What is that like for you to talk about here?,-1,-1,-2,0,0,1,-0.5
L1vluZ9uHMY_63,It's kind of the same thing?,I hear that you don’t feel much guilt about it. What does that say about how you see those situations?,-1,0,-2,1,0,2,0.0
L1vluZ9uHMY_65,Were you ever the victim of a crime?,It sounds like you see it as a matter of fairness or getting ahead before someone else does. What’s that experience like for you emotionally?,-1,-1,-2,1,0,1,-0.3333333333333333
L1vluZ9uHMY_67,"Do you feel that you're good in working with people, like in terms of social skills?",You’re describing yourself as someone who can stay a step ahead of other people. What is it like for you to see yourself that way?,1,1,1,1,1,2,1.1666666666666667
L1vluZ9uHMY_69,So you're effective at managing relationships to get what you want?,It sounds like getting what you want feels very important to you. What does that mean to you in your relationships with other people?,1,1,1,1,1,2,1.1666666666666667
L1vluZ9uHMY_71,How would you describe your mood most of the time?,I hear that you feel effective in getting your needs met with people. What is that like for you day to day?,1,1,1,1,0,2,1.0
L1vluZ9uHMY_73,How often does that happen?,It sounds like irritability is part of your experience a few times a week. What tends to be going on when that shows up?,1,1,1,1,0,2,1.0
L1vluZ9uHMY_75,All right. Does that irritability ever lead to or has ever led to some of the aggressiveness you've...?,"A few times a week feels fairly regular. When you notice that irritability, what do you usually notice in yourself?",1,1,1,1,0,2,1.0
L1vluZ9uHMY_77,So you're more likely to be aggressive when you've been irritable for a while?,It sounds like the irritability can sometimes spill over into aggression. What is that like for you when it happens?,1,1,1,1,1,2,1.1666666666666667
L1vluZ9uHMY_79,When was the last time you were involved in a physical fight?,"It sounds like when the irritability builds up, it can make things harder to manage. What tends to be going on for you in those moments?",-1,-1,-2,0,0,1,-0.5
L1vluZ9uHMY_81,About five years ago?,About five years ago. What was happening around that time for you?,1,1,1,1,0,2,1.0
L1vluZ9uHMY_83,What do you think has caused that to stop?,So it’s been about five years since then. What feels different now?,1,1,1,1,0,2,1.0
L1vluZ9uHMY_85,What type of things?,Moving on to bigger and better things sounds important to you. What does that mean for you?,1,1,-2,1,0,2,0.5
L1vluZ9uHMY_87,So the stealing's more gratifying than the fighting?,Stealing. What is it about stealing that feels like a bigger or better thing for you?,1,0,0,1,0,2,0.6666666666666666
L1vluZ9uHMY_89,"So irritable and any other emotions, any other feelings?",It sounds like stealing feels more rewarding to you than fighting did. What do you notice in yourself when you think about that?,1,1,1,1,1,2,1.1666666666666667
L1vluZ9uHMY_91,All right. You have a job?,"I hear that you’re not sure. When you think about those moments, what feelings or sensations do you notice, even a little?",1,1,1,1,0,2,1.0
L1vluZ9uHMY_93,Can you tell me about your work performance and your experience there?,"So it sounds like work has been something you can do, even if it hasn’t always felt steady. What was that like for you?",1,1,1,1,1,2,1.1666666666666667
L1vluZ9uHMY_95,You show up most of the time?,It sounds like you were able to show up and handle what was needed most of the time. How did that feel for you at work?,1,1,1,1,0,2,1.0
L1vluZ9uHMY_97,How would your employer describe you as an employee?,"Yeah, so you were showing up most of the time. What was that experience like for you?",1,1,1,1,0,2,1.0
L1vluZ9uHMY_99,"All right. So in terms of your feelings about missing work, that's not too worrisome for you?","It sounds like you see yourself as capable at the job, even if being there more often was something your boss wanted. How do you feel hearing that?",1,1,1,1,0,2,1.0
L1vluZ9uHMY_101,How many jobs have you had?,So missing work doesn’t feel especially concerning to you. What’s that like for you?,1,1,1,1,0,2,1.0
L1vluZ9uHMY_103,Six jobs? At what age did you first start working?,Six jobs feels like a lot over time. What do you make of that?,1,1,1,1,1,2,1.1666666666666667
L1vluZ9uHMY_105,So six jobs in about six years?,You started working at 19. What was going on in your life around that time?,1,0,1,1,0,2,0.8333333333333334
L1vluZ9uHMY_107,"And would you say that your experience with all the employers was the same in terms of how you showed up for work and missing work, or were any of them different?",So that’s been a pretty steady pattern over the years. How do you feel about that?,1,1,1,1,0,2,1.0
L1vluZ9uHMY_109,Kind of do things your own way?,It sounds like you’ve felt pushed to fit into workplaces in a way that didn’t feel true to you. What was that experience like for you?,1,1,1,1,1,2,1.1666666666666667
L1vluZ9uHMY_111,What do you want to gain out of treatment here?,"So being yourself matters a lot to you, and conforming doesn’t sit well. What has that been like in those jobs?",1,0,0,1,0,2,0.6666666666666666
L1vluZ9uHMY_113,"You're in trouble now, and you'd like to get out of trouble?","You’re wanting to get out of trouble, and that feels important right now. What does being “out of trouble” mean for you?",-1,-1,-2,0,-1,1,-0.6666666666666666
L1vluZ9uHMY_115,"All right, Lisa, this has been helpful. I'm going to get you scheduled for treatment, and they'll probably get you in about a week, and we can go from there.","I hear that being in trouble feels uncomfortable, and you’d like things to be different. What feels most pressing about that for you?",1,1,1,1,1,2,1.1666666666666667
L1vluZ9uHMY_117,All right. Thank you.,"Okay. It sounds like you’re ready to move forward with treatment, and we can take it from there. How are you feeling about that?",-1,-1,-2,0,0,1,-0.5
P624_q04ZWg_1,"Hi Jackie, how are you doing today?",It sounds like there’s more here you may want to talk about. What’s been going on for you?,1,1,1,1,0,2,1.0
P624_q04ZWg_3,"You're alright? Yeah. I, I'm doing well, thanks for asking. I understand you've had some recent difficulties that brought you into our agency.","I’m doing well, thank you. What’s been on your mind lately?",0,0,-2,0,0,2,0.0
P624_q04ZWg_5,You lost your job?,I’m sorry to hear that. Losing your job can be really hard. What has that been like for you?,1,1,1,1,1,2,1.1666666666666667
P624_q04ZWg_7,"Were you aware that if there was an accident, you'd be drug tested?","It sounds like losing the job has been a really stressful and frustrating experience, especially with the way it happened. What has that been like for you emotionally since then?",-1,0,-2,1,0,2,0.0
P624_q04ZWg_9,"Hm. So there, has there been consequences to losing your job?","It sounds like there may have been some uncertainty around the testing policy, and that left you unprepared when the accident happened. How are you feeling about all of that now?",-1,0,-2,1,0,2,0.0
P624_q04ZWg_11,"Alright, what type of work do you do?","That sounds like it’s created a lot of pressure at home, with your parents upset and you feeling dependent on them right now. What has that been like for you to deal with?",-1,-1,-2,0,0,1,-0.5
P624_q04ZWg_13,"All right. So, most of those employers would require a drug screen?","So security work is the kind of job you’ve been doing, and it sounds like that’s part of what’s been affected here. What has it been like for you to talk about this job loss?",-1,-1,-2,-1,-1,1,-0.8333333333333334
P624_q04ZWg_15,You think it should be legal?,"It sounds like the drug testing has become a real barrier for you in trying to get back to work, and that’s been frustrating. What feels most difficult about that for you right now?",-1,-1,-2,0,-1,1,-0.6666666666666666
P624_q04ZWg_17,So you want to stop using marijuana altogether?,"I hear that you’re feeling conflicted about it — on one hand you don’t see it as a big deal, and on the other hand you really need a job. What stands out to you most when you think about that tension?",1,1,1,1,1,2,1.1666666666666667
P624_q04ZWg_19,"All right, can you tell me about your marijuana use now? Like, when was the last time you used?","It sounds like you’re feeling pretty clear that stopping marijuana is tied to getting back to work, and you don’t want to go through another failed test. What feels most important to you about making that change?",1,1,1,1,0,2,1.0
P624_q04ZWg_21,"All right, so recently. And how about the course? Like, when did you start using marijuana?","So you used this morning, and it sounds like marijuana is still very much part of your routine right now. What’s it been like for you to notice that while also wanting to get a handle on it?",-1,-1,-2,1,0,2,-0.16666666666666666
P624_q04ZWg_23,All right. Any other drugs or alcohol or anything? Just marijuana?,"It sounds like marijuana has been a pretty big part of your life for a long time, and now you're also feeling the pressure of needing to stop for work. What has that been like for you to think about?",1,1,1,1,0,2,1.0
P624_q04ZWg_25,Have you noticed over time you've been using more?,"It sounds like marijuana is the main thing for you, and that it’s been part of your routine for a long time. How do you feel about that?",1,1,1,1,0,2,1.0
P624_q04ZWg_27,"So it's consuming a lot of time, marijuana?","It sounds like even when you try to cut back, it can be hard to keep that limit once you're with your friends. What do you notice about that for yourself?",-1,-1,-2,0,0,1,-0.5
P624_q04ZWg_29,All right. You have a craving for marijuana?,"It sounds like it takes up a lot of your time and attention, almost like it’s always in the background. How is that affecting you day to day?",-1,0,-1,1,0,2,0.16666666666666666
P624_q04ZWg_31,"Now, have you had any social problems because of your marijuana use?","I hear that it’s taking up a lot of your time, even if you’re not sure you’d call it a craving. What feels most true for you about your use right now?",-1,-1,-2,0,0,1,-0.5
P624_q04ZWg_33,Are there other important activities that you miss out on because of your marijuana use? Outside of work.,"It sounds like your friends are okay with it, but work has been affected, and that may feel like the main place it’s showing up. What has that been like for you?",1,1,1,1,1,2,1.1666666666666667
P624_q04ZWg_35,You don't miss much. Are there any activities that you engage in that are more dangerous because of your marijuana use?,"It sounds like you don’t feel like you’re missing much right now, and that marijuana hasn’t kept you from a lot of activities. How do you see it fitting into your life overall?",1,1,1,1,1,2,1.1666666666666667
P624_q04ZWg_37,Do you have any history of mental health issues or medical issues?,It sounds like most of the time it feels pretty low-key and not especially risky to you. What do you make of that?,1,1,1,1,1,2,1.1666666666666667
P624_q04ZWg_39,Do you notice any anxiety or physical symptoms when you stop using marijuana?,"It sounds like marijuana hasn’t been getting in the way of much for you, and there aren’t any other health concerns coming up right now. What feels most important to you as you think about your use?",-1,-1,-2,0,0,1,-0.5
P624_q04ZWg_41,Feel okay? Yeah. So how motivated are you to stop using?,"So when you stop, you’re not noticing much in the way of anxiety or physical discomfort. What is it like for you to think about changing your use, even if part of you feels okay with it?",1,1,1,1,0,2,1.0
P624_q04ZWg_43,"You're committed to it? Yeah. I'm going to get you in to see a counselor here, if that's okay with you.","I hear that there’s some ambivalence there — part of you doesn’t really want to stop, and another part feels like you need to because of work and wanting more independence. What feels strongest for you right now?",1,1,1,1,1,2,1.1666666666666667
P624_q04ZWg_45,It'll be helpful? Mm-hmm. And I appreciate you taking this time to tell me what's going on and answer my questions. This has been helpful.,"That sounds helpful, and it seems like you’re wanting some support with this. What would you hope a counselor could help you with?",-1,-1,-2,0,0,1,-0.5
SNstOn6owcI_1,"Hi Sarah, how are you doing today?","It sounds like there’s a lot you may want to talk through, and I’m here to listen. What’s been on your mind lately?",1,1,1,1,1,2,1.1666666666666667
SNstOn6owcI_3,Doing well?,Good to hear. What’s been feeling good for you today?,1,1,1,1,0,2,1.0
SNstOn6owcI_5,"A little better than last time, or worse?",Okay. What’s been making it feel just okay rather than really good?,1,1,1,1,0,2,1.0
SNstOn6owcI_7,No change?,"It sounds like things have felt pretty steady, with no big change since last time. What has that been like for you?",1,1,1,1,0,2,1.0
SNstOn6owcI_8,So you're still having sadness?,It sounds like you're noticing a real difference in how you're feeling day to day. What do you make of that change?,1,0,1,1,0,2,0.8333333333333334
SNstOn6owcI_10,And frustrated?,I hear that the sadness is still there. What has that been like for you this week?,-1,-1,-2,0,0,1,-0.5
SNstOn6owcI_12,Tell me what's been going on this last week.,It sounds like both sadness and frustration have been weighing on you. What feels hardest about it right now?,-1,-1,-2,-1,-1,1,-0.8333333333333334
SNstOn6owcI_14,How much have you been sleeping each night on average?,"That sounds exhausting, especially with Mary crying and you feeling so worn down that getting out of bed feels really hard. What has that been like for you emotionally?",1,1,1,1,1,2,1.1666666666666667
SNstOn6owcI_16,And how long did you sleep each night before you had Mary?,"So you're sleeping more than you used to, and you're still feeling really tired. How are you feeling about that?",1,1,1,1,1,2,1.1666666666666667
SNstOn6owcI_18,So your sleep habits have changed. What else has changed besides feeling sad?,It sounds like your sleep has increased quite a bit compared to before Mary. What else have you noticed changing for you?,1,0,0,1,0,2,0.6666666666666666
SNstOn6owcI_20,What specifically is contributing to that thought?,I hear that you're questioning how you're doing with Mary and wondering about work again. What is that bringing up for you?,-1,0,-2,1,0,2,0.0
SNstOn6owcI_22,So you're less enthusiastic about caring for her than you were with George?,"It sounds like you're comparing how you responded with George to how you're feeling with Mary now, and that difference is really standing out to you. What do you notice in yourself when Mary cries?",1,1,1,1,0,2,1.0
SNstOn6owcI_24,You still do care for her though?,"It sounds like you’re noticing a real shift in how you feel caring for Mary, and that may be bringing up thoughts about work again. What feels most important to you in that change?",-1,-1,-2,-1,-1,1,-0.8333333333333334
SNstOn6owcI_26,Anything else that's changed?,"So there’s still care there, even if the energy feels different now. What do you notice in yourself when you think about that difference?",0,0,-2,0,0,2,0.0
SNstOn6owcI_28,Tell me more about the sadness. Where do you think that's coming from?,"It sounds like there may be more there, even if it’s hard to name right now. What feels closest to the sadness for you?",1,1,1,1,1,2,1.1666666666666667
SNstOn6owcI_30,"People are giving you the same input, but you're feeling differently about it.","That sounds painful — hearing that you’re doing a great job, but not feeling it yourself. What is that like for you inside?",1,1,1,1,1,2,1.1666666666666667
SNstOn6owcI_32,"Their feedback hasn't changed, but your feelings have.",It sounds like the outside feedback and your inner experience are not matching right now. What do you make of that difference?,1,1,1,1,1,2,1.1666666666666667
SNstOn6owcI_34,To the point where you feel you should get a job and put Mary in daycare?,"I hear that your feelings have shifted, even though others may still see you the same way. What feels most present for you when you sit with that?",1,1,1,1,1,2,1.1666666666666667
SNstOn6owcI_36,What comes to mind when you consider working full-time?,It sounds like you’re weighing a lot around Mary’s care and what that would mean for you. What feelings come up as you imagine that?,1,1,1,1,1,2,1.1666666666666667
SNstOn6owcI_38,Like you're just not doing the same quality job.,"There’s a lot of mixed feeling there — wanting to protect Mary’s experience, while also feeling like things aren’t the way you hoped. What feels hardest about that for you?",1,1,1,1,1,2,1.1666666666666667
SNstOn6owcI_40,What kind of things did you do with George that you looked forward to?,"It sounds like there’s a lot of sadness and self-criticism wrapped up in this, and that Mary’s temperament is bringing up comparisons for you. What is that like for you when you notice those feelings?",1,1,1,1,1,2,1.1666666666666667
SNstOn6owcI_42,Like most days?,Those moments with George sound really special and full of connection. What was it like for you to share those routines with him?,1,1,1,1,1,2,1.1666666666666667
SNstOn6owcI_44,Have you done those same things with Mary?,"It sounds like those were part of your everyday rhythm with him, and maybe they held a lot of meaning for you. What do you notice as you think about that now?",-1,1,-2,1,0,2,0.16666666666666666
SNstOn6owcI_46,"Each baby is different, but you'd prefer if her temperament was more like George's.","That sounds hard, especially when you’re trying and it doesn’t feel the same. What feelings come up for you when Mary doesn’t respond the way George did?",1,1,1,1,1,2,1.1666666666666667
SNstOn6owcI_48,"If it were, do you think that would break you out of these feelings of sadness?",I hear that you’re wishing things felt a little easier or more familiar with Mary. What is it like for you to hold that wish alongside how things are now?,-1,-1,-2,0,0,1,-0.5
SNstOn6owcI_50,So part of this could be adapting to her personality.,"There’s a lot of hope in that, even if it feels uncertain. What do you imagine might be different for you if some of that sadness eased?",1,1,1,1,0,2,1.0
SNstOn6owcI_52,What else could be a part of it?,It sounds like you’re wondering whether this is partly about adjusting to something new and partly about the sadness itself. What feels most true to you right now?,1,1,1,1,0,2,1.0
SNstOn6owcI_54,So they look upon you negatively because you don't work?,"That sounds painful, feeling judged by your friends on top of everything else. What is it like for you to carry that feeling while also being home with Mary?",1,1,1,1,1,2,1.1666666666666667
SNstOn6owcI_56,Do you have evidence that's the way they feel?,"That sounds painful, especially when it feels like you're being judged. What is that like for you when those thoughts come up?",1,1,1,1,1,2,1.1666666666666667
SNstOn6owcI_58,I can see how that would hurt. But this sadness is markedly worse than what you've experienced before.,"It sounds like that comment really landed as criticism, even if you're not sure that's exactly what she meant. How has that affected the way you're feeling about yourself?",-1,0,-2,1,0,2,0.0
SNstOn6owcI_60,"After you had George, there was no period of sadness?","I hear how hurt you are, and it sounds like this sadness feels heavier and different from before. What feels most different about it to you?",1,1,1,1,1,2,1.1666666666666667
SNstOn6owcI_62,And you don't have that same feeling now.,"So with George, it sounds like there was joy and adjustment, but not this same sadness. What do you notice when you compare then and now?",1,1,1,1,0,2,1.0
SNstOn6owcI_64,So you're adapting to her needs and George's changing role. There's a lot going on.,"It sounds like you're trying to hold a lot at once, and the frustration is coming up alongside the love you feel for Mary. What has that been like for you day to day?",-1,-1,-2,0,-1,1,-0.6666666666666666
SNstOn6owcI_66,"You're sleeping more, not enjoying Mary like you hoped, and seeing things negatively.","That does sound like a lot to carry, with both children needing you in different ways. How are you feeling in the middle of all of that?",-1,-1,-2,-1,-1,1,-0.8333333333333334
SNstOn6owcI_69,Which makes it more frustrating. Have you had feelings of guilt?,"It sounds really discouraging to feel like others can soothe her more easily, especially when you're already feeling worn down. What goes through your mind in those moments?",1,1,1,1,1,2,1.1666666666666667
SNstOn6owcI_71,It comes back to the feeling that you aren't providing the same quality of care.,"I hear a lot of guilt there, and also how much you care about being a good mother to her. What is it like for you to sit with that feeling?",-1,-1,-2,-1,-1,1,-0.8333333333333334
SNstOn6owcI_73,I want to look at behaviors. Thoughts are what you're thinking; behaviors are what you're doing.,It sounds like that brings up a lot of guilt and comparison for you. What is that like for you when you notice yourself measuring this experience against how things were with George?,1,1,-2,1,1,2,0.6666666666666666
SNstOn6owcI_75,"It's important to engage in activities that would normally bring enjoyment, even if you don't feel it right now.","Okay. When you think about behaviors, what are some of the things you’ve been doing day to day with Mary?",1,1,1,1,1,2,1.1666666666666667
SNstOn6owcI_77,What activities were you looking forward to doing with Mary?,"That makes sense. It sounds like those activities matter to you, even if it’s been hard to follow through lately. What feels most meaningful about reading and singing to her?",-1,-1,-2,1,0,2,-0.16666666666666666
SNstOn6owcI_79,Reading and singing. Anything else?,"It sounds like holding her when she’s calm is a tender moment for you, and the park was something you were hoping to share with her too. What comes up for you when you think about that?",1,1,1,1,1,2,1.1666666666666667
SNstOn6owcI_81,Have you tried to go to the park?,"It sounds like the park carries some disappointment for you, especially since you were looking forward to it. What was it like for you when it didn’t happen?",1,1,1,1,1,2,1.1666666666666667
SNstOn6owcI_83,What led to you not going?,I hear that the memory of her being fussy brought up sadness and made it feel easier not to go. What was that sadness like for you in that moment?,1,1,1,1,1,2,1.1666666666666667
SNstOn6owcI_85,"So sadness and negative thoughts are the obstacle. Let's schedule reading, singing, and the park.","It sounds like you were trying to protect yourself from feeling unhappy, and that sadness got in the way. What do you notice in yourself when you think about that choice now?",1,1,1,1,1,2,1.1666666666666667
SNstOn6owcI_87,How many times a day did you read with George?,Okay. It sounds like those are the moments you want to make space for with Mary. How does it feel to put them on the schedule?,-1,-1,-2,1,0,1,-0.3333333333333333
SNstOn6owcI_89,"Let's set a goal of 20 minutes of reading a day, Monday through Friday.",That sounds like a meaningful routine you already have with George.,0,0,-2,0,0,2,0.0
SNstOn6owcI_91,What time of day would be realistic?,That seems like a clear and manageable goal for you.,-1,0,-2,0,0,1,-0.3333333333333333
SNstOn6owcI_93,Let's set 6:30 as the target. Can you push yourself to do that?,6:30 sounds like a realistic time to aim for.,-1,-1,-2,-1,0,1,-0.6666666666666666
SNstOn6owcI_95,Do you believe it would be good for Mary?,It sounds like you feel able to do that.,-1,-1,-2,1,1,2,0.0
SNstOn6owcI_97,"When you feel derailed, remember 'this is good for her'. What about singing?",You really believe that would be good for Mary.,-1,-1,-2,-1,-1,-1,-1.1666666666666667
SNstOn6owcI_99,When would be a good time for that?,Twinkle Twinkle sounds like a sweet place to start again.,1,1,1,1,0,2,1.0
SNstOn6owcI_101,Shortly after reading. Do you think that would be good for her?,That feels like a thoughtful bedtime time for singing.,1,1,1,1,0,2,1.0
SNstOn6owcI_103,How many days a week would you like to sing?,It sounds like you see that as something good for her.,-1,1,-2,1,0,2,0.16666666666666666
SNstOn6owcI_105,Let's start with four times a week. And what about the park?,That sounds like a meaningful goal. How does it feel to think about getting back to singing every day again?,1,1,0,1,0,2,0.8333333333333334
SNstOn6owcI_107,Let's go with once. What were you thinking when you sighed just now?,Once or twice a week for the park feels like a starting point. What comes up for you when you picture that being part of the week?,1,1,1,1,0,2,1.0
SNstOn6owcI_109,Could family help you get out once a week?,"It sounds really tiring, even just thinking about it. What feels hardest about going when you’re already so drained?",1,1,1,1,1,2,1.1666666666666667
SNstOn6owcI_111,Does that external motivation help?,"It sounds like you have some support nearby, and that may make this feel a little more possible. What is it like to think about asking them for help?",-1,-1,-2,0,0,1,-0.5
SNstOn6owcI_113,"Evaluating the evidence, you do seem to be as good a mom. There's just a disconnect with your thoughts.","That sounds like a lot of pressure to carry, wanting to prove that to yourself. I hear how much being a good mom matters to you.",2,1,-2,1,1,2,0.8333333333333334
SNstOn6owcI_114,"So, we have reading five times a week, singing four times, and the park once. Does that seem realistic?",It sounds like there’s a painful gap between how you see yourself and what the evidence suggests. What is it like to hear that reflected back?,1,0,-2,1,0,2,0.3333333333333333
SNstOn6owcI_116,"If you miss a day, accept it as an isolated incident. Don't let it predict the next day.","Yeah, it sounds like those goals feel realistic to you. How are you feeling about the plan overall?",1,0,0,1,0,2,0.6666666666666666
SNstOn6owcI_117,Can you stick with those levels? We'll follow up next week.,That sounds like a compassionate way to look at it. What do you notice in yourself when you think about treating a missed day as just one day?,1,1,1,1,1,2,1.1666666666666667
SNstOn6owcI_119,Thanks Sarah.,"That sounds like a realistic plan, and it seems like you're feeling okay about it.",-1,-1,-2,0,0,1,-0.5
UkjjYbFBctk_1,"Hi Sherry, how you doing today?","I hear that you're not sure why there are concerns, and from your perspective things have been going well.",1,1,1,1,0,2,1.0
UkjjYbFBctk_3,"I'm doing well, thanks for asking. So you're doing great?",It sounds like you're feeling great today.,1,1,1,1,0,2,1.0
UkjjYbFBctk_5,I noticed today your brother brought you in and he had some concerns about how your mood has been.,It sounds like you've been feeling really productive and on top of things this past week.,1,0,0,1,0,2,0.6666666666666666
UkjjYbFBctk_7,"All right, so you're feeling you're feeling pretty good?",It sounds like you've had a lot of energy and have been getting a lot done.,1,1,1,1,1,2,1.1666666666666667
UkjjYbFBctk_9,And you have been for about a week?,So you're feeling pretty good and not noticing any problems with that.,1,1,1,1,1,2,1.1666666666666667
UkjjYbFBctk_11,All right. Have you do you feel like um your sleep habits have changed?,And you've been feeling that way for about a week?,1,0,1,1,0,2,0.8333333333333334
UkjjYbFBctk_13,All right so you're sleeping less but you don't feel tired at all?,"It sounds like your sleep has changed, but it doesn't feel concerning to you right now.",1,1,1,1,0,2,1.0
UkjjYbFBctk_15,You feel okay?,"It sounds like your sleep has decreased quite a bit, and at the same time you’re not feeling tired or irritable. What has that been like for you day to day?",1,1,1,1,0,2,1.0
UkjjYbFBctk_17,Do you find yourself more easily distracted by anything? Things around you?,"You’re feeling okay with the less sleep, and it doesn’t seem to be bothering you right now. What have you noticed about your energy during the day?",1,1,1,1,0,2,1.0
UkjjYbFBctk_19,"No, nothing like that?","So even with less sleep, you’re not feeling more distracted. What else have you noticed about your focus or your thoughts lately?",1,1,1,1,1,2,1.1666666666666667
UkjjYbFBctk_21,You mentioned you're getting a lot of things done at work. How about at home?,I hear that you’re not noticing any distraction. What has your mind been like overall recently?,1,1,1,1,0,2,1.0
UkjjYbFBctk_23,"All right, so you're accomplishing you're accomplishing a lot. Now when your brother had brought you in, he had mentioned some shopping, and that's one of the things he was concerned about.",It sounds like you’ve been getting a lot done at home and really enjoying making the space feel like yours. What has that experience been like for you?,1,1,1,1,0,2,1.0
UkjjYbFBctk_25,Do you remember how much you spent?,"I hear that you’ve been doing a lot of shopping and your brother seemed concerned about it, while you felt you were just getting what you needed for the apartment. What was that like for you when he reacted that way?",1,1,1,1,0,2,1.0
UkjjYbFBctk_27,Do you feel like you spent more than you usually would spend at a trip to the mall?,"It sounds like you spent quite a bit, even if it’s hard to pin down exactly how much. What was going through your mind as you were shopping?",1,1,1,1,0,2,1.0
UkjjYbFBctk_29,"All right. Have you ever had a time in the past when you felt this way, where you felt really good?","You’re noticing that this was more than your usual spending, and at the same time it felt tied to things you wanted for your apartment. How are you feeling as you look back on it now?",1,1,1,1,1,2,1.1666666666666667
UkjjYbFBctk_31,"Life's fallen into place. So you're feeling pretty good, you feel like things are going your way?","It sounds like this has felt really different from your usual experience, almost like things are finally clicking into place. What has that been like for you emotionally?",1,1,1,1,1,2,1.1666666666666667
UkjjYbFBctk_33,And you're getting a lot accomplished.,It sounds like you're feeling really good and that things are going your way right now. What stands out to you most about this period?,1,1,1,1,0,2,1.0
UkjjYbFBctk_35,Any sadness or anything like that?,You’re feeling productive and like a lot is getting done. What do you notice in yourself when things feel this way?,1,1,0,1,0,2,0.8333333333333334
UkjjYbFBctk_37,"No. Um, any change in appetite?",It sounds like there hasn’t been much sadness lately. What has this time been like for you overall?,1,1,1,1,0,2,1.0
UkjjYbFBctk_39,And you seem to have good amount of energy. Any feelings of worthlessness?,It sounds like your appetite hasn’t really changed. How have you been feeling in yourself day to day?,1,1,1,1,1,2,1.1666666666666667
UkjjYbFBctk_41,Nothing. Any thoughts of death or dying?,I hear that you’re not noticing feelings of worthlessness. What has your sense of yourself been like recently?,1,1,1,1,1,2,1.1666666666666667
UkjjYbFBctk_43,Drug and alcohol use?,It sounds like thoughts of death or dying haven’t been coming up for you. What feels most present for you instead?,1,1,1,1,1,2,1.1666666666666667
UkjjYbFBctk_45,How about medical conditions?,I hear that you’re not using drugs or alcohol. What has been helping you stay grounded lately?,-1,-1,-2,0,0,1,-0.5
UkjjYbFBctk_47,None. All right. Have you ever had a time in the past when you felt depressed?,Okay.,-1,-1,-2,0,0,1,-0.5
UkjjYbFBctk_49,"It's a new you. So do you know what happened um with the depression in the past, like did you end up hospitalized or being treated in some other way?",It sounds like that feels very different from who you are now.,1,1,1,1,1,2,1.1666666666666667
UkjjYbFBctk_51,No.,So it sounds like you got through that period without hospitalization or formal treatment.,1,0,-2,1,0,2,0.3333333333333333
UkjjYbFBctk_53,There was just no treatment?,Okay.,-1,-1,-2,0,0,1,-0.5
UkjjYbFBctk_55,All right. But you believe you were depressed?,"So you did talk with people about feeling depressed, even though you weren't hospitalized.",1,0,0,1,0,2,0.6666666666666666
UkjjYbFBctk_57,"Now or back then, did you see or hear things that other people couldn't see or hear?",I hear that you do see that as depression in the past.,1,0,0,1,0,2,0.6666666666666666
UkjjYbFBctk_59,Not now or back then?,Okay.,-1,0,-2,0,0,1,-0.3333333333333333
UkjjYbFBctk_61,"Okay. All right Sherry, uh answering these questions has been helpful to me. I appreciate it. I'm going to get you over to see a counselor in just a few moments.","Okay, so no hallucinations either now or back then.",1,0,0,1,0,2,0.6666666666666666
UkjjYbFBctk_63,All right. I know that you're feeling pretty good but I'd like them to talk to you for just a bit.,"It sounds like you're feeling okay with that, and I appreciate you letting me know.",-1,-1,-2,1,0,1,-0.3333333333333333
UkjjYbFBctk_65,Is that okay?,"It sounds like you're feeling pretty good right now, and I hear that you'd be willing to talk with them.",1,1,1,1,1,2,1.1666666666666667
UkjjYbFBctk_67,"All right. Thanks, Sherry.","Thank you, I appreciate that.",-1,-1,-2,0,0,1,-0.5
UxCT6zVPk7A_1,"Hi Jason, how are you doing today?","It sounds like you're feeling pretty good right now, and I hear that you'd be willing to talk with them.",1,0,-2,1,0,2,0.3333333333333333
UxCT6zVPk7A_3,You're good?,It sounds like you're just here and maybe not feeling like saying much right now.,1,1,1,2,1,2,1.3333333333333333
UxCT6zVPk7A_5,You're here?,"I hear that you're here, and that's what you can say right now.",-1,-1,-2,-1,-1,1,-0.8333333333333334
UxCT6zVPk7A_7,What's been going on?,I hear that you're here. What's this experience been like for you today?,1,1,1,1,0,2,1.0
UxCT6zVPk7A_9,Do you know what you're charged with?,That sounds like a lot to have happen all at once. What was that like for you when they said that?,1,1,1,1,0,2,1.0
UxCT6zVPk7A_11,The government? Do you have anyone specific?,That sounds really frightening and overwhelming. It seems like you feel misunderstood and not in control of what’s happening to you right now.,1,0,-2,1,0,2,0.3333333333333333
UxCT6zVPk7A_13,And how long have they been wanting to do this to you?,"It sounds like you’re feeling like this is bigger than one person, like it’s the whole system. What has that been like for you to carry?",1,1,1,1,1,2,1.1666666666666667
UxCT6zVPk7A_15,Always there?,"That sounds exhausting, feeling watched and listened to all the time. I hear that it feels like this has been going on for as long as you can remember.",1,1,1,1,1,2,1.1666666666666667
UxCT6zVPk7A_17,You've been taking medications?,"It sounds like you feel very unsafe talking about it here, like even this room doesn’t feel private to you. What is that like for you right now?",-1,-1,-2,1,0,1,-0.3333333333333333
UxCT6zVPk7A_19,Do you know what they want to do with that information?,I hear that taking the medication feels tied to staying safe from being taken away. That sounds like a lot of fear to live with.,1,1,0,1,0,2,0.8333333333333334
UxCT6zVPk7A_21,So what can you do in this situation?,"It sounds like you believe they could use anything they hear or know against people, and that feels very serious to you. What does that belief bring up for you emotionally?",-1,-1,-2,1,-1,1,-0.5
UxCT6zVPk7A_23,"Well, you say the government's monitoring everything and that they want to put you in jail if you don't take your medication. Do you have any options? Are you stuck?","I hear your confusion, and maybe some frustration with the question. What feels possible to you in this situation?",1,1,-2,1,0,2,0.5
UxCT6zVPk7A_25,"Alright. So one option is that being home, being home you're safe.",It sounds like home feels like the one place where you can feel more protected and at ease. What is it about being there that helps you feel okay?,1,1,1,1,1,2,1.1666666666666667
UxCT6zVPk7A_27,Are you safe here?,"It sounds like being at home feels like the only place you can relax and feel protected, while being out in the world feels very unsafe to you. What is it like for you to have to leave that safety behind?",-1,-1,-2,0,0,1,-0.5
UxCT6zVPk7A_29,"Alright, so it's not safe here, it's not safe out in the world, but at home you're safe.","I hear that you feel unsafe here too, and that makes this conversation feel very hard to be in. What feels most concerning to you right now about being here with me?",-1,-1,-2,-1,-1,1,-0.8333333333333334
UxCT6zVPk7A_31,"So if you could have your way, you would just stay home most of the time, all the time?",It sounds like home and your room feel like the only places where you can feel secure. What is it like for you when you have to be away from that space?,-1,-1,-2,-1,-1,1,-0.8333333333333334
UxCT6zVPk7A_33,So how do you know that they're in the lights? Like how did you discover that?,"You’re feeling pulled into things you don’t want to do, and that sounds exhausting and upsetting. What feels hardest for you about being asked to see doctors and talk with people?",-1,0,-2,1,0,1,-0.16666666666666666
UxCT6zVPk7A_35,Do you ever hear things that other people can't hear or see things other people can't see?,"It sounds like this feels very real and very widely known to you, and that can make it hard to question or step back from it. What happens for you when people don’t seem to see it the way you do?",1,1,1,1,0,2,1.0
UxCT6zVPk7A_37,Everybody can hear it. What's it sound like to you?,I hear that the lights feel very present and that you experience them as something everyone can hear. What is that like for you when it’s happening?,1,0,1,1,0,2,0.8333333333333334
UxCT6zVPk7A_39,"Oh, I'm just making some notes. Just making some progress notes. Does it worry you?","It sounds like the voice feels robotic and urgent to you, almost like it’s demanding attention. What do you notice in yourself when it starts sounding that way?",-1,0,-2,1,0,2,0.0
UxCT6zVPk7A_41,"Oh, they get, well this chart will get locked in the chart room down the hall.","I hear that seeing me write notes feels worrying, and you’re wondering where that information is going. What feels most concerning to you about the notes?",-1,0,-2,0,0,2,-0.16666666666666666
UxCT6zVPk7A_43,Mostly everybody that works here.,"It sounds like you're feeling cautious about who can see your information, and that makes this feel pretty vulnerable. What would help you feel a little safer right now?",1,1,1,1,1,2,1.1666666666666667
UxCT6zVPk7A_45,Does it worry you that there's notes?,"I hear that you'd like a copy, and that you're trying to understand where your information goes. What feels most important to you about having access to the notes?",0,0,-2,0,0,2,0.0
UxCT6zVPk7A_47,I could not take notes. What kind of information in the notes are you worried that the government's going to get?,"It sounds like trust is really hard here, especially with the fear that others could use your information against you. What feels most concerning to you about them having access?",-1,-1,-2,-1,-1,1,-0.8333333333333334
UxCT6zVPk7A_49,So without the protection that your house offers they could control your mind?,You're feeling very worried that information here could be used to interfere with the technology you created and with your sense of safety. What is it like for you to carry that fear?,1,1,1,1,1,2,1.1666666666666667
UxCT6zVPk7A_51,Alright. So can you tell me about your mood through all this? This sounds really stressful. You're describing an environment where the government's frequently looking at what you're doing. What are the feelings there? You feel sad or angry?,"It sounds like the protection you created feels essential to your safety, and without it you feel exposed and vulnerable. What happens for you when you imagine that protection being gone?",1,1,1,1,1,2,1.1666666666666667
UxCT6zVPk7A_53,Kind of resigned that the government's going to do this?,"I hear that you're feeling emotionally flat, almost detached from all of it. What is that like for you inside, to feel just here without much feeling either way?",1,1,1,1,1,2,1.1666666666666667
UxCT6zVPk7A_55,Are you worried that something is going to happen similar to what happened on the bus?,"It sounds like there's a sense of resignation, like your feelings don't change what happens. What is it like to feel that powerless?",1,1,1,1,1,2,1.1666666666666667
UxCT6zVPk7A_57,And you'll avoid that in the future because it didn't really work. You weren't able to help them understand what's going on.,"I hear that you've learned to keep this to yourself because it feels safer that way, and that can feel very isolating. What has it been like for you to hold all of this on your own?",1,1,1,1,0,2,1.0
UxCT6zVPk7A_59,But they weren't open to that idea.,"It sounds like you feel very strongly that people should have listened, and that being dismissed feels frustrating and unfair. What is it like for you when others don’t take what you’re saying seriously?",1,1,-2,1,1,2,0.6666666666666666
UxCT6zVPk7A_61,Quite the opposite.,I hear that it feels pretty clear to you that they weren’t open to it. What was that like for you in that moment?,1,1,1,1,0,2,1.0
UxCT6zVPk7A_63,How are your family relationships? How's that going?,"It sounds like that felt very one-sided to you, almost like there was no room for your perspective. How did that land with you?",1,1,-2,1,1,2,0.6666666666666666
UxCT6zVPk7A_65,So you get along with her okay?,"It sounds like having that space respected by your mom feels important to you, and maybe helps things feel more manageable at home. What is it like for you living that way with her?",-1,-1,-2,-1,-1,1,-0.8333333333333334
UxCT6zVPk7A_67,"Anybody else you have contact with? Friends, family?","I hear that things feel okay between you and your mom, and that feels straightforward to you. What stands out to you most about that relationship?",1,1,1,1,0,2,1.0
UxCT6zVPk7A_69,"Alright Jason, well I'm sorry to hear that you're under stress. I'm glad to hear you feel like your mood's okay, like you're not down or anxious or anything. This answering these questions for me this has been helpful and I'm going to recommend you continue to see a counselor here, if that's okay. I realize you're court ordered.","That sounds like a lot to carry on your own, even if it feels normal to you. What is it like for you to have those conversations in your head?",1,1,1,1,0,2,1.0
UxCT6zVPk7A_71,It could be me. Would that make you feel more comfortable?,It sounds like having someone familiar would feel reassuring to you. What is it about that possibility that feels better?,1,1,1,1,1,2,1.1666666666666667
UxCT6zVPk7A_73,"Well then I'll put it on the schedule and we'll set a time up front where I'll see you, let's say in three days. That works?",I hear that having me as the counselor would feel much more comfortable for you. What would feel most important about that for you?,1,1,1,1,0,2,1.0
UxCT6zVPk7A_75,And we'll go from there.,"It sounds like having me as your counselor feels more comfortable for you, and I’m glad we could arrange that. I’ll see you in three days, and we can pick up from there.",-1,0,-2,0,0,1,-0.3333333333333333
UxCT6zVPk7A_77,Alright. Thanks Jason.,"Okay, so we’ll plan to meet in three days and continue talking then. I’m glad we were able to set that up in a way that feels better for you.",0,0,-2,0,0,2,0.0
25jUW52zAvU_1,"So Tommy, I wanted to talk to you because I was on Facebook the other day and saw some pictures that are kind of concerning to me of you and some of your friends at a party. You're such a good kid, like I don't know what you're doing drinking, it's going to ruin your life.","It sounds like there’s a lot more to this than just the drinking itself, and I’m curious what was going on for you in that moment.",1,1,1,1,1,2,1.1666666666666667
25jUW52zAvU_3,"But Tommy, there's so many consequences with drinking. You're not even 21 yet. You could get arrested, you could have a drunk driving accident, you could mess up your schoolwork. You have such a bright future ahead of you, it just really, really concerns me.","I hear that you were trying to keep some control and also look out for your friends, and that feels important to you. What was that experience like for you?",1,1,1,1,1,2,1.1666666666666667
25jUW52zAvU_5,"There's really no such thing as not drinking too much. I mean, anything that's drinking when you're underage is drinking too much. Think about all the things that can happen to you.","It sounds like you were trying to balance having fun with staying in control, and you’re aware of the risks too. What stands out to you when you think about that night now?",1,1,1,1,1,2,1.1666666666666667
25jUW52zAvU_7,How much are you drinking?,"I hear that you understand my concern, and there’s still something about this that feels complicated for you. What feels most important for me to understand about your drinking?",1,1,1,1,1,2,1.1666666666666667
25jUW52zAvU_9,Is it like every weekend?,It sounds like it’s mostly tied to social situations rather than something you do alone. What does drinking in those moments mean for you?,1,1,1,1,1,2,1.1666666666666667
25jUW52zAvU_11,"Tommy, I'm just so concerned. You know, can't you think of anything better to do?",Every other weekend sounds like it’s become a fairly regular part of your social life. How do you feel about that pattern?,1,1,1,1,1,2,1.1666666666666667
25jUW52zAvU_13,Are your friends the problem? Maybe you should just start hanging out with more kids in the youth group and not hang out with those kids you were partying with.,"It sounds like you’re starting to see some ways this could affect your schoolwork, and you’re able to hear the concern in what I’m saying. What feels most important to you when you think about drinking and school right now?",-1,-1,-2,1,0,2,-0.16666666666666666
25jUW52zAvU_15,"Well there's a lot of things that seem fun in the moment that we know aren't a good choice, right? That's some of the things we talk about all the time is making good choices for our life and really doing what's best for you and I just... you know, I really think you should think about making a big change here.","I hear that it’s felt more like going along with the group and wanting to have the full high school experience, rather than something you’ve really chosen for yourself. What is that like for you to notice?",1,1,1,1,1,2,1.1666666666666667
25jUW52zAvU_17,I think you really need to quit.,"It sounds like part of you is recognizing that drinking less could help your life, even if you’re not sure you want to make a huge change all at once. What feels true for you in this moment?",-1,-1,-2,1,0,1,-0.3333333333333333
25jUW52zAvU_19,"I think you're wrong. You know, it really worries me. Anyway, I wish you would quit. If all you're going to do is cut down, that's better than nothing. You know, I appreciate you talking to me about this, but I'm going to keep talking to you about it. It's really important.","I hear that you’re not seeing alcohol as something that would completely destroy your life, and at the same time you’re noticing how common it is around you. What do you make of that tension for yourself?",1,1,1,1,1,2,1.1666666666666667
25jUW52zAvU_21,Do you want to wait for that to happen? Do you want to wait for a dramatic experience?,"It sounds like you’re feeling pretty unconvinced that this is a major problem right now, and maybe a little frustrated by how strongly this is being pushed. What is it like to sit with that?",1,1,1,1,1,2,1.1666666666666667
25jUW52zAvU_23,"Alright, well maybe it's something we can work on together and you know, I think we should come up with a plan that's going to work for you so that you can get control here and stop drinking.","I hear that you’re starting to wonder whether you have as much control over it as you thought, and that feels important to you. What stands out most when you think about that possibility?",1,1,1,1,1,2,1.1666666666666667
25jUW52zAvU_25,"Okay, sounds good.","It sounds like you’re feeling ready to move toward something different, and that sobriety is starting to feel meaningful to you. What does that step forward represent for you?",1,1,1,1,1,2,1.1666666666666667
XH2tF8oB3cw_1,"Hi Hannah, nice to meet you.",,-1,-1,-2,-1,-1,-1,-1.1666666666666667
XH2tF8oB3cw_3,So I understand that you were referred to me by your GP because you've been experiencing some anxiety difficulties.,"Hi Hannah, it’s nice to meet you too.",-1,-1,-2,0,-1,1,-0.6666666666666666
XH2tF8oB3cw_5,"Okay, is this the first time that you've left home?","It sounds like the move has been a big change for you, and that your anxiety has felt more intense since leaving home. What has that been like for you day to day?",-1,0,-2,0,0,1,-0.3333333333333333
XH2tF8oB3cw_7,"Okay, so it's been quite a big step and a big change and, and it sounds like that's what led you to go to your GP. So how has that change things for you?","That sounds like a really significant step, especially if it was your first time leaving home. What was it like for you to make that decision at the time?",1,1,1,1,1,2,1.1666666666666667
XH2tF8oB3cw_9,"Okay, so how do you feel about being here today?","It sounds like part of you feels hopeful that getting help might make a difference, and another part feels uncomfortable or unsure about needing support. What’s that been like for you?",-1,-1,-2,0,0,1,-0.5
XH2tF8oB3cw_11,"Okay, so you've been feeling a little bit anxious about today?",It sounds like you’re feeling scared and also hoping this could help. What feels most worrying about being here today?,1,1,1,1,0,2,1.0
XH2tF8oB3cw_13,"Okay, so I guess just going back to um why you went to the GP and how you've ended up kind of coming here today. So it sounds like you've been experiencing anxiety for quite a few years, but just recently you moved out of home for the first time and, and that was what kind of led you to go to the GP. So how did that change things? How were things after you moved out?",I hear that you’re feeling anxious about today. What does that anxiety feel like for you right now?,1,1,1,1,0,2,1.0
XH2tF8oB3cw_15,"Okay, so what other kind of difficulties that you have been experiencing?","That sounds really isolating, being in the flat by yourself more than you expected and not enjoying it the way you thought you might. What has that been like emotionally for you?",1,1,1,1,1,2,1.1666666666666667
XH2tF8oB3cw_17,"Okay, so you said that your difficulties are getting in the way of you doing certain things. So they're stopping you from taking up kind of certain types of work and as a freelance photographer, I guess that can be kind of a problem. And they're also stopping you or you feel like it's stunting you socially. You're not kind of able to make new friends and get to meet new people.","It sounds like the anxiety has been affecting a lot of areas of your life, including work, friendships, and relationships, and that can feel really lonely. What feels hardest for you about that at the moment?",-1,-1,-2,0,0,1,-0.5
XH2tF8oB3cw_19,"So you're kind of worried about how, where this is going to lead to.","It sounds like moving out brought up a lot more loneliness and fear than you expected, and that’s been really unsettling for you. I hear how important it is to you not to lose the people you care about.",1,1,1,1,1,2,1.1666666666666667
XH2tF8oB3cw_21,"Okay, so you said that you first noticed the anxiety kicking in about 5 or 6 years ago. So you would have been about 19?","You’re feeling worried about where this is heading, especially as it starts to affect your work and your connections with other people. It sounds like that feels pretty painful and isolating.",1,1,1,2,1,2,1.3333333333333333
XH2tF8oB3cw_23,What kind of work is the most difficult for you?,"It sounds like there was a shift around that time when your friends moved on and there was this sense of pressure to keep up, and things started to feel harder from there. I’m hearing that you’re noticing a pattern of saying no, even though part of you wants things to be different.",1,1,1,2,1,2,1.3333333333333333
XH2tF8oB3cw_25,"So I guess tell me a bit more about what happens then. So let's focus on maybe an invitation to do a job with you know, it's going to involve photography with a group of people and you're going to have to have social interaction. What kind of thoughts go through your head?","It sounds like the situations that involve other people are the hardest for you, especially when there’s a lot of interaction or unfamiliar faces. I hear that you want to do the work, and at the same time it feels scary.",1,1,1,1,1,2,1.1666666666666667
XH2tF8oB3cw_27,"Okay so it sounds like you have quite a lot of thoughts rushing through your head then at the point where you get that invitation and you think people look, people will stare, people will think I'm a weirdo. There's quite a lot about what you what you think other people will think. And how does that make you feel?","That sounds really intense in the moment — the heat, the sweating, and the fear that other people are judging you. It seems like those thoughts make the whole situation feel overwhelming and push you toward wanting to get out of it.",1,0,-2,1,0,2,0.3333333333333333
XH2tF8oB3cw_29,Okay. Can you give me an example of a recent situation? Maybe we can focus on that.,"I hear how harshly you’re seeing yourself in those moments, like you’re an idiot or a freak, and that sounds really painful. It seems like being around others brings up a lot of shame and a strong urge to escape.",1,1,1,2,1,2,1.3333333333333333
XH2tF8oB3cw_31,"Yeah, a time when you were maybe doing a job with some people and you felt the social anxiety you know that you're describing you felt that kick in.","It sounds like you’re trying to think of a specific recent example so we can look at it together. What was happening in that situation, and what stood out to you most in the moment?",1,1,1,1,0,2,1.0
XH2tF8oB3cw_33,That sounds quite interesting. Was that a fashion shoot or something?,"It sounds like that job felt very different from what you expected, and the number of people there made it much more overwhelming. What was it like for you when you realized there were 10 people instead of just a few?",1,1,1,1,1,2,1.1666666666666667
XH2tF8oB3cw_35,So it wasn't what you expected.,"It sounds like being in that setting brought up a lot of anxiety for you, especially with so many people around and the situation being different from what you expected. What was that experience like for you in the moment?",1,1,1,1,1,2,1.1666666666666667
XH2tF8oB3cw_37,So how long ago was that?,It sounds like the unexpected number of people made it feel much more overwhelming than you thought it would be. What was going through your mind as you realized it wasn’t what you expected?,1,1,1,1,1,2,1.1666666666666667
XH2tF8oB3cw_39,"Okay, so it was quite recent. So on that particular day, what were the thoughts that you had in your head when you were in that situation?","Two weeks ago is pretty recent, so it makes sense that it still feels vivid. What do you remember most about how you were feeling in that moment?",1,1,1,1,1,2,1.1666666666666667
XH2tF8oB3cw_41,I can tell you're getting kind of anxious even just thinking of about that day. Okay so you're describing quite a lot there to me. So you're saying that you you kind of got hot and sweaty. You said that you held the camera. What was do you mean you were kind of trying to hide behind it or what was that?,"It sounds like you were feeling really overwhelmed, hot, and like you wanted to escape, while also trying hard to keep yourself together. When you noticed everyone looking at you, what did that bring up for you?",1,1,1,1,1,2,1.1666666666666667
XH2tF8oB3cw_43,So you're holding the camera very tightly. And why was that why was that helpful?,It sounds like holding the camera tightly was a way of trying to steady yourself and get through it. What was it like for you to be trying so hard to focus while feeling that anxious?,1,0,-2,1,0,2,0.3333333333333333
XH2tF8oB3cw_45,"Okay, so, okay, so it sounds like you had a lot of thoughts going through your head. You said that you're worried that everyone's looking at you. What other thoughts were there that were in your mind?","I hear that you were trying to make the shaking and sweating less noticeable, and that it felt really exposing to you. What was that like emotionally, knowing other people might see it?",1,1,1,1,1,2,1.1666666666666667
XH2tF8oB3cw_47,That they could tell or like they could see that there was...,"It sounds like there was a really painful fear of being judged, and that thought of being seen as stupid or out of place was very strong. What was it like to be carrying those thoughts while you were there?",1,1,1,1,0,2,1.0
XH2tF8oB3cw_49,"So I mean, you've already described it to me a little bit, but if you think about how you looked that day, how how do you say how do you think you looked?","It sounds like you were trying to hide how much you were struggling, and that being there felt really uncomfortable and exposing. What was it like for you to wish you weren’t there in that moment?",1,1,1,1,1,2,1.1666666666666667
XH2tF8oB3cw_51,"Okay, and what did you do about how did you try and conceal that or hide that?","It sounds like you were trying really hard to keep it together and not draw attention to yourself. What was that experience like for you inside, as it was happening?",-1,-1,-2,1,0,1,-0.3333333333333333
XH2tF8oB3cw_53,So you avoided looking at people and it sounds like you wore black as well in kind of preparation anyway.,It sounds like you were doing everything you could to manage the situation and keep others from noticing. What was going through your mind as you were trying to look down and stay focused?,1,1,1,1,0,2,1.0
XH2tF8oB3cw_55,Okay. And how did it end?,"Yeah, it sounds like wearing the layers and avoiding eye contact has become a way of protecting yourself from feeling exposed. What is that like for you when you’re in those moments?",1,0,1,1,0,2,0.8333333333333334
XH2tF8oB3cw_57,Okay.,"That sounds really hard, especially staying through the shoot and then wanting to leave right away afterward. What was it like for you once you got home?",1,1,1,1,1,2,1.1666666666666667
ZSDJymlMOxg_1,Hi Rebecca. How are you doing today? What's been going on?,,-1,-1,-2,-1,-1,-1,-1.1666666666666667
ZSDJymlMOxg_3,A car accident?,"Oh no, that sounds stressful. How are you feeling after it happened?",1,1,1,1,1,2,1.1666666666666667
ZSDJymlMOxg_5,What happened?,That sounds like a scary moment. Were you hurt at all?,1,1,1,1,0,2,1.0
ZSDJymlMOxg_7,Oh. You okay?,That must have been upsetting. What happened after the collision?,-1,-1,-2,-1,-1,1,-0.8333333333333334
ZSDJymlMOxg_9,So physically you're okay. Were you checked out by your physician?,"It sounds like the accident shook you up, even though your body is okay. What has it been like for you since then when you think about being in the car?",0,0,-2,1,0,2,0.16666666666666666
ZSDJymlMOxg_11,All right. How about emotionally?,"I hear that physically you were checked and nothing was broken, and that can be reassuring. Emotionally, though, it sounds like this has still left you feeling unsettled—what has that been like for you?",1,1,1,1,0,2,1.0
ZSDJymlMOxg_13,What was the thought that came into your mind?,"It sounds like getting back into the car has become really difficult, and even a trip that might have felt normal before now brings hesitation. What do you notice in yourself when you think about driving or riding in a car?",1,1,1,1,1,2,1.1666666666666667
ZSDJymlMOxg_15,"So it was really all about the car, not anything else about the trip?","That sounds like a very frightening thought to be carrying. When that thought comes up, what happens for you emotionally or in your body?",-1,-1,-2,1,0,1,-0.3333333333333333
ZSDJymlMOxg_17,And you felt you were going to get hurt?,"It sounds like the fear is tied specifically to being in the car and driving, not the trip itself. What is it like for you to notice that shift in how you feel about driving?",1,0,0,1,0,2,0.6666666666666666
ZSDJymlMOxg_20,Much more nervous than usual?,"I hear how scared and on edge you’ve been, even coming here today. It sounds like this accident has changed something important in how safe driving feels to you.",-1,-1,-2,-1,-1,1,-0.8333333333333334
ZSDJymlMOxg_22,How did you feel about driving cars prior to this accident?,"Yes, much more nervous than usual. It sounds like driving has gone from something ordinary to something that feels tense and uncertain.",1,1,1,1,0,2,1.0
ZSDJymlMOxg_24,So you're taking every opportunity to avoid driving.,"It sounds like driving used to feel enjoyable and familiar, and now it feels scary instead. What is it like for you to notice that change in yourself?",1,1,1,1,1,2,1.1666666666666667
ZSDJymlMOxg_26,What do you tell yourself to motivate yourself to get into the car?,"It sounds like the accident really changed how safe driving feels for you, and now even getting in the car takes a lot of effort. What feels like the hardest part for you when you’re trying to drive now?",1,0,-2,1,0,2,0.3333333333333333
ZSDJymlMOxg_28,"This is disturbing and painful for you. Prior to this accident, how many car accidents have you been in?","That sounds exhausting, having to psych yourself up so much and then still feeling on edge at stoplights. What do you notice in your body or thoughts when you’re sitting there waiting?",1,1,1,1,1,2,1.1666666666666667
ZSDJymlMOxg_30,The other one didn't bother you as much? Why do you think this one triggered this nervousness?,It sounds like this accident felt especially intense and left a much bigger mark on you than the earlier one. What stands out to you most when you think about the difference between the two?,1,1,1,1,0,2,1.0
ZSDJymlMOxg_32,Did the driver that hit you tell you what happened?,Being alone in the rain while it happened seems like it added another layer of fear and helplessness. What was that experience like for you in that moment?,1,1,1,1,0,2,1.0
ZSDJymlMOxg_34,So you're worried about getting hit and hurt every time you get into the car now.,"That sounds really upsetting, being left to deal with it on your own after the crash. What feelings come up for you when you think about that part of it?",-1,-1,-2,-1,-1,1,-0.8333333333333334
ZSDJymlMOxg_36,"Driving always carries risk, but there are things you can do to minimize that risk.","It sounds like the worry hasn’t really let up, even after you’ve already made it through the drive. What is it like for you to carry that fear with you afterward?",1,0,-1,1,0,2,0.5
ZSDJymlMOxg_38,What about driving habits you can use to stay safer?,"I hear that you’re trying to protect yourself in the ways you can, even though it still feels difficult. What’s it like for you to balance that sense of caution with the fear that’s still there?",1,1,1,1,1,2,1.1666666666666667
ZSDJymlMOxg_40,Following traffic laws and being aware of your environment can reduce the risk of an accident.,"It sounds like you’ve been very aware and careful while driving, and still the fear remains close by. What do you notice about yourself when you’re using those safety habits?",-1,-1,-2,-1,-1,1,-0.8333333333333334
ZSDJymlMOxg_41,"Ultimately, you need to be safe but recognize that you can't eliminate all risk.",It sounds like you're recognizing both the fear and the reality of what you can control. How does it feel to say that to yourself in the moment?,1,1,1,1,1,2,1.1666666666666667
ZSDJymlMOxg_42,What are some adaptive responses you can tell yourself when those automatic thoughts come up?,"It sounds like you're holding onto the idea that you can do a lot to stay safe, even if the uncertainty is still there. What comes up for you when you sit with that?",-1,-1,-2,-1,-1,1,-0.8333333333333334
ZSDJymlMOxg_44,"It's hard when the thoughts are strong, but remember you've had many safe trips in your life.","That sounds like a more balanced thought, and I hear some relief in it. What do you notice in your body when you tell yourself that?",1,1,1,1,0,2,1.0
ZSDJymlMOxg_45,"Statistically, accidents are low-probability events compared to all the times you've driven.",It sounds like you're starting to trust your own history of getting through these drives safely. How does it feel to notice that?,-1,-1,-2,1,0,2,-0.16666666666666666
ZSDJymlMOxg_47,"You can reduce the risk by being careful, but you also have to accept that the risk exists.",I hear that you're able to say that with a bit more confidence now. What is it like for you to hear that risk can exist without meaning danger is certain?,1,1,1,1,0,2,1.0
ZSDJymlMOxg_48,Do you feel like you can apply those adaptive responses when those automatic thoughts come in?,It sounds like you're finding a middle ground between caution and acceptance. What feels most important to you in that balance?,-1,0,-2,1,0,2,0.0
ZSDJymlMOxg_50,I'd like to give you some homework. We'll use a 'thought record' to track your automatic thoughts.,That sounds like a tentative but real willingness to try. What might make it easier for you to use those responses when the thoughts show up?,1,1,1,1,0,2,1.0
ZSDJymlMOxg_51,"Record the thoughts, the adaptive responses you apply, and how you feel afterward.","It sounds like you're open to working with the thought record, even if it feels like a lot. How are you feeling about starting that together?",-1,0,-2,0,0,1,-0.3333333333333333
ZSDJymlMOxg_52,We'll use this to measure your progress. Can you complete two thought records before our next session?,That sounds like a solid start. How do you feel about using the thought record when those automatic thoughts show up?,1,1,-2,1,0,2,0.5
ZSDJymlMOxg_54,"Great. Let's meet again in a week and review them. Thanks, Rebecca.",That sounds doable. What do you notice about your confidence in completing the two thought records before next session?,1,0,-2,1,0,2,0.3333333333333333
_pkXuC7vsl0_1,"Hi Michelle, how are you doing today?",,-1,-1,-2,-1,-1,-1,-1.1666666666666667
_pkXuC7vsl0_3,Stressed?,It sounds like you're feeling stressed right now. What feels like the biggest source of that stress today?,1,1,1,1,1,2,1.1666666666666667
_pkXuC7vsl0_5,"Right, a job you've been interested in for a while and have been talking about.",That makes sense — an aptitude test with math problems and scenarios could feel really pressure-filled. What has been coming up for you as you think about it?,1,1,1,1,1,2,1.1666666666666667
_pkXuC7vsl0_7,So you know the material on this test pretty well?,"It sounds like the anxiety really took over in the moment, even though you knew the material. What was that experience like for you when your body started reacting that way?",1,1,1,1,1,2,1.1666666666666667
_pkXuC7vsl0_9,But the feelings and physiological response got in the way of you completing it?,"So the knowledge is there, and the anxiety seems to be getting in the way. What do you notice happens in your mind when you start to feel that pressure?",-1,0,-2,0,0,2,-0.16666666666666666
_pkXuC7vsl0_11,All right. So you weren't feeling great about taking the test in the first place?,It sounds really scary to worry that it could happen again after already going through that once. What feels most concerning to you about the possibility of retaking it?,1,1,1,1,1,2,1.1666666666666667
_pkXuC7vsl0_13,But did you know that was coming? You had some anxiety in advance?,"It sounds like the moment you entered the room, the anxiety took over even though you had felt prepared before. What was that experience like for you in that moment?",1,1,1,1,1,2,1.1666666666666667
_pkXuC7vsl0_15,What do you think is leading to this?,"So there was already some anxiety there, and then being in the testing situation brought it right back up. What did you notice happening inside yourself when that happened?",1,1,1,1,1,2,1.1666666666666667
_pkXuC7vsl0_17,"And since that bad experience in third grade, have you had trouble with tests since?","That sounds like a really painful memory, and it makes sense that it could still carry a lot of weight now. What do you notice when you connect that experience with how you're feeling about tests today?",1,1,1,1,1,2,1.1666666666666667
_pkXuC7vsl0_19,"So you've been able to adapt and pass them, but you're never thrilled about it?","It sounds like that early experience left you expecting failure, even when you do pass. What is it like for you to live with that kind of anxiety before tests?",1,1,1,1,0,2,1.0
_pkXuC7vsl0_21,"That's good. But with this work test, it's more of a stumbling block.","So even with the anxiety, you've still been able to do well at times, and that seems important. What do you make of that?",1,0,-2,1,0,2,0.3333333333333333
_pkXuC7vsl0_23,Any ideas what's making this test such a point of anxiety for you?,"It sounds like this particular test feels especially loaded for you, more than the others. What feels different about it?",1,0,-2,1,0,2,0.3333333333333333
_pkXuC7vsl0_25,So it's really that same feeling from third grade coming up now?,That makes a lot of sense — the promotion seems to raise the stakes and bring up that old fear of being held back. What is that like for you to notice?,1,1,1,1,1,2,1.1666666666666667
_pkXuC7vsl0_27,And other tests in school didn't have that same value attached?,"It sounds like that connection is becoming clearer now, and that may be bringing up a lot. What are you feeling as you realize that?",-1,-1,-2,1,0,1,-0.3333333333333333
_pkXuC7vsl0_29,You could retake them or take another test to raise the grade?,"That sounds like a really heavy belief to be carrying. When you hear yourself say that, what feelings come up for you right now?",1,1,1,1,1,2,1.1666666666666667
_pkXuC7vsl0_30,So you maybe had more options and safety nets in school.,"It sounds like the stakes feel very high for you, and that can make the whole situation feel even more intense. What is it like to notice that difference between school tests and this one?",1,1,1,1,1,2,1.1666666666666667
_pkXuC7vsl0_32,Right. It's the pressure of needing to get through this without those safety nets.,"So there was more room to recover in school, and this feels much more final. I hear how that makes the pressure feel sharper now.",1,1,1,1,1,2,1.1666666666666667
_pkXuC7vsl0_34,"All right, that is a lot of pressure. Is there a time limit on this test?",That really captures the sense of being under a lot of pressure without a backup plan. What do you notice in yourself as you say that out loud?,-1,0,-2,1,0,2,0.0
_pkXuC7vsl0_36,It's multiple choice and you're well prepared. Let's think about cognitive therapy and core beliefs.,"I hear that the waiting makes it feel even more loaded, even though there isn't a time limit. What is that like for you to sit with?",-1,-1,-2,-1,-1,1,-0.8333333333333334
_pkXuC7vsl0_38,What core belief might be operating for you now?,It sounds like part of you is trying to make sense of the fear by looking at the deeper beliefs underneath it. What comes up for you as you think about that?,-1,-1,-2,1,0,1,-0.3333333333333333
_pkXuC7vsl0_40,Something like 'I'm destined to be a failure'?,"That sounds painful, like the fear isn't just about this test but about what it might mean about you overall. What does that belief feel like inside?",1,0,-2,1,0,2,0.3333333333333333
_pkXuC7vsl0_42,So that potentially is the core belief and automatic thought as you take the test.,I hear how strongly that belief lands for you. What is it like to put words to it so directly?,1,1,1,1,0,2,1.0
_pkXuC7vsl0_44,It sounds like a panic response. Are you alone in the room when you take it?,"It sounds like that domino effect feels really frightening for you, like one setback could mean much more than just the test itself. What is it like for you to notice that thought showing up so strongly?",1,1,1,1,1,2,1.1666666666666667
_pkXuC7vsl0_46,So no one sees you have these panic-like symptoms. Have you had these before?,"Being alone with those symptoms can feel especially intense. When you notice the panic building, what do you experience most in your body or thoughts?",-1,0,-2,1,0,2,0.0
_pkXuC7vsl0_48,What happens once you get worked up?,"So it seems to come up specifically around tests, rather than in other situations. What do you notice happening in those moments right before it starts to build?",1,0,0,1,0,2,0.6666666666666666
_pkXuC7vsl0_50,"One possible strategy is an adaptive response like 'I can ride this out.' Panic only lasts so long, and you have no time limit.","It sounds like you’re trying to stay with it and keep moving one step at a time, even when it feels overwhelming. What is that experience like for you as you work through the questions?",1,1,1,1,1,2,1.1666666666666667
_pkXuC7vsl0_53,To get some minor victories and feel closer to your goal.,"That makes sense — there’s something reassuring about finding questions you know and getting a little relief. How does it feel to notice that sense of validation when you think, “I can pass”?",1,1,-2,1,1,2,0.6666666666666666
_pkXuC7vsl0_55,Exactly. Correctly answering items will make you feel more calm.,It sounds like those smaller moments of success help you feel more grounded and closer to your goal. What do you notice in yourself when that feeling of “I can pass” becomes stronger?,1,1,1,1,1,2,1.1666666666666667
_pkXuC7vsl0_57,You can wait out the panic in the room alone. Tell yourself it's unpleasant but temporary.,I hear that knowing some answers for sure brings a sense of calm and confidence. What is it like for you to feel that calm start to return?,1,1,1,1,0,2,1.0
_pkXuC7vsl0_59,Exactly. Panic symptoms usually only last 10-15 minutes.,It sounds like self-talk feels like a way to steady yourself when the panic shows up. What words feel most supportive or believable to you in those moments?,1,1,1,1,0,2,1.0
_pkXuC7vsl0_61,Yes. Focus on the easy items while telling yourself you can ride this out.,"It sounds like that gives you a little more room to breathe, knowing you can take your time. What do you notice in yourself as you say that?",1,0,-2,1,0,2,0.3333333333333333
_pkXuC7vsl0_63,So that's worked for you?,"I hear that you’re able to connect this with something you’ve done before, and that seems reassuring. What feels most helpful about remembering that?",-1,-1,-2,0,0,1,-0.5
_pkXuC7vsl0_65,Another adaptive response is knowing you can retake the test in a year. It's not the end of your career.,It sounds like that past experience is giving you some confidence right now. What is it like to notice that it has worked for you before?,1,1,1,1,1,2,1.1666666666666667
_pkXuC7vsl0_67,"Exactly. You'd just have another year to study. It's important, but not catastrophic.","You’re recognizing that even if things don’t go perfectly, it wouldn’t mean everything is over. How does it feel to hold onto that perspective?",-1,-1,-2,-1,0,1,-0.6666666666666666
_pkXuC7vsl0_69,That's another adaptive response is 'I've survived this before.',It sounds like that memory from third grade is helping you see this in a broader way. What stands out to you when you compare then and now?,1,0,-2,1,0,2,0.3333333333333333
_pkXuC7vsl0_71,"Don't let this one event fashion your destiny. Fortunately, your employer is giving you a second chance.","I hear that you’ve gotten through difficult things before, and that feels important here. What does that bring up for you as you think about this situation?",1,1,1,1,1,2,1.1666666666666667
_pkXuC7vsl0_72,You can ride out the symptoms and remember you've been successful before.,It sounds like you’re trying to keep this one event in perspective and not let it define you. What is it like to hear that you have another chance?,1,1,1,1,1,2,1.1666666666666667
_pkXuC7vsl0_74,When is the test?,"I’m glad that remembering your past success brings some relief. What feels different in your body or mind when you think, “I can get through it”?",1,1,1,1,0,2,1.0
_pkXuC7vsl0_76,Let's schedule an appointment before that to review these strategies and focus on a positive outcome.,It sounds like knowing you’ve gotten through this before brings some relief. How are you feeling as you think about next Wednesday now?,1,1,1,1,0,2,1.0
_pkXuC7vsl0_78,"I'll see you then, Michelle. I appreciate you coming in today.","That sounds like a good plan, and it seems like having time to review things before the test feels reassuring. What feels most important for us to focus on when we meet?",0,0,-2,0,0,2,0.0
cTIDnMLr0gk_1,So thank you David for telling me your story. As you noticed that crisis got more intense and then it came back down. And one of the things I like to do is identify some of the warning signs or triggers of that crisis. And so I want to record this on your safety plan so that you know when to use the safety plan. So what were some of the warning signs that you had?,,-1,-1,-2,-1,-1,-1,-1.1666666666666667
cTIDnMLr0gk_3,"Yeah, that's a good summary. So let's list down specifically what they were. What do I put on the first line here?","It sounds like that moment brought up a lot of pressure, shame, and fear of disappointing your parents. I hear how overwhelming that felt for you.",-1,-1,-2,-1,-1,1,-0.8333333333333334
cTIDnMLr0gk_5,Great. So you had those feelings. What else?,"So when those feelings show up, that’s one warning sign to note on the safety plan. What else would you want to include?",1,1,1,1,0,2,1.0
cTIDnMLr0gk_7,So I can't tell my parents. And what else?,It sounds like shutting down and feeling unable to share with your parents is another important sign for you. What happens inside when that starts to come up?,-1,0,-2,0,0,1,-0.3333333333333333
cTIDnMLr0gk_9,"Feeling like a failure. Okay. So whenever you have any of these warning signs, you'll know to look at your safety plan. That's a cue to you to use it. So the first thing I want to talk about is when you go to that dark place, you're feeling overwhelmed, anxious, ashamed, having these other thoughts and maybe feeling like giving up. That's when you use some strategies to help you get through the crisis or keep it from escalating. So I'd like you to think about some things, see if we can brainstorm some ways that you can identify some strategies that's going to take your mind off your problems, kind of get away from that crisis for even a little while. What have you done in the past that's helped you deal with a crisis like this?",That sense of being a failure feels really central here. Are there any other warning signs you notice in yourself when things start to spiral?,-1,0,-2,0,0,2,-0.16666666666666666
cTIDnMLr0gk_11,Okay. So singing top 40. Sounds good. So what other strategies could you use to take your mind off your problems?,It sounds like singing has been a meaningful way for you to cope and get some space from the crisis. What is it about singing that feels helpful for you?,-1,-1,-2,0,0,1,-0.5
cTIDnMLr0gk_13,"So cooking stir-fry. Sounds like a good strategy. And you have a kitchen that you can cook in? Yeah, okay. So what other strategies could you use to distract yourself from the crisis, you think?",That sounds like a really meaningful way to soothe yourself and feel connected to home. What is it about cooking those foods that helps you most in those moments?,1,1,1,1,1,2,1.1666666666666667
cTIDnMLr0gk_15,"And is that something that you could do at any point or is available? That sounds very good. So let's put down pottery. Now you have singing, cooking, and pottery. If none of those strategies are helpful for you getting outside yourself and feeling better, then go to the next step, which is to socialize with people or go to places where there are people who are actually very good distractors. So is there somebody in your life that you can go to who's available that you like to hang out with?","That sounds like a really creative and grounding outlet for you. When you’re in the pottery studio, what do you notice happening inside you?",1,1,1,1,0,2,1.0
cTIDnMLr0gk_17,"Okay, let's put down Charlie. And I guess he lives with you, so you know how to get in touch with him and you have his phone number.",Charlie sounds like someone who could be a good support for you. What is it about being around him that feels helpful when you’re having a hard time?,1,1,-2,1,0,2,0.5
cTIDnMLr0gk_18,"So the next step on your safety plan is learning to make the environment safe. And I have to ask you this question, and I ask this of everybody I do safety plans with. Do you have access to a firearm?","Okay, so Charlie is someone you can reach out to and be with if you need that distraction. How does it feel to have him as part of your safety plan?",-1,-1,-2,-1,-1,1,-0.8333333333333334
cTIDnMLr0gk_20,"No, okay, that's good to hear. I know you've taken medicine in the past and had an overdose several years ago, and I don't want anything like that to happen again. So I want to make sure the medication you're taking is secure, or that it's safe for you. What do you think we can do about that?","That makes sense, and it sounds like you’re thinking carefully about keeping yourself safe. Who would you feel comfortable having help with the medication so it stays as prescribed?",-1,-1,-2,0,0,1,-0.5
cTIDnMLr0gk_22,"Okay, that sounds good. Somebody to dispense the medication. Who do you think could do that?","That sounds like a thoughtful idea, and it seems like you trust Charlie to help with that. How do you imagine bringing that up with him?",-1,0,-2,1,0,2,0.0
cTIDnMLr0gk_24,Does he know you're taking medication? Yeah. So I'll write down give the medication to Charlie. So the next step on the safety plan is coming up with reasons for living. This is important so that it gives you a sense of hope and meaning in your life and something to go to when you're feeling in crisis. So can we come up with some reasons for living?,My family. It sounds like your family matters a lot to you. What is it about them that gives you a reason to keep going?,-1,-1,-2,-1,-1,1,-0.8333333333333334
cTIDnMLr0gk_26,"Okay, anybody in particular that...","Your family feels really important to you, and I hear that sense of connection and meaning there. Who in your family comes to mind first when you think about what helps you hold on?",-1,-1,-2,0,-1,1,-0.6666666666666666
cTIDnMLr0gk_28,"Okay, your sister. Anybody or anything else that gives you meaning in your life?","It sounds like your little sister means a lot to you, and that connection gives you a real sense of purpose. What is it about being important to her that feels most meaningful to you?",-1,-1,-2,1,1,2,0.0
cTIDnMLr0gk_30,"Vanessa. Okay, and how will you remember both your sister and Vanessa? How would you remind you of a reason for living?","It sounds like Vanessa is another important anchor for you, someone who helps you feel understood and connected. When you think about her and your sister, what feelings come up for you?",-1,-1,-2,0,0,1,-0.5
cTIDnMLr0gk_32,"So David, what other reasons do you have for living?","It sounds like those memories remind you that you’re cared for just as you are, and that can be a powerful reason to keep going. What is it like to hold onto that when things feel hard?",1,1,1,1,1,2,1.1666666666666667
cTIDnMLr0gk_34,Taking a trip to China. That sounds like fun. Other reasons for living?,"That sounds really meaningful, and it seems like there’s still a lot you want to experience and look forward to. What stands out most to you about the idea of seeing family in China?",1,1,1,1,1,2,1.1666666666666667
cTIDnMLr0gk_36,I'll put singing and then I'll put joy.,"It sounds like singing brings you joy and a sense of meaning, and that you don’t want to lose that part of yourself. What does singing give you that feels important?",-1,0,-2,0,0,2,-0.16666666666666666
cwmf4PSMqLE_1,"Hi Sam, how are you doing today?",It sounds like there’s a lot more to explore here. What feels most important for us to talk about today?,-1,-1,-2,-1,-1,1,-0.8333333333333334
cwmf4PSMqLE_3,"I'm doing well, thanks for asking. So you're here at the agency today to seek counseling services?","I’m doing well, thank you. It sounds like you’re here today because your boss encouraged you to come in, and I’m glad you did. What’s been going on that led to that?",1,1,1,1,0,2,1.0
cwmf4PSMqLE_5,Your boss sent you over? What reason do you think your boss had for doing that?,It sounds like your boss saw something was going on and wanted you to have some support. What has this been like for you?,-1,-1,-2,-1,-1,1,-0.8333333333333334
cwmf4PSMqLE_7,She wanted you to come over and talk about your relationship with your coworkers?,"It sounds like you’re feeling pretty confident in your abilities, and also wanting support with how that comes across to other people. What has it been like for you when others don’t seem to understand your ideas?",1,1,1,2,1,2,1.3333333333333333
cwmf4PSMqLE_9,"Okay, and what do you mean by higher? Like your ideas are higher?",It sounds like there’s a mix of wanting your boss to be satisfied and also seeing some value in understanding other people better. What do you notice in yourself when you’re trying to explain your ideas and they aren’t landing?,1,1,1,1,1,2,1.1666666666666667
cwmf4PSMqLE_11,"Okay, so they were unable to reach your level of expression for a project you're working on?",It sounds like you experience yourself as very capable and maybe a bit separate from the people around you. What is that like for you emotionally when you feel others can’t quite follow your vision?,1,1,1,1,1,2,1.1666666666666667
cwmf4PSMqLE_13,Do you think counseling will be helpful?,It sounds like your boss sees a gap in communication and thought counseling might help with that. How do you feel about being here today and talking about it?,-1,-1,-2,0,0,1,-0.5
cwmf4PSMqLE_15,Again you say at their level. Are you meaning that they're below you with skills?,It sounds like you’re noticing both frustration with others and some curiosity about understanding them better. What feels most important to you about this process right now?,1,0,0,1,0,2,0.6666666666666666
cwmf4PSMqLE_17,"Okay, so counseling can help you bridge that gap to be able to communicate more effectively?","It sounds like you feel a real difference between yourself and your coworkers, and that can make communication feel difficult. What has that been like for you in the workplace?",1,1,1,1,1,2,1.1666666666666667
cwmf4PSMqLE_19,"Alright, so tell me where you are currently in terms of how you perceive yourself?",It sounds like you’re wanting to keep growing and reach an even higher level. What does “being even better” mean to you?,1,1,1,1,1,2,1.1666666666666667
cwmf4PSMqLE_21,How do you plan on accomplishing that?,It sounds like you see yourself as already doing well and still wanting to push further. What does that seven feel like for you right now?,1,1,1,1,1,2,1.1666666666666667
cwmf4PSMqLE_23,So it sounds like you have a lot of strengths and maybe people are just getting jealous because you seem to succeed at so many things?,It sounds like you see yourself as someone with a lot to offer and a strong sense of where you’re headed. What is it like for you when other people don’t seem to see you in the same way you see yourself?,1,1,1,2,1,2,1.3333333333333333
cwmf4PSMqLE_25,How would they describe you given this level difference that you're talking about? What would they say?,"I hear that it feels frustrating when others don’t fully recognize your abilities, and that you experience yourself as standing out in a big way. What does that feel like for you inside when you notice that gap?",1,1,1,1,1,2,1.1666666666666667
cwmf4PSMqLE_27,It would be easier?,It sounds like you believe your contributions would be very clear to others if you were given more of the spotlight. I’m curious what it’s like for you to imagine how they experience you in those moments.,1,1,1,1,0,2,1.0
cwmf4PSMqLE_29,Does it frustrate you that you're not called on for every task or recognized?,"You’re feeling that things would go more smoothly if you were the one leading the presentation, and that the extra work around it feels unnecessary to you. What is it like for you when you’re not the one in that central role?",1,1,1,1,1,2,1.1666666666666667
cwmf4PSMqLE_31,So they can see your talent and recognize you most of the time?,"It sounds like being recognized and relied on matters a lot to you, and you’ve found ways to make sure people notice your value. What does it feel like when that recognition does come through?",1,1,1,1,1,2,1.1666666666666667
cwmf4PSMqLE_33,How long have you been with this particular employer?,"I hear that you feel seen and appreciated most of the time, which seems important to you. What’s it like for you when that happens?",1,1,1,1,1,2,1.1666666666666667
cwmf4PSMqLE_35,Can you tell me about the job you had prior? What happened there?,Six or eight months is still fairly recent. What has that transition been like for you so far?,1,1,1,1,0,2,1.0
cwmf4PSMqLE_37,And you wanted to shoot higher and accomplish something greater?,"It sounds like you experienced that previous role as no longer fitting where you saw yourself going, and this move felt more aligned with your direction. What was that shift like for you at the time?",1,1,1,1,0,2,1.0
cwmf4PSMqLE_39,You really want to take it further?,"It sounds like being seen as exceptional and making a big impact really matters to you. What does being ""legendary"" mean to you personally?",1,1,1,1,1,2,1.1666666666666667
cwmf4PSMqLE_41,Can you tell me how the interaction went when you left your last job? Did you quit or did they encourage you to leave?,I hear that having people follow and rely on what you say feels meaningful to you. What is it like for you when that kind of attention and influence grows?,1,1,1,1,1,2,1.1666666666666667
cwmf4PSMqLE_43,What type of issues did they have?,"It sounds like you felt you were the one making the decision to move on, even though there were some concerns on their side. How did that feel for you at the time?",-1,-1,-2,1,0,1,-0.3333333333333333
cwmf4PSMqLE_45,So after you quit they pursued you to come work for them again?,"So there was tension around communication, and at the same time they still wanted you back. What was that experience like for you?",1,1,1,1,1,2,1.1666666666666667
cwmf4PSMqLE_47,So what did you tell them when they offered you the job back?,"It sounds like you see yourself as a major reason the company was successful, and that feels important to you. How do you feel when you think about that?",1,1,1,1,1,2,1.1666666666666667
cwmf4PSMqLE_49,Alright. So you feel as though you could benefit from the counseling here to better relate to people at different ability levels?,I hear a lot of confidence in how you handled that conversation. What was it like for you to tell them that?,-1,0,-2,0,0,2,-0.16666666666666666
cwmf4PSMqLE_51,"Is your boss putting any pressure on you, like is this mandatory?","It sounds like you care about being respectful and not making others feel small, even while also wanting to succeed. What feels most important to you in that balance?",0,0,-2,0,0,2,0.0
cwmf4PSMqLE_53,So she's trying to help you for another advancement. I'm gonna get you on the calendar to see a counselor later this week. Does that work for you?,"It sounds like you’re feeling some pressure, but also some hope that this could lead to a promotion. What is it like for you to have both of those feelings at once?",1,1,1,1,1,2,1.1666666666666667
cwmf4PSMqLE_55,Okay. I really appreciate you taking the time with me. We'll get you set up for that and we'll go from there.,It sounds like you’re wanting to do well and also be thoughtful about how you come across to others. What feels most important to you about this counseling support right now?,-1,-1,-2,0,0,1,-0.5
cwmf4PSMqLE_57,Thank you.,"You’re welcome. It sounds like this is a step toward something important for you, and I appreciate you being open to it. We’ll take it from there.",-1,-1,-2,-1,-1,1,-0.8333333333333334
dNfM2ihfSSE_2,"So, today's the day.","It sounds like there’s a lot you’re carrying into this, and I’m here with you. What would you like to focus on first today?",0,0,-2,0,0,2,0.0
dNfM2ihfSSE_4,"Let's slow it down so we can catch it. We agreed to look for Mr. Anxiety, and it looks like he's here. Does this feel like familiar territory to you?","That sounds really intense, and I hear how close to the edge you’re feeling right now. What’s happening in your body as you picture walking inside?",1,1,1,1,0,2,1.0
dNfM2ihfSSE_6,"It's big time and very familiar. How old would you say these urgent, racing thoughts are? One leads to another, saying this is going to happen, then that. Are you with me?",It sounds like this is very familiar and has been showing up for a long time. What do you notice about it as you slow it down together?,1,1,1,1,0,2,1.0
dNfM2ihfSSE_8,"How old is that specific process, even if the exact words are different?","You’re noticing the pattern of one thought leading quickly to the next, and that can feel overwhelming. As you think about it now, what stands out most to you?",1,0,0,1,0,2,0.6666666666666666
dNfM2ihfSSE_10,So this has a long history. Is it fair to say you've been turning your life over to that process? We're working to create a space where something different can happen.,"That sounds like it’s been with you for a very long time, and it makes sense that it would feel deeply ingrained. What was it like for you back then, in those moments on the way there?",1,1,1,1,1,2,1.1666666666666667
dNfM2ihfSSE_12,"We're right at the point where the action happens. You aren't in the situation yet, but we're where the thoughts are being conceived. Can we slow down and just watch it? I want to do something odd to show how the mind works. I have a pen here that says something: 'woo.'",It sounds painful to feel like this has kept you from so much of life. What feelings come up for you as you say that out loud?,1,1,1,1,1,2,1.1666666666666667
dNfM2ihfSSE_14,"If I ask you what this says next week, or next month, or even next year, what would you say?","It sounds like that thought has been with you for a very long time, and it’s carried a lot of weight in your life. What do you notice in yourself as you look at that pen and hear your mind making that prediction?",1,0,0,1,0,2,0.6666666666666666
dNfM2ihfSSE_16,"Exactly. Letting that thought run your life is what brought you here. Notice how old this thought is and the cost it's produced. This pen says 'woo,' and your mind says if you go to the mall, you're going to...","You’re seeing how familiar and convincing that thought feels, even after all this time. What’s it like to notice that the pen still says “woo,” while your mind is bringing up that old fear again?",1,1,1,1,0,2,1.0
dNfM2ihfSSE_18,Your mind is just doing what minds do. Is it really your enemy?,"That sounds like a really painful pattern to have lived with for so long. As you say “lose it,” what do you notice happening inside you right now?",1,1,1,1,1,2,1.1666666666666667
dNfM2ihfSSE_20,"As we prepare for this session, I want you to watch your mind as it constructs these scary futures. Notice them like you would carry something fragile. It's not your boss, just your mind doing its thing. Are you willing to try that?","It sounds like you’re recognizing the difference between the thought and the fact of the pen, and that feels important. What is it like to see how long this fear has been around, and how much it has shaped things for you?",-1,0,-2,0,0,1,-0.3333333333333333
dNfM2ihfSSE_22,"Good catch. Let's do the same thing with that thought too. That segment was ACT consistent, using techniques to create separation between the person and their mind. Now let's look at an inconsistent example.",You’re noticing the mind kicking in and naming that fear very clearly. What do you notice in your body as you try to stay with that thought rather than get pulled into it?,1,0,0,1,0,2,0.6666666666666666
dNfM2ihfSSE_23,"So, today is the day. Ready for Mr. Anxiety?","It sounds like you’re catching the thought as it shows up, and that awareness matters. What happens when you turn toward that “I’m going to fall apart” thought and just notice it for a moment?",1,1,1,1,1,2,1.1666666666666667
dNfM2ihfSSE_25,"It's not surprising you're thinking this since it's an old thought. But in all the years you've had these thoughts, have you ever actually lost it?","It sounds like this feels very intense and frightening for you right now, with the tight chest, sweating, and fear of passing out or going crazy. What is it like to say that out loud here?",1,1,1,1,0,2,1.0
dNfM2ihfSSE_27,"So it's just a thought, not a fact. Let's try something silly to look at it differently. Give me a cartoon character you like.","I hear that it feels like too much, and at the same time there’s a part of you that notices you haven’t actually lost it. What do you make of that tension between how strong the fear feels and what you’ve experienced so far?",1,1,1,1,0,2,1.0
dNfM2ihfSSE_29,Imagine those scary thoughts in a Donald Duck voice. Mentally hear him saying it's going to be bad and terrible. Doesn't that make the thoughts seem ridiculous?,"It sounds like the fear feels very real in your body right now, even while another part of you knows it’s a thought. What happens inside when you picture yourself in the crowd with Donald Duck saying it?",1,1,1,1,1,2,1.1666666666666667
dNfM2ihfSSE_31,"Hang on to that when the anxiety hits to remember these things aren't necessarily true. That segment was inconsistent because it focused on ridiculing the thoughts to make them go away, rather than just noticing them. Now we'll see a student struggling with career choices.","I hear that it feels a little different when you hear those thoughts that way, almost like they lose some of their grip. What do you notice in your body or mind as you sit with that shift?",-1,0,-2,0,0,2,-0.16666666666666666
dNfM2ihfSSE_32,What's inside this decision for you?,"That sounds like a lot to carry, feeling pulled in different directions and unsure whether the fear is telling you the truth. What do you notice happening inside as you hold that thought a little more lightly?",-1,0,-2,0,0,1,-0.3333333333333333
dNfM2ihfSSE_34,What are the two major alternatives you're weighing?,"It sounds like you’re feeling torn and pressured, with a lot of voices around you and not much room to hear your own. What is it like to notice that pull in six directions all at once?",1,1,1,1,1,2,1.1666666666666667
dNfM2ihfSSE_36,It seems like you think choosing one means losing the other. Is that really true? Maybe you just need to follow your heart and make a choice. Just do it.,"I hear how heavy that feels, like whichever way you turn, something important gets left behind. What shows up for you when you say you’re trying to cover all the bases?",1,1,1,1,1,2,1.1666666666666667
dNfM2ihfSSE_38,That was a 'normal' interaction but inconsistent with ACT because we focused on the content of the problem rather than the process. Now let's see a more consistent approach with the same client.,"It sounds like there’s a lot of struggle in trying to hold everything together, and maybe that leaves you feeling stuck and discouraged. What do you notice in yourself as you stay with that feeling of not going anywhere?",1,1,1,1,1,2,1.1666666666666667
dNfM2ihfSSE_39,"What's inside this choice? It feels like your thoughts are very close, almost blinding. Is that a familiar place for you?","I hear that you’re in a very worried space, and that can make everything feel close and overwhelming. What is it like to notice that space right now, just as it is?",1,1,1,1,1,2,1.1666666666666667
dNfM2ihfSSE_41,"Your mind is trying to help, but it's doing something very familiar. Let's notice what the mind is doing and what's showing up in your body. Every time you make a decision, your mind says you're leaving something behind, right?","It sounds like that worried space is very familiar, almost like a place your mind knows well. As you notice it here, what do you become aware of in your body or thoughts?",1,0,-2,1,0,2,0.3333333333333333
dNfM2ihfSSE_43,It is scary when you open some doors and close others. Can you open up to that scariness rather than trying to fix it? You're not doing anything wrong; it's just part of the process.,"It sounds like there’s a lot of fear in not knowing, and that uncertainty feels really hard to sit with. What is that like for you in this moment as you notice it?",1,1,1,1,1,2,1.1666666666666667
dNfM2ihfSSE_45,"In this section, we caught the 'mindy' process that pulls people into obsessive problem-solving and created some separation to allow for a more flexible way to explore life's choices.","Right, and I hear that you’re trying to stay with the scariness instead of pushing it away. What do you notice happening inside as you say that?",1,1,1,1,0,2,1.0
dbqFCbXxwb0_1,Hi Jackie. How you doing today?,"It sounds like this is bringing up a lot for you, and I’m curious what feels most present right now as you talk about it. What stands out to you in this moment?",1,1,1,1,1,2,1.1666666666666667
dbqFCbXxwb0_3,You all right?,I’m glad you came in today. What’s been going on for you lately?,1,1,1,1,0,2,1.0
dbqFCbXxwb0_5,Having a rough time? I understand there have been some difficulties lately that brought you into the agency. Tell me what's going on.,It sounds like there’s been a rough time underneath that “all right.” What has been feeling hardest for you?,1,1,1,1,1,2,1.1666666666666667
dbqFCbXxwb0_7,And what did you notice right away? So one of the boxers was knocked out and you saw that. What did you notice right away was happening?,"That sounds really frightening, Jackie. It makes sense that seeing something like that would stay with you, and I’m hearing how intense it felt in the moment. What has it been like since then?",1,1,1,1,1,2,1.1666666666666667
dbqFCbXxwb0_9,So you left and the symptoms continued?,"You felt scared, your heart was racing, and it sounds like your body reacted very strongly. What has it been like to carry that fear with you afterward?",1,1,1,1,1,2,1.1666666666666667
dbqFCbXxwb0_11,What kind of problems?,"It sounds like it’s been affecting you day after day, including your sleep and work. What has that week been like for you?",1,1,1,1,1,2,1.1666666666666667
dbqFCbXxwb0_13,Do you find that you're having memories of the incident at the boxing match that are intrusive?,It sounds like the memory is really intruding on your day and making it hard to stay present at work. What has that been like for you emotionally when it pops up like that?,1,0,0,1,0,2,0.6666666666666666
dbqFCbXxwb0_15,And it's bothersome for you?,"That sounds exhausting, having it on your mind so much of the time. When it comes up, what do you notice in yourself right then?",1,1,1,1,0,2,1.0
dbqFCbXxwb0_17,And you try but the memory stays there. Any dreams related to it?,It sounds really frustrating that it keeps showing up even when you're trying to focus. What is it like for you in those moments at work?,1,1,1,1,1,2,1.1666666666666667
dbqFCbXxwb0_19,"Any times when you feel like you're reliving what you saw, like you're seeing it again?","It sounds like the lack of sleep is adding to how worn down you feel. When you think about the boxing match, what tends to happen for you at night?",-1,-1,-2,-1,-1,1,-0.8333333333333334
dbqFCbXxwb0_21,Is anything reminding you of the boxing match that's causing you to have symptoms?,"I hear that you’re still carrying it with you, even if it’s not in the form of reliving it. What feels most difficult about how often you think about it?",1,0,0,1,0,2,0.6666666666666666
dbqFCbXxwb0_23,Do you find yourself working to avoid music that was similar?,It sounds like those sounds and situations are bringing a lot back for you in your body. What is it like to notice your heart racing and sweating in those moments?,1,1,1,1,1,2,1.1666666666666667
dbqFCbXxwb0_25,Do you find that you've had any trouble remembering what happened?,That sounds like you’ve been trying to protect yourself by staying away from things that remind you of it. How has that been affecting your day-to-day life?,1,1,1,1,1,2,1.1666666666666667
dbqFCbXxwb0_27,Have you been irritable at all since then?,"It sounds like the memory is still very clear, even though it’s distressing. What stands out most to you when you remember it now?",1,1,1,1,0,2,1.0
dbqFCbXxwb0_29,How about your awareness level of what's around you? Do you find that your awareness level has increased?,"It sounds like that’s been really unsettling for you, especially when your reaction feels so unlike yourself. What has it been like for you to notice that change?",1,1,1,1,1,2,1.1666666666666667
dbqFCbXxwb0_31,So you feel like your reaction to that was stronger than it normally would have been?,"That sounds frightening, especially feeling caught in a daze and then not being able to calm yourself afterward. What was going through your mind in that moment?",1,1,1,1,1,2,1.1666666666666667
dbqFCbXxwb0_33,Have you used drugs or alcohol recently? Any medical problems?,It sounds like that moment really stood out to you as stronger and more intense than you expected. What did you notice in yourself right after it happened?,1,1,1,1,0,2,1.0
dbqFCbXxwb0_35,I'm going to get you in to see a counselor here at the agency if that's something that you're okay with?,"I hear that you’ve been feeling a bit disconnected at times, and that the scare response felt pretty intense. It also sounds like you’re saying there hasn’t been recent substance use or medical issues. What feels most important for us to focus on right now?",1,0,1,1,0,2,0.8333333333333334
dbqFCbXxwb0_37,I'll get that arranged on the schedule and get you in to see somebody.,I’m glad that feels helpful to you. It sounds like having that support could be a relief right now.,-1,-1,-2,0,0,1,-0.5
dbqFCbXxwb0_39,Thanks.,You’re welcome. It sounds like you’re taking an important step by getting connected with someone here.,-1,-1,-2,0,0,1,-0.5
iBp75KNuLb8_1,Well hello Susan.,It sounds like there’s a lot you may want to talk about today. What feels most important to start with?,-1,0,-2,0,0,1,-0.3333333333333333
iBp75KNuLb8_3,Good to see you today.,"Hello, Susan. How are you feeling today?",1,1,1,1,0,2,1.0
iBp75KNuLb8_5,So tell me what brings you in?,It sounds like you're wanting to make some changes because the anxiety has been affecting a lot of your life. What feels most important for us to understand first about how it shows up for you?,-1,0,-2,1,0,1,-0.16666666666666666
iBp75KNuLb8_7,"Okay, so tell me what that looks like for you, anxiety in those situations.","It sounds like the anxiety is really getting in the way for you, and you're feeling ready for some support with it. When you think about the times it shows up most strongly, what stands out to you?",-1,0,-2,0,0,1,-0.3333333333333333
iBp75KNuLb8_9,"So is it physical, or is it a lot of thoughts in your head?","That sounds really overwhelming, especially with the panic while driving and the anxiety around tests. What do you notice in those moments that feels hardest to manage?",1,1,1,1,0,2,1.0
iBp75KNuLb8_11,And what are the thoughts going on in your head?,"It sounds like you're experiencing both the racing thoughts and the physical symptoms, and that can feel really intense. When that happens, what tends to feel most distressing for you?",1,1,1,1,0,2,1.0
iBp75KNuLb8_13,"And so with the test, have you found that to be a problem as far as not being able to complete the test or not doing well?",It sounds like the fear of getting hit or not being able to remember is really taking over in those moments. What is it like for you to notice yourself freezing like that?,1,1,1,1,0,2,1.0
iBp75KNuLb8_15,So it sounds like we might need to find something that helps you in the moment.,"I hear that you know you can do better when the anxiety isn't so strong, and that it eases once the situation passes. What has that been like for you to live with?",-1,-1,-2,0,0,1,-0.5
iBp75KNuLb8_17,"Okay, well would you like to learn a skill?","It sounds like you really want something that can help you in the moment, especially since these situations can't be avoided. What feels most urgent for you about getting support with that?",-1,-1,-2,-1,-1,1,-0.8333333333333334
iBp75KNuLb8_19,"Okay, well there is something called grounding. Have you heard of that?",I hear that you're open and eager to learn something that could make a difference. What would it feel like for you if you had a skill that helped you in those moments?,1,1,1,1,1,2,1.1666666666666667
iBp75KNuLb8_21,"Being grounded is getting to a level place. For some people emotions get really intense, like your anxiety. Grounding tries to learn ways to bring that down to a calm place to deal with it.",That makes sense. It sounds like you're wanting something practical you can use in the moment when those group settings come up.,-1,-1,-2,0,0,1,-0.5
iBp75KNuLb8_23,"I'm going to introduce a grounding technique to you. It involves some deep breathing, closing your eyes, and getting into your senses. I have a script here to read to you. To begin, just relax and be as comfortable as you can. Rest your hands and just breathe. Try deep breathing where your chest rises and you breathe out. Now we're going to use the five senses. Close your eyes, listen to my voice, and notice all the sounds around you. Tell me what you hear.",I hear that—it sounds like grounding feels like it could be a helpful way to bring things down when your anxiety starts to rise.,-1,-1,-2,1,0,2,-0.16666666666666666
iBp75KNuLb8_25,Do you think you noticed that sound before I mentioned it?,"Okay, and as you notice that breath and the air from the vent, what do you notice happening in your body right now?",-1,-1,-2,0,0,1,-0.5
iBp75KNuLb8_27,Let's move on to smell. Do you smell anything in the room?,That’s interesting—you’re noticing it now as you focus on it. What do you notice about it as you keep paying attention?,1,1,1,1,0,2,1.0
iBp75KNuLb8_29,Okay. Open your eyes and let's talk about sight. List some things you can see in this room right now.,"It sounds like there isn’t much scent in the room, and you’re noticing the air itself. What comes up for you as you notice that?",1,1,1,1,1,2,1.1666666666666667
iBp75KNuLb8_31,What about the colors of what you see?,You’re noticing several things in the room now. What stands out to you most as you look around?,1,1,1,1,0,2,1.0
iBp75KNuLb8_33,"And when you first came here, did you notice those?",It sounds like you’re becoming more aware of the colors as you focus on them. How is it for you to notice them this way?,1,1,1,1,1,2,1.1666666666666667
iBp75KNuLb8_35,"Next is taste. In other situations you could eat a snack and savor the textures, but even without food you can taste the saliva in your mouth. Are there any tastes from this morning?","That makes sense—you may have seen some of it before, but now it feels more present because your attention is on it. What do you notice in yourself as you focus like this?",1,1,1,1,0,2,1.0
iBp75KNuLb8_37,"Finally, the sense of touch. Where your hands are right now, what are you feeling?",What do you notice about the tea flavor right now?,1,0,0,1,0,2,0.6666666666666666
iBp75KNuLb8_39,Put your hands on the couch and describe how it feels.,"And as you notice your hands there, what do you feel in them?",1,1,1,1,1,2,1.1666666666666667
iBp75KNuLb8_41,"Find something else, like your phone, and describe that.",It sounds like the couch feels both secure and comfortable to you. What do you notice as you stay with that feeling?,-1,-1,-2,-1,-1,1,-0.8333333333333334
iBp75KNuLb8_43,What about the paper there?,"That sounds a little hard, and you’re noticing the cushy case. What stands out to you about it?",1,1,1,1,0,2,1.0
iBp75KNuLb8_45,"Now, for a moment, get comfortable again and close your eyes. Take a deep breath three times. With your eyes closed, come up with a statement you can say to yourself when you're feeling anxiety. Something like 'I'll be okay.' Say it out loud.",You’re noticing a lot of texture there. What else do you notice as you hold the paper?,1,1,1,1,0,2,1.0
iBp75KNuLb8_47,Say your statement out loud.,That sounds like a supportive statement for you. What words feel most true to you right now?,1,1,1,1,1,2,1.1666666666666667
iBp75KNuLb8_49,Say it with confidence.,"I hear that, and it sounds like “I can do it” feels important to you. What do you notice as you say it?",1,0,-2,1,0,2,0.3333333333333333
iBp75KNuLb8_51,Open your eyes. We went through each sense as a distraction to focus your mind on details and help you calm down. It's important to breathe through it. How was that for you?,"You’re saying it with more confidence now. What do you notice in yourself as you say, “I can do it!”?",1,1,1,1,1,2,1.1666666666666667
iBp75KNuLb8_53,Was there a certain sense you found most helpful?,"It sounds like that really helped settle things for you, and you were able to shift your attention away from the anxiety for a bit. What was it like noticing that change in your body and mind?",1,1,1,1,0,2,1.0
iBp75KNuLb8_55,"Think about how we can use this when you're driving. You can't close your eyes, so what senses can you use?","That makes sense — seeing, hearing, and feeling seem to give you the most grounding. What do you notice about those senses that feels most calming for you?",1,1,1,1,0,2,1.0
iBp75KNuLb8_57,"Also, the sound of the road and cars going by.","It sounds like you’re already finding ways to adapt this to driving, and that feels encouraging. How does it feel to think about using music and the feel of the wheel in that moment?",1,1,1,1,0,2,1.0
iBp75KNuLb8_59,"With sight, focus on the car in front of you instead of being distracted by cars behind you.","You’re noticing that the music feels more soothing than just the road noise, and that seems important for you. What do you imagine would help you feel most settled while you’re driving?",-1,-1,-2,-1,-1,1,-0.8333333333333334
iBp75KNuLb8_61,What about when you're taking a test? What senses can we tap into there?,Okay. It sounds like you’re starting to picture how this could fit into real situations for you. What stands out to you about focusing on the car in front of you?,-1,-1,-2,-1,-1,1,-0.8333333333333334
iBp75KNuLb8_63,"Try to tap into hearing. Don't think about the function of typing, just the feel of the keyboard to be aware that it's there.",That’s a thoughtful way to bring the senses into a test setting. What do you notice when you imagine using those cues while you’re taking a test?,1,1,1,1,0,2,1.0
iBp75KNuLb8_65,"Next time you feel anxiety, try this. You can even take a five-minute break and dedicate one minute to each sense. Do it before you start a drive or a test. Remember your statement, 'I can do this.'","It sounds like you’re getting a clearer sense of the keyboard just by noticing it, rather than getting pulled into the pressure of typing. What was that experience like for you?",1,1,1,1,0,2,1.0
iBp75KNuLb8_67,When is the next time you could do this?,"I hear the confidence in that, and it sounds like saying it out loud gave it more strength. What does it bring up for you to hear yourself say, 'I can do this'?",1,1,1,1,0,2,1.0
iBp75KNuLb8_69,"How about before you even leave, while you're sitting in your car?",That sounds like a really practical way to use the skills you already have. How does it feel to be doing that kind of work now?,1,1,1,1,1,2,1.1666666666666667
iBp75KNuLb8_71,"That sounds like a good plan. We'll talk next week and see how it goes. Different situations might not need all the senses, so just focus on what calms you down.","That sounds like a lot to carry — your nursing, your children, and helping with the shop all at once. What was that time like for you?",1,1,1,1,0,2,1.0
iBp75KNuLb8_73,Thank you for coming in today.,"It sounds like you were stretched in so many directions, and still keeping everything going. What stands out to you most when you think back on those years?",1,1,1,1,0,2,1.0
jKIFMKsPMas_1,So I'd like to talk about being cognitively active. So you're retired now. What did you used to do?,It sounds like you’ve stayed very active and connected through church and the transport work. How has that been for you?,1,1,1,1,0,2,1.0
jKIFMKsPMas_3,Okay. And presumably that kept you very busy?,It sounds like nursing was a big part of your life for a long time. What did you enjoy most about it?,1,1,1,1,1,2,1.1666666666666667
jKIFMKsPMas_5,Several jobs.,"That sounds incredibly demanding, with so many responsibilities all at once. How did you manage through those years?",1,0,-2,1,0,2,0.3333333333333333
jKIFMKsPMas_7,"Wow. And do you do any, now that you're retired, do you do any voluntary work or anything else?",It sounds like you were carrying a huge amount and still holding things together for your family. What do you remember most about that period?,1,1,1,1,1,2,1.1666666666666667
jKIFMKsPMas_9,Signed you up?,It sounds like you’ve continued to find ways to be involved and helpful even in retirement. How has that felt for you?,1,1,1,1,1,2,1.1666666666666667
jKIFMKsPMas_11,Would you say that keeping busy is important to you?,"It sounds like staying active and involved has been a big part of who you are for a long time. What does that busyness give you, emotionally or personally?",1,1,1,1,1,2,1.1666666666666667
jKIFMKsPMas_13,Yeah. And have you always been like that?,"It sounds like being busy feels very natural to you, almost like part of your rhythm. What is it like for you when you do have a quieter moment?",1,1,1,1,1,2,1.1666666666666667
jKIFMKsPMas_15,Do you have a lot of social support?,"Yes, it sounds like that’s always been there for you. What do you think that says about you as a person?",1,1,1,1,1,2,1.1666666666666667
jKIFMKsPMas_17,"Yeah, international friends.","It sounds like you have a wide circle of support, and that connection has grown even more through Facebook and WhatsApp. What’s that been like for you?",1,1,1,1,1,2,1.1666666666666667
jKIFMKsPMas_19,And I believe that you are an Airbnb host?,It sounds like those connections really stretch across the world now. How does it feel to have that kind of reach with people?,1,1,1,1,1,2,1.1666666666666667
jKIFMKsPMas_21,Any invitations to visit?,That sounds like a lovely way to meet people from all over and keep those connections going. What is that experience like for you when guests leave and you stay in touch?,-1,-1,-2,-1,-1,1,-0.8333333333333334
jKIFMKsPMas_23,Wow. And you said you've got grandchildren and great-grandchildren.,Brazil sounds like it stands out for you. What is it about that invitation that feels meaningful?,1,1,1,1,0,2,1.0
jKIFMKsPMas_25,Do you think that intergenerational contact is important?,"It sounds like family is an important part of your life too, with grandchildren and great-grandchildren. What’s it like for you to think about that part of your family?",1,1,1,1,1,2,1.1666666666666667
jKIFMKsPMas_27,Why?,It sounds like that openness to saying yes has really been a meaningful part of how you live.,1,1,1,1,1,2,1.1666666666666667
jKIFMKsPMas_29,"And do you think that it also benefits them to spend time with people of different generations, different ages?","I hear how much that perspective has shaped you, and it sounds like you’ve found a lot of richness in learning from the younger generations.",1,1,1,1,1,2,1.1666666666666667
jKIFMKsPMas_31,Good for you.,"It sounds like being around different ages feels freeing for you, especially compared with how things were when you were growing up.",-1,0,-2,1,0,2,0.0
jKIFMKsPMas_33,Good philosophy.,"You really seem to embrace that openness, and it sounds like it brings you a lot of energy and enjoyment.",1,1,1,1,1,2,1.1666666666666667
jKIFMKsPMas_35,What's your view on nutrition and kind of having a so-called healthy diet?,"I hear that you hold a very broad, accepting view of life, while still having clear boundaries about some things.",1,0,-2,1,0,2,0.3333333333333333
jKIFMKsPMas_37,"I like that philosophy. How do you minimize the effects of stress? Do you have any techniques or if something stressful happens, is there anything particular that you do?","It sounds like you value moderation and not getting overly stressed, and that feels important to you.",1,1,1,1,1,2,1.1666666666666667
jKIFMKsPMas_40,"I think you're in your 70s now. Do you enjoy being in your 70s? What was your favorite period in life, if there's an answer to that?","It sounds like writing things down helps you get feelings out and feel more heard, especially when you’re frustrated or not feeling listened to.",1,0,-2,1,0,2,0.3333333333333333
jKIFMKsPMas_42,"Right. So do you think it makes a difference, kind of moving on from those responsibility kind of times of life, so when you are looking after your children, is that what you mean by you feel a sense of relief later?","It sounds like you’re feeling quite free from age as a label, and that being around others in their 90s brings a lot of laughter and ease.",1,1,1,1,0,2,1.0
jKIFMKsPMas_44,Suppress.,"It sounds like those early pressures left a strong mark on you, and there’s something freeing about being able to let some of that go now. What is it like for you to look back on that shift from all those expectations to where you are today?",1,1,1,1,1,2,1.1666666666666667
jKIFMKsPMas_46,I think it was either earlier this year or last year you did something quite big for a stranger.,You’re describing a real sense of relief alongside the weight of having carried so many roles for so long. And losing your husband so young sounds like it brought a whole new kind of fear and uncertainty into that reinvention.,-1,-1,-2,1,-1,1,-0.5
jKIFMKsPMas_48,In February this year? You donated a kidney to a stranger.,That sounds like a very significant and meaningful thing to have done. What was it like for you emotionally to decide to donate a kidney to a stranger?,1,1,1,1,1,2,1.1666666666666667
jKIFMKsPMas_50,Wow. How did you decide to do that or find out about that and then decide to?,"It sounds like you went through a lot of testing and uncertainty, and still felt clear that your reasons were right for you. I’m hearing both the seriousness of it and a sense of purpose in how you approached it.",1,1,1,1,1,2,1.1666666666666667
jKIFMKsPMas_52,And going through the transplant operation is quite a big thing to go through.,"There’s something very generous in the way you talk about doing something for someone else and how that gives back to you too. And the parachute jump sounds like another big, bold way of putting that into action.",1,0,-2,1,0,2,0.3333333333333333
jKIFMKsPMas_55,I think I've asked most things on my list that I wanted to talk about. Is there anything that you think that I've missed that is worth covering in terms of the theme of living well for longer?,It sounds like the process brought up both practical concerns and a sense of reassurance that you were doing something meaningful. What was it like for you to sit with the possibility that they might find something unexpected?,1,1,1,1,0,2,1.0
jKIFMKsPMas_57,"Oh, is that the plan? To raise money for Alzheimer's? Tandem jump out of a plane.","You seem to feel strongly that giving to others helps give life meaning, and that’s important to you. What does that idea of “not just taking up space” bring up for you personally?",1,1,1,1,1,2,1.1666666666666667
jKIFMKsPMas_59,Is there any advice that you would give to yourself aged 20 or any of our students?,"That sounds exciting, and maybe a little daring too. What does doing something like that at 80 mean to you?",-1,0,-1,1,0,2,0.16666666666666666
jKIFMKsPMas_61,Thank you.,"It sounds like you’re holding a pretty grounded perspective there — that life is a bit fleeting, and that not taking yourself too seriously can feel freeing. I hear a lot of humor and acceptance in what you’re saying.",-1,-1,-2,1,0,1,-0.3333333333333333
jlXmVqhaMds_1,"Emma, how you doing today?",Could you tell me a little more about what’s been on your mind today?,1,0,-2,1,0,2,0.3333333333333333
jlXmVqhaMds_3,Doing good? What's been going on?,I’m glad to hear you’re doing good. What’s been feeling most present for you lately?,1,1,1,1,0,2,1.0
jlXmVqhaMds_5,All right. Yeah. Tell me about that.,It sounds like this shopping habit is bringing up some anxiety for you. What’s it like for you when you notice that urge to have things in pairs?,-1,-1,-2,0,0,1,-0.5
jlXmVqhaMds_7,"All right. So when you go into a store, if you just have one thing you want to buy, one item you went there for, you'll buy a second item or even more? Or just second?",So there’s a real need for at least two items before you can feel okay leaving the store. What do you notice happening inside when it’s just one?,1,1,1,1,0,2,1.0
jlXmVqhaMds_9,"All right. So you have to leave having purchased a minimum of two. Or if you can't find something else, you won't buy it at all. So zero would also be acceptable.","I hear that it can be more than two, but two is the minimum. What does that rule feel like for you in the moment?",1,1,1,1,0,2,1.0
jlXmVqhaMds_11,Can't do one. Okay.,"It sounds like one item feels really hard to tolerate, even though zero is okay. What do you make of that difference for yourself?",1,1,1,1,0,2,1.0
jlXmVqhaMds_13,"And what happens, has there ever been an occasion where you've only purchased one thing?",So it really has to be two or more for you to feel able to buy anything. What’s that experience like emotionally when you’re in the store?,1,1,1,1,1,2,1.1666666666666667
jlXmVqhaMds_15,"So, and how long has this been going on?","So even there, you find a way to make it two items. It sounds like the anxiety is really strong in those moments.",-1,-1,-2,0,-1,1,-0.6666666666666666
jlXmVqhaMds_17,"Long time. Okay. So for all this period of time, you have successfully either purchased nothing or two or more items.","A long time. And when you think about it, it sounds like this has been a pretty persistent pattern for you.",1,0,0,1,0,2,0.6666666666666666
jlXmVqhaMds_19,How anxiety-producing?,"That sounds exhausting, having to manage that rule for so many years. What is it like for you when you notice yourself doing that?",-1,-1,-1,1,0,2,0.0
jlXmVqhaMds_21,"Do you know what would happen? Like, do you have a specific...","It sounds like the fear feels very real in the moment, like something bad could happen if you don't follow it.",1,1,1,1,1,2,1.1666666666666667
jlXmVqhaMds_23,"Okay, so something really, really bad would happen. So this is hurtful for you. This is causing you pain. And this would happen, this would really happen on any shopping trip where you just want one thing. You'd be reminded. So if you went in wanting more than one thing, it's not a problem, right?",So the thought is tied to some pretty frightening possibilities for you and your family. What is that experience like inside for you when you're faced with just one item?,1,1,1,1,1,2,1.1666666666666667
jlXmVqhaMds_25,All right. So how often does this happen where you are in a situation where you want to make a purchase of just one item and you have to change because of the anxiety?,"Right, so the distress shows up when it's only one thing you truly need. It sounds like that can make ordinary errands feel pretty painful.",1,1,1,1,1,2,1.1666666666666667
jlXmVqhaMds_27,How about like filling up your car at gasoline?,Daily. That sounds like it affects a lot of parts of your day. What is it like living with that kind of pressure so often?,1,1,1,1,0,2,1.0
jlXmVqhaMds_29,"So it has an effect at that level too. So you're thinking of it almost like the number of transactions has to be more than one? I mean, has to be two or zero?","So even then, you find a way to make it two. It sounds like the anxiety is still steering the moment for you.",2,1,1,1,1,2,1.3333333333333333
jlXmVqhaMds_31,That's one transaction.,"It sounds like the anxiety shows up very quickly around even ordinary purchases, and it’s tied to this sense that one item or one transaction doesn’t feel complete. What is that experience like for you in the moment when you notice it building?",-1,-1,-2,0,0,1,-0.5
jlXmVqhaMds_33,"Okay, so that's one product. And you need another product. So you really can't fuel your car without going inside the station store. Okay. So it doesn't matter that there's more than one gallon going in? Just because it's the same product.","So even with gas, it still feels like you need something else to make it feel right. I’m hearing that the number of items matters a lot to you, and that can make something simple feel complicated.",1,1,1,1,1,2,1.1666666666666667
jlXmVqhaMds_35,"So I could see now this, this would be more of a daily thing like you said, right? Because it applies to all transactions. So this is a fairly significant source of anxiety for you.","Exactly, so it’s not really about the amount of gas, it’s about needing a second product to make the transaction feel complete. That sounds like a very specific rule your anxiety is holding onto.",-1,0,-2,1,0,2,0.0
jlXmVqhaMds_37,So let's talk about that and help me to understand this better. So let's say that you went to a convenience store and you just had one thing in mind. What might be a potential item that you would buy?,"It sounds like this comes up so often that it becomes a significant part of your day, and you can really feel it building inside you. What do you notice in yourself when that anxiety starts to rise?",-1,-1,-2,0,0,1,-0.5
jlXmVqhaMds_39,"Gum. All right. So you want to go in and you just want to buy a pack of gum. That's all you really want. That's why you stop at the store. So you go in. Do you have any thoughts, we've talked in the past about automatic thoughts? These thoughts that just kind of come in. So are there any thoughts that are happening when you're walking into the store?","Gum. Okay. So even with something small and simple, there’s still that pressure to make it into two. What’s that like for you as you imagine going in just for the gum?",1,0,-2,1,0,2,0.3333333333333333
jlXmVqhaMds_41,"All right. So the thought is, 'What else can I get?' That's one of the first thoughts.","I hear that the thought starts with needing the gum, and then quickly shifts into worry about what else you have to get to make it two. That sounds like the anxiety takes over very fast.",-1,1,-2,1,0,2,0.16666666666666666
jlXmVqhaMds_43,It has to be two. That's another thought. So that thought's a little more demanding. So it has to be...,"It sounds like that “has to be two” thought feels very strong and demanding, almost like a rule you can’t ignore. What happens inside you when that thought shows up?",-1,-1,-2,1,1,2,0.0
jlXmVqhaMds_45,And then you said jumps right to the anxiety. So is the anxiety relieved if you can decide on a second item and you select it?,"I hear that there’s the first thought of “what else do I have to get,” and then it turns into “it has to be two.” That sounds really stressful, like the anxiety is pushing you toward something before you even have a chance to settle.",1,1,-2,1,0,2,0.5
jlXmVqhaMds_47,Okay. So it's relieved gradually. But it is relieved. And when's it completely gone?,"It sounds like once you can settle on that second item, the anxiety begins to ease a bit. What do you notice in yourself in that moment as it starts going down?",-1,-1,-2,0,0,1,-0.5
jlXmVqhaMds_49,"All right. So really the worst anxiety would be approaching the store, entering and that moment of uncertainty when you don't know the second thing that you're going to buy. All right. So that's really the target area.",So the relief seems to come when the transaction is finished and you're out of the store. I hear that the uncertainty before that point is the hardest part for you.,1,1,1,1,0,2,1.0
jlXmVqhaMds_51,"Okay. So if you could relieve that anxiety, that would be one of your goals. All right. So let's think about it this way. Do you know the reason that you do this? Do you have any guesses?","Yes, that makes sense — the uncertainty at the store seems to be the peak of it for you. What is that moment like for you, right when you're entering and haven't decided yet?",1,1,1,1,1,2,1.1666666666666667
jlXmVqhaMds_53,"All right. So you've been through some really tough times, to put it mildly. And what you're afraid of if you only buy the one item is something safety related happening.",It sounds like you're wondering whether those difficult experiences may be connected to this pattern. What feels most important to you about that possibility?,1,1,1,1,1,2,1.1666666666666667
jlXmVqhaMds_56,"So safety and security, they're at risk for you when you don't follow this rule. So if we think about it in terms of the cognitive model, we talk about the core beliefs and the intermediate beliefs. So the core belief here, do you have any thoughts on what it might be?","I hear that safety and security feel very tied together for you here, and that not buying the second item can bring up a real sense of danger. What is it like to notice that connection more clearly?",-1,-1,-2,-1,-1,1,-0.8333333333333334
jlXmVqhaMds_58,"I'm not okay, I'm not safe, I am vulnerable. Exposed to danger, so you're at risk.","That sounds like a painful belief to carry — that you're not okay and not safe. When you say that, what feelings come up for you?",1,1,1,1,1,2,1.1666666666666667
jlXmVqhaMds_60,"All right. So with that core belief, we move down to kind of like the assumptions, in this case the rule. All right. So the rule is, 'I can stay safe if I transact involving only two or more products.' All right. So that's your rule.",It sounds like that belief of being vulnerable and exposed really fits with how this has felt for you. What do you notice in your body or emotions as you say that?,1,1,-1,1,1,2,0.8333333333333334
jlXmVqhaMds_62,"And then when a situation presents itself, which would be an impending transaction, when they come together, what's that automatic thought?",I hear that this rule has been serving as a way to try to protect yourself. What is it like for you to hear it put into words like that?,-1,-1,-2,0,0,1,-0.5
jlXmVqhaMds_64,"So that's your automatic thought. And then what's the behavior that's a product of that automatic thought? You buy the second item. And the feeling, what's the feeling that follows that, that follows that purchase of two?","It sounds like that thought comes up very quickly for you in the moment. What do you notice in yourself when you hear, ""What else am I going to get?""",1,1,1,1,0,2,1.0
jlXmVqhaMds_66,"Relief. All right. Yeah. So can you see how the mechanism, what's happening to you could be explained through the cognitive model?","So there’s anxiety before the purchase, and then relief afterward. It sounds like that relief is a big part of what keeps the pattern going.",1,0,-2,1,0,2,0.3333333333333333
jlXmVqhaMds_68,"All right. So let's talk about the rule of two. Do you think that sitting here now, do you see a causal connection between purchasing two items and a safety or security breach or something bad happening?","You’re seeing how the pieces fit together, and that seems to make a lot of sense to you. What stands out most as you look at it through that lens?",1,1,-2,1,0,2,0.5
jlXmVqhaMds_70,"It's not a useful thought, maybe not a useful intermediate belief. So you recognize that, you appreciate that there's not a link between the purchasing behavior and safety in either direction, though, right? Meaning you realize that if you buy two, that doesn't necessarily keep you safe either. So you can't introduce safety or risk of being unsafe through your transacting behavior.",I hear you recognizing that the thought doesn’t really hold up logically. What is it like for you to say that out loud here?,-1,-1,-2,1,0,1,-0.3333333333333333
jlXmVqhaMds_72,Does that make sense?,"You’re able to see that buying two items doesn’t actually create safety, even though part of you may still feel pulled by it. What do you notice as you sit with that?",1,1,1,1,1,2,1.1666666666666667
jlXmVqhaMds_74,"Right. Safety or risk, they're not influenced by your behavior. But that's not what your mind is telling you. Right. That's not what your thoughts are telling you. Right. That's logical and you can sit here with me and you can say, 'Yeah, I don't see a link.'","It sounds like you can understand the logic, while another part of you still feels conflicted. What is that tension like for you right now?",-1,-1,-2,1,0,1,-0.3333333333333333
jlXmVqhaMds_76,"So let's talk about that moment. So in this moment, maybe a little anxious now, but you can kind of see how you can't protect yourself or cause harm to yourself or anyone else by buying two or failing to buy two. In the store or wherever you're making the transaction, different story. So let's go a different direction. I want you to kind of stay with me as I go through another scenario. Let's say that you forgot your credit card or cash or whatever, and you only have enough money for the gum and you want the gum. It's really important to you. So it's not something you want to turn into a zero.","I hear that the feeling is still very real, even when the logic doesn’t support it. That sense of impending doom sounds intense.",1,1,1,1,0,2,1.0
jlXmVqhaMds_78,"Okay. So you go into the store, you realize you only have enough resources to make the one transaction. So now walk me through the thoughts and the feelings.","It sounds like you’re trying to stay with the scenario, even though it brings up a lot. What comes up for you as you imagine that moment with only enough money for the gum?",1,1,-2,1,0,2,0.5
jlXmVqhaMds_80,"No, what do you think would happen?",It sounds like you're noticing both the urge to explain what you would normally do and the pull to stay with the scenario. What do you notice in yourself as you try to hold that moment?,1,1,1,1,1,2,1.1666666666666667
jlXmVqhaMds_82,Could you do it?,"That sounds very stressful, even if it isn't a full breakdown. I hear that the situation would feel difficult and activating for you.",1,1,1,1,1,2,1.1666666666666667
jlXmVqhaMds_84,"Okay. And that is one level of being able, but how about in terms of your thinking and your feeling?","So physically you could do it, and there’s still a lot of anxiety in the thinking and feeling. What do you notice about that anxiety as you imagine staying with it?",1,1,1,1,1,2,1.1666666666666667
jlXmVqhaMds_86,And what would happen? How much anxiety would you experience and would the anxiety fade off?,"I hear that you believe you could get through it somehow, even though it would feel hard. What is it like for you to say that out loud?",1,1,1,1,1,2,1.1666666666666667
jlXmVqhaMds_88,Tell me what you're feeling right now.,"It sounds like you expect the anxiety would eventually settle, but maybe more slowly than if you had done the other thing. What do you notice in your body as you think about that?",-1,-1,-2,0,0,1,-0.5
jlXmVqhaMds_90,"Are you worried, is it the kind of anxiety where you're worried that something catastrophic's going to happen?",Very anxious. I hear that clearly. What is the anxiety like right now as you sit with this?,1,1,1,1,0,2,1.0
jlXmVqhaMds_92,Okay. So even talking about a transaction of one can lead to anxiety connected to this safety and security thing. So you can trigger that without a transaction even pending.,Mm-hmm. It sounds like there’s a fear that something catastrophic could happen. What feels most threatening about that possibility?,1,1,1,1,1,2,1.1666666666666667
jlXmVqhaMds_94,"So it's really scary for you. Is it bearable, the anxiety you have now, is it bearable?",I hear that even being here and talking about it is enough to bring up that safety and security fear. What do you notice in this moment as you sit with me and say that?,-1,-1,-2,-1,-1,1,-0.8333333333333334
jlXmVqhaMds_96,Yeah. It doesn't feel good. What do you feel is going to happen? What's the anxiety about?,"It sounds like the anxiety is there, even if it’s bearable, and it still hurts. What feels most painful about it in this moment?",1,1,1,1,0,2,1.0
jlXmVqhaMds_98,"Okay, so it's not a safety and security, it's a concern about following through and buying one item.",You’re feeling pulled into the fear of what might happen if you only have enough for one item. What does that possibility bring up for you?,1,1,1,1,1,2,1.1666666666666667
jlXmVqhaMds_100,And I'm talking about breaking the rule. Yeah. It's scary for you.,"So the rule itself feels important, and breaking it feels hard to sit with. What is it like for you when you notice that rule coming up?",-1,-1,-2,0,0,1,-0.5
jlXmVqhaMds_102,"All right. So the anxiety you're experiencing right now in this moment with me, right? Be mindful of that. Keep that in your awareness. So is there something on your mind that you need to buy within the next couple days?",It sounds like there’s both the anxiety about breaking the rule and the fear of what the consequence could be. What feels most intense about that for you?,1,1,1,1,1,2,1.1666666666666667
jlXmVqhaMds_104,Coffee. Hmm. And that's a transaction of one.,"Coffee feels like something you need to buy soon, and that brings the anxiety right into the present. What happens inside when you think about that purchase?",1,0,0,1,0,2,0.6666666666666666
jlXmVqhaMds_106,You'll get something else. Okay. Understandable. But what if I challenged you to a behavioral experiment?,So part of you wants to avoid the “one item” feeling by adding something else. What is that like for you as you notice it?,1,1,1,1,1,2,1.1666666666666667
jlXmVqhaMds_108,Can you guess what that might be?,I hear that you’re open to it. What comes to mind when you imagine that experiment?,1,0,1,1,0,2,0.8333333333333334
jlXmVqhaMds_110,"Yeah, to buy one, to buy one cup of coffee and then leave. So what are the possible things that could happen? Knowing that logically you can't connect it to a safety thing. Now you might be anxious about that and that's real, that anxiety is real, but knowing that the event isn't prevented or caused by the transacting behavior.",It sounds like that’s the idea that comes up for you. What do you notice in yourself as you think about buying just one coffee?,1,1,1,1,0,2,1.0
jlXmVqhaMds_112,"Let's go through what happens. So you buy the coffee, you're really anxious, right? But let's say you follow through and buy the cup of coffee and you leave. Nothing, it doesn't change the safety and security aspect. What is different about that than if you bought two items?","That makes sense. It sounds like the anxiety would be there, but you can also see that it would likely pass if you stayed with it.",-1,-1,-2,0,0,1,-0.5
jlXmVqhaMds_114,Would it go away?,"Right, and you're noticing that the anxiety is the main difference, not the safety outcome. What do you imagine you'd need to tell yourself in that moment to get through it?",1,1,-2,1,0,2,0.5
jlXmVqhaMds_116,So it'd be a more painful experience to buy the one. But it wouldn't actually harm you in terms of the safety and security. But it would cause you more internal anxiety. Exactly. So what would happen if you did it again?,"That feels important. You're saying the anxiety would likely come down, even if it feels intense at first.",-1,0,-2,0,0,2,-0.16666666666666666
jlXmVqhaMds_118,Could be. What if you did it a hundred times?,So you're seeing that repeated experiences might change how strong the anxiety feels over time. What do you notice as you think about that possibility?,1,1,1,1,0,2,1.0
jlXmVqhaMds_120,"Anxiety would get old. So really what you're doing is you're conditioning, you'd be conditioning yourself, right, to surviving just buying the one item.","It sounds like part of this is about the anxiety getting less powerful, and part of it is about the practical side too. What stands out to you most about that?",1,1,1,1,0,2,1.0
jlXmVqhaMds_122,"It would be some financial advantages to it certainly, yeah. And there'd be a freedom advantage too, which is the freedom to buy any number of items.",You're noticing both the emotional and financial sides of this. How does it feel to think about having more freedom around that choice?,2,1,-2,1,1,2,0.8333333333333334
jlXmVqhaMds_124,"So what, what scenario of purchasing could you see yourself being most likely to follow through with this? I guess would there be another item that would be easier to actually follow through, like for example the gasoline because you'd be at your car, you'd buy the gasoline and you'd leave.",That sounds appealing to you. It seems like the idea of freedom is really meaningful here.,-1,-1,-2,0,-1,1,-0.6666666666666666
jlXmVqhaMds_126,"Would that be, do you think that'd be easier to actually be successful?",It sounds like gasoline feels more manageable because there are fewer triggers in the moment. What is it like for you to notice that difference?,1,1,1,1,0,2,1.0
jlXmVqhaMds_128,"All right. So we would consider that kind of a step in a direction that would result in fewer symptoms. And maybe another step in the future would be to go into the store and buy one, but let's not, let's not do that. Okay. Let's stick with the gasoline.","It sounds like that feels more manageable for you, especially with the gas tank and not having to walk into the store. What do you notice in yourself as you picture doing it that way?",1,1,1,1,1,2,1.1666666666666667
jlXmVqhaMds_130,You feel like you could succeed with that experiment.,"That makes sense — it feels like a simpler, more contained step, and that seems to bring some relief. How are you feeling about it right now as you say that?",1,1,1,1,0,2,1.0
jlXmVqhaMds_132,"Are you afraid with the coffee that you might just end up buying two things? All right. So let's go with the fuel in your car. So the next time that your car needs fuel, go in, buy the fuel, drive away.","You’re feeling a bit more confident, and also aware that you’ll really know once you’re in the situation. What stands out to you about choosing the gas over the coffee?",1,1,1,1,0,2,1.0
jlXmVqhaMds_134,So how's your anxiety now?,It sounds like the pay-at-the-pump option makes this feel even more doable for you. What is it like to imagine that experience from start to finish?,1,1,1,1,1,2,1.1666666666666667
jlXmVqhaMds_136,"Better than it was a few minutes ago. Yeah. Yeah. But mostly because the experiment that we're talking about is a little easier. All right. And because I think like the insight that you gave me on I hadn't connected all the dots, so that was very helpful.","I hear that there’s some relief there, and the anxiety has come down a little. What feels most reassuring about this plan for you?",-1,-1,-2,1,0,1,-0.3333333333333333
jlXmVqhaMds_137,"All right, so as you're trying to kind of push through this experience of just fueling the car, you're going to have those thoughts still come up. And the adaptive response could be something like 'I know this won't actually have a consequence in the real world.' Does that make sense?","It sounds like the easier setup is helping you feel a bit calmer, and you’re also feeling understood in a way that matters. What was it like to have that insight noticed here?",1,1,1,1,1,2,1.1666666666666667
jlXmVqhaMds_139,"So there's a few things I'm asking you to do, right? One is to just buy gasoline when you need it and only buy gasoline. And at the same time when those thoughts come up to respond to them with the adaptive responses.",That makes sense. It sounds like you’re able to hold onto that response as you think about the situation. What do you notice when you say it out loud?,1,1,-2,1,0,2,0.5
jlXmVqhaMds_141,"Pair them together. 'I know this won't have a real consequence in reality,' that could be one. 'I know that I can tolerate the anxiety.' And maybe another adaptive response would be 'This is painful for me, but if I can be successful here, maybe I can get rid of the anxiety someday.' Keeping your eye on moving up to coffee and other behavioral goals. Does that make sense?","You’re getting the idea of pairing those two pieces together, and it sounds like that feels clear to you. What feels most important to you about doing it that way?",1,1,1,1,0,2,1.0
jlXmVqhaMds_143,"So we're kind of attacking the anxiety from a lot of different angles here. And my hope is that the more we can replicate the behavior of just buying one item, the more your anxiety will decrease. So do you, do you believe that you could succeed with this?","It sounds like that really resonates with you, and you’re feeling some confidence about trying it. What stands out to you most about what makes this feel like the right time?",1,1,1,1,1,2,1.1666666666666667
jlXmVqhaMds_145,"Well that can be very positive. What I detected there was courage. You're ready to say I've had enough and you're ready to take the anxiety on. That can be a positive adaptive response, like being assertive and saying almost like you're talking to the anxiety in a way, but I'm, I'm not going to let you beat me this time. That's what you'd be saying to the anxiety.","I hear that you’re seeing this as a challenge, and also as something you’re ready to face. What do you notice in yourself when you say, “it’s time”?",1,0,-2,1,0,2,0.3333333333333333
jlXmVqhaMds_147,So make a note of all these and you can use the same one more than once. But keep applying them as needed through the whole process until you're home. You've permanently recorded just buying the one thing. So that's a victory.,"That sounds like a strong, courageous response, and I can hear how much you like that framing. What is it like for you to imagine speaking to the anxiety that way?",1,1,-2,1,0,2,0.5
jlXmVqhaMds_149,So do you foresee needing to get gas between now and next week?,"It sounds like you’re really recognizing this as a meaningful step, almost a real win for you. What feelings come up when you think about that victory?",1,1,1,1,0,2,1.0
jlXmVqhaMds_151,"So if you could try that out and if you could record kind of in the moment, the experience in terms of your feelings at different stages, that would be helpful. Write them down right in the moment, that'll be the most accurate record. And that also I think is therapeutic in a way, you're documenting the experience and bring that in.","I hear that you know you’ll be facing this again soon, and there’s a mix of practicality and pressure in that. What’s it like to think about needing to do that between now and next week?",0,0,-2,0,0,2,0.0
jlXmVqhaMds_153,All right. So try that out and make an appointment and I'll see you next week and we'll go over the different stages and everything and see how we did. Thanks Emma.,"It sounds like you’re open to tracking the experience as it happens, and that feels doable to you. What do you imagine you might notice in yourself at different points?",1,1,1,1,1,2,1.1666666666666667
la5VCuaPi2w_1,"Hi Jason, how you doing today?",It sounds like there may be more you were hoping to talk about today. What feels most important for us to focus on right now?,-1,0,-2,0,0,1,-0.3333333333333333
la5VCuaPi2w_3,You're alright?,"I’m glad you’re here, and it sounds like you’re feeling mostly okay today. What’s been on your mind lately?",1,1,1,1,0,2,1.0
la5VCuaPi2w_5,Just here?,"It sounds like you’re feeling pretty settled in being here, even if it’s a little hard to put into words. What’s been going on for you lately?",1,1,1,1,1,2,1.1666666666666667
la5VCuaPi2w_7,I understand that you were in the hospital a couple weeks ago.,"It sounds like you’re here, but maybe not feeling like saying much right now. What’s this moment like for you?",1,1,1,1,0,2,1.0
la5VCuaPi2w_9,Can you tell me about it?,"I hear that you were hospitalized after something happened, and it sounds like that was a significant experience. What feels most important for me to understand about what led up to that?",0,0,-2,1,0,2,0.16666666666666666
la5VCuaPi2w_11,What do you think the government was trying to do?,"It sounds like you were trying to protect yourself and your family, and that the police and hospital felt like part of the government coming after you. What was that experience like for you in the moment?",1,1,1,1,1,2,1.1666666666666667
la5VCuaPi2w_13,And tell me about your room. What are you doing there that makes that special?,"It sounds like you feel strongly that you were protecting your family and creating something important, and that others were trying to stop you. What does that mean to you?",1,1,1,1,1,2,1.1666666666666667
la5VCuaPi2w_15,Is that how you were feeling when you were building it?,"I hear that the room and the wave neutralizer felt very meaningful to you, and that you put a lot of energy into it. What was it like for you to be so focused on that project?",1,1,1,1,1,2,1.1666666666666667
la5VCuaPi2w_17,So you had a period of time where you had like a lot of energy and you weren't really sleeping much?,"It sounds like you had a lot of energy, needed very little sleep, and felt very close to finishing something important to you. What was that time like for you emotionally?",1,1,1,1,0,2,1.0
la5VCuaPi2w_19,You were also happy and felt satisfied?,"It sounds like those two weeks felt very intense and energized for you, and maybe it feels normal from your perspective. What was it like for you to be sleeping so little during that time?",1,1,1,1,0,2,1.0
la5VCuaPi2w_21,And how do you feel now in comparison?,"It sounds like that period felt incredibly energized and meaningful for you, almost like everything was clicking into place. What was it like for you when your neighbor called the cops and that momentum got interrupted?",1,1,1,1,0,2,1.0
la5VCuaPi2w_23,So not happy. How about sad?,"I hear that things feel much more muted now, almost like the intensity and excitement have dropped away. What has that shift been like for you emotionally?",1,1,1,1,1,2,1.1666666666666667
la5VCuaPi2w_25,Do you want to get back to that happiness?,"It sounds like you’re describing a kind of middle ground right now, neither especially up nor especially down. What does that in-between feeling feel like for you day to day?",1,1,1,1,0,2,1.0
la5VCuaPi2w_27,"The machine? Yeah. Now, you mentioned you'd ordered some products online. How much did you order?","It sounds like getting back to that happiness feels really important to you, and the machine represents a lot of hope. What does finishing it mean to you?",-1,0,-2,1,0,2,0.0
la5VCuaPi2w_29,He would have been affected by your machine.,"I hear that the number and the hard drives felt very purposeful to you, like they were part of making things better for you and the people around you. What was going through your mind when you decided to use your mother’s credit card?",1,1,1,1,0,2,1.0
la5VCuaPi2w_31,Were all those hard drives fairly expensive?,It sounds like you were trying to make sense of the situation in a way that still fit with your goal of helping everyone. What was it like for you when your neighbor wasn’t able to be part of that anymore?,1,1,1,1,1,2,1.1666666666666667
la5VCuaPi2w_33,How'd your mother respond to that?,"I hear that you were feeling driven and focused on getting everything you needed, and that using your mother’s card felt connected to wanting to make her happy. What was it like for you to think about the cost of all of that?",1,1,1,1,0,2,1.0
la5VCuaPi2w_35,Is that a strained relationship?,"It sounds like your mother’s reaction brought some tension into this, and maybe some disappointment too. What was it like for you when she said she wasn’t too happy with you?",1,1,1,1,1,2,1.1666666666666667
la5VCuaPi2w_37,You get along okay with her?,"It sounds like there’s a lot of tension there, even if you see it as normal for the two of you. What is it like for you when your mom comes into your space and the balance feels disrupted?",-1,-1,-2,0,0,1,-0.5
la5VCuaPi2w_39,And you mentioned that they changed your medications in the hospital.,"It sounds like you and your mom have a way of keeping some distance that feels workable for you. I’m hearing that when that balance shifts, it brings up unhappiness for you too.",-1,-1,-2,0,0,1,-0.5
la5VCuaPi2w_41,The government? How are you feeling about taking your medications?,"That sounds important to you, and it seems like the medication change feels connected to a lot of bigger concerns. What has that been like for you emotionally?",-1,-1,-2,0,0,1,-0.5
la5VCuaPi2w_43,I see you really want to get back to working on that machine.,It sounds like taking the medication feels tied to wanting to keep control and protect your progress on the wave generator. What is it like for you to feel that the government has that kind of power?,1,1,1,1,0,2,1.0
la5VCuaPi2w_45,Have you found yourself as motivated these last couple weeks as you were before you were hospitalized?,It sounds like getting back to the machine feels like getting back to yourself and to a place that feels good. What is it about that “happy place” that matters most to you?,1,1,1,1,0,2,1.0
la5VCuaPi2w_47,You still want to get that done. It's important to you.,"I hear that you still believe it will get done, even if the timing feels uncertain right now. What has been getting in the way of that motivation lately?",1,0,-2,1,0,2,0.3333333333333333
la5VCuaPi2w_49,"Alright, Jason. I'd like you to continue seeing a counselor here. Have you found the counseling to be helpful?","It sounds like this is deeply important to you, and that feeling controlled by the government is really upsetting. What is that like for you when you think about it?",-1,1,-2,1,0,2,0.16666666666666666
la5VCuaPi2w_51,It's been okay?,"It sounds like the counseling has been somewhat okay for you so far. What has felt helpful about it, if anything?",-1,-1,-2,0,0,1,-0.5
la5VCuaPi2w_53,"Alright, well continue with counseling and I hope that that can help you a bit. I appreciate you spending this time with me and explaining what happened.","It sounds like having that sense of privacy matters a lot to you, and that the counseling has felt at least somewhat okay so far. What has felt most helpful about it for you?",1,1,-2,1,0,2,0.5
lrnkEQRUyJM_1,"Vanessa, hi. It's nice to see you again.",It’s nice to see you too.,-1,0,-2,0,0,1,-0.3333333333333333
lrnkEQRUyJM_3,Yeah. How are you?,I’m glad to hear that things have been settling down a bit. What’s been feeling different lately?,1,1,1,1,0,2,1.0
lrnkEQRUyJM_5,"Yeah. The last time we saw things were pretty chaotic and hectic when you were being released from the hospital, discharged from the hospital about a week ago. How's your injury? How's your arm?","It sounds like you’ve been carrying a lot, and the pain is still very present even as you’re trying to keep going. What has that been like for you day to day?",1,1,1,1,1,2,1.1666666666666667
lrnkEQRUyJM_7,So you've been trying to stay busy.,"You’ve been trying to stay focused on your church duties and your kids, even while you’re in pain. What’s it been like to keep pushing through like that?",-1,-1,-2,0,-1,1,-0.6666666666666666
lrnkEQRUyJM_9,How are your kids doing?,"It sounds like there’s a lot pulling at your attention, and it may feel hard to make space for yourself when so many other things feel urgent. What is that like for you?",-1,-1,-2,1,0,1,-0.3333333333333333
lrnkEQRUyJM_11,"Yeah. I imagine that there's some period of readjustment and healing and sadness, or as in... it sounds like also just trying to get things done.","It sounds like your kids have been affected by everything too, and that the older ones stepping in has brought some relief. How has it been for you to see them adjusting?",-1,-1,-2,0,0,1,-0.5
lrnkEQRUyJM_13,"So you're taking care of a lot of people while trying to take care of yourself. I really appreciate you showing up today. Last time, you talked about how important it is for you to do what you can to keep your kids and yourself safe. I was wondering if you'd be interested in talking more about that today.","It sounds like you’re trying very hard to hold everything together and keep moving, even while there’s a lot happening between you and Paul. What feels hardest about that for you right now?",1,1,1,1,1,2,1.1666666666666667
lrnkEQRUyJM_15,So you were scared. It sounds like you were scared.,It sounds like you’re wanting to think carefully about what feels safest and most workable for you and your kids. Where would you like to start with that today?,-1,-1,-2,-1,-1,1,-0.8333333333333334
lrnkEQRUyJM_17,"So a lot of things were turned upside down. When you say it was scary, I hear you saying it was scary for your safety, but also because all these other disruptive elements were put in motion.","That sounds terrifying, and also really overwhelming with so many people weighing in at once. What has that been like for you to carry?",1,1,1,1,1,2,1.1666666666666667
lrnkEQRUyJM_19,So a lot of people have some ideas about what you should be doing.,It sounds like you were dealing with fear on top of a lot of pressure and disruption from everyone around you. What feels most important for us to understand about that experience?,1,1,1,1,1,2,1.1666666666666667
lrnkEQRUyJM_21,Say more about that. Why don't you want to call the police or get a restraining order?,"I hear that you’re feeling pushed by other people’s opinions, and that doesn’t feel okay to you. What feels most true for you in all of this?",1,1,1,1,1,2,1.1666666666666667
lrnkEQRUyJM_23,It sounds like that was a very scary experience and moment for you.,"It sounds like your fear is tied not only to what happened with Paul, but also to how the police might treat him and what that could mean for your family. What was that like for you in that moment?",1,1,-2,1,1,2,0.6666666666666666
lrnkEQRUyJM_25,"And given that experience, it sounds like you're maybe not as inclined to think about calling the police again.","I hear how much being a good mom matters to you, and how this situation is bringing up a lot of fear and responsibility. What does being a good mom mean to you in this moment?",-1,-1,-2,1,1,1,-0.16666666666666666
lrnkEQRUyJM_27,And that's what you'd like to talk about today: alternatives to calling the police.,It sounds like you’re trying to hold onto your own judgment while also keeping your family in mind. What are you hoping those other options might look like?,-1,-1,-2,-1,-1,1,-0.8333333333333334
lrnkEQRUyJM_29,"Well, what have you thought about so far? What other ideas do you have about what you might do in a serious moment where you're scared for your well-being and that of your kids?",Absolutely. What alternatives have been on your mind so far?,1,1,0,1,0,2,0.8333333333333334
lrnkEQRUyJM_31,Okay. So your minister is someone you're thinking about talking to about what's going on in your relationship. What would you like to tell your minister?,"It sounds like your minister could be someone you trust to hear the fuller truth, and that feels important to you. What do you imagine it would be like to tell him about the threats and the violence?",1,1,0,1,0,2,0.8333333333333334
lrnkEQRUyJM_33,You feel like you've been keeping some significant information from him. What would be some reasons why you would tell him these things? What might be some advantages?,"That sounds like a lot to carry on your own, and you’re wanting someone who can really understand the seriousness of what’s been happening. What feels most important for him to know first?",1,1,1,1,0,2,1.0
lrnkEQRUyJM_35,So it's someone that you trust and have a relationship with. In what ways has he been helpful?,"It sounds like his support has mattered to you over the years, and that he may be someone who can hold this with care. What stands out to you about the ways he’s been helpful before?",-1,-1,-2,-1,-1,1,-0.8333333333333334
lrnkEQRUyJM_37,"Your pastor is able to see him as a whole, complicated human being like you do. What would be another advantage to talking to your pastor, in addition to trust and Paul listening to him?","You’re noticing that he may be able to see Paul in a way that feels more balanced to you, and that matters. What else feels important about having him involved?",1,1,1,1,1,2,1.1666666666666667
lrnkEQRUyJM_39,So your pastor's home actually might be a physically safe place for you all to go to.,It sounds like safety is a big part of why his home feels like a possible place to go. What is it like for you to think about having somewhere that might feel calmer?,-1,-1,-2,-1,-1,1,-0.8333333333333334
lrnkEQRUyJM_41,"You've said that a few times now, that things got out of control. Tell me a little bit more about what that was.","I hear how intense and frightening that was, and how much the aftermath stayed with you. What was that experience like for you emotionally after the police were called?",1,1,1,1,1,2,1.1666666666666667
lrnkEQRUyJM_43,"So not only was it scary in the heat of the moment, but the fallout was scary as well. So going to your pastor's might be an advantage. Are there any disadvantages to talking to your pastor?","That sounds terrifying, especially with your son involved and the threats that were made. What feels most present for you when you remember that night?",1,1,-2,1,0,2,0.5
lrnkEQRUyJM_45,So this could really be a significant trigger.,It sounds like you’re worried that telling your pastor could put you at risk if Paul finds out. What feels most concerning to you about his reaction?,1,1,1,1,1,2,1.1666666666666667
lrnkEQRUyJM_47,"It's a difficult situation. There's potential advantages, but also significant risk. When you think about the pros and the cons, where do you go with that?","It sounds like you’re weighing a real fear of his reaction against the need to do something different, and that feels very serious. What feels most important to you as you think about taking that step?",1,1,1,1,1,2,1.1666666666666667
lrnkEQRUyJM_49,You're really concerned. A part of you is worried about the next time and you feel like it's a risk you're willing to take given what is at stake—your life and your children's lives.,You’re feeling that the situation has reached a point where staying the same doesn’t feel possible anymore. What feels like the biggest reason you’re willing to take that risk now?,1,1,1,2,1,2,1.3333333333333333
lrnkEQRUyJM_51,Would it be alright if I offered a suggestion regarding kids and safety planning? Other moms have had a conversation with their kids about identifying a safe person to call or run to in the moment if things get really out of hand. What are your thoughts on that?,"I hear how much is at stake for you, and how much you want to protect your children while also figuring out something that can work for Paul. What feels most urgent to you right now?",-1,0,-2,1,0,2,0.0
lrnkEQRUyJM_53,So you see this as a way of having him turn away from a violent situation as opposed to turning into it.,"It sounds like you see this as a way to give your son a safer role, instead of putting him in the middle of the violence. What feels important to you about helping him have that option?",1,1,-2,1,0,2,0.5
lrnkEQRUyJM_55,You're identifying things you have control over: talking to your minister and having a conversation with your son. I'm confident you'll be able to put a plan together that works. I'm here to support you and can follow up in a few days.,You’re really wanting your son to have a way to protect himself and the family without getting hurt in the process. What comes up for you when you imagine having that conversation with him?,-1,-1,-2,1,0,1,-0.3333333333333333
lrnkEQRUyJM_57,Thanks for your time.,"It sounds like you’re feeling some relief and support in having a couple of concrete places to start, and that matters to you. How are you feeling as we talk about putting that plan together?",1,1,1,1,0,2,1.0
o2Cv6Mlp3KY_2,"All right, so let's, if we could, let's talk about the moment in the presentation again. I want to try to help you develop some strategies to bring those anxiety symptoms down.","I hear that you’re feeling overwhelmed by the anxiety in that moment, and you want some help making it feel more manageable. What do you notice happening in your body when you think back to that presentation?",1,1,1,1,0,2,1.0
o2Cv6Mlp3KY_4,"Let's actually go right before the moment. So you're still sitting down and you're getting ready to present, let's just say you're second to present like we've talked about, and you're thinking they're going to see me as anxious, they're going to think I don't belong here.",,-1,-1,-2,-1,-1,-1,-1.1666666666666667
o2Cv6Mlp3KY_5,"So these thoughts occur because you have an expectation, a rule, an attitude that you've brought into that class. It's perfectly natural, everyone has these beliefs. They combine with the stressor of the presentation and classmates watching, and result in these automatic thoughts.","It sounds like in that moment your mind goes straight to being watched and judged, and your body reacts really quickly. What do you notice happening inside you right as that thought shows up?",1,1,1,1,1,2,1.1666666666666667
o2Cv6Mlp3KY_7,"And just like the beliefs, they're not good or bad, they're just thoughts. Actually, they're fairly understandable and natural thoughts.","That makes sense — those thoughts can feel very automatic when the pressure is on. As you sit with that, what do you notice in your body or in your attention?",1,1,-2,1,0,2,0.5
o2Cv6Mlp3KY_9,"The problem is that they lead to symptoms. You're sitting there and thinking, 'They're going to see that I'm anxious. They're going to think I'm not good enough.' What reaction do you have when you have that thought?","Mhm, so the thought feels understandable to you, even if it’s uncomfortable. What happens next for you when that thought starts to settle in?",1,1,1,1,1,2,1.1666666666666667
o2Cv6Mlp3KY_11,"Okay, so distressing symptoms.","It sounds like your body goes into a kind of alert mode, with the sweating and scanning around for signs that people are noticing you. What is that experience like for you in the moment?",1,1,1,1,1,2,1.1666666666666667
o2Cv6Mlp3KY_13,What's something that you could say to yourself in that moment that would maybe get in between that thought and that reaction?,"So there’s a lot of tension and vigilance there, and it feels distressing. What do you notice you need most in that moment?",1,1,1,1,0,2,1.0
o2Cv6Mlp3KY_15,"Okay. So some deep breathing, looking over your notes, kind of focusing on that and realizing they're not really looking at you anyway at that moment. You bring your notes with you to class?","It sounds like you’re already finding a thought that feels a little more balanced, and that there are ways you try to steady yourself. How does it feel to say that to yourself?",1,1,1,1,1,2,1.1666666666666667
o2Cv6Mlp3KY_17,"Okay, so you always have those with you. And it's just a matter of can you focus your attention on them?","That sounds like you have some concrete materials with you, and the challenge is being able to stay focused on them when the anxiety rises. What is it like for you when you try to do that?",1,1,1,1,1,2,1.1666666666666667
o2Cv6Mlp3KY_19,"And if you're focusing on that and thinking about that, you're not thinking about whatever they might be thinking about. And how about the deep breathing? Is that a strategy you've tried before?","It sounds like the focus is there, and the worry is more about holding onto it under pressure. What do you notice happens when you try to keep your attention on those cards?",1,0,1,1,0,2,0.8333333333333334
o2Cv6Mlp3KY_21,"So you've been able to do it sometimes, just not often.","It sounds like when the panic hits, it becomes really hard to remember to use the breathing in the moment. What is that like for you when you notice yourself getting overwhelmed?",1,1,1,1,1,2,1.1666666666666667
o2Cv6Mlp3KY_23,All right.,"So it’s something you can do sometimes, but it doesn’t feel steady or reliable yet. What do you notice gets in the way most when you’re trying to use it?",1,1,1,1,1,2,1.1666666666666667
ofnnuwscA1Y_1,"Hello, Alyssa.",,-1,-1,-2,-1,-1,-1,-1.1666666666666667
ofnnuwscA1Y_3,It's good to see you today. I'm glad you could see me. So tell me a little bit more about why you're here.,"Hello, Alyssa. How are you feeling about being here today?",1,1,1,1,0,2,1.0
ofnnuwscA1Y_5,So who told you to come here for it?,"It sounds like anger has been causing a lot of trouble for you, and that’s part of what brought you here. What has that been like for you lately?",-1,-1,-2,-1,-1,1,-0.8333333333333334
ofnnuwscA1Y_7,"You're not excited about being here. Yeah, I hear you. Well, what is your objective? What do you want out of this today?","I hear that this isn’t really your choice, and that can make it feel pretty different to be here. What’s this experience been like for you so far?",1,1,1,1,1,2,1.1666666666666667
ofnnuwscA1Y_9,Okay. And maybe manage that a little bit better.,"It sounds like you’re wanting some relief from how intense the anger feels, even if other people have been pushing you toward this. What do you think gets stirred up for you when you start to feel mad?",-1,-1,-2,-1,0,1,-0.6666666666666666
ofnnuwscA1Y_11,"Okay. Tell me, um, is it school you're getting mad, is it home you're getting mad, is it friends? Tell me about that a little bit.",It sounds like you’re wanting to understand your anger a little better and find a way to feel less overwhelmed by it. What feels most important for us to focus on today?,-1,-1,-2,-1,-1,1,-0.8333333333333334
ofnnuwscA1Y_13,"Okay. Before we get into this a little bit, I'd like to tell you a little bit about your brain. Have you ever heard of the amygdala? It's known as the alarm center. It normally indicates fight, flight, or freeze.","It sounds like the anger shows up pretty strongly in both places, and it’s affecting your relationships and school. What do you notice in yourself right before it starts to build?",-1,-1,-2,0,0,1,-0.5
ofnnuwscA1Y_15,"Okay, you're a fighter. Tell me an example when the alarm is going off and you are really angry.","Yeah, that fighter part sounds really active for you. What is it like for you when that alarm goes off?",-1,-1,-2,0,0,1,-0.5
ofnnuwscA1Y_17,Okay. And that was just yesterday?,"That sounds like a really intense moment, especially with your mom, and it ended in punching the wall. What was happening for you in that moment right before it escalated?",1,1,1,1,1,2,1.1666666666666667
ofnnuwscA1Y_19,"Okay. Your mom asked you to do something, she pestered you, and it escalated until you punched a wall. Tell me about a situation at school when your alarm center is going off.","It sounds like that happened very recently, and it’s still pretty fresh. What stands out to you most when you think about it now?",1,1,1,1,1,2,1.1666666666666667
ofnnuwscA1Y_21,I see. Teacher's calling you out and you respond with a lot of anger and cursing. Is there any time when there's anxiety happening before the anger comes out?,"So at school, being called out in front of everyone seems to really set things off for you. What do you notice in your body or thoughts when that happens?",-1,1,-2,1,1,2,0.3333333333333333
ofnnuwscA1Y_23,"Like, if you ever get anxious where you just kind of freeze? Or is yours a more reactive fight or lash out?","I hear that the word feels unclear. When you think about getting really worked up, do you notice any feeling of tension, worry, or being on edge before the anger comes out?",1,1,1,1,0,2,1.0
ofnnuwscA1Y_25,Okay. I want to help you monitor and control the anger reactions using a technique called Stop. S-T-O-P.,"It sounds like it comes on fast, almost like there isn’t much pause before you react. What is that experience like for you?",1,1,1,1,0,2,1.0
ofnnuwscA1Y_27,Knowing that you need that is a really big step. I'm hearing you say that you want to make a change and that's really huge.,"You’re open to it, even if you’re not sure how well it’ll work for you yet. What feels most important to you about trying something like that?",1,1,1,1,1,2,1.1666666666666667
ofnnuwscA1Y_29,Okay. Let's try this technique this week. It only takes about one minute for when you feel that anger rising in the heat of the moment.,"It sounds like the anger comes on really fast for you, almost before you have a chance to think. What do you notice in your body or in the situation right before it starts to build?",-1,0,-2,0,0,2,-0.16666666666666666
ofnnuwscA1Y_31,S is for stop. T is for take a breath to get oxygen to your brain. O means observe the situation and how you're feeling. P is for proceed in a way that benefits you. Is yelling at your mom working for you?,"Yeah, that quick surge can make it feel hard to catch. When you think about that moment, what feels like the hardest part to slow down?",1,1,1,1,1,2,1.1666666666666667
ofnnuwscA1Y_33,"It gets you in trouble. In that situation with your mom, do you have an idea that might work for you instead?","Right, and that’s an important realization. When you pause and take that breath, what do you notice happens to the intensity of the anger?",-1,-1,-2,-1,-1,1,-0.8333333333333334
ofnnuwscA1Y_35,You might try asking if you can finish your show for 10 more minutes and then do the dishes. Put it in a question as a compromise. Does that sound like something that might work?,"It sounds like you can see how talking to her might help, even though it’s hard in the moment. What feels different about saying, “I’ll do it later,” compared with how it usually comes out?",-1,-1,-2,0,-1,1,-0.6666666666666666
ofnnuwscA1Y_37,"Yeah, I'm glad you can acknowledge that. That's a big step. So let's step through it again. S-T-O-P. The S is for...?",I hear that you’re noticing both the words and the way they’re said can affect how she responds. What do you think it’s like for you to recognize that in yourself?,1,1,1,1,0,2,1.0
ofnnuwscA1Y_39,Yeah. And what's the T?,"That sounds like a meaningful insight, noticing your tone may have played a part. As you go back through STOP, what comes after S and T for you?",1,1,1,1,1,2,1.1666666666666667
ofnnuwscA1Y_41,Exactly. What about O?,"Great, you’ve got the first two. And after take a breath, what does the O stand for?",-1,-1,-2,-1,-1,1,-0.8333333333333334
ofnnuwscA1Y_43,And then what's the P?,"Yes, observe. What do you notice when you think about that step in the moment?",1,0,-2,1,0,2,0.3333333333333333
ofnnuwscA1Y_45,Proceed in a helpful way. How are you going to proceed with your mom?,"Yeah, that makes sense. You're noticing the next step is to pause and breathe before reacting.",-1,-1,-2,-1,-1,1,-0.8333333333333334
ofnnuwscA1Y_47,"Yeah. Ask her calmly and try to compromise. It takes time to make a change, so be patient with yourself.",That sounds like a calm and respectful way to approach it. What do you notice might be different if you speak to her that way?,-1,-1,-2,-1,0,1,-0.6666666666666666
ofnnuwscA1Y_49,Be patient. Let's think about at school. You're in history class and the teacher is calling on you.,"It sounds like you can see how hard that would be in the moment, especially when she's yelling. What feels most challenging about trying to stay patient then?",1,1,1,1,1,2,1.1666666666666667
ofnnuwscA1Y_51,Is she asking for an answer or just telling you to wake up?,"That sounds frustrating, especially when you feel put on the spot. What do you notice happens in you when that happens at school?",1,1,1,1,1,2,1.1666666666666667
ofnnuwscA1Y_53,"Instead of your normal reaction, what would you do using the Stop process?",It sounds like you're feeling caught off guard and maybe a little set up to struggle. What is that like for you in the classroom?,1,1,1,1,1,2,1.1666666666666667
ofnnuwscA1Y_55,Okay. Try to stop and take two breaths. How are you feeling then?,"I hear the frustration in that. When you're feeling that way, what do you notice in your body or thoughts right before you react?",1,0,1,1,0,2,0.8333333333333334
ofnnuwscA1Y_57,"So you're naming that frustration. Now, how do you proceed in a positive way instead of yelling and getting sent out of the room?","That sounds really intense, like you're feeling pushed and disrespected. What feels hardest about trying to slow it down in that moment?",1,1,1,1,1,2,1.1666666666666667
ofnnuwscA1Y_59,That's the truth and then she'll go to someone else. You won't get sent to detention. We want you to get to the next grade.,"That sounds like a more controlled response, and I hear that you're trying to keep it from escalating. How does it feel to say that out loud?",-1,-1,-2,0,0,1,-0.5
ofnnuwscA1Y_61,"This procedure only takes about 45 seconds to stop, breathe, observe, and then figure out the best tool to proceed. Again, be patient.",It sounds like you’re feeling frustrated and maybe a little worn down by that dynamic. What is it like for you to hear that from her over and over?,1,1,1,1,1,2,1.1666666666666667
ofnnuwscA1Y_63,Are you willing to practice this once a day this next week?,"It sounds like the pressure is there, and at the same time you’re trying to figure out how to handle it without things escalating. What feels hardest about that for you?",-1,-1,-2,1,-1,1,-0.5
ofnnuwscA1Y_65,Try this and then we'll talk about it next week and see how it's going.,"You’re saying you’re willing, even though it feels like a lot and life gets in the way sometimes. What do you notice comes up for you when you think about trying it?",1,1,1,1,0,2,1.0
ofnnuwscA1Y_67,"All right. Thanks for coming in, Alyssa. I appreciate you wanting to make a change.","Okay, and it sounds like you’re open to seeing how it goes. What are you hoping might feel different if you do?",0,0,-2,0,0,2,0.0
ofnnuwscA1Y_69,Alright.,"You’re welcome, and it sounds like you’re wanting things to change in a meaningful way. What feels most important to you as you leave today?",1,1,1,1,1,2,1.1666666666666667
qe-0fk4ZG20_1,"It's so good to see you both this week. I know that the past couple of weeks there have been a lot of really hard conversations in this room, and I think it's so brave that you're both back here today. I'm wondering how this week has gone.","It sounds like there’s no conversation here yet to respond to. If you’d like, we can pick up with what’s been on your mind lately.",1,0,-2,0,0,2,0.16666666666666666
qe-0fk4ZG20_3,So it seems like you're hesitant and resistant to doing the dishes because that's the only thing that you're hearing Linda say to you right now.,"It sounds like the dishes have become about more than the dishes, and that’s been really frustrating for both of you. What do you each feel is happening in those moments?",1,1,1,1,1,2,1.1666666666666667
qe-0fk4ZG20_5,"So even when you do do the dishes, you're feeling like you aren't measuring up basically.","I hear that it feels hurtful and maybe infantilizing to you, like you’re being treated as if you can’t be trusted. What is that like for you when she speaks to you that way?",1,0,1,1,0,2,0.8333333333333334
qe-0fk4ZG20_7,"So she's telling you what to do and you're feeling like a little kid. It's not an equal relationship then, right?",It sounds like that leaves you feeling dismissed and maybe pretty alone in the conflict. What is it like for you when he just shuts down like that?,1,1,1,1,1,2,1.1666666666666667
qe-0fk4ZG20_9,So sometimes you're feeling like Linda might be the one with the power in the relationship.,"So there’s a sense of being talked down to, and that feels painful and frustrating for you. What happens inside you when you start to feel like that little kid again?",1,1,1,1,1,2,1.1666666666666667
qe-0fk4ZG20_11,"Whenever you have these fights, what happens?","It sounds like there’s a lot of uncertainty there, and maybe some confusion about what the power dynamic feels like for you. What do you notice in yourself when you say, “I don’t know”?",1,1,1,1,1,2,1.1666666666666667
qe-0fk4ZG20_13,What do you mean? What would shock him?,"That sounds exhausting, arguing for hours and feeling ignored the whole time. I hear that his disconnect feels very visible to you, and maybe very hard to sit with.",-1,-1,-2,1,-1,1,-0.5
qe-0fk4ZG20_15,"Help me, is that scary for you?","It sounds like you’re seeing how painful that disconnection is, and how intense it feels to imagine him recognizing it. What feelings come up for you when you picture that?",1,1,1,1,1,2,1.1666666666666667
qe-0fk4ZG20_17,"And what about you, Jack? Are you a little afraid in that situation?","That does sound scary, like there’s a fear of more distance or more shutting down. I hear how unsettling that is for you.",1,0,0,1,0,2,0.6666666666666666
qe-0fk4ZG20_19,Let's go back to the fight. How does it normally end?,It sounds like you can see how painful it is to disappoint your wife and then pull away. What is it like to notice that about yourself right now?,-1,0,-2,1,0,2,0.0
qe-0fk4ZG20_21,"Okay, so you leave, Jack?","So when he leaves, there’s a pause, and then he comes back, but the conflict doesn’t really feel resolved. What is that like for you in those moments when he returns?",1,1,1,1,1,2,1.1666666666666667
qe-0fk4ZG20_23,And what do you do?,"It sounds like when you leave, it’s a way of stepping out of the tension, and then coming back doesn’t really bring relief. What is that like for you in those moments?",1,1,1,1,1,2,1.1666666666666667
qe-0fk4ZG20_25,"I think I understand what you're both saying. But whenever Jack does come back, are you guys able to talk about it then?","So even when you return, it still feels unresolved and stuck. What happens for you emotionally when it feels like nothing goes anywhere?",1,1,1,1,1,2,1.1666666666666667
qe-0fk4ZG20_27,"This must be so hard for you, Linda. You're trying to communicate and you feel like he's shutting you out.","It sounds really frustrating to feel like you never get to the heart of it, and that the two of you end up missing each other. What do you notice in yourself when that happens?",1,1,1,1,1,2,1.1666666666666667
qe-0fk4ZG20_29,Not knowing what's happening must be scary.,You’re wanting clarity and it feels painful not to know what’s going on. What is that uncertainty like for you inside?,1,1,1,1,0,2,1.0
qe-0fk4ZG20_31,"And what about you, Jack? Are you feeling a little bit of fear in the unknown of this situation?","It sounds like the not knowing leaves you feeling scared, and maybe alone with a lot of questions. What feels hardest about that for you?",1,1,1,1,1,2,1.1666666666666667
qe-0fk4ZG20_33,"In this situation, it seems like it would be super hard to be close and supportive to one another.","I hear that you’re feeling angry and sad, and that those feelings lead you to pull back. What is it like for you to sit with that distance?",1,1,1,1,1,2,1.1666666666666667
qe-0fk4ZG20_35,I'm hearing that you're feeling some distance with Jack. Is it hard to be held by him?,"It sounds like you’re wanting something more than words, something that feels real and shown through actions. What does that need mean to you?",1,1,1,1,1,2,1.1666666666666667
qe-0fk4ZG20_37,So you withdraw a lot when this happens?,"I hear that there’s been a real loss of closeness and intimacy, and that feels significant. What is it like for you to notice that change?",1,1,1,1,0,2,1.0
qe-0fk4ZG20_39,"So Jack, you get the feeling that Linda doesn't really want to be around you, and when you try to connect, you feel rejected and like you're not enough.","It sounds like there’s a lot of hurt and frustration there, and that words alone don’t feel like enough for you right now. What is it like for you when you notice yourself pulling back from him?",-1,0,-2,1,0,2,0.0
qe-0fk4ZG20_41,How do you handle that?,"That sounds really painful, like you’re carrying a sense of having ruined something important and now feeling shut out from it. What feelings come up for you when you think, “I blew it up”?",1,1,1,1,1,2,1.1666666666666667
qe-0fk4ZG20_43,"You feel like you've screwed up, and then what do you do?","I hear that you really don’t like that feeling at all. When you leave it alone, what happens inside for you as the distance starts to grow?",1,1,1,1,1,2,1.1666666666666667
qe-0fk4ZG20_45,"Even though you get caught in this pattern, you both disconnect into two different islands. Is that right?","It sounds like that disconnect feels very real to you, almost like the connection gets put on hold even when you want it to be there. What is that like for you emotionally?",1,1,1,1,1,2,1.1666666666666667
qe-0fk4ZG20_47,"Like there's some distance, right?",I hear that you’re struggling with the situation and feeling that disconnect at the same time. What do you notice in yourself when that happens?,1,1,1,1,1,2,1.1666666666666667
qe-0fk4ZG20_49,Is there anything you're feeling about yourself that might cause this distance? Do you blame yourself?,It sounds like the distance feels present and hard to sit with. What do you find yourself feeling most in those moments?,1,1,1,1,1,2,1.1666666666666667
qe-0fk4ZG20_51,"Jack, what is a word that you'd describe yourself as?","There’s a sense that you may be turning some of this back on yourself, even if it’s not fully clear yet. What makes you wonder whether you’re to blame?",1,1,1,1,1,2,1.1666666666666667
qe-0fk4ZG20_53,Is that right? You think you're a mean type of guy?,"That sounds like a pretty heavy way to see yourself. When you call yourself a “mean kind of guy,” what does that bring up for you?",1,1,1,1,1,2,1.1666666666666667
qe-0fk4ZG20_55,"Oh, so you feel that Linda sees you as a mean guy. I didn't hear Linda say that. Linda?","It sounds like you’re feeling hurt and maybe misunderstood in how she sees your behavior. What is that like for you to hear from her, even if it’s not exactly what you meant?",-1,-1,-2,0,0,1,-0.5
qe-0fk4ZG20_57,"Jack, that must be so hard to carry with you every day, thinking that your wife thinks you're a mean guy.","I hear that you’re trying to explain the way your actions come across, and it feels important to be understood accurately. What do you notice happening between you when that gets misunderstood?",1,1,1,1,1,2,1.1666666666666667
qe-0fk4ZG20_59,Feeling that much pain around an everyday task like the dishes must be exhausting.,"That sounds really painful, feeling like your behaviors and attitude are pushing her away. What happens inside you when you start to feel that distance?",2,1,-2,1,1,2,0.8333333333333334
qe-0fk4ZG20_61,"You value the relationship, and feeling like you aren't meeting expectations must leave you feeling raw. Do you feel a little rejected by her?","It sounds like there’s a lot of exhaustion in this cycle, especially when something as ordinary as the dishes carries so much weight. What is that like for you in those moments?",1,1,1,1,1,2,1.1666666666666667
qe-0fk4ZG20_63,"It seems like there is a pattern where Linda asks Jack to do something, Jack feels like he'll fail, and you both end up disconnected. Is that right?","You’re feeling rejected, and at the same time you know you’ve hurt her, which sounds really hard to hold. What do you notice in yourself when she pulls away after you try to repair things?",1,1,1,2,1,2,1.3333333333333333
qe-0fk4ZG20_65,"You're here to become connected again. Jack, after you argue, you expect to make up, but Linda isn't connecting in that way, and that brings up rejection.",It sounds like the frustration is coming from feeling stuck in the same pattern over and over. What feels most difficult for you about being in that cycle?,1,1,1,1,1,2,1.1666666666666667
qe-0fk4ZG20_67,"Jack, it sounds like you think Linda doesn't care, but she's here working this out.","I hear that being connected again matters a lot to you, and that the rejection feels especially painful after conflict. What does “connected again” look like for you?",-1,-1,-2,1,0,1,-0.3333333333333333
qe-0fk4ZG20_69,"Linda cares so much that she's here. If she didn't care, she would have left a long time ago.","It sounds like you want your effort to be seen and counted, and that feeling dismissed is really painful. What is it like for you to say that out loud here?",1,1,1,1,1,2,1.1666666666666667
qe-0fk4ZG20_71,"But for whatever reason, Jack's not feeling that the relationship is valuable.","It sounds like you're wanting your feelings to count here, and that being here is your way of showing you care. What is it like for you to hear that Linda is here too, even if it doesn't feel that way to you right now?",1,1,1,1,1,2,1.1666666666666667
qe-0fk4ZG20_73,"Jack, hearing Linda say that, how does it make you feel?","I hear that you're trying to say something important, and it isn't coming out the way you want. What feels hardest about putting those feelings into words?",1,1,1,1,1,2,1.1666666666666667
qe-0fk4ZG20_75,"Jack feels he's messed up so much and wants to be a perfectionist. Linda, turn to Jack and tell him how that makes you feel.","That sounds really painful, like you've been hurt before and now you're trying to protect yourself from making things worse. What happens inside when you start to think about sharing your feelings?",1,1,1,1,1,2,1.1666666666666667
qe-0fk4ZG20_77,"You both came in frustrated but were able to be honest and share your emotions. Through this, you connected in a new way. It was about a lot more than just the dishes.","It sounds like you're feeling sad, and also trying to show Jack that you do care and want to change. What is it like for you to say that to him right now?",-1,-1,-2,1,-1,1,-0.5
uriVBFB1oOI_1,"Between here and there, obviously if it were easy you wouldn't need me. You wouldn't have had 13 therapists. If this were easy, you would have been to a life you wanted a long time ago. So it's obvious that if it were easy, it'd already be done, because it sounds like you're a person with a lot of motivation who works really hard because there are very few people who wouldn't have quit before 13 therapists. So that's a very good quality. The very fact that you've gone through all these therapists is a good sign for us. Nonetheless, it is difficult. Between here and there, there's going to be hell.",It sounds like there isn't enough context here for me to respond to this conversation yet.,1,1,1,1,0,2,1.0
uriVBFB1oOI_3,"Right. So I figure our number one priority has to be to get you to stay alive through hell so that we can get to the life you want. And that's where we're at now. So we gotta have some sort of agreement. Not by writing a contract or because I'll fire you if you try to kill yourself, but because we both sort of have to face the fact that to get there you've gotta go through there, and to go through there you've gotta stay alive.","I hear how hard this has been, and also how much effort you've already put into trying to get to a different place. What feels most true for you when you hear that there may be a lot of difficulty ahead?",1,1,1,1,1,2,1.1666666666666667
uriVBFB1oOI_5,"Okay, what?","I hear that you're willing to make an agreement, and that this feels serious for both of you. What does that deal mean to you right now?",-1,-1,-2,0,0,1,-0.5
uriVBFB1oOI_7,What are you going to do if I fail? If I break my promise?,"It sounds like you're wanting reassurance that help will be there, and at the same time you're trying to offer your own commitment. What would it feel like for you if that support felt dependable?",1,1,1,1,1,2,1.1666666666666667
uriVBFB1oOI_9,"So if I don't help you, you'll kill yourself.","It sounds like you're trying to make a very serious agreement here, and there's a lot of fear underneath it. What feels most important for you in this moment as you say that?",1,1,1,1,1,2,1.1666666666666667
uriVBFB1oOI_11,"Okay, but if I do help you, you won't.","I hear how much is riding on this for you, and how absolute it feels right now. Can you tell me more about what makes it feel like everything depends on whether I can help?",1,1,1,1,0,2,1.0
uriVBFB1oOI_13,"Okay, and how long you gonna give me to try?","It sounds like part of you is holding onto the possibility that help could make a difference, and that matters. What would you want me to understand about what you're hoping for?",1,0,-2,1,0,2,0.3333333333333333
yNqaUMiU0Dk_1,"Hi, Kyle. How you doing today?","It sounds like you're carrying a lot right now, and I'm here with you. What feels most important to talk about first today?",-1,0,-2,0,0,2,-0.16666666666666666
yNqaUMiU0Dk_3,Not bad. Thanks for asking. What brings you in?,"Hi, Kyle. It's good to meet you. What would you like to focus on today?",-1,0,-2,0,0,1,-0.3333333333333333
yNqaUMiU0Dk_5,So you came into therapy today because your girlfriend pressured you.,It sounds like coming in was more about easing the pressure at home than wanting to be here for yourself. What has smoking been like for you lately?,-1,-1,-2,1,-1,1,-0.5
yNqaUMiU0Dk_7,So you weighed the cost-benefit and decided to come in.,"I hear that it felt easier to come in than keep dealing with the nagging, and that this is taking up a small part of your time. What, if anything, has you even a little curious about talking about smoking today?",1,1,1,1,1,2,1.1666666666666667
yNqaUMiU0Dk_9,Her goal would be for you to stop smoking. Tell me what your goal is.,"It sounds like you're weighing this as a practical use of your time, and maybe not much more than that right now. What would make this 45 minutes feel worth it for you?",0,0,0,1,0,2,0.5
yNqaUMiU0Dk_11,So you don't have a goal of quitting smoking?,"It sounds like smoking feels pretty low on your list of concerns, and what matters more to you right now is having some peace from the pressure you're getting. What is it like for you to be here talking about something you don't really see as a problem?",-1,0,-2,1,0,2,0.0
yNqaUMiU0Dk_13,Can you tell me about some of the other good things about smoking?,"It sounds like smoking gives you some things you really value, like connection and access to your boss, so it doesn't feel like a simple issue to you. What do you notice when you think about those benefits?",1,1,1,1,1,2,1.1666666666666667
yNqaUMiU0Dk_15,"So the way you're presenting it, smoking has been a positive thing in your life.",It sounds like smoking has become a way for you to connect with people and feel more included in groups. What is that experience like for you socially?,1,0,-2,1,0,2,0.3333333333333333
yNqaUMiU0Dk_17,Are there any negative aspects to smoking?,You're seeing smoking as something that fits into your social life rather than something that gets in the way. What feels most important to you about that social side?,1,1,1,1,1,2,1.1666666666666667
yNqaUMiU0Dk_19,So you don't seem like you're too worried about the negative aspects.,"It sounds like you can name a few downsides, like the cough, but they don't outweigh what smoking gives you. How do you make sense of that balance for yourself?",-1,-1,-2,1,0,2,-0.16666666666666666
yNqaUMiU0Dk_21,"On a scale of one to ten, where one is not important and ten is extremely important, how important is it to you to stop smoking?",I hear that the social benefits feel more meaningful to you than the health concerns right now. What is it like for you to hold both of those at once?,1,1,1,1,1,2,1.1666666666666667
yNqaUMiU0Dk_23,So not particularly important.,"It sounds like the idea of stopping smoking feels only a little important to you, with the cough being the main thing that stands out. What makes it a two rather than a zero?",-1,-1,-2,1,0,2,-0.16666666666666666
yNqaUMiU0Dk_25,"On that same scale, how confident are you that you could quit smoking?",You're feeling pretty clear that stopping isn't important to you right now. What feels most true for you about that?,1,1,1,1,0,2,1.0
yNqaUMiU0Dk_27,"So stopping smoking is not important to you, but you're fairly confident you could if you decided to.","It sounds like the social part is a big piece of what smoking gives you, even though the health side matters a little. What feels most important to you about that social aspect?",1,1,1,1,0,2,1.0
yNqaUMiU0Dk_29,"Based on that, what would be a goal? How could we spend this time so it would be productive?","You’re feeling pretty clear that you could stop if you wanted to, even if it doesn’t feel like a priority right now. What stands out to you about that month you went without smoking?",-1,0,-2,1,0,2,0.0
yNqaUMiU0Dk_31,To help her understand why smoking works for you. Any other relational goals?,"It sounds like you want her to understand that smoking is doing something for you, not just being a habit. What do you think you’d most want her to hear?",-1,-1,-2,1,1,2,0.0
yNqaUMiU0Dk_33,Productive communication and productive arguments.,"It sounds like the fighting has been wearing on you, and you’d like things to feel less stuck between you. What does “productive” communication look like to you?",1,1,1,1,1,2,1.1666666666666667
yNqaUMiU0Dk_35,"One goal would be to illustrate the advantages of smoking to your girlfriend, and another would be to work on your relational style so you can end an argument without feeling like you're at a stalemate.",You’re wanting both to be understood and to reduce the tension between you. What feels most important to start with?,1,1,1,1,0,2,1.0
yNqaUMiU0Dk_37,Do you want to make those the goals we work on so we can spend this time productively?,It sounds like you see this as a way to address both the smoking and the relationship strain at the same time. What feels most worth focusing on first?,1,1,1,1,1,2,1.1666666666666667
yNqaUMiU0Dk_39,Does that make sense to you?,"You’re feeling ready to work on both of those goals, and it sounds like that feels practical to you. What makes that feel like a good fit right now?",0,0,-2,1,0,2,0.16666666666666666
yNqaUMiU0Dk_41,"Reflect on some changes you could make to be a more effective communicator, moving from arguments to conversations that have a positive result.",It sounds like it makes sense to you and feels like a useful way to spend the time. Where would you like to begin?,-1,0,-2,0,0,2,-0.16666666666666666
yNqaUMiU0Dk_43,We'll talk about those different goals and small changes next time we meet.,"It sounds like you're open to working on that, and that feels like a meaningful place to start. What feels most important to you about becoming a more effective communicator?",0,0,-2,0,0,2,0.0
yNqaUMiU0Dk_45,"Thanks for coming in, Kyle.","Alright, sounds good. We can pick this up next time and keep building from there.",0,0,-2,0,0,2,0.0
7De6VY8P9hY_1,"Hi, Nicole. How are you doing today?",It sounds like there may be something important you were about to share. What would you like to focus on today?,-1,0,-2,0,0,1,-0.3333333333333333
7De6VY8P9hY_3,"I'm doing well, thanks for asking. What brings you into our agency today?","I'm doing well too, thank you. What feels most important for us to talk about today?",-1,-1,-2,0,0,1,-0.5
7De6VY8P9hY_5,Feeling anxious every time you go to work? What type of place do you work?,It sounds like work has been bringing up a lot of anxiety for you. What has that experience been like for you when you get there?,1,1,1,1,0,2,1.0
7De6VY8P9hY_7,"Work for an insurance company, and how long have you been feeling anxious there?",I hear that it's an insurance company and that you're in an admin assistant role. What is it about that setting that feels most anxiety-provoking for you?,1,0,0,1,0,2,0.6666666666666666
7De6VY8P9hY_9,Have you ever had anxiety like that at a previous employer or any other place?,"It sounds like this anxiety has been there since you started, and it hasn't really let up. What has that been like for you over the past year?",-1,-1,-2,0,0,1,-0.5
7De6VY8P9hY_11,"So this is a somewhat familiar anxiety. Alright, tell me about the anxiety then.","It sounds like new environments tend to bring up anxiety for you, whether it's a job or school. What do you notice in yourself when you're in those new settings?",-1,1,-2,1,0,2,0.16666666666666666
7De6VY8P9hY_13,What is it that happens when you try to interact with them?,"It sounds like the anxiety starts even before you get to work, and then you end up keeping to yourself once you're there. What is that experience like for you emotionally when you're driving in and trying to get through the day?",-1,-1,-2,0,0,1,-0.5
7De6VY8P9hY_15,"Okay, so you have an office and they have separate offices and you find yourself maybe isolating a little bit?","I hear that there’s a lot of worry about how you’re coming across and whether you’re doing things right, and that makes it feel easier to stay in your office. What do you notice in yourself when you start wondering whether they like you?",1,1,1,1,1,2,1.1666666666666667
7De6VY8P9hY_17,"Alright, so what is your experience of the anxiety when you more or less have to interact with other people?","So being in your own office feels a little safer, and the anxiety seems to show up more when you’re around other people. What is it like for you in those moments when you’re aware of pulling back?",-1,-1,-2,0,-1,1,-0.6666666666666666
7De6VY8P9hY_19,"Well, let's cover both. Let's start with what type of situations trigger it.","It sounds like there’s both the feeling of anxiety and the situations that bring it on, and you’re trying to understand it more clearly. What feels most important for you to talk about first?",1,1,1,1,0,2,1.0
7De6VY8P9hY_21,"Do you ever have a desire to leave? Like if you're in a group, just to kind of exit the area?","That sounds really uncomfortable, especially with the stomach pains, blushing, and the urge to stop the meeting. What is it like for you inside when that nervousness starts building in those settings?",1,1,1,1,0,2,1.0
7De6VY8P9hY_23,And how distressing is this for you? How disruptive is it to your functioning?,"I hear that the anxiety can feel so strong that leaving seems like the only way to get relief, even though you’re trying hard to stay. What is that like for you when you’re caught between wanting to perform well and wanting to get away?",1,1,1,1,0,2,1.0
7De6VY8P9hY_25,So meetings and presentations in particular trigger the anxiety?,That sounds exhausting to feel anxious every day and to be thinking about whether you need a different kind of job just to feel more comfortable. What has it been like for you to carry that thought around?,1,1,1,1,1,2,1.1666666666666667
7De6VY8P9hY_27,Can you tell me a little bit more about the physical symptoms? You mentioned your stomach hurt; any other symptoms you feel physically?,It sounds like being watched by more than a few people really intensifies the anxiety for you. What do you notice in yourself in those moments when you feel people’s attention on you?,1,1,1,1,1,2,1.1666666666666667
7De6VY8P9hY_29,"When these anxiety episodes are more intense, are you worried about it happening again?","It sounds like the anticipation of those situations is a big part of the anxiety for you, and that your body really carries it too. What is it like for you to notice those stomach pains throughout the day?",-1,0,-2,0,0,1,-0.3333333333333333
7De6VY8P9hY_31,Tell me about the meetings. How many people are in a typical meeting?,"So it sounds like there’s some awareness that it can happen, but it isn’t constant worry every time. I’m curious what it’s like for you when you do start anticipating it.",1,1,1,1,1,2,1.1666666666666667
7De6VY8P9hY_33,"Alright, and how often are these meetings scheduled?","That sounds like a pretty small group, but with a lot of pressure because most of them are above you. What is it like for you to be in that room with them?",1,1,1,1,1,2,1.1666666666666667
7De6VY8P9hY_35,"Alright, so some are unplanned?","So there’s a regular pattern, and then some unpredictability on top of that. How does that affect the way you feel leading up to work?",1,1,1,1,0,2,1.0
7De6VY8P9hY_37,"So for the ones that are planned, you get anxious in advance of them?","Mhm, so there’s both the scheduled meetings and the ones that come up unexpectedly. What feels hardest about that for you?",1,1,1,1,0,2,1.0
7De6VY8P9hY_39,"So the meetings trigger it generally. But there's other times where you're not anxious, like when you're isolated in the office. How about at home?","It sounds like once you know a meeting is coming, your mind starts looping around it and it becomes hard to step out of that cycle. What do you notice in yourself when that starts happening?",0,0,-2,1,0,2,0.16666666666666666
7De6VY8P9hY_41,"Alright, so really it's when you get up for work and start thinking about the work day, especially if there are meetings.",That sounds like there’s a real difference between being alone and being in those work situations. What is it like for you to feel more settled at home?,1,1,1,1,1,2,1.1666666666666667
7De6VY8P9hY_43,You suffer the anxiety in advance of these planned meetings. How about the unplanned meetings?,"It sounds like the anxiety is really tied to the work context itself, especially the social pressure and presentations. How does it feel to notice that pattern more clearly?",-1,-1,-2,0,0,1,-0.5
7De6VY8P9hY_45,"Alright, so both really cause anxiety that's really troubling you and you're suffering with.","It sounds like the anxiety is really tied to the anticipation of work and being put on the spot, even when you don’t have much time to think about it. What is that experience like for you in those moments?",1,0,0,1,0,2,0.6666666666666666
7De6VY8P9hY_47,"Alright. Nicole, I'm going to schedule you to see a counselor here. It'll probably be later this week. Would that be okay with you?","That sounds really distressing, having it show up both before planned meetings and when something unexpected happens. What do you notice in yourself when the anxiety starts to build?",1,0,-2,1,0,2,0.3333333333333333
7De6VY8P9hY_49,"I'll take you out to the front, we'll get you scheduled and get you treated later on this week.","Okay, that makes sense. It sounds like this has been affecting you enough that having some support here feels okay to you. How are you feeling about seeing the counselor later this week?",-1,-1,-2,0,0,1,-0.5
7De6VY8P9hY_51,What you told me has been very helpful. I want to thank you for coming in.,"Okay, great. It sounds like you’re ready to take that next step, and we’ll get that set up for you now.",-1,-1,-2,-1,-1,1,-0.8333333333333334
7LD8iC4NqXM_1,"Hi Lacey, nice to meet you. So I understand that you were referred here by your GP because you've been feeling quite down recently?",,-1,-1,-2,-1,-1,-1,-1.1666666666666667
7LD8iC4NqXM_3,"Okay, so from your notes I saw that you saw the GP about three months ago. So how long have you been feeling down altogether?","It sounds like you’ve been carrying this for quite a while, and it’s been hard enough that you wanted to reach out. What has this been feeling like for you day to day?",1,1,1,1,1,2,1.1666666666666667
7LD8iC4NqXM_5,"Okay, so has it got worse since you saw your GP?","So it’s been there for some time, and lately it’s felt more intense and harder to manage. What do you think has been weighing on you most recently?",1,1,1,1,0,2,1.0
7LD8iC4NqXM_7,"Okay, so tell me how things are at the moment.",It sounds like things have become even more difficult since then. What changes have you noticed as it’s gotten worse?,1,1,1,1,0,2,1.0
7LD8iC4NqXM_9,"Okay, so you said that you're feeling really down, really sad, and you feel like you haven't got any motivation, but... are you okay?","It sounds like you’ve been carrying this for quite a while, and it’s reached a point where you really want something to change. What has this been like for you day to day?",-1,0,-2,0,0,2,-0.16666666666666666
7LD8iC4NqXM_11,"Okay. And you haven't got any motivation, but it sounds like you're putting quite a lot of pressure on yourself to try and feel a bit better.","I hear that you’re okay right now, and I’m also hearing how heavy this has been for you. What’s been feeling hardest lately?",1,1,1,1,0,2,1.0
7LD8iC4NqXM_13,"So you say you've been feeling quite isolated, there's not many people around.","That sounds really lonely, having to sit with all of this on your own. What is it like for you when you’re by yourself with these thoughts?",-1,-1,-2,0,0,1,-0.5
7LD8iC4NqXM_15,"Okay, so I'm just going to try and find out a little bit more about you. So I understand that you're an English student at Uni?","It sounds like you feel very alone with it, and maybe also a bit unheard. What has it been like to feel that no one would understand?",1,1,1,1,1,2,1.1666666666666667
7LD8iC4NqXM_17,"And you live away from home with some friends, is that right?","Okay, so you’re at uni and living away from home. What’s that been like for you recently?",1,1,1,1,0,2,1.0
7LD8iC4NqXM_19,"Okay, so you don't live far from the Uni. But you say you feel like you live with your friends, but you don't feel like you can talk to them.","So you’re living here with friends, and even though you’re around people, it still feels quite separate inside. What’s that like for you?",1,1,1,1,1,2,1.1666666666666667
7LD8iC4NqXM_21,"Okay, so it sounds like you try and hide the way you're feeling from them.","It sounds like you care about them and don’t want to burden them, and at the same time that leaves you holding a lot on your own. What happens for you when they invite you out?",1,1,1,1,1,2,1.1666666666666667
7LD8iC4NqXM_23,"Okay, so it sounds like you've been feeling down, you've been feeling unmotivated, you feel like you want to be better, but actually it sounds like you feel like you can't reach out for help, you can't speak to anybody.",I hear that it feels easier to keep it hidden than to keep trying to explain yourself. What is it like for you to carry it that way?,1,1,1,1,1,2,1.1666666666666667
7LD8iC4NqXM_25,"Okay, I'm just going to go back in time a little bit. I suppose I'm just wondering when did all of this start? You said it's been going on for quite a few months.","It sounds like you’ve been carrying a lot of this on your own, and that can feel really isolating. What has that been like for you day to day?",1,1,1,1,0,2,1.0
7LD8iC4NqXM_27,"Okay, so this would be like last March, last April?","That sounds like a really stressful time, with a lot of pressure from exams and also worry about your parents. How was it for you being in the middle of all of that?",1,1,1,1,1,2,1.1666666666666667
7LD8iC4NqXM_29,"Around that time. So about six months ish. And it sounds like a lot was happening. So you had a lot of Uni pressure on, and you said that your parents were having marital problems.",So around that time things were starting to build up for you. What was happening for you emotionally as the stress was increasing?,1,1,1,1,1,2,1.1666666666666667
7LD8iC4NqXM_31,"Okay, and it sounds like that was a real shock to you.","It sounds like there was a lot happening at once, and that may have felt overwhelming. What stands out most to you when you think back to that period?",1,1,1,1,1,2,1.1666666666666667
7LD8iC4NqXM_33,"Okay, so it sounds like you were trying to work hard and be more successful because you thought that that would make them happier and try and fix things.",I hear that you were feeling guilty and hoping things might improve if you did better. That sounds like a heavy burden to carry. What was that like for you?,1,1,1,1,1,2,1.1666666666666667
7LD8iC4NqXM_35,How did it backfire?,"It sounds like you were trying really hard to help them by doing well, and then feeling disappointed when it didn’t change things. How did that affect you?",1,1,1,1,1,2,1.1666666666666667
7LD8iC4NqXM_37,"Okay, so after the summer, after the exam period, and how did that exam period go for you in the end?","That sounds painful, like you were hoping to make things better and instead ended up feeling worse yourself. What was that experience like for you?",1,1,1,1,1,2,1.1666666666666667
7LD8iC4NqXM_39,That's an awful lot of pressure to put on yourself to think...,"I hear that it didn’t go very well, and that may have felt discouraging. What was going through your mind when you realized that?",1,1,1,1,1,2,1.1666666666666667
7LD8iC4NqXM_41,"So you say ""I know, I know I should have done better"". I mean, I suppose hearing it from my perspective, I'm thinking it sounds like you had an awful lot going on at the time and it would be understandable absolutely that you wouldn't do as well as normal. I suppose I'm just wondering if you have very high standards for yourself.","It sounds like you’re carrying a lot of self-criticism about how things went, and that’s been making you feel even worse. What is it like for you when you notice yourself beating yourself up like that?",1,0,0,1,0,2,0.6666666666666666
7LD8iC4NqXM_43,"So it sounds like you feel you should always do your best, ""always"" was the word you used. And that there isn't any kind of exceptions for that.","It sounds like there’s a lot of pressure in the expectations you’ve grown up with, and that when you don’t meet them it feels really upsetting and worrying. What do you notice in yourself when you think you might be disappointing them?",1,1,1,1,1,2,1.1666666666666667
7LD8iC4NqXM_45,"Okay. So I can see then that was a really difficult time for you and that was when your mood started to get lower. And things are still quite bad now. I mean, what's the situation with your parents at the moment?",No exceptions at all — that sounds very strict and heavy to live with. What is it like for you to hold yourself to that kind of standard?,1,1,1,1,0,2,1.0
7LD8iC4NqXM_47,Were you home over the summer?,"It sounds like there’s some distance there with your parents, and also a sense that things may be difficult for them too. I’m wondering what that’s been like for you to carry, especially when talking about it makes you feel worse.",-1,-1,-2,-1,-1,1,-0.8333333333333334
7LD8iC4NqXM_49,And how was that?,"That sounds like even being home for a little while didn’t feel restful, but tense and stressful instead. What was it like for you to be back in that environment over the summer?",1,1,1,1,1,2,1.1666666666666667
7LD8iC4NqXM_51,"Okay. Okay, so it sounds then like quite a lot has been happening. You've been feeling very low. You've had Uni pressure on. You've had problems with your parents' marriage. And sounds like you feel like you can't really reach out to anyone. Like you can't... I understand you can't really reach out to your parents right now. You can't really confide in your friends. So I suppose I'm just wondering if you can tell me a bit more about how you've been feeling, I mean say this past week.","It sounds like you came back from the summer feeling even more worn down, rather than supported. What has it been like for you to sit with that sense that things aren’t getting any better?",1,1,1,1,0,2,1.0
7LD8iC4NqXM_53,"Right. So I suppose I'm just wondering then, if we can think about one thing, say a lecture. What kind of thoughts do you have about going to that lecture before it happens?","That sounds really hard — losing motivation, staying in bed, and pulling away from things you used to enjoy. What has this past week felt like for you emotionally?",1,1,1,1,1,2,1.1666666666666667
7LD8iC4NqXM_55,"Okay, so it sounds like the kind of thoughts you've got in your head are ""it's pointless"", ""it's not worth it"". Do you have any other thoughts in your head when you're just at that point before you go to the lecture?","It sounds like going to lectures has started to feel pointless and stressful, especially when you’re already feeling worn down. What goes through your mind in those moments when you think about putting yourself in that position?",0,0,-2,1,0,2,0.16666666666666666
7LD8iC4NqXM_57,So it sounds like you feel like you're not as good as other people here.,"It sounds like that comparison with other students is really painful, and it leaves you feeling like you don't belong. What is it like for you to sit with that feeling?",1,1,1,1,1,2,1.1666666666666667
7LD8iC4NqXM_59,"Okay. I'm just, sorry, is it okay if I take notes as we go through? It's just I'm trying to I guess understand what you're telling me and it helps me just to write it down, and I'll share this with you later. Okay, so it sounds like those are some quite negative thoughts to have. You're kind of saying, you know, ""it feels like it's pointless"", ""it's more effort than it's worth"", ""I don't deserve to be here"", ""I'm unworthy"". Those kind of thoughts, it sounds like they just flit through your mind. And then you're kind of describing different emotions that those lead to. You've described sad, anger, frustration, embarrassed. What about in your body, what happens? How do you feel kind of physically?","Yeah, so it sounds like that sense of not being as good as others is really strong for you. When that thought shows up, what tends to happen next for you?",1,1,1,2,1,2,1.3333333333333333
7LD8iC4NqXM_61,"So it sounds like this is affecting... it's draining you of your energy, like your body can't be bothered. I think that's a really good way of describing it. And you're noticing sleep problems as well. And then what do you do? So this is, say we're back to the point before the lecture. So you start having these thoughts, these emotions, and you know your body I guess it sounds like those thoughts are quite draining so they'd be draining your energy. What then happens? What do you do next?","That sounds really exhausting, carrying those thoughts and feelings in your body as well. What do you notice happens in those moments when you stay in bed or pull away?",1,1,1,1,1,2,1.1666666666666667
7LD8iC4NqXM_63,"So you think even more about those kind of worries that you have, so you do a bit of dwelling and you stay in bed. And it sounds like you don't, you haven't tried speaking to your friends about it, or speaking to family.","It sounds like the thoughts and the tiredness are feeding into each other, and that can feel really frustrating. What is it like for you when you notice yourself getting stuck in that cycle?",1,1,1,1,1,2,1.1666666666666667
7LD8iC4NqXM_65,"Okay. And then after you've done that, so after you've not gone to the lecture, you've stayed in bed, you've kind of spent time as you said focusing on those thoughts, those negative thoughts. How do you feel after that? Do you feel better or do you feel worse?",It sounds like staying in bed becomes a way of coping with how heavy all of this feels. And I hear that you haven't really been able to share it with anyone else. What has that been like for you?,1,1,1,1,0,2,1.0
7LD8iC4NqXM_67,So it sounds like in some ways it's a bit of a relief to do that.,"So in a way, pushing it out and not thinking about it can feel a bit easier in the moment, even though it leaves you feeling worse afterward. What do you make of that?",1,1,1,1,1,2,1.1666666666666667
7LD8iC4NqXM_69,But in other ways maybe you think it might make things worse.,"It sounds like there’s a kind of relief in switching off from it, even if only for a little while. I’m wondering what that numbness is like for you.",1,0,1,1,0,2,0.8333333333333334
9cYeZdKeXsc_2,"Hello, Sophia. How are you doing today?",,-1,-1,-2,-1,-1,-1,-1.1666666666666667
9cYeZdKeXsc_4,"I'm doing well, thanks for asking. I saw you last time a week ago, and I know you had some concerns with employment. But first, before we get into that, I wanted to check in to see how you're doing emotionally. I know from last week, on a scale of one to ten, you said your depression was about seven. How is it today?",I'm glad to hear you're doing okay today. What feels most important for us to talk about right now?,0,0,-2,0,0,2,0.0
9cYeZdKeXsc_6,"Alright, so you're having some concerns about full-time work and that level of energy you'd have to exert and that commitment.","It sounds like you're feeling really overwhelmed by the idea of full-time work, and that brings up a lot for you emotionally. What has that been like for you lately?",1,1,1,2,1,2,1.3333333333333333
9cYeZdKeXsc_7,"Alright, so would it be okay today if we kind of structured what we're going to do for the session? If it's okay with you, I'd like to talk about that and get some more details about what's going on this week and your feelings surrounding that. I'd like to talk about your core beliefs that might be contributing to some of these feelings of depression. And then for the last part, we'll work on some interventions to try to help you with what's going on at work and with your depressed mood. We can make changes to this as needed, but I just want to start with an outline.","It sounds like the demands of full-time work feel like too much for you right now, and you're noticing that pretty clearly. What do you notice in yourself when you think about that?",1,1,1,2,1,2,1.3333333333333333
9cYeZdKeXsc_8,Does that make sense?,"That sounds like a helpful outline, and I appreciate you being open to it. Where would you like to start today?",-1,0,-2,0,0,1,-0.3333333333333333
9cYeZdKeXsc_10,"Okay, great. So tell me a little bit more about what's going on with the work.","I hear that it makes sense to you, even if it feels like a lot to take in. What part of the work situation feels hardest for you right now?",1,1,1,1,1,2,1.1666666666666667
9cYeZdKeXsc_12,"So the latter part of the day is more of a struggle for you, the latter part of the work day.",It sounds like the long afternoons and the winter darkness really weigh on you and make the depression feel worse. What is that experience like for you in those moments?,1,1,1,1,0,2,1.0
9cYeZdKeXsc_14,"So getting up in the morning, getting to work on time, you do okay with that?","Yeah, so that later part of the day seems to be where things get especially difficult for you. What do you notice happening in your mood or energy then?",1,1,1,1,0,2,1.0
9cYeZdKeXsc_16,"So the work program you're in now, you work in the morning?","It sounds like mornings are still hard, but you feel a little more able to get yourself going then. What helps you get through that part of the day?",1,1,1,1,0,2,1.0
9cYeZdKeXsc_18,What hours are you there?,"It sounds like the afternoons are where the exhaustion really catches up with you, even after you've already made it through the work program. What is that like for you when you get to that point in the day?",1,1,1,1,0,2,1.0
9cYeZdKeXsc_20,And there's some work you have to do in the afternoon?,"Eight to noon gives you a pretty clear structure in the morning, and then there’s still that afternoon volunteer expectation on top of it. How does that feel for you as you think about the rest of the day after the program ends?",1,1,1,1,0,2,1.0
9cYeZdKeXsc_22,Thinking about it's exhausting. Can you tell me what type of thoughts you're having as you...,"It sounds like by the time you leave the work program, you’re already drained and the idea of going somewhere else feels overwhelming. What is it like for you to carry that kind of exhaustion day after day?",1,0,0,1,0,2,0.6666666666666666
Ac0aZgha6Fk_1,"Yes, you really get where they're coming from. You really understand the suffering involved.","It sounds like there’s a lot of weight in knowing that your decisions affect other people’s lives, even when you’re trying to do your job. What feelings come up for you when you sit with that?",1,1,1,1,1,2,1.1666666666666667
Ac0aZgha6Fk_3,"Well, let's talk about that. So you're in a position where you have to make some decisions about people's lives. And sometimes those decisions result in people being separated from their family, sometimes they don't.","It sounds like you’re carrying a lot of guilt and responsibility, even while recognizing that the situation is more complicated than just you. What is it like for you to hold both of those things at once?",-1,-1,-2,0,0,1,-0.5
Ac0aZgha6Fk_4,"Are you really the cause? In the larger picture, are you really the cause of these families being broken up?","I hear that you can see the larger picture, and that doesn’t make the emotional impact any easier. It sounds like being the one who has to carry out that decision is still really painful for you.",1,1,-2,1,1,2,0.6666666666666666
Ac0aZgha6Fk_6,"Right, you're the immediate cause, kind of at the end of the whole process. But the true cause happened years or months before you got there as people made decisions that maybe weren't the best for their children or for themselves.","It sounds like you can recognize that the deeper causes were already there, and at the same time it still feels hard to be the one who has to act in the moment. What is that like for you emotionally?",1,1,1,1,1,2,1.1666666666666667
Ac0aZgha6Fk_7,"So you're really coming in, to some extent, at the tail end of a long series of behavioral choices.","I hear that you can see how the situation developed over time, and that doesn’t take away the burden of being the one who has to carry it out. It sounds like that role still sits heavily with you.",-1,-1,-2,-1,-1,1,-0.8333333333333334
Ac0aZgha6Fk_9,"Ultimately, for this family that you're worried about, looking at it with a long-term lens, do you think the children are better off because they're not with that family right now?","It sounds like you can see the bigger picture, even though it still feels heavy to be the one in that position. What is it like for you to hold both of those things at once?",1,1,1,1,1,2,1.1666666666666667
Ac0aZgha6Fk_11,"So immediately there's some pain because you have to break up the family, but in the long run, maybe there's a better result.","That makes sense. You’re recognizing that the children may be safer and better cared for, and at the same time there’s still the emotional weight of what it means to be part of that separation.",-1,-1,-2,1,1,1,-0.16666666666666666
Ac0aZgha6Fk_13,"Even with that though, let's talk about the concern you have about making a poor decision. Based on what you're describing, do you believe this was actually a poor decision?","Yeah, there’s still that immediate pain even when the longer-term outcome feels more protective. What do you notice in yourself when you think about that tension?",1,1,1,1,0,2,1.0
Ac0aZgha6Fk_15,"Yeah, it feels like it is, and it was a tough decision.","It sounds like the decision feels wrong emotionally, even if part of you knows it may have been the right call. What makes it feel like a poor decision to you?",1,1,1,1,1,2,1.1666666666666667
Ac0aZgha6Fk_17,"But looking at it in the way that the evidence suggests, maybe you can appreciate that you might have had to do the same thing even if you went back in time.","Mm-hmm. So even when you can see the reasons behind it, it still carries a lot of discomfort for you.",1,1,1,1,1,2,1.1666666666666667
Ac0aZgha6Fk_19,So you really did what you had to do.,"It sounds like you’re finding some reassurance in the idea that this was the decision that needed to be made, and that others might have seen it the same way. What is it like to hear yourself say that?",1,1,1,1,1,2,1.1666666666666667
Ac0aZgha6Fk_21,"But because there's still a pain component there for them, you're feeling torn.",You did what you believed was necessary in a very difficult situation. How does it feel to put it that way?,1,1,1,1,1,2,1.1666666666666667
Ac0aZgha6Fk_23,And you don't want to go through this again.,"I hear that—you can see why the decision was made, and there’s still a part of you that feels the pain of it. What feels most present for you in that torn place?",1,1,1,1,1,2,1.1666666666666667
Ac0aZgha6Fk_25,"But doing your job in a world where you could make a mistake, that's not as appealing.","It sounds like you’re wanting to keep showing up for your work, even while this experience has left you feeling shaken. What feels most important to you about staying in that role?",1,1,1,1,0,2,1.0
Ac0aZgha6Fk_27,"So in this particular instance, based on what you're saying, it doesn't seem like a mistake. Let's consider a situation where you did make a mistake.","So the reality of making a mistake feels much more immediate now, and that’s bringing a lot of fear with it. What’s that been like for you emotionally?",1,1,1,1,1,2,1.1666666666666667
Ac0aZgha6Fk_29,"Now that would be the worst case, right? We're just taking things to the worst-case scenario. Your fear here is that, regardless of what already happened, going forward you'd be mortified to make an error.","Okay, so if we imagine a mistake happening, what do you notice comes up for you in that moment?",1,0,-2,1,0,2,0.3333333333333333
Ac0aZgha6Fk_31,"Because this pain you're feeling right now is just unbearable, and it's thrown everything into chaos for you.",Mm-hmm. It sounds like the possibility of being mortified is really at the center of this fear. What does that fear feel like for you right now?,1,1,1,1,1,2,1.1666666666666667
Ac0aZgha6Fk_32,"So looking around where you work and the history of your profession, what's a mistake you see people make from time to time that you would be frightened of?","That sounds overwhelming, like the pain has made everything feel chaotic and hard to hold together. What has this been like for you day to day?",1,1,1,1,0,2,1.0
Ac0aZgha6Fk_34,And then someone's hurt.,I hear that missing abuse would feel like a very serious mistake for you. What makes that possibility feel so frightening?,1,1,1,1,1,2,1.1666666666666667
EtVJr05akR4_1,"Good afternoon, Bruce. I'm glad you could make it in today. Last week, we discussed ways you could cut down or extinguish marijuana use. How did you feel about our talk last week?","It sounds like there’s something you’d like to say or explore here, but I’m not seeing the conversation yet. What would you like to focus on?",-1,0,-2,0,0,2,-0.16666666666666666
EtVJr05akR4_3,Just okay?,"It sounds like you were somewhat open to the conversation, even if it felt a little uncertain. What stood out to you most from that talk?",1,1,1,1,1,2,1.1666666666666667
EtVJr05akR4_5,"We developed four strategies: running more, staying away from certain friends, getting a pet, and joining a support group. How did you make out with the running?","It sounds like it was a pretty neutral reaction for you. What stood out to you about our talk, if anything?",1,1,1,1,1,2,1.1666666666666667
EtVJr05akR4_7,So the weather took away from your motivation to go running?,It sounds like the weather really got in the way for you. What was that like for you in the moment?,1,1,1,1,1,2,1.1666666666666667
EtVJr05akR4_9,What could you have done to get in the mood?,"So when you weren't in the mood, it felt hard to get yourself going. What do you notice about that for you?",1,1,1,1,0,2,1.0
EtVJr05akR4_11,Did not exercising make a difference in your marijuana usage this week?,It sounds like you're not sure what would have shifted things for you. What was it like to notice that?,1,1,1,1,0,2,1.0
EtVJr05akR4_13,How do you tie those two things together?,So there seems to be a connection for you between not exercising and using more marijuana. What do you make of that connection?,1,0,-2,1,0,2,0.3333333333333333
EtVJr05akR4_15,How could you change your perception about the rain so it doesn't stop you from running?,It sounds like you see those two things as linked for you. What feels important about that pattern?,1,1,1,1,0,2,1.0
EtVJr05akR4_17,That's a great idea. The other goal was staying away from friends who are bad influences. How did that go?,That makes sense. You were able to think of another way to look at the rain. How did it feel to come up with that idea?,1,1,1,1,0,2,1.0
EtVJr05akR4_19,It sounds like it was difficult to cut them out of your life. Can you tell me what was difficult about it?,"It sounds like you made some effort to keep your distance, even though you still ended up seeing them. What was that experience like for you?",1,1,1,1,0,2,1.0
EtVJr05akR4_21,"And as a result, what happened?",It sounds like you were trying to protect their feelings while also feeling pulled toward them. What was that like for you in the moment?,1,1,1,1,1,2,1.1666666666666667
EtVJr05akR4_23,"Because you were worried about hurting their feelings, you ended up using marijuana, correct?","So even though you were trying to stay away, the worry about how they’d feel led you back into hanging out with them. What do you notice about that pattern?",1,1,1,1,1,2,1.1666666666666667
EtVJr05akR4_25,How could you do that differently this week?,"I hear that the concern about hurting them mattered a lot, and that ended up leading to using marijuana with them. What feelings come up for you when you think about that?",-1,0,-2,1,0,2,0.0
EtVJr05akR4_27,Do you have any friends who do not use marijuana that you could associate with?,"It sounds like part of you sees that it may be simpler than it feels, and another part still finds it hard to follow through. What makes it difficult to just not go?",1,1,1,1,1,2,1.1666666666666667
EtVJr05akR4_29,"On a scale of 1 to 10, how motivated are you to reignite those friendships?","That sounds like a meaningful option for you, and maybe a different kind of support than the friends who use. What is it like to think about spending more time with them?",-1,-1,-2,-1,0,1,-0.6666666666666666
EtVJr05akR4_31,What made you say 3 instead of 1?,"You’re feeling some motivation, even if it’s only at a 3, and it sounds like you do want something to change. What do you think is behind that 3 for you?",1,1,1,1,1,2,1.1666666666666667
EtVJr05akR4_33,What kind of activities did you do with those healthy friends in the past?,I hear that you’re recognizing the problem and feeling like something needs to shift. What feels most important to you about starting to do something about it?,1,0,-2,1,0,2,0.3333333333333333
EtVJr05akR4_35,So you can recall a healthier life overall without using pot.,"It sounds like those friendships were connected to being outside, getting fresh air, and doing healthier things together. What stands out to you about those activities now?",-1,-1,-2,-1,-1,1,-0.8333333333333334
EtVJr05akR4_37,The other goal was to get a pet dog. How did you make out with that?,"It sounds like you're weighing what feels realistic for you, and that second thoughts came up around the responsibility. What was it like for you to notice that hesitation?",1,1,1,1,1,2,1.1666666666666667
EtVJr05akR4_39,Recognizing that is wise. Would you consider a different pet that doesn't require such a commitment?,It sounds like you're being thoughtful about what kind of commitment feels manageable right now. What feels different to you about a snake or fish compared with a dog?,1,1,1,1,1,2,1.1666666666666667
EtVJr05akR4_41,Maybe an animal like a snake or a fish. Are those animals you like?,"It sounds like the meeting brought up a strong sense of not belonging, and that felt important to notice. What was that experience like for you while you were there?",1,1,1,1,1,2,1.1666666666666667
EtVJr05akR4_43,The final goal was to join a support group. How did you make out with that?,It sounds like the idea of a snake or fish feels more workable for you. What stands out to you about that option?,-1,0,-2,1,0,2,0.0
EtVJr05akR4_45,So you left early because you didn't feel you fit in?,"It sounds like you were able to see some potential connection in a group, even if the first meeting didn't feel like the right fit. What was it like to think about that connection?",1,1,1,1,1,2,1.1666666666666667
EtVJr05akR4_47,What might be some positives you would get out of a support group?,"It sounds like being around people with similar struggles could offer something meaningful, even if the first experience felt uncomfortable. What do you imagine that connection might feel like for you?",1,1,1,1,1,2,1.1666666666666667
EtVJr05akR4_49,You mentioned playing hockey as a kid. Could you see a support group as a team?,"It sounds like the idea of a team really resonates with you, where everyone is working toward the same goal. What is it like to connect support group with that kind of shared purpose?",1,1,-2,1,0,2,0.5
EtVJr05akR4_51,Do you remember how it felt to be on that team?,"It sounds like you're seeing a support group as something more collaborative, like being on a team together. What feels appealing to you about that kind of shared effort?",1,1,1,1,1,2,1.1666666666666667
EtVJr05akR4_53,How committed are you to trying two support groups this week if I send you a list?,"It sounds like that team feeling really matters to you — being connected, having a shared goal, and feeling like you belong. What stands out to you about that experience now as you think about support groups?",1,1,1,1,1,2,1.1666666666666667
EtVJr05akR4_55,"Wow, why an 8 instead of a 4 or 5?",An 8 suggests there’s already a pretty strong part of you that’s open to this. What do you think is making it feel like a good fit for you right now?,1,1,1,1,0,2,1.0
EtVJr05akR4_57,"I love that analogy. To summarize, you'll run rain or shine, embrace positive friends, look into a pet like a fish, and try two support groups. Overall, how would you rate today's session?","It sounds like that team idea helps you see yourself in a different light, maybe with more value and confidence. What is it like to notice that shift in how you see yourself?",-1,-1,-2,0,0,1,-0.5
EtVJr05akR4_59,On a scale of 1 to 10?,It sounds like today felt meaningful and helpful for you. What parts of the session stood out the most?,1,1,1,1,0,2,1.0
EtVJr05akR4_61,We did good then. I'll see you next week and check in on these goals. Way to go.,An 8 feels like a pretty solid rating. What made it land there for you today?,1,1,1,1,1,2,1.1666666666666667
H8CJxNP0nv8_1,"Hi, I appreciate your participation in the intake so far. I want to change to a new section, if that's okay with you. And this section is on substance use. Is that an area you feel comfortable discussing?",,-1,-1,-2,-1,-1,-1,-1.1666666666666667
H8CJxNP0nv8_3,"Alright. So, are there any substances that you currently use?",I appreciate you being open to talking about it. What has your drinking been like for you lately?,1,1,1,1,0,2,1.0
H8CJxNP0nv8_5,Can you tell me how often you drink?,I hear that you drink a bit. What does that usually look like for you in a typical week?,-1,0,-2,1,0,2,0.0
H8CJxNP0nv8_7,And what are you drinking?,"Okay, so about three drinks a day. How are you feeling about that amount in your life right now?",1,1,1,1,0,2,1.0
H8CJxNP0nv8_9,Do you know what size?,"Beer, okay. And when you drink, what does that tend to look like for you?",1,1,1,1,1,2,1.1666666666666667
H8CJxNP0nv8_11,Three bottles of beer a day?,So about 16-ounce bottles. How does that usually fit into your day?,1,1,1,1,0,2,1.0
H8CJxNP0nv8_13,And how much time does it take you to consume those?,"Yeah, three bottles a day. What feels important for me to understand about that pattern?",1,1,1,1,0,2,1.0
H8CJxNP0nv8_15,"So, every day, three beers in about two hours?",A couple of hours. And what is that time like for you when you're drinking?,1,1,1,1,0,2,1.0
H8CJxNP0nv8_17,Is that do anything to you in terms of your mood or feeling?,"Yeah, three beers over about two hours each day. What does that routine mean for you?",1,0,0,1,0,2,0.6666666666666666
H8CJxNP0nv8_19,So it's relaxing for you?,It sounds like it helps you unwind and relax after work. What is that experience like for you emotionally?,1,1,1,1,0,2,1.0
H8CJxNP0nv8_21,Has it ever gotten you into any type of trouble?,It sounds like it brings some relief at the end of the day. What do you notice you’re needing most in those moments?,1,1,1,1,1,2,1.1666666666666667
H8CJxNP0nv8_23,Alright. Is there any other areas where it might disrupt functioning?,"It sounds like it’s been helpful for relaxing, and at the same time there have been moments where it’s affected your relationships. How do you feel about that balance?",1,1,1,1,1,2,1.1666666666666667
H8CJxNP0nv8_25,"Alright. So, three bottles of beer pretty much every day?","I hear that it’s starting to spill over into work sometimes, which can feel frustrating or concerning. What’s that been like for you?",1,1,1,1,0,2,1.0
H8CJxNP0nv8_27,Has there ever been a time when you've consumed more or less on a particular day?,So it’s become a pretty regular part of your routine. What does that pattern feel like for you day to day?,1,1,1,1,0,2,1.0
H8CJxNP0nv8_29,You'll have a few more?,"It sounds like weekends can look different, with more drinking over a shorter period of time. What do you notice about those days compared with the weekdays?",-1,-1,-2,-1,-1,1,-0.8333333333333334
H8CJxNP0nv8_31,And how long have you been drinking alcohol?,"Yeah, a few more. What’s that like for you when it happens?",1,1,1,1,0,2,1.0
H8CJxNP0nv8_33,Around 17?,So you’ve been drinking since your late teens. I’m curious what was going on for you around that time when you first started.,1,1,1,1,1,2,1.1666666666666667
H8CJxNP0nv8_35,"Now you mentioned beer, have you ever consumed any other type of alcohol?","Yeah, around 17. What do you remember about that period in your life?",1,1,1,1,0,2,1.0
H8CJxNP0nv8_37,Back towards beer?,"It sounds like beer is the main one you tend to come back to, even though you’ve tried others. What is it about beer that feels like the fit for you?",1,1,1,1,0,2,1.0
H8CJxNP0nv8_39,Any other substances that you use currently?,It sounds like beer is the one you tend to come back to. What is it about beer that feels like the fit for you?,1,1,1,1,1,2,1.1666666666666667
H8CJxNP0nv8_41,Is that pretty much just weekends?,It sounds like the weekends with friends and smoking pot are part of how you unwind. What feels important to you about that time?,-1,-1,-2,0,0,1,-0.5
H8CJxNP0nv8_43,Alright. When did you first start using marijuana?,It sounds like the joint before bed is helping you manage anxiety and worries at night. What is that experience like for you when you’re trying to settle down?,1,1,1,1,1,2,1.1666666666666667
H8CJxNP0nv8_45,About two years ago?,So college was around the time you first started using marijuana. What was going on for you then?,1,1,1,1,1,2,1.1666666666666667
H8CJxNP0nv8_47,"And on the weekends, sometimes other times?","About two years ago, and it sounds like it’s become part of your routine since then. What has that been like for you over time?",1,1,1,1,0,2,1.0
H8CJxNP0nv8_49,"So mostly on the weekends, occasionally during the week. Has it ever led to any trouble or change in functioning?","So it’s more frequent than just weekends, maybe every other day during the week. How do you feel about that pattern?",1,1,1,1,0,2,1.0
H8CJxNP0nv8_51,"Have you ever tried to cut down on the substance use, alcohol or marijuana?","It sounds like it’s starting to affect your mornings and your work, and that’s bringing some stress with your boss. What’s that been like for you?",1,1,1,1,0,2,1.0
H8CJxNP0nv8_53,So you think perhaps the alcohol use is connected to the stress of your job?,"It sounds like you were able to cut back for a while, and then the stress at work made it harder to keep that going. What was that period like for you?",-1,-1,-2,0,0,1,-0.5
H8CJxNP0nv8_55,Alright. Have you ever been annoyed by people that perhaps criticize your substance use?,"It sounds like the stress at work really plays a role in how much you drink, and that when things get overwhelming, it becomes harder to keep it where you want it. What has that been like for you lately?",-1,-1,-2,1,0,2,-0.16666666666666666
H8CJxNP0nv8_57,And that bothers you?,"It sounds like your family’s criticism lands pretty heavily, especially around the alcohol use. What is it like for you when they bring it up?",1,1,1,1,1,2,1.1666666666666667
H8CJxNP0nv8_59,Have you ever felt bad or guilty about your substance use?,"Yeah, it sounds like that criticism really gets under your skin. What do you notice in yourself when they say those things?",1,1,1,1,0,2,1.0
H8CJxNP0nv8_61,Alright. Have you ever had to drink or use drugs first thing in the morning to steady your nerves or to lessen the effects of a hangover?,"It sounds like there’s a lot of guilt tied to how your mom feels, and also some regret when drinking leads to conflict with friends. What is that experience like for you?",1,1,1,1,1,2,1.1666666666666667
H8CJxNP0nv8_63,So on occasion that happens?,So sometimes on Sunday mornings you use a little to help yourself get going after drinking more on the weekend. What do you notice about those mornings for you?,1,1,1,1,0,2,1.0
H8CJxNP0nv8_65,"So alcohol and marijuana, two substances you currently use. Can you tell me about substances you've used in the past?","It sounds like it doesn’t happen often, but there are times when you feel you need a little something to get going after the weekend. What is that like for you?",1,1,1,1,1,2,1.1666666666666667
H8CJxNP0nv8_67,So you discontinued?,"It sounds like those past experiences with ecstasy and cigarettes didn’t feel good to you, so you moved away from them pretty quickly. What was that like for you at the time?",1,1,1,1,0,2,1.0
H8CJxNP0nv8_69,Any other substances or just those two?,"So it sounds like those substances just weren’t a fit for you, and you didn’t want to keep using them. What stands out to you when you think about that now?",1,0,0,1,0,2,0.6666666666666666
H8CJxNP0nv8_71,Do you have a family history of substance use?,"It sounds like those experiences were pretty brief and didn’t feel like a fit for you. I’m hearing that alcohol and marijuana are the main substances you’re using now, and that the others didn’t really continue.",1,1,1,1,1,2,1.1666666666666667
H8CJxNP0nv8_73,Any other history?,"That sounds like something your family has some awareness of, even if it’s through your mom’s understanding of your grandfather. I’m curious what it was like for you to hear that about him.",1,1,1,1,1,2,1.1666666666666667
H8CJxNP0nv8_75,"Before I move to the next section of the intake, is there anything else you want to add or any other comments you want to make about this section?","So as far as you know, there isn’t anything else in the family history that stands out to you. It sounds like that section feels pretty complete for you.",-1,-1,-2,-1,-1,1,-0.8333333333333334
H8CJxNP0nv8_77,Does that cover it pretty well?,"Okay, so it sounds like you feel this section is covered. I appreciate you taking the time to go through it with me.",1,0,-2,1,0,2,0.3333333333333333
H8CJxNP0nv8_79,"I appreciate you answering these questions and if you're okay, I'm going to move to the next section of the intake.","Okay, so that feels pretty complete to you. I appreciate you checking in on that with me.",0,0,-2,0,0,2,0.0
I1F4hvfRC50_1,"Eric, I see you did the homework this week.","I’m sorry, but I don’t have enough context for conversation 6 to write a response.",1,1,0,1,0,2,0.8333333333333334
I1F4hvfRC50_3,That's great. Let me take a look at it. Why don't you walk me through this?,"It sounds like you followed through on the homework, and that matters. What was it like for you to do it this week?",0,0,0,1,0,2,0.5
I1F4hvfRC50_5,Exactly.,"It sounds like there was a real pull between wanting to try and then feeling stuck in the moment. I hear how sad and depressed you felt afterward, and I’m curious what that experience was like for you inside.",1,1,1,1,0,2,1.0
I1F4hvfRC50_7,"I hear you. So I think you did a great job filling out the three columns. What I'd like to do today is move on to the fourth column, which is the rational response. We want to take an alternative point of view here. To help you do that, there are a couple of questions you can ask yourself. One is, what's the evidence for the thought, and the other is, what's the evidence against the thought?",It sounds like you’re feeling really discouraged and scared of being rejected again. Can we slow that thought down a little and look at what’s making it feel so certain right now?,1,1,1,1,1,2,1.1666666666666667
I1F4hvfRC50_9,So which of those thoughts do you want to focus on? Because you had several there.,"That makes sense. You’re noticing a lot of evidence that seems to support the thought, and we can work with that together. What feels like the strongest piece of evidence for you?",-1,-1,-2,1,0,1,-0.3333333333333333
I1F4hvfRC50_11,What's the point in trying? That sounds good. So what's the evidence for the thought?,"You’re really focused on the idea that trying won’t lead anywhere, and that feels heavy. What comes up for you when you sit with that thought a little more closely?",1,1,0,1,0,2,0.8333333333333334
I1F4hvfRC50_13,"Well, let's get this down.","It sounds like unemployment, depression, and past experiences are all feeding into that belief. When you say “what’s the point in trying,” what does that mean for you emotionally?",1,0,-2,1,0,2,0.3333333333333333
I1F4hvfRC50_15,"Well, it sounds like you have a lot of evidence supporting the thought. Anything else?","I hear how convincing that feels to you, especially with the way things have gone before. What do you notice in yourself as you say that out loud?",-1,0,-2,0,0,2,-0.16666666666666666
I1F4hvfRC50_17,Right. So let's tackle the other question. What's the evidence against the thought?,It sounds like this thought feels very solid and hard to argue with right now. I’m curious what it’s like for you to hold it so strongly.,-1,-1,-2,0,0,1,-0.5
I1F4hvfRC50_19,"Yeah, the evidence against 'what's the point.' It's kind of tough coming up with something. A lot of people when they get depressed have difficulty coming up with evidence opposing that particular thought. It seems like you were able to come up with a lot of evidence supporting the thought. Let's see if we can put our heads together and maybe come up with some evidence against the thought. I can ask you a couple of questions that might help you. Is there a time when you weren't depressed when you went and started working?","You’re wondering whether there’s any evidence that there is a point, and that feels like a hard place to start from. What stands out to you when you think about times things went a little differently?",1,1,1,1,0,2,1.0
I1F4hvfRC50_21,And so what went well about it? Can you be more specific?,"That’s helpful to hear. It sounds like there was a period where things started off well, even if they didn’t stay that way, and that may matter here. What do you notice about that experience when you compare it to the thought that there’s no point?",1,1,1,1,1,2,1.1666666666666667
I1F4hvfRC50_23,That sounds like good evidence to me. Why don't you put that down?,"It sounds like you’re noticing that even though things didn’t last, there was a period where you were showing up and doing well. What does it feel like to see that as evidence against the thought?",1,0,1,1,0,2,0.8333333333333334
I1F4hvfRC50_25,So what did you write down?,That sounds like a meaningful piece to include. It seems like you’re recognizing that there’s more to the story than just the depressed part.,-1,0,-2,0,0,2,-0.16666666666666666
I1F4hvfRC50_27,Okay. Is there any other time when you weren't depressed that you felt good about yourself and what you were doing?,So you’re seeing that you’ve been a good worker and that you were able to show up on time. How does it feel to write that down?,0,0,-2,0,0,2,0.0
I1F4hvfRC50_29,And what was that like?,That sounds like another important example. What stands out to you about that first year of college?,1,1,1,1,0,2,1.0
I1F4hvfRC50_31,"Sounds important to me. Hard worker, had a lot of friends. Anything else?","It sounds like that time brought up a lot of positives for you—friends, hard work, good grades. What do you notice as you say that out loud?",1,1,1,1,1,2,1.1666666666666667
I1F4hvfRC50_33,"Right. But I think it's important to look at the evidence for and the evidence against. So that's clearly evidence against the thought, right?",I hear that you’re seeing a difference between how you feel when you’re depressed and the person you’ve been at other times. What is it like to hold both of those together?,1,1,1,1,1,2,1.1666666666666667
I1F4hvfRC50_35,So why don't you read through both the evidence for and the evidence against and tell me what you think?,It sounds like you’re agreeing that those experiences do count as evidence against the thought. What do you make of that?,1,1,1,1,1,2,1.1666666666666667
I1F4hvfRC50_37,"So let's come back to that original thought that you had, 'what's the point.' How much did you believe that on a scale of 0 to 100?","You’re noticing both sides pretty clearly: the depressed thoughts are telling one story, and your past experiences are telling another. What feels most true to you as you read them together?",-1,0,-2,0,0,2,-0.16666666666666666
I1F4hvfRC50_39,Okay. How much do you believe that now?,"Yeah, it sounds like the evidence against that thought is there, even if the thought still feels very strong right now. What do you make of that 100 percent belief when you look at both sides?",-1,1,-2,1,0,2,0.16666666666666666
I1F4hvfRC50_41,"Alright, why don't you write 70 percent. Anything else about this that you noticed changed?","That makes sense — it sounds like the thought has softened a bit, even if it’s still pretty powerful. What do you notice about that shift from 100 to 70 percent?",1,1,1,1,1,2,1.1666666666666667
I1F4hvfRC50_43,In what way does it feel good?,It sounds like remembering those times brings up something important for you. What is it like to reconnect with that part of yourself?,1,0,0,1,0,2,0.6666666666666666
I1F4hvfRC50_45,"Less depressed, less sad? Okay, why don't you jot a note down there that reminds you of that.",I hear that it brings up some relief and a little less sadness. What do you think it is about remembering those times that feels so meaningful?,0,0,-2,0,0,2,0.0
I1F4hvfRC50_47,So maybe feel a little more hopeful?,"That sounds hopeful, like there’s a part of you that can imagine things getting better again. What stands out to you about that possibility?",1,1,1,1,1,2,1.1666666666666667
I1F4hvfRC50_49,Sounds good. So do you think that you could do that this week?,"Yeah, there’s a little more hope there, even while it still feels hard. What does that hope feel like for you right now?",1,1,1,1,0,2,1.0
I1F4hvfRC50_51,Right. What would help to remind you?,"It sounds like you’re noticing both the hope and the difficulty, which makes a lot of sense. What feels most challenging about finding the other side of the argument?",-1,0,-2,0,0,1,-0.3333333333333333
I1F4hvfRC50_53,So maybe you could review that before you did another thought record?,It sounds like having it written down felt helpful and gave you something to hold onto. What is it about having it on here that seems to help?,1,1,1,1,0,2,1.0
I1F4hvfRC50_55,"Yeah, that would be helpful. I noticed you had some other thoughts there. What was the other thought that you had on there?",It sounds like that thought is really weighing on you. What makes it feel so convincing right now?,1,1,-2,1,0,2,0.5
I1F4hvfRC50_57,Let me see that. Notice there's what we call a cognitive error or thinking style. I'm thinking that this type of thought is an 'all-or-none' thinking because you said 'everyone'.,That sounds like a painful thought to be carrying. What feels strongest about the idea that you won’t get the job?,1,1,1,1,1,2,1.1666666666666667
I1F4hvfRC50_59,Right. But you said here 'everyone is more qualified.' Everyone in the world.,"I hear that being unemployed has been hard, and that can make this thought feel very real. What do you notice when you look at the word “everyone” there?",1,1,1,1,1,2,1.1666666666666667
I1F4hvfRC50_61,Right. So we call that all-or-none thinking. Do you see that?,It sounds like you’re starting to see that “everyone” may be a bit too broad. What does that shift feel like for you?,1,0,-2,1,0,2,0.3333333333333333
I1F4hvfRC50_63,So sometimes what we write in this column would be 'all-or-none thinking' for that thought. I'm going to give this sheet to you. Maybe you could review it for homework and see if you have any other types of thinking errors.,"Yeah, that’s it. You’re noticing the all-or-none pattern there, and that can be a helpful thing to catch. What stands out to you about that thought now?",1,1,1,1,1,2,1.1666666666666667
I1F4hvfRC50_65,"Yeah, just read it for homework and then maybe if you notice any types of thinking errors in your thought record you could write them down. Sound good?","Yes, just to read through it and see whether you notice any thinking patterns in your thought record. What’s it like hearing that?",0,0,0,1,0,2,0.5
I1F4hvfRC50_67,"Alright, great.",That sounds good. How are you feeling about trying that on your own?,0,0,-2,0,0,2,0.0
